timestamp,session_id,level_number,value
1769531168.303,269,1,"(32.41, 20.0)"
1769531168.314,269,1,"(11.25, 18.0)"
1769531168.324,269,1,"(-13.21, 16.0)"
1769531168.335,269,1,"(-18.07, 16.0)"
1769531168.346,269,1,"(-3.75, 16.0)"
1769531168.357,269,1,"(6.6, 16.0)"
1769531168.367,269,1,"(-1.42, 16.0)"
1769531168.378,269,1,"(-2.23, 16.0)"
1769531168.388,269,1,"(-1.39, 16.0)"
1769531168.398,269,1,"(0.91, 16.0)"
1769531168.409,269,1,"(0.08, 16.0)"
1769531168.419,269,1,"(-0.46, 16.0)"
1769531168.429,269,1,"(0.07, 16.0)"
1769531168.439,269,1,"(0.22, 16.0)"
1769531168.451,269,1,"(-0.04, 16.0)"
1769531168.461,269,1,"(-0.07, 16.0)"
1769531168.471,269,1,"(0.05, 16.0)"
1769531168.481,269,1,"(0.01, 16.0)"
1769531168.492,269,1,"(0.02, 16.0)"
1769531168.502,269,1,"(0.08, 16.0)"
1769531168.512,269,1,"(0.16, 16.0)"
1769531168.523,269,1,"(0.1, 16.0)"
1769531168.533,269,1,"(-4.08, 16.0)"
1769531168.543,269,1,"(17.45, 16.0)"
1769531168.554,269,1,"(-125.12, 18.0)"
1769531168.564,269,1,"(-52.41, 18.0)"
1769531168.574,269,1,"(16.55, 18.0)"
1769531168.585,269,1,"(15.92, 18.0)"
1769531168.596,269,1,"(3.23, 18.0)"
1769531168.606,269,1,"(-5.82, 18.0)"
1769531168.618,269,1,"(-1.93, 18.0)"
1769531168.628,269,1,"(2.16, 18.0)"
1769531168.638,269,1,"(-0.75, 18.0)"
1769531168.649,269,1,"(-0.37, 18.0)"
1769531168.659,269,1,"(0.72, 18.0)"
1769531168.669,269,1,"(0.28, 18.0)"
1769531168.679,269,1,"(-0.15, 18.0)"
1769531168.690,269,1,"(-0.22, 18.0)"
1769531168.700,269,1,"(0.1, 18.0)"
1769531168.711,269,1,"(0.08, 18.0)"
1769531168.721,269,1,"(-0.07, 18.0)"
1769531168.732,269,1,"(-0.02, 18.0)"
1769531168.742,269,1,"(0.02, 18.0)"
1769531168.753,269,1,"(0.01, 18.0)"
1769531168.764,269,1,"(2.13, 18.0)"
1769531168.774,269,1,"(-32.05, 18.0)"
1769531168.785,269,1,"(-68.69, 24.0)"
1769531168.795,269,1,"(-61.01, 26.0)"
1769531168.805,269,1,"(-9.64, 24.0)"
1769531168.816,269,1,"(-2.36, 20.0)"
1769531168.826,269,1,"(-5.41, 18.0)"
1769531168.836,269,1,"(-3.53, 18.0)"
1769531168.847,269,1,"(1.62, 18.0)"
1769531168.858,269,1,"(1.87, 16.0)"
1769531168.868,269,1,"(-1.72, 16.0)"
1769531168.878,269,1,"(-0.98, 16.0)"
1769531168.888,269,1,"(0.92, 16.0)"
1769531168.900,269,1,"(0.01, 16.0)"
1769531168.909,269,1,"(-0.59, 16.0)"
1769531168.920,269,1,"(0.03, 16.0)"
1769531168.930,269,1,"(0.47, 16.0)"
1769531168.941,269,1,"(0.32, 16.0)"
1769531168.952,269,1,"(-0.08, 16.0)"
1769531168.962,269,1,"(0.39, 16.0)"
1769531168.973,269,1,"(0.26, 16.0)"
1769531168.985,269,1,"(-0.18, 16.0)"
1769531168.995,269,1,"(-0.01, 16.0)"
1769531169.006,269,1,"(-1.38, 16.0)"
1769531169.016,269,1,"(35.71, 18.0)"
1769531169.026,269,1,"(84.06, 22.0)"
1769531169.036,269,1,"(56.06, 24.0)"
1769531169.047,269,1,"(9.04, 22.0)"
1769531169.057,269,1,"(5.01, 20.0)"
1769531169.069,269,1,"(7.33, 18.0)"
1769531169.079,269,1,"(5.78, 18.0)"
1769531169.089,269,1,"(-2.49, 18.0)"
1769531169.100,269,1,"(-2.17, 18.0)"
1769531169.110,269,1,"(2.16, 18.0)"
1769531169.120,269,1,"(1.76, 18.0)"
1769531169.130,269,1,"(-0.8, 18.0)"
1769531169.141,269,1,"(-0.58, 18.0)"
1769531169.153,269,1,"(0.51, 18.0)"
1769531169.164,269,1,"(0.25, 18.0)"
1769531169.175,269,1,"(0.08, 18.0)"
1769531169.186,269,1,"(-0.08, 18.0)"
1769531169.196,269,1,"(0.01, 18.0)"
1769531169.206,269,1,"(0.03, 18.0)"
1769531169.217,269,1,"(-0.02, 18.0)"
1769531169.227,269,1,"(0.17, 18.0)"
1769531169.238,269,1,"(-19.65, 18.0)"
1769531169.248,269,1,"(-108.64, 22.0)"
1769531169.258,269,1,"(50.05, 28.0)"
1769531169.270,269,1,"(-9.45, 32.0)"
1769531169.280,269,1,"(24.55, 28.0)"
1769531169.291,269,1,"(-5.44, 24.0)"
1769531169.301,269,1,"(-5.87, 20.0)"
1769531169.312,269,1,"(-4.59, 18.0)"
1769531169.322,269,1,"(2.99, 18.0)"
1769531169.333,269,1,"(-0.1, 18.0)"
1769531169.343,269,1,"(-1.27, 16.0)"
1769531169.354,269,1,"(0.74, 16.0)"
1769531169.364,269,1,"(0.6, 16.0)"
1769531169.375,269,1,"(0.2, 16.0)"
1769531169.388,269,1,"(-0.2, 16.0)"
1769531169.398,269,1,"(0.04, 16.0)"
1769531169.409,269,1,"(0.07, 16.0)"
1769531169.419,269,1,"(0.01, 16.0)"
1769531169.429,269,1,"(-0.01, 16.0)"
1769531169.439,269,1,"(-0.25, 16.0)"
1769531169.450,269,1,"(0.24, 16.0)"
1769531169.460,269,1,"(-0.16, 16.0)"
1769531169.470,269,1,"(-0.97, 16.0)"
1769531169.481,269,1,"(-45.24, 18.0)"
1769531169.492,269,1,"(91.34, 22.0)"
1769531169.502,269,1,"(52.41, 24.0)"
1769531169.512,269,1,"(12.91, 20.0)"
1769531169.523,269,1,"(-13.83, 16.0)"
1769531169.536,269,1,"(-7.45, 16.0)"
1769531169.546,269,1,"(-3.88, 16.0)"
1769531169.556,269,1,"(5.68, 16.0)"
1769531169.568,269,1,"(0.46, 16.0)"
1769531169.578,269,1,"(-1.19, 16.0)"
1769531169.589,269,1,"(-0.76, 16.0)"
1769531169.599,269,1,"(0.61, 16.0)"
1769531169.610,269,1,"(0.17, 14.0)"
1769531169.621,269,1,"(-0.18, 14.0)"
1769531169.631,269,1,"(0.09, 14.0)"
1769531169.642,269,1,"(0.11, 14.0)"
1769531169.653,269,1,"(0.06, 14.0)"
1769531169.664,269,1,"(-0.04, 14.0)"
1769531169.674,269,1,"(-0.03, 14.0)"
1769531169.685,269,1,"(-0.01, 14.0)"
1769531169.698,269,1,"(1.99, 16.0)"
1769531169.708,269,1,"(-26.7, 18.0)"
1769531169.719,269,1,"(-60.12, 26.0)"
1769531169.730,269,1,"(49.17, 28.0)"
1769531169.740,269,1,"(-2.73, 28.0)"
1769531169.750,269,1,"(-5.69, 22.0)"
1769531169.760,269,1,"(-0.3, 20.0)"
1769531169.771,269,1,"(7.5, 18.0)"
1769531169.781,269,1,"(2.08, 18.0)"
1769531169.792,269,1,"(-2.06, 18.0)"
1769531169.804,269,1,"(0.36, 18.0)"
1769531169.814,269,1,"(0.65, 16.0)"
1769531169.825,269,1,"(0.58, 16.0)"
1769531169.835,269,1,"(-0.31, 16.0)"
1769531169.846,269,1,"(-0.06, 16.0)"
1769531169.857,269,1,"(0.17, 16.0)"
1769531169.868,269,1,"(0.06, 16.0)"
1769531169.878,269,1,"(-0.07, 16.0)"
1769531169.888,269,1,"(-0.02, 16.0)"
1769531169.898,269,1,"(0.02, 16.0)"
1769531169.909,269,1,"(0.03, 16.0)"
1769531169.919,269,1,"(3.82, 18.0)"
1769531169.930,269,1,"(84.17, 24.0)"
1769531169.941,269,1,"(97.95, 30.0)"
1769531169.952,269,1,"(14.37, 32.0)"
1769531169.962,269,1,"(-17.38, 30.0)"
1769531169.973,269,1,"(-8.95, 24.0)"
1769531169.984,269,1,"(6.18, 20.0)"
1769531169.994,269,1,"(-2.5, 20.0)"
1769531170.005,269,1,"(-0.64, 18.0)"
1769531170.016,269,1,"(0.37, 18.0)"
1769531170.026,269,1,"(0.81, 18.0)"
1769531170.037,269,1,"(-0.35, 18.0)"
1769531170.048,269,1,"(-0.72, 18.0)"
1769531170.059,269,1,"(-0.26, 18.0)"
1769531170.069,269,1,"(0.25, 18.0)"
1769531170.079,269,1,"(0.08, 18.0)"
1769531170.090,269,1,"(-0.1, 18.0)"
1769531170.100,269,1,"(-0.05, 18.0)"
1769531170.111,269,1,"(0.0, 18.0)"
1769531170.122,269,1,"(3.57, 18.0)"
1769531170.133,269,1,"(22.87, 18.0)"
1769531170.143,269,1,"(71.1, 24.0)"
1769531170.153,269,1,"(41.74, 28.0)"
1769531170.165,269,1,"(-14.67, 30.0)"
1769531170.175,269,1,"(-0.72, 30.0)"
1769531170.185,269,1,"(-1.43, 24.0)"
1769531170.196,269,1,"(1.75, 20.0)"
1769531170.206,269,1,"(-0.62, 16.0)"
1769531170.217,269,1,"(0.02, 16.0)"
1769531170.227,269,1,"(1.59, 14.0)"
1769531170.237,269,1,"(0.74, 14.0)"
1769531170.249,269,1,"(-0.68, 14.0)"
1769531170.260,269,1,"(-0.13, 14.0)"
1769531170.270,269,1,"(-0.05, 14.0)"
1769531170.281,269,1,"(0.24, 14.0)"
1769531170.291,269,1,"(0.23, 14.0)"
1769531170.302,269,1,"(-0.09, 14.0)"
1769531170.312,269,1,"(0.17, 14.0)"
1769531170.323,269,1,"(-0.04, 14.0)"
1769531170.334,269,1,"(0.01, 14.0)"
1769531170.344,269,1,"(-1.71, 14.0)"
1769531170.354,269,1,"(-63.67, 16.0)"
1769531170.366,269,1,"(84.15, 20.0)"
1769531170.376,269,1,"(35.76, 26.0)"
1769531170.386,269,1,"(15.33, 26.0)"
1769531170.398,269,1,"(15.93, 22.0)"
1769531170.409,269,1,"(-12.04, 20.0)"
1769531170.419,269,1,"(-5.82, 20.0)"
1769531170.430,269,1,"(-1.93, 18.0)"
1769531170.441,269,1,"(0.86, 18.0)"
1769531170.452,269,1,"(-0.76, 18.0)"
1769531170.462,269,1,"(-0.37, 18.0)"
1769531170.473,269,1,"(0.72, 18.0)"
1769531170.484,269,1,"(0.33, 18.0)"
1769531170.494,269,1,"(-0.28, 18.0)"
1769531170.505,269,1,"(-0.22, 18.0)"
1769531170.517,269,1,"(0.1, 18.0)"
1769531170.527,269,1,"(0.08, 18.0)"
1769531170.538,269,1,"(0.02, 18.0)"
1769531170.548,269,1,"(-0.02, 18.0)"
1769531170.558,269,1,"(-21.63, 18.0)"
1769531170.568,269,1,"(49.63, 20.0)"
1769531170.579,269,1,"(33.79, 26.0)"
1769531170.589,269,1,"(42.28, 30.0)"
1769531170.599,269,1,"(0.88, 32.0)"
1769531170.610,269,1,"(-17.29, 32.0)"
1769531170.620,269,1,"(4.18, 26.0)"
1769531170.630,269,1,"(0.52, 20.0)"
1769531170.641,269,1,"(-1.17, 18.0)"
1769531170.654,269,1,"(-2.17, 18.0)"
1769531170.664,269,1,"(-1.49, 16.0)"
1769531170.675,269,1,"(0.55, 16.0)"
1769531170.686,269,1,"(0.6, 16.0)"
1769531170.697,269,1,"(0.07, 16.0)"
1769531170.708,269,1,"(0.04, 16.0)"
1769531170.718,269,1,"(0.08, 16.0)"
1769531170.728,269,1,"(-0.01, 16.0)"
1769531170.739,269,1,"(-0.07, 16.0)"
1769531170.750,269,1,"(-0.03, 16.0)"
1769531170.760,269,1,"(0.02, 16.0)"
1769531170.771,269,1,"(-1.59, 16.0)"
1769531170.782,269,1,"(17.33, 18.0)"
1769531170.792,269,1,"(-125.23, 24.0)"
1769531170.803,269,1,"(-52.46, 30.0)"
1769531170.814,269,1,"(15.31, 30.0)"
1769531170.825,269,1,"(15.91, 28.0)"
1769531170.835,269,1,"(-5.77, 24.0)"
1769531170.846,269,1,"(-5.81, 20.0)"
1769531170.857,269,1,"(6.15, 20.0)"
1769531170.867,269,1,"(0.86, 18.0)"
1769531170.878,269,1,"(-0.76, 18.0)"
1769531170.889,269,1,"(-0.37, 18.0)"
1769531170.900,269,1,"(0.72, 18.0)"
1769531170.910,269,1,"(0.51, 18.0)"
1769531170.921,269,1,"(-0.15, 18.0)"
1769531170.931,269,1,"(-0.22, 18.0)"
1769531170.941,269,1,"(0.1, 18.0)"
1769531170.952,269,1,"(0.08, 18.0)"
1769531170.963,269,1,"(0.02, 18.0)"
1769531170.973,269,1,"(2.63, 18.0)"
1769531170.983,269,1,"(64.92, 20.0)"
1769531170.994,269,1,"(-52.83, 24.0)"
1769531171.005,269,1,"(-18.03, 30.0)"
1769531171.015,269,1,"(-14.74, 32.0)"
1769531171.025,269,1,"(3.09, 32.0)"
1769531171.036,269,1,"(9.34, 32.0)"
1769531171.046,269,1,"(-5.07, 26.0)"
1769531171.056,269,1,"(0.84, 22.0)"
1769531171.067,269,1,"(1.93, 18.0)"
1769531171.078,269,1,"(2.17, 18.0)"
1769531171.088,269,1,"(-1.56, 16.0)"
1769531171.099,269,1,"(-0.73, 16.0)"
1769531171.109,269,1,"(0.78, 16.0)"
1769531171.119,269,1,"(0.29, 16.0)"
1769531171.130,269,1,"(-0.45, 16.0)"
1769531171.141,269,1,"(-0.23, 16.0)"
1769531171.152,269,1,"(0.26, 16.0)"
1769531171.163,269,1,"(-0.2, 16.0)"
1769531171.173,269,1,"(0.04, 16.0)"
1769531171.183,269,1,"(0.14, 16.0)"
1769531171.194,269,1,"(-3.91, 16.0)"
1769531171.205,269,1,"(17.62, 18.0)"
1769531171.216,269,1,"(-124.99, 24.0)"
1769531171.227,269,1,"(-52.42, 30.0)"
1769531171.238,269,1,"(4.94, 30.0)"
1769531171.249,269,1,"(-8.95, 24.0)"
1769531171.260,269,1,"(3.24, 22.0)"
1769531171.271,269,1,"(-2.48, 20.0)"
1769531171.282,269,1,"(-1.93, 18.0)"
1769531171.292,269,1,"(2.16, 18.0)"
1769531175.516,269,2,"(1.56, 24.0)"
1769531175.527,269,2,"(10.16, 24.0)"
1769531175.538,269,2,"(0.52, 24.0)"
1769531175.549,269,2,"(-2.68, 24.0)"
1769531175.560,269,2,"(-0.53, 24.0)"
1769531175.571,269,2,"(0.5, 24.0)"
1769531175.581,269,2,"(0.38, 24.0)"
1769531175.592,269,2,"(-0.16, 24.0)"
1769531175.603,269,2,"(-0.06, 22.0)"
1769531175.614,269,2,"(0.02, 14.0)"
1769531175.624,269,2,"(17.71, 10.0)"
1769531175.635,269,2,"(-73.57, 12.0)"
1769531175.646,269,2,"(-64.19, 18.0)"
1769531175.657,269,2,"(8.93, 22.0)"
1769531175.668,269,2,"(5.05, 22.0)"
1769531175.678,269,2,"(7.34, 24.0)"
1769531175.688,269,2,"(0.07, 24.0)"
1769531175.698,269,2,"(-7.89, 24.0)"
1769531175.709,269,2,"(2.35, 24.0)"
1769531175.719,269,2,"(2.13, 24.0)"
1769531175.731,269,2,"(-2.39, 24.0)"
1769531175.740,269,2,"(-0.8, 24.0)"
1769531175.751,269,2,"(1.14, 24.0)"
1769531175.762,269,2,"(17.78, 22.0)"
1769531175.772,269,2,"(3.15, 22.0)"
1769531175.782,269,2,"(62.6, 24.0)"
1769531175.793,269,2,"(21.7, 26.0)"
1769531175.803,269,2,"(-4.82, 26.0)"
1769531175.814,269,2,"(-7.27, 26.0)"
1769531175.823,269,2,"(4.47, 28.0)"
1769531175.834,269,2,"(2.3, 28.0)"
1769531175.846,269,2,"(-0.99, 28.0)"
1769531175.856,269,2,"(0.03, 28.0)"
1769531175.867,269,2,"(0.32, 28.0)"
1769531175.878,269,2,"(0.08, 28.0)"
1769531175.888,269,2,"(-0.41, 26.0)"
1769531175.898,269,2,"(3.54, 20.0)"
1769531175.909,269,2,"(84.03, 20.0)"
1769531175.919,269,2,"(35.86, 24.0)"
1769531175.929,269,2,"(8.94, 26.0)"
1769531175.941,269,2,"(-26.45, 26.0)"
1769531175.952,269,2,"(-12.03, 26.0)"
1769531175.963,269,2,"(5.78, 26.0)"
1769531175.972,269,2,"(4.46, 28.0)"
1769531175.983,269,2,"(-3.21, 28.0)"
1769531175.993,269,2,"(-1.87, 28.0)"
1769531176.003,269,2,"(1.76, 28.0)"
1769531176.014,269,2,"(0.52, 26.0)"
1769531176.025,269,2,"(0.06, 26.0)"
1769531176.035,269,2,"(11.45, 24.0)"
1769531176.046,269,2,"(14.52, 24.0)"
1769531176.056,269,2,"(18.88, 24.0)"
1769531176.067,269,2,"(-5.21, 24.0)"
1769531176.078,269,2,"(0.62, 24.0)"
1769531176.088,269,2,"(-0.59, 24.0)"
1769531176.100,269,2,"(0.97, 24.0)"
1769531176.110,269,2,"(-0.85, 26.0)"
1769531176.120,269,2,"(-1.31, 26.0)"
1769531176.131,269,2,"(0.91, 26.0)"
1769531176.141,269,2,"(0.56, 26.0)"
1769531176.152,269,2,"(0.27, 24.0)"
1769531176.162,269,2,"(-3.1, 20.0)"
1769531176.172,269,2,"(23.21, 16.0)"
1769531176.184,269,2,"(-121.16, 20.0)"
1769531176.193,269,2,"(-50.26, 24.0)"
1769531176.204,269,2,"(15.34, 22.0)"
1769531176.216,269,2,"(16.31, 24.0)"
1769531176.226,269,2,"(0.3, 24.0)"
1769531176.237,269,2,"(0.86, 24.0)"
1769531176.248,269,2,"(2.06, 24.0)"
1769531176.258,269,2,"(0.94, 24.0)"
1769531176.268,269,2,"(-0.63, 24.0)"
1769531176.279,269,2,"(-0.41, 24.0)"
1769531176.288,269,2,"(-0.43, 24.0)"
1769531176.299,269,2,"(-19.59, 22.0)"
1769531176.310,269,2,"(-41.94, 22.0)"
1769531176.321,269,2,"(-66.16, 28.0)"
1769531176.332,269,2,"(0.28, 28.0)"
1769531176.343,269,2,"(17.22, 30.0)"
1769531176.353,269,2,"(8.62, 30.0)"
1769531176.365,269,2,"(-2.42, 30.0)"
1769531176.374,269,2,"(-0.51, 30.0)"
1769531176.385,269,2,"(1.91, 30.0)"
1769531176.396,269,2,"(-1.45, 30.0)"
1769531176.406,269,2,"(-1.22, 30.0)"
1769531176.417,269,2,"(0.01, 30.0)"
1769531176.428,269,2,"(36.28, 28.0)"
1769531176.438,269,2,"(17.25, 26.0)"
1769531176.448,269,2,"(55.85, 28.0)"
1769531176.458,269,2,"(-52.33, 30.0)"
1769531176.468,269,2,"(5.09, 30.0)"
1769531176.479,269,2,"(15.85, 30.0)"
1769531176.489,269,2,"(3.19, 30.0)"
1769531176.499,269,2,"(-5.79, 30.0)"
1769531176.510,269,2,"(-1.91, 30.0)"
1769531176.521,269,2,"(2.16, 30.0)"
1769531176.532,269,2,"(-0.76, 32.0)"
1769531176.543,269,2,"(0.22, 32.0)"
1769531176.553,269,2,"(-10.46, 32.0)"
1769531176.564,269,2,"(-56.57, 30.0)"
1769531176.575,269,2,"(-72.17, 32.0)"
1769531176.585,269,2,"(-65.47, 32.0)"
1769531176.597,269,2,"(-3.39, 34.0)"
1769531176.607,269,2,"(9.27, 34.0)"
1769531176.618,269,2,"(2.26, 34.0)"
1769531176.628,269,2,"(-6.51, 34.0)"
1769531176.638,269,2,"(2.81, 34.0)"
1769531176.648,269,2,"(2.0, 34.0)"
1769531176.659,269,2,"(-1.83, 34.0)"
1769531176.669,269,2,"(-0.43, 34.0)"
1769531176.680,269,2,"(-1.13, 34.0)"
1769531176.690,269,2,"(-62.82, 34.0)"
1769531176.702,269,2,"(84.01, 34.0)"
1769531176.713,269,2,"(35.7, 34.0)"
1769531176.723,269,2,"(15.25, 34.0)"
1769531176.735,269,2,"(-9.19, 34.0)"
1769531176.746,269,2,"(3.24, 34.0)"
1769531176.756,269,2,"(-5.82, 34.0)"
1769531176.767,269,2,"(-1.94, 34.0)"
1769531176.777,269,2,"(0.87, 34.0)"
1769531176.788,269,2,"(-0.75, 34.0)"
1769531176.798,269,2,"(-0.62, 34.0)"
1769531176.808,269,2,"(-13.28, 34.0)"
1769531176.818,269,2,"(-2.6, 34.0)"
1769531176.828,269,2,"(-14.42, 30.0)"
1769531176.839,269,2,"(13.12, 26.0)"
1769531176.850,269,2,"(3.89, 24.0)"
1769531176.860,269,2,"(-4.69, 24.0)"
1769531176.871,269,2,"(0.94, 24.0)"
1769531176.882,269,2,"(1.92, 24.0)"
1769531176.892,269,2,"(-1.01, 22.0)"
1769531176.902,269,2,"(-0.55, 22.0)"
1769531176.912,269,2,"(0.39, 22.0)"
1769531176.923,269,2,"(-3.55, 22.0)"
1769531176.935,269,2,"(-63.58, 24.0)"
1769531176.945,269,2,"(-125.39, 30.0)"
1769531176.955,269,2,"(-52.55, 30.0)"
1769531176.965,269,2,"(15.38, 26.0)"
1769531176.976,269,2,"(15.91, 24.0)"
1769531176.987,269,2,"(-5.8, 24.0)"
1769531176.997,269,2,"(-5.82, 24.0)"
1769531177.007,269,2,"(6.16, 24.0)"
1769531177.018,269,2,"(-2.18, 22.0)"
1769531177.029,269,2,"(-0.58, 22.0)"
1769531177.039,269,2,"(-2.44, 22.0)"
1769531177.050,269,2,"(-12.4, 24.0)"
1769531177.060,269,2,"(-17.7, 26.0)"
1769531177.071,269,2,"(1.55, 28.0)"
1769531177.082,269,2,"(-8.82, 28.0)"
1769531177.092,269,2,"(-2.2, 28.0)"
1769531177.104,269,2,"(1.11, 28.0)"
1769531177.114,269,2,"(-2.04, 28.0)"
1769531177.124,269,2,"(-2.96, 28.0)"
1769531177.136,269,2,"(0.78, 28.0)"
1769531177.146,269,2,"(1.25, 28.0)"
1769531177.156,269,2,"(26.47, 28.0)"
1769531177.168,269,2,"(45.95, 30.0)"
1769531177.179,269,2,"(68.6, 38.0)"
1769531177.190,269,2,"(10.69, 38.0)"
1769531177.200,269,2,"(-1.84, 34.0)"
1769531177.210,269,2,"(2.28, 28.0)"
1769531177.221,269,2,"(5.84, 28.0)"
1769531177.232,269,2,"(-6.19, 26.0)"
1769531177.243,269,2,"(-1.68, 26.0)"
1769531177.253,269,2,"(1.68, 26.0)"
1769531177.264,269,2,"(-3.6, 26.0)"
1769531177.274,269,2,"(-2.87, 28.0)"
1769531177.285,269,2,"(-22.02, 30.0)"
1769531177.295,269,2,"(-43.25, 36.0)"
1769531177.305,269,2,"(6.51, 36.0)"
1769531177.315,269,2,"(12.49, 34.0)"
1769531177.326,269,2,"(-3.06, 32.0)"
1769531177.336,269,2,"(-3.96, 30.0)"
1769531177.347,269,2,"(4.99, 30.0)"
1769531177.358,269,2,"(1.24, 30.0)"
1769531177.369,269,2,"(-1.31, 30.0)"
1769531177.381,269,2,"(-4.48, 30.0)"
1769531177.392,269,2,"(-63.15, 32.0)"
1769531177.404,269,2,"(-124.92, 38.0)"
1769531177.414,269,2,"(-18.38, 42.0)"
1769531177.425,269,2,"(16.45, 40.0)"
1769531177.435,269,2,"(22.19, 34.0)"
1769531177.446,269,2,"(-5.72, 34.0)"
1769531177.457,269,2,"(-5.79, 32.0)"
1769531177.468,269,2,"(-1.93, 32.0)"
1769531177.478,269,2,"(0.86, 32.0)"
1769531177.488,269,2,"(-1.69, 32.0)"
1769531177.499,269,2,"(-8.77, 32.0)"
1769531177.509,269,2,"(-25.75, 34.0)"
1769531177.520,269,2,"(-25.56, 36.0)"
1769531177.529,269,2,"(9.66, 36.0)"
1769531177.541,269,2,"(10.27, 30.0)"
1769531177.552,269,2,"(-2.81, 28.0)"
1769531177.562,269,2,"(-2.98, 26.0)"
1769531177.572,269,2,"(0.73, 26.0)"
1769531177.583,269,2,"(1.26, 26.0)"
1769531177.593,269,2,"(-1.31, 26.0)"
1769531177.604,269,2,"(-2.18, 26.0)"
1769531177.614,269,2,"(-64.79, 26.0)"
1769531177.625,269,2,"(-111.9, 34.0)"
1769531177.636,269,2,"(-45.25, 38.0)"
1769531177.646,269,2,"(15.44, 38.0)"
1769531177.656,269,2,"(19.04, 32.0)"
1769531177.668,269,2,"(3.77, 26.0)"
1769531177.678,269,2,"(-6.23, 26.0)"
1769531177.688,269,2,"(1.43, 24.0)"
1769531177.699,269,2,"(1.13, 24.0)"
1769531177.710,269,2,"(-7.59, 24.0)"
1769531177.720,269,2,"(-8.86, 24.0)"
1769531177.730,269,2,"(-42.69, 26.0)"
1769531177.741,269,2,"(-16.12, 28.0)"
1769531177.751,269,2,"(-7.51, 30.0)"
1769531177.761,269,2,"(4.17, 28.0)"
1769531177.772,269,2,"(4.57, 26.0)"
1769531177.782,269,2,"(-1.75, 24.0)"
1769531177.793,269,2,"(1.48, 24.0)"
1769531177.804,269,2,"(0.99, 24.0)"
1769531177.814,269,2,"(-0.87, 24.0)"
1769531177.824,269,2,"(6.0, 24.0)"
1769531177.835,269,2,"(105.32, 28.0)"
1769531177.846,269,2,"(95.26, 34.0)"
1769531177.856,269,2,"(7.08, 38.0)"
1769531177.867,269,2,"(-15.85, 38.0)"
1769531177.877,269,2,"(-7.83, 32.0)"
1769531177.887,269,2,"(3.02, 28.0)"
1769531177.898,269,2,"(4.0, 26.0)"
1769531177.908,269,2,"(-3.14, 26.0)"
1769531177.919,269,2,"(3.43, 24.0)"
1769531177.929,269,2,"(7.68, 26.0)"
1769531177.940,269,2,"(48.7, 28.0)"
1769531177.953,269,2,"(-71.57, 32.0)"
1769531177.962,269,2,"(-30.73, 34.0)"
1769531177.973,269,2,"(-7.42, 34.0)"
1769531177.983,269,2,"(10.31, 34.0)"
1769531177.994,269,2,"(4.49, 32.0)"
1769531178.004,269,2,"(1.76, 30.0)"
1769531178.014,269,2,"(-2.3, 30.0)"
1769531178.025,269,2,"(-5.83, 30.0)"
1769531178.035,269,2,"(4.58, 30.0)"
1769531178.046,269,2,"(-45.92, 36.0)"
1769531178.056,269,2,"(35.53, 42.0)"
1769531178.066,269,2,"(15.29, 44.0)"
1769531178.077,269,2,"(-26.46, 46.0)"
1769531178.087,269,2,"(-12.11, 44.0)"
1769531178.098,269,2,"(1.27, 36.0)"
1769531178.108,269,2,"(4.52, 34.0)"
1769531178.119,269,2,"(-2.81, 32.0)"
1769531178.130,269,2,"(14.77, 32.0)"
1769531178.141,269,2,"(75.02, 34.0)"
1769531178.153,269,2,"(60.67, 38.0)"
1769531178.162,269,2,"(27.46, 40.0)"
1769531178.172,269,2,"(-10.23, 40.0)"
1769531178.183,269,2,"(-5.46, 42.0)"
1769531178.194,269,2,"(1.86, 40.0)"
1769531178.204,269,2,"(2.18, 36.0)"
1769531178.214,269,2,"(-1.85, 32.0)"
1769531178.224,269,2,"(-5.68, 32.0)"
1769531178.236,269,2,"(-70.95, 34.0)"
1769531178.246,269,2,"(-61.87, 40.0)"
1769531178.257,269,2,"(-40.32, 44.0)"
1769531178.268,269,2,"(16.1, 46.0)"
1769531178.279,269,2,"(22.05, 46.0)"
1769531178.289,269,2,"(-5.61, 46.0)"
1769531178.300,269,2,"(-5.87, 42.0)"
1769531178.310,269,2,"(6.1, 38.0)"
1769531178.321,269,2,"(8.64, 34.0)"
1769531178.332,269,2,"(52.75, 34.0)"
1769531178.342,269,2,"(-20.53, 36.0)"
1769531178.353,269,2,"(-59.31, 42.0)"
1769531178.364,269,2,"(22.31, 46.0)"
1769531178.374,269,2,"(0.87, 46.0)"
1769531178.386,269,2,"(17.15, 46.0)"
1769531178.396,269,2,"(4.07, 44.0)"
1769531178.406,269,2,"(-1.11, 38.0)"
1769531178.418,269,2,"(-2.57, 36.0)"
1769531178.428,269,2,"(33.42, 36.0)"
1769531178.438,269,2,"(95.59, 40.0)"
1769531178.448,269,2,"(33.44, 44.0)"
1769531178.458,269,2,"(3.43, 48.0)"
1769531178.469,269,2,"(7.52, 48.0)"
1769531178.480,269,2,"(10.18, 50.0)"
1769531178.491,269,2,"(6.19, 48.0)"
1769531178.502,269,2,"(-3.56, 42.0)"
1769531178.512,269,2,"(-6.64, 36.0)"
1769531184.519,269,3,"(-15.08, 30.0)"
1769531184.530,269,3,"(-10.0, 30.0)"
1769531184.541,269,3,"(-4.89, 30.0)"
1769531184.551,269,3,"(6.75, 28.0)"
1769531184.562,269,3,"(2.29, 20.0)"
1769531184.572,269,3,"(-1.94, 18.0)"
1769531184.584,269,3,"(-1.53, 16.0)"
1769531184.594,269,3,"(-0.27, 14.0)"
1769531184.605,269,3,"(0.68, 14.0)"
1769531184.616,269,3,"(0.12, 14.0)"
1769531184.626,269,3,"(-0.03, 14.0)"
1769531184.637,269,3,"(0.0, 14.0)"
1769531184.648,269,3,"(0.42, 14.0)"
1769531184.658,269,3,"(-0.1, 14.0)"
1769531184.669,269,3,"(0.23, 14.0)"
1769531184.679,269,3,"(34.81, 14.0)"
1769531184.689,269,3,"(111.04, 18.0)"
1769531184.700,269,3,"(57.56, 24.0)"
1769531184.710,269,3,"(-17.56, 28.0)"
1769531184.721,269,3,"(-25.88, 30.0)"
1769531184.732,269,3,"(6.77, 30.0)"
1769531184.742,269,3,"(5.81, 28.0)"
1769531184.753,269,3,"(-7.71, 24.0)"
1769531184.764,269,3,"(-3.18, 20.0)"
1769531184.775,269,3,"(0.28, 20.0)"
1769531184.787,269,3,"(1.25, 18.0)"
1769531184.796,269,3,"(0.27, 18.0)"
1769531184.806,269,3,"(-0.59, 18.0)"
1769531184.816,269,3,"(-0.06, 18.0)"
1769531184.827,269,3,"(0.24, 18.0)"
1769531184.838,269,3,"(-0.08, 18.0)"
1769531184.848,269,3,"(-0.08, 18.0)"
1769531184.859,269,3,"(5.68, 18.0)"
1769531184.869,269,3,"(50.81, 20.0)"
1769531184.880,269,3,"(34.59, 26.0)"
1769531184.891,269,3,"(43.88, 30.0)"
1769531184.902,269,3,"(0.57, 32.0)"
1769531184.913,269,3,"(-18.3, 32.0)"
1769531184.923,269,3,"(-0.65, 32.0)"
1769531184.935,269,3,"(6.88, 32.0)"
1769531184.946,269,3,"(3.15, 28.0)"
1769531184.957,269,3,"(-2.05, 22.0)"
1769531184.968,269,3,"(-1.33, 18.0)"
1769531184.978,269,3,"(0.76, 18.0)"
1769531184.988,269,3,"(0.44, 16.0)"
1769531184.999,269,3,"(-0.49, 16.0)"
1769531185.010,269,3,"(-0.06, 16.0)"
1769531185.021,269,3,"(0.15, 16.0)"
1769531185.031,269,3,"(-0.08, 16.0)"
1769531185.041,269,3,"(-0.28, 16.0)"
1769531185.052,269,3,"(-1.67, 16.0)"
1769531185.063,269,3,"(-63.43, 18.0)"
1769531185.073,269,3,"(-125.16, 24.0)"
1769531185.084,269,3,"(35.74, 28.0)"
1769531185.094,269,3,"(15.27, 30.0)"
1769531185.104,269,3,"(-26.45, 32.0)"
1769531185.115,269,3,"(-12.02, 32.0)"
1769531185.125,269,3,"(5.77, 32.0)"
1769531185.135,269,3,"(4.47, 24.0)"
1769531185.146,269,3,"(-2.17, 22.0)"
1769531185.156,269,3,"(-1.88, 20.0)"
1769531185.167,269,3,"(0.81, 18.0)"
1769531185.178,269,3,"(0.25, 18.0)"
1769531185.188,269,3,"(-0.24, 18.0)"
1769531185.199,269,3,"(-0.05, 18.0)"
1769531185.210,269,3,"(0.23, 18.0)"
1769531185.220,269,3,"(0.08, 18.0)"
1769531185.230,269,3,"(1.92, 18.0)"
1769531185.240,269,3,"(51.44, 20.0)"
1769531185.251,269,3,"(102.31, 24.0)"
1769531185.261,269,3,"(45.83, 30.0)"
1769531185.271,269,3,"(-15.29, 30.0)"
1769531185.282,269,3,"(9.6, 32.0)"
1769531185.292,269,3,"(10.69, 32.0)"
1769531185.303,269,3,"(4.61, 32.0)"
1769531185.314,269,3,"(-5.39, 32.0)"
1769531185.325,269,3,"(-0.85, 28.0)"
1769531185.335,269,3,"(0.53, 20.0)"
1769531185.345,269,3,"(-0.02, 18.0)"
1769531185.356,269,3,"(-0.84, 16.0)"
1769531185.367,269,3,"(0.05, 16.0)"
1769531185.376,269,3,"(0.38, 16.0)"
1769531185.387,269,3,"(-0.66, 14.0)"
1769531185.397,269,3,"(-0.22, 14.0)"
1769531185.407,269,3,"(0.01, 14.0)"
1769531185.418,269,3,"(0.03, 14.0)"
1769531185.429,269,3,"(35.86, 16.0)"
1769531185.440,269,3,"(17.11, 18.0)"
1769531185.452,269,3,"(55.97, 26.0)"
1769531185.462,269,3,"(14.37, 30.0)"
1769531185.473,269,3,"(-17.32, 30.0)"
1769531185.483,269,3,"(-8.95, 32.0)"
1769531185.494,269,3,"(5.77, 30.0)"
1769531185.505,269,3,"(-2.48, 26.0)"
1769531185.516,269,3,"(-2.16, 22.0)"
1769531185.526,269,3,"(2.15, 20.0)"
1769531185.537,269,3,"(1.76, 20.0)"
1769531185.548,269,3,"(0.25, 18.0)"
1769531185.558,269,3,"(-0.72, 18.0)"
1769531185.568,269,3,"(0.28, 18.0)"
1769531185.578,269,3,"(0.24, 18.0)"
1769531185.589,269,3,"(-0.08, 18.0)"
1769531185.599,269,3,"(-0.08, 18.0)"
1769531185.609,269,3,"(3.72, 18.0)"
1769531185.621,269,3,"(-18.62, 18.0)"
1769531185.631,269,3,"(-20.18, 22.0)"
1769531185.642,269,3,"(-73.99, 26.0)"
1769531185.654,269,3,"(-14.81, 30.0)"
1769531185.664,269,3,"(-2.87, 30.0)"
1769531185.674,269,3,"(10.22, 32.0)"
1769531185.685,269,3,"(-3.65, 32.0)"
1769531185.696,269,3,"(-4.03, 26.0)"
1769531185.707,269,3,"(1.01, 22.0)"
1769531185.718,269,3,"(1.78, 18.0)"
1769531185.729,269,3,"(0.64, 16.0)"
1769531185.740,269,3,"(-0.6, 16.0)"
1769531185.751,269,3,"(-0.45, 14.0)"
1769531185.761,269,3,"(0.25, 14.0)"
1769531185.772,269,3,"(-0.12, 14.0)"
1769531185.782,269,3,"(0.03, 14.0)"
1769531185.793,269,3,"(0.13, 14.0)"
1769531185.803,269,3,"(-0.11, 14.0)"
1769531185.814,269,3,"(-6.49, 14.0)"
1769531185.825,269,3,"(-63.71, 16.0)"
1769531185.835,269,3,"(-125.27, 22.0)"
1769531185.846,269,3,"(35.71, 26.0)"
1769531185.857,269,3,"(15.33, 30.0)"
1769531185.868,269,3,"(15.92, 30.0)"
1769531185.878,269,3,"(-12.02, 30.0)"
1769531185.888,269,3,"(-5.82, 24.0)"
1769531185.899,269,3,"(6.14, 22.0)"
1769531185.909,269,3,"(0.86, 20.0)"
1769531185.919,269,3,"(-1.88, 18.0)"
1769531185.930,269,3,"(-0.37, 18.0)"
1769531185.941,269,3,"(0.72, 18.0)"
1769531185.951,269,3,"(-0.24, 18.0)"
1769531185.961,269,3,"(-0.28, 18.0)"
1769531185.972,269,3,"(0.04, 18.0)"
1769531185.982,269,3,"(0.1, 18.0)"
1769531185.993,269,3,"(-0.06, 18.0)"
1769531186.004,269,3,"(1.21, 18.0)"
1769531186.015,269,3,"(39.24, 18.0)"
1769531186.026,269,3,"(-6.74, 20.0)"
1769531186.037,269,3,"(1.92, 24.0)"
1769531186.047,269,3,"(-12.26, 26.0)"
1769531186.058,269,3,"(-3.65, 26.0)"
1769531186.068,269,3,"(7.18, 28.0)"
1769531186.078,269,3,"(-1.9, 26.0)"
1769531186.088,269,3,"(-1.07, 22.0)"
1769531186.098,269,3,"(0.96, 16.0)"
1769531186.109,269,3,"(-0.8, 12.0)"
1769531186.120,269,3,"(-0.98, 12.0)"
1769531186.130,269,3,"(-0.4, 10.0)"
1769531186.141,269,3,"(0.32, 10.0)"
1769531186.152,269,3,"(0.18, 10.0)"
1769531186.163,269,3,"(-0.06, 10.0)"
1769531186.173,269,3,"(-0.2, 10.0)"
1769531186.183,269,3,"(-0.07, 10.0)"
1769531186.194,269,3,"(-0.16, 10.0)"
1769531186.205,269,3,"(-0.14, 10.0)"
1769531186.215,269,3,"(0.02, 10.0)"
1769531186.226,269,3,"(-0.06, 10.0)"
1769531186.237,269,3,"(-0.06, 10.0)"
1769531186.247,269,3,"(-0.08, 10.0)"
1769531186.258,269,3,"(17.24, 10.0)"
1769531186.268,269,3,"(-73.24, 12.0)"
1769531186.278,269,3,"(-64.1, 16.0)"
1769531186.290,269,3,"(-39.58, 18.0)"
1769531186.300,269,3,"(5.01, 16.0)"
1769531186.310,269,3,"(7.32, 18.0)"
1769531186.321,269,3,"(0.1, 18.0)"
1769531186.331,269,3,"(-7.88, 18.0)"
1769531186.341,269,3,"(2.34, 18.0)"
1769531186.352,269,3,"(2.13, 18.0)"
1769531186.363,269,3,"(-2.39, 18.0)"
1769531186.373,269,3,"(-0.91, 18.0)"
1769531186.383,269,3,"(0.72, 18.0)"
1769531186.394,269,3,"(0.51, 18.0)"
1769531186.404,269,3,"(-0.15, 18.0)"
1769531186.414,269,3,"(-0.18, 18.0)"
1769531186.426,269,3,"(0.15, 18.0)"
1769531186.436,269,3,"(0.02, 18.0)"
1769531186.447,269,3,"(-0.03, 18.0)"
1769531186.459,269,3,"(-0.03, 18.0)"
1769531186.469,269,3,"(4.33, 18.0)"
1769531186.480,269,3,"(64.5, 20.0)"
1769531186.490,269,3,"(81.48, 24.0)"
1769531186.501,269,3,"(1.07, 28.0)"
1769531186.511,269,3,"(-15.33, 30.0)"
1769531186.522,269,3,"(17.24, 28.0)"
1769531186.533,269,3,"(8.78, 22.0)"
1769531186.544,269,3,"(2.16, 18.0)"
1769531186.555,269,3,"(-0.25, 16.0)"
1769531186.566,269,3,"(-1.46, 14.0)"
1769531186.576,269,3,"(-0.21, 14.0)"
1769531186.586,269,3,"(0.62, 14.0)"
1769531186.597,269,3,"(-0.49, 14.0)"
1769531186.608,269,3,"(-0.08, 14.0)"
1769531186.618,269,3,"(0.05, 14.0)"
1769531186.628,269,3,"(-0.12, 14.0)"
1769531186.639,269,3,"(-0.06, 14.0)"
1769531186.650,269,3,"(0.11, 14.0)"
1769531186.661,269,3,"(-0.02, 14.0)"
1769531186.671,269,3,"(0.02, 14.0)"
1769531186.682,269,3,"(-0.34, 14.0)"
1769531186.693,269,3,"(-0.25, 14.0)"
1769531186.704,269,3,"(-0.05, 14.0)"
1769531186.714,269,3,"(-4.04, 14.0)"
1769531186.725,269,3,"(17.25, 16.0)"
1769531186.735,269,3,"(-125.24, 22.0)"
1769531186.746,269,3,"(-52.49, 22.0)"
1769531186.759,269,3,"(5.03, 18.0)"
1769531186.769,269,3,"(7.35, 18.0)"
1769531186.779,269,3,"(0.09, 18.0)"
1769531186.790,269,3,"(-7.9, 18.0)"
1769531186.801,269,3,"(-3.22, 18.0)"
1769531186.813,269,3,"(2.16, 18.0)"
1769531186.823,269,3,"(1.76, 18.0)"
1769531186.833,269,3,"(-0.8, 18.0)"
1769531186.844,269,3,"(-0.58, 18.0)"
1769531186.855,269,3,"(-0.05, 18.0)"
1769531186.866,269,3,"(0.07, 18.0)"
1769531186.876,269,3,"(0.08, 18.0)"
1769531186.887,269,3,"(-0.06, 18.0)"
1769531186.898,269,3,"(0.01, 18.0)"
1769531186.909,269,3,"(0.03, 18.0)"
1769531186.919,269,3,"(-0.02, 18.0)"
1769531186.930,269,3,"(0.13, 18.0)"
1769531186.941,269,3,"(-6.65, 18.0)"
1769531186.951,269,3,"(-81.98, 22.0)"
1769531186.964,269,3,"(-79.85, 26.0)"
1769531186.975,269,3,"(-14.92, 28.0)"
1769531186.985,269,3,"(22.19, 26.0)"
1769531186.998,269,3,"(10.5, 18.0)"
1769531187.009,269,3,"(-2.29, 16.0)"
1769531187.019,269,3,"(-3.35, 16.0)"
1769531187.030,269,3,"(1.09, 14.0)"
1769531187.041,269,3,"(2.18, 14.0)"
1769531187.052,269,3,"(0.82, 14.0)"
1769531187.063,269,3,"(-0.71, 14.0)"
1769531187.074,269,3,"(-0.75, 14.0)"
1769531187.085,269,3,"(-0.38, 14.0)"
1769531187.096,269,3,"(0.28, 14.0)"
1769531187.106,269,3,"(-0.01, 14.0)"
1769531187.117,269,3,"(-0.1, 14.0)"
1769531187.128,269,3,"(-0.15, 14.0)"
1769531187.138,269,3,"(-0.06, 14.0)"
1769531187.149,269,3,"(-0.22, 14.0)"
1769531187.160,269,3,"(-0.23, 14.0)"
1769531187.170,269,3,"(-0.14, 14.0)"
1769531187.181,269,3,"(35.74, 14.0)"
1769531187.191,269,3,"(84.14, 20.0)"
1769531187.202,269,3,"(56.02, 24.0)"
1769531187.212,269,3,"(9.03, 22.0)"
1769531187.223,269,3,"(-17.34, 20.0)"
1769531187.233,269,3,"(-8.96, 18.0)"
1769531187.244,269,3,"(5.78, 18.0)"
1769531187.254,269,3,"(-2.5, 18.0)"
1769531187.265,269,3,"(-2.17, 18.0)"
1769531187.275,269,3,"(2.16, 18.0)"
1769531187.285,269,3,"(1.76, 18.0)"
1769531187.296,269,3,"(-0.35, 18.0)"
1769531187.306,269,3,"(-0.72, 18.0)"
1769531187.317,269,3,"(0.28, 18.0)"
1769531187.327,269,3,"(0.24, 18.0)"
1769531187.337,269,3,"(-0.22, 18.0)"
1769531187.348,269,3,"(-0.08, 18.0)"
1769531187.359,269,3,"(0.01, 18.0)"
1769531187.369,269,3,"(0.02, 18.0)"
1769531187.381,269,3,"(5.8, 18.0)"
1769531187.391,269,3,"(65.34, 20.0)"
1769531187.402,269,3,"(61.75, 24.0)"
1769531187.413,269,3,"(-85.37, 30.0)"
1769531187.423,269,3,"(-14.66, 32.0)"
1769531187.433,269,3,"(4.04, 32.0)"
1769531187.443,269,3,"(9.69, 30.0)"
1769531187.454,269,3,"(-5.04, 24.0)"
1769531187.464,269,3,"(-4.78, 20.0)"
1769531187.475,269,3,"(0.45, 18.0)"
1769531187.485,269,3,"(2.22, 18.0)"
1769531187.496,269,3,"(-0.59, 16.0)"
1769531187.506,269,3,"(-0.49, 16.0)"
1769531187.517,269,3,"(0.57, 16.0)"
1769531187.528,269,3,"(0.4, 16.0)"
1769531192.637,269,4,"(-23.2, 92.0)"
1769531192.648,269,4,"(15.87, 90.0)"
1769531192.658,269,4,"(30.65, 88.0)"
1769531192.669,269,4,"(65.48, 86.0)"
1769531192.679,269,4,"(50.62, 86.0)"
1769531192.690,269,4,"(37.35, 84.0)"
1769531192.700,269,4,"(34.57, 82.0)"
1769531192.710,269,4,"(-30.49, 78.0)"
1769531192.721,269,4,"(7.98, 76.0)"
1769531192.732,269,4,"(0.36, 74.0)"
1769531192.742,269,4,"(-24.7, 74.0)"
1769531192.753,269,4,"(-75.48, 76.0)"
1769531192.763,269,4,"(-122.15, 80.0)"
1769531192.775,269,4,"(-56.61, 84.0)"
1769531192.785,269,4,"(28.46, 84.0)"
1769531192.796,269,4,"(-47.09, 86.0)"
1769531192.807,269,4,"(-77.63, 88.0)"
1769531192.818,269,4,"(58.93, 90.0)"
1769531192.829,269,4,"(-32.97, 84.0)"
1769531192.839,269,4,"(-55.22, 80.0)"
1769531192.852,269,4,"(66.2, 80.0)"
1769531192.862,269,4,"(-22.1, 78.0)"
1769531192.872,269,4,"(-30.49, 76.0)"
1769531192.883,269,4,"(75.04, 78.0)"
1769531192.894,269,4,"(35.77, 78.0)"
1769531192.905,269,4,"(-5.36, 78.0)"
1769531192.915,269,4,"(21.61, 78.0)"
1769531192.925,269,4,"(-5.29, 78.0)"
1769531192.936,269,4,"(78.82, 78.0)"
1769531192.946,269,4,"(48.57, 82.0)"
1769531192.957,269,4,"(-23.18, 84.0)"
1769531192.968,269,4,"(-0.24, 84.0)"
1769531192.979,269,4,"(80.56, 86.0)"
1769531192.989,269,4,"(-58.18, 88.0)"
1769531193.000,269,4,"(-62.18, 90.0)"
1769531193.010,269,4,"(71.25, 90.0)"
1769531193.021,269,4,"(29.21, 86.0)"
1769531193.031,269,4,"(-26.02, 80.0)"
1769531193.042,269,4,"(43.98, 80.0)"
1769531193.052,269,4,"(25.2, 80.0)"
1769531193.062,269,4,"(-33.33, 80.0)"
1769531193.073,269,4,"(19.95, 78.0)"
1769531193.083,269,4,"(-16.15, 76.0)"
1769531193.093,269,4,"(-17.15, 74.0)"
1769531193.104,269,4,"(14.3, 72.0)"
1769531193.114,269,4,"(-15.11, 70.0)"
1769531193.125,269,4,"(-30.66, 70.0)"
1769531193.137,269,4,"(49.62, 68.0)"
1769531193.146,269,4,"(87.79, 70.0)"
1769531193.156,269,4,"(-32.91, 70.0)"
1769531193.167,269,4,"(-13.27, 72.0)"
1769531193.178,269,4,"(27.36, 72.0)"
1769531193.188,269,4,"(-5.0, 68.0)"
1769531193.199,269,4,"(57.58, 64.0)"
1769531193.209,269,4,"(47.08, 62.0)"
1769531193.219,269,4,"(-31.38, 62.0)"
1769531193.230,269,4,"(-18.88, 58.0)"
1769531193.241,269,4,"(-29.48, 56.0)"
1769531193.251,269,4,"(46.28, 54.0)"
1769531193.262,269,4,"(127.46, 58.0)"
1769531193.274,269,4,"(67.27, 60.0)"
1769531193.284,269,4,"(-34.62, 60.0)"
1769531193.296,269,4,"(-61.93, 62.0)"
1769531193.306,269,4,"(13.04, 60.0)"
1769531193.317,269,4,"(10.47, 60.0)"
1769531193.327,269,4,"(4.8, 62.0)"
1769531193.338,269,4,"(13.88, 62.0)"
1769531193.349,269,4,"(-1.52, 64.0)"
1769531193.359,269,4,"(-25.63, 66.0)"
1769531193.370,269,4,"(-10.74, 66.0)"
1769531193.380,269,4,"(-2.62, 66.0)"
1769531193.390,269,4,"(-19.77, 64.0)"
1769531193.400,269,4,"(-47.66, 62.0)"
1769531193.411,269,4,"(35.48, 62.0)"
1769531193.422,269,4,"(37.95, 60.0)"
1769531193.432,269,4,"(27.28, 60.0)"
1769531193.443,269,4,"(-17.93, 60.0)"
1769531193.454,269,4,"(7.36, 60.0)"
1769531193.464,269,4,"(1.51, 58.0)"
1769531193.475,269,4,"(12.69, 56.0)"
1769531193.485,269,4,"(-32.93, 56.0)"
1769531193.496,269,4,"(-35.08, 56.0)"
1769531193.506,269,4,"(-11.85, 56.0)"
1769531193.517,269,4,"(23.92, 52.0)"
1769531193.528,269,4,"(7.91, 46.0)"
1769531193.538,269,4,"(-8.89, 44.0)"
1769531193.548,269,4,"(-36.82, 42.0)"
1769531193.559,269,4,"(40.19, 42.0)"
1769531193.569,269,4,"(27.37, 42.0)"
1769531193.580,269,4,"(6.75, 38.0)"
1769531193.591,269,4,"(-1.29, 38.0)"
1769531193.601,269,4,"(-13.5, 38.0)"
1769531193.612,269,4,"(-33.37, 36.0)"
1769531193.624,269,4,"(-3.43, 34.0)"
1769531193.634,269,4,"(3.11, 34.0)"
1769531193.644,269,4,"(29.86, 34.0)"
1769531193.655,269,4,"(47.42, 34.0)"
1769531193.666,269,4,"(-11.7, 34.0)"
1769531193.676,269,4,"(-38.03, 34.0)"
1769531193.687,269,4,"(50.61, 36.0)"
1769531193.697,269,4,"(38.39, 36.0)"
1769531193.707,269,4,"(21.62, 40.0)"
1769531193.717,269,4,"(-33.55, 42.0)"
1769531193.728,269,4,"(36.5, 42.0)"
1769531193.740,269,4,"(41.89, 44.0)"
1769531193.750,269,4,"(-3.68, 46.0)"
1769531193.760,269,4,"(-11.16, 46.0)"
1769531193.773,269,4,"(-0.35, 44.0)"
1769531193.783,269,4,"(1.0, 48.0)"
1769531193.794,269,4,"(4.61, 54.0)"
1769531193.805,269,4,"(-95.06, 58.0)"
1769531193.817,269,4,"(12.23, 58.0)"
1769531193.828,269,4,"(36.03, 58.0)"
1769531193.838,269,4,"(29.73, 60.0)"
1769531193.848,269,4,"(-131.56, 64.0)"
1769531193.859,269,4,"(-136.99, 72.0)"
1769531193.869,269,4,"(3.38, 74.0)"
1769531193.880,269,4,"(33.83, 76.0)"
1769531193.891,269,4,"(20.91, 80.0)"
1769531193.901,269,4,"(-98.12, 82.0)"
1769531193.913,269,4,"(-89.05, 86.0)"
1769531193.923,269,4,"(78.74, 88.0)"
1769531193.934,269,4,"(50.78, 90.0)"
1769531193.944,269,4,"(-32.26, 90.0)"
1769531193.954,269,4,"(14.56, 88.0)"
1769531193.966,269,4,"(7.81, 86.0)"
1769531193.976,269,4,"(-2.38, 86.0)"
1769531193.987,269,4,"(-27.69, 84.0)"
1769531193.998,269,4,"(-24.58, 82.0)"
1769531194.008,269,4,"(-37.96, 84.0)"
1769531194.018,269,4,"(5.8, 82.0)"
1769531194.029,269,4,"(-18.79, 82.0)"
1769531194.039,269,4,"(-9.75, 76.0)"
1769531194.050,269,4,"(9.35, 74.0)"
1769531194.060,269,4,"(28.54, 70.0)"
1769531194.071,269,4,"(-31.29, 68.0)"
1769531194.081,269,4,"(-31.08, 66.0)"
1769531194.091,269,4,"(17.02, 66.0)"
1769531194.103,269,4,"(-17.03, 62.0)"
1769531194.114,269,4,"(-23.94, 56.0)"
1769531194.125,269,4,"(5.54, 50.0)"
1769531194.137,269,4,"(17.42, 48.0)"
1769531194.148,269,4,"(-0.44, 46.0)"
1769531194.157,269,4,"(-16.05, 40.0)"
1769531194.168,269,4,"(26.85, 38.0)"
1769531194.178,269,4,"(32.38, 36.0)"
1769531194.189,269,4,"(6.95, 34.0)"
1769531194.199,269,4,"(-5.65, 30.0)"
1769531194.210,269,4,"(8.26, 30.0)"
1769531194.220,269,4,"(21.68, 30.0)"
1769531194.230,269,4,"(-12.56, 30.0)"
1769531194.241,269,4,"(-5.7, 30.0)"
1769531194.251,269,4,"(-4.71, 28.0)"
1769531194.261,269,4,"(7.96, 26.0)"
1769531194.272,269,4,"(4.81, 26.0)"
1769531194.283,269,4,"(15.36, 26.0)"
1769531194.293,269,4,"(8.71, 26.0)"
1769531194.304,269,4,"(-4.91, 26.0)"
1769531194.314,269,4,"(2.63, 24.0)"
1769531194.324,269,4,"(2.67, 24.0)"
1769531194.335,269,4,"(8.37, 22.0)"
1769531194.346,269,4,"(11.18, 22.0)"
1769531194.357,269,4,"(7.33, 22.0)"
1769531194.367,269,4,"(-4.89, 20.0)"
1769531194.377,269,4,"(11.75, 20.0)"
1769531194.388,269,4,"(7.92, 20.0)"
1769531194.399,269,4,"(-10.2, 20.0)"
1769531194.409,269,4,"(-15.22, 20.0)"
1769531194.419,269,4,"(15.87, 20.0)"
1769531194.430,269,4,"(10.84, 18.0)"
1769531194.440,269,4,"(-17.87, 18.0)"
1769531194.450,269,4,"(-14.46, 18.0)"
1769531194.460,269,4,"(-6.24, 18.0)"
1769531194.471,269,4,"(-8.57, 18.0)"
1769531194.482,269,4,"(25.28, 18.0)"
1769531194.492,269,4,"(15.99, 18.0)"
1769531194.503,269,4,"(-8.2, 18.0)"
1769531194.514,269,4,"(-10.83, 18.0)"
1769531194.525,269,4,"(18.89, 18.0)"
1769531194.535,269,4,"(32.74, 20.0)"
1769531194.546,269,4,"(-11.86, 20.0)"
1769531194.556,269,4,"(-20.36, 22.0)"
1769531194.567,269,4,"(6.79, 22.0)"
1769531194.578,269,4,"(20.43, 24.0)"
1769531194.589,269,4,"(-6.6, 24.0)"
1769531194.600,269,4,"(-24.25, 26.0)"
1769531194.611,269,4,"(4.01, 26.0)"
1769531194.622,269,4,"(5.21, 28.0)"
1769531194.633,269,4,"(9.61, 28.0)"
1769531194.643,269,4,"(3.37, 28.0)"
1769531194.653,269,4,"(-8.35, 28.0)"
1769531194.664,269,4,"(34.52, 30.0)"
1769531194.675,269,4,"(30.68, 30.0)"
1769531194.685,269,4,"(-2.36, 30.0)"
1769531194.696,269,4,"(-12.9, 30.0)"
1769531194.706,269,4,"(-17.63, 30.0)"
1769531194.718,269,4,"(19.4, 30.0)"
1769531194.728,269,4,"(32.88, 30.0)"
1769531194.739,269,4,"(-15.66, 30.0)"
1769531194.749,269,4,"(-15.51, 30.0)"
1769531194.760,269,4,"(-9.49, 30.0)"
1769531194.771,269,4,"(-11.51, 30.0)"
1769531194.782,269,4,"(-19.07, 30.0)"
1769531194.792,269,4,"(-1.83, 28.0)"
1769531194.803,269,4,"(10.4, 28.0)"
1769531194.814,269,4,"(23.12, 26.0)"
1769531194.825,269,4,"(-16.07, 26.0)"
1769531194.835,269,4,"(0.78, 26.0)"
1769531194.845,269,4,"(10.71, 24.0)"
1769531194.855,269,4,"(31.83, 24.0)"
1769531194.866,269,4,"(32.29, 24.0)"
1769531194.876,269,4,"(14.97, 24.0)"
1769531194.887,269,4,"(-10.48, 24.0)"
1769531194.898,269,4,"(-17.0, 24.0)"
1769531194.908,269,4,"(-18.25, 26.0)"
1769531194.919,269,4,"(-9.23, 26.0)"
1769531194.930,269,4,"(18.83, 26.0)"
1769531194.940,269,4,"(11.06, 26.0)"
1769531194.950,269,4,"(-6.45, 26.0)"
1769531194.961,269,4,"(6.42, 24.0)"
1769531194.972,269,4,"(2.89, 24.0)"
1769531194.984,269,4,"(5.62, 24.0)"
1769531194.994,269,4,"(5.54, 24.0)"
1769531195.005,269,4,"(0.57, 22.0)"
1769531195.016,269,4,"(-17.39, 22.0)"
1769531195.026,269,4,"(-15.72, 22.0)"
1769531195.037,269,4,"(18.48, 24.0)"
1769531195.047,269,4,"(20.7, 24.0)"
1769531195.057,269,4,"(-1.86, 24.0)"
1769531195.068,269,4,"(-1.37, 24.0)"
1769531195.078,269,4,"(4.25, 22.0)"
1769531195.088,269,4,"(-10.41, 24.0)"
1769531195.098,269,4,"(-0.53, 24.0)"
1769531195.108,269,4,"(9.4, 24.0)"
1769531195.119,269,4,"(26.46, 22.0)"
1769531195.129,269,4,"(7.36, 20.0)"
1769531195.139,269,4,"(4.24, 20.0)"
1769531195.151,269,4,"(4.22, 22.0)"
1769531195.161,269,4,"(-2.55, 22.0)"
1769531195.172,269,4,"(16.66, 22.0)"
1769531195.184,269,4,"(7.59, 20.0)"
1769531195.194,269,4,"(2.57, 20.0)"
1769531195.205,269,4,"(3.29, 20.0)"
1769531195.215,269,4,"(10.63, 20.0)"
1769531195.226,269,4,"(8.93, 20.0)"
1769531195.236,269,4,"(12.07, 20.0)"
1769531195.247,269,4,"(0.93, 20.0)"
1769531195.257,269,4,"(-4.49, 20.0)"
1769531195.268,269,4,"(-19.43, 20.0)"
1769531195.278,269,4,"(5.69, 20.0)"
1769531195.288,269,4,"(5.12, 20.0)"
1769531195.299,269,4,"(-3.31, 18.0)"
1769531195.310,269,4,"(-1.11, 18.0)"
1769531195.321,269,4,"(-4.4, 20.0)"
1769531195.332,269,4,"(-14.74, 20.0)"
1769531195.342,269,4,"(-14.64, 20.0)"
1769531195.353,269,4,"(22.99, 20.0)"
1769531195.363,269,4,"(15.07, 20.0)"
1769531195.373,269,4,"(-6.95, 20.0)"
1769531195.383,269,4,"(-7.54, 18.0)"
1769531195.394,269,4,"(14.9, 18.0)"
1769531195.405,269,4,"(20.71, 18.0)"
1769531195.415,269,4,"(3.09, 16.0)"
1769531195.426,269,4,"(-5.59, 16.0)"
1769531195.437,269,4,"(10.63, 16.0)"
1769531195.447,269,4,"(9.94, 16.0)"
1769531195.458,269,4,"(-5.64, 16.0)"
1769531195.468,269,4,"(5.5, 16.0)"
1769531195.479,269,4,"(0.88, 16.0)"
1769531195.489,269,4,"(-6.09, 16.0)"
1769531195.501,269,4,"(9.94, 16.0)"
1769531195.511,269,4,"(10.3, 16.0)"
1769531195.522,269,4,"(3.83, 16.0)"
1769531195.534,269,4,"(-14.35, 16.0)"
1769531195.544,269,4,"(-7.91, 16.0)"
1769531195.555,269,4,"(3.79, 16.0)"
1769531195.565,269,4,"(5.74, 16.0)"
1769531195.576,269,4,"(-7.52, 14.0)"
1769531195.587,269,4,"(-16.17, 14.0)"
1769531195.598,269,4,"(-1.51, 14.0)"
1769531195.608,269,4,"(-6.16, 14.0)"
1769531195.618,269,4,"(6.63, 14.0)"
1769531195.629,269,4,"(1.01, 14.0)"
1769531195.639,269,4,"(-9.13, 12.0)"
1769531195.649,269,4,"(-1.14, 12.0)"
1769531305.425,190,1,"(0.53, 0.0)"
1769531305.435,190,1,"(-1.18, 0.0)"
1769531305.446,190,1,"(-0.9, 0.0)"
1769531305.456,190,1,"(0.73, 0.0)"
1769531305.466,190,1,"(-2.22, 0.0)"
1769531305.477,190,1,"(-0.72, 0.0)"
1769531305.489,190,1,"(0.89, 0.0)"
1769531305.500,190,1,"(2.52, 0.0)"
1769531305.510,190,1,"(-2.6, 0.0)"
1769531305.521,190,1,"(0.31, 0.0)"
1769531305.531,190,1,"(2.14, 0.0)"
1769531305.541,190,1,"(2.0, 0.0)"
1769531305.551,190,1,"(-1.49, 0.0)"
1769531305.563,190,1,"(1.09, 0.0)"
1769531305.573,190,1,"(0.73, 0.0)"
1769531305.583,190,1,"(1.23, 0.0)"
1769531305.594,190,1,"(-0.02, 0.0)"
1769531305.605,190,1,"(-1.38, 0.0)"
1769531305.616,190,1,"(-0.91, 0.0)"
1769531305.626,190,1,"(-1.44, 0.0)"
1769531305.637,190,1,"(0.24, 0.0)"
1769531305.648,190,1,"(-5.01, 0.0)"
1769531305.658,190,1,"(1.82, 0.0)"
1769531305.668,190,1,"(0.14, 0.0)"
1769531305.679,190,1,"(0.54, 0.0)"
1769531305.690,190,1,"(-0.94, 0.0)"
1769531305.700,190,1,"(0.09, 0.0)"
1769531305.711,190,1,"(-2.07, 0.0)"
1769531305.721,190,1,"(-0.58, 0.0)"
1769531305.732,190,1,"(-1.11, 0.0)"
1769531305.743,190,1,"(0.31, 0.0)"
1769531305.753,190,1,"(-0.31, 0.0)"
1769531305.764,190,1,"(0.85, 0.0)"
1769531305.775,190,1,"(-1.05, 0.0)"
1769531305.785,190,1,"(0.89, 0.0)"
1769531305.796,190,1,"(2.47, 0.0)"
1769531305.806,190,1,"(1.12, 0.0)"
1769531305.817,190,1,"(-0.62, 0.0)"
1769531305.827,190,1,"(-2.38, 0.0)"
1769531305.838,190,1,"(0.29, 0.0)"
1769531305.850,190,1,"(1.23, 0.0)"
1769531305.860,190,1,"(1.76, 0.0)"
1769531305.871,190,1,"(0.47, 0.0)"
1769531305.881,190,1,"(3.03, 0.0)"
1769531305.892,190,1,"(1.15, 0.0)"
1769531305.903,190,1,"(0.36, 0.0)"
1769531305.914,190,1,"(-1.57, 0.0)"
1769531305.925,190,1,"(1.14, 0.0)"
1769531305.935,190,1,"(0.68, 0.0)"
1769531305.945,190,1,"(-0.28, 0.0)"
1769531305.955,190,1,"(-3.9, 0.0)"
1769531305.966,190,1,"(-1.09, 0.0)"
1769531305.976,190,1,"(1.51, 0.0)"
1769531305.987,190,1,"(-1.15, 0.0)"
1769531305.997,190,1,"(-0.5, 0.0)"
1769531306.008,190,1,"(-1.52, 0.0)"
1769531306.018,190,1,"(-2.16, 0.0)"
1769531306.028,190,1,"(-1.64, 0.0)"
1769531306.039,190,1,"(-0.62, 0.0)"
1769531306.050,190,1,"(-0.83, 0.0)"
1769531306.062,190,1,"(0.65, 0.0)"
1769531306.075,190,1,"(0.28, 0.0)"
1769531306.085,190,1,"(-1.6, 0.0)"
1769531306.096,190,1,"(1.72, 0.0)"
1769531306.108,190,1,"(1.44, 0.0)"
1769531306.119,190,1,"(1.15, 0.0)"
1769531306.129,190,1,"(-2.93, 0.0)"
1769531306.139,190,1,"(1.37, 0.0)"
1769531306.150,190,1,"(-1.01, 0.0)"
1769531306.160,190,1,"(1.85, 0.0)"
1769531306.171,190,1,"(-3.61, 0.0)"
1769531306.181,190,1,"(-0.78, 0.0)"
1769531306.191,190,1,"(-0.01, 0.0)"
1769531306.202,190,1,"(0.28, 0.0)"
1769531306.212,190,1,"(-2.64, 0.0)"
1769531306.224,190,1,"(0.66, 0.0)"
1769531306.234,190,1,"(-2.32, 0.0)"
1769531306.244,190,1,"(1.65, 0.0)"
1769531306.255,190,1,"(1.46, 0.0)"
1769531306.265,190,1,"(-0.21, 0.0)"
1769531306.275,190,1,"(1.07, 0.0)"
1769531306.285,190,1,"(-0.01, 0.0)"
1769531306.296,190,1,"(0.23, 0.0)"
1769531306.306,190,1,"(1.22, 0.0)"
1769531306.316,190,1,"(-0.22, 0.0)"
1769531306.328,190,1,"(0.01, 0.0)"
1769531306.339,190,1,"(-2.36, 0.0)"
1769531306.350,190,1,"(-3.34, 0.0)"
1769531306.361,190,1,"(-2.4, 0.0)"
1769531306.371,190,1,"(-1.56, 0.0)"
1769531306.382,190,1,"(-0.39, 0.0)"
1769531306.392,190,1,"(-0.94, 0.0)"
1769531306.402,190,1,"(-0.46, 0.0)"
1769531306.414,190,1,"(-1.12, 0.0)"
1769531306.425,190,1,"(-1.81, 0.0)"
1769531306.435,190,1,"(0.55, 0.0)"
1769531306.446,190,1,"(-1.45, 0.0)"
1769531306.457,190,1,"(-1.55, 0.0)"
1769531306.468,190,1,"(-0.62, 0.0)"
1769531306.478,190,1,"(1.98, 0.0)"
1769531306.490,190,1,"(-1.61, 0.0)"
1769531306.500,190,1,"(1.11, 0.0)"
1769531306.510,190,1,"(-0.79, 0.0)"
1769531306.521,190,1,"(1.35, 0.0)"
1769531306.531,190,1,"(0.9, 0.0)"
1769531306.541,190,1,"(1.12, 0.0)"
1769531306.552,190,1,"(-0.13, 0.0)"
1769531306.562,190,1,"(-0.25, 0.0)"
1769531306.573,190,1,"(1.03, 0.0)"
1769531306.583,190,1,"(-1.2, 0.0)"
1769531306.593,190,1,"(-2.11, 0.0)"
1769531306.607,190,1,"(-0.87, 0.0)"
1769531306.617,190,1,"(-0.06, 0.0)"
1769531306.627,190,1,"(-1.22, 0.0)"
1769531306.637,190,1,"(-2.08, 0.0)"
1769531306.647,190,1,"(-2.61, 0.0)"
1769531306.658,190,1,"(-0.03, 0.0)"
1769531306.669,190,1,"(-0.83, 0.0)"
1769531306.680,190,1,"(1.22, 0.0)"
1769531306.691,190,1,"(-0.91, 0.0)"
1769531306.702,190,1,"(0.18, 0.0)"
1769531306.713,190,1,"(-1.23, 0.0)"
1769531306.724,190,1,"(1.32, 0.0)"
1769531306.734,190,1,"(-1.0, 0.0)"
1769531306.744,190,1,"(-0.31, 0.0)"
1769531306.754,190,1,"(0.68, 0.0)"
1769531306.765,190,1,"(2.02, 0.0)"
1769531306.775,190,1,"(2.43, 0.0)"
1769531306.785,190,1,"(1.16, 0.0)"
1769531306.796,190,1,"(-0.75, 0.0)"
1769531306.808,190,1,"(-0.97, 0.0)"
1769531306.818,190,1,"(2.11, 0.0)"
1769531306.828,190,1,"(-0.76, 0.0)"
1769531306.839,190,1,"(1.52, 0.0)"
1769531306.850,190,1,"(0.59, 0.0)"
1769531306.860,190,1,"(0.47, 0.0)"
1769531306.871,190,1,"(-0.35, 0.0)"
1769531306.882,190,1,"(1.63, 0.0)"
1769531306.892,190,1,"(0.54, 0.0)"
1769531306.903,190,1,"(0.88, 0.0)"
1769531306.914,190,1,"(0.28, 0.0)"
1769531306.925,190,1,"(-0.66, 0.0)"
1769531306.935,190,1,"(-0.87, 0.0)"
1769531306.946,190,1,"(-0.2, 0.0)"
1769531306.957,190,1,"(-1.8, 0.0)"
1769531306.968,190,1,"(-2.87, 0.0)"
1769531306.978,190,1,"(0.57, 0.0)"
1769531306.989,190,1,"(-1.49, 0.0)"
1769531307.000,190,1,"(-0.3, 0.0)"
1769531307.010,190,1,"(1.16, 0.0)"
1769531307.020,190,1,"(0.83, 0.0)"
1769531307.031,190,1,"(-2.0, 0.0)"
1769531307.042,190,1,"(-0.63, 0.0)"
1769531307.052,190,1,"(1.61, 0.0)"
1769531307.063,190,1,"(3.76, 0.0)"
1769531307.074,190,1,"(1.17, 0.0)"
1769531307.084,190,1,"(0.44, 0.0)"
1769531307.094,190,1,"(-0.15, 0.0)"
1769531307.104,190,1,"(1.64, 0.0)"
1769531307.114,190,1,"(1.13, 0.0)"
1769531307.125,190,1,"(0.42, 0.0)"
1769531307.135,190,1,"(-2.22, 0.0)"
1769531307.146,190,1,"(-2.62, 0.0)"
1769531307.157,190,1,"(0.38, 0.0)"
1769531307.168,190,1,"(1.38, 0.0)"
1769531307.179,190,1,"(0.51, 0.0)"
1769531307.189,190,1,"(0.61, 0.0)"
1769531307.199,190,1,"(0.29, 0.0)"
1769531307.210,190,1,"(-1.92, 0.0)"
1769531307.222,190,1,"(-2.08, 0.0)"
1769531307.234,190,1,"(-1.53, 0.0)"
1769531307.244,190,1,"(-2.0, 0.0)"
1769531307.256,190,1,"(1.0, 0.0)"
1769531307.266,190,1,"(-0.14, 0.0)"
1769531307.276,190,1,"(-0.05, 0.0)"
1769531307.287,190,1,"(-1.12, 0.0)"
1769531307.298,190,1,"(-0.22, 0.0)"
1769531307.308,190,1,"(-0.76, 0.0)"
1769531307.319,190,1,"(0.19, 0.0)"
1769531307.329,190,1,"(-2.54, 0.0)"
1769531307.340,190,1,"(0.48, 0.0)"
1769531307.351,190,1,"(0.97, 0.0)"
1769531307.361,190,1,"(1.76, 0.0)"
1769531307.371,190,1,"(1.41, 0.0)"
1769531307.383,190,1,"(2.01, 0.0)"
1769531307.393,190,1,"(-0.23, 0.0)"
1769531307.404,190,1,"(0.45, 0.0)"
1769531307.414,190,1,"(-1.2, 0.0)"
1769531307.424,190,1,"(1.02, 0.0)"
1769531307.435,190,1,"(-0.96, 0.0)"
1769531307.445,190,1,"(-2.22, 0.0)"
1769531307.455,190,1,"(-0.66, 0.0)"
1769531307.465,190,1,"(-3.18, 0.0)"
1769531307.476,190,1,"(0.31, 0.0)"
1769531307.487,190,1,"(-1.73, 0.0)"
1769531307.498,190,1,"(0.59, 0.0)"
1769531307.508,190,1,"(1.43, 0.0)"
1769531307.518,190,1,"(-0.87, 0.0)"
1769531307.528,190,1,"(-0.91, 0.0)"
1769531307.540,190,1,"(-0.89, 0.0)"
1769531307.550,190,1,"(-2.3, 0.0)"
1769531307.560,190,1,"(1.08, 0.0)"
1769531307.571,190,1,"(-0.08, 0.0)"
1769531307.582,190,1,"(1.44, 0.0)"
1769531307.592,190,1,"(-0.84, 0.0)"
1769531307.602,190,1,"(-0.28, 0.0)"
1769531307.612,190,1,"(-2.09, 0.0)"
1769531307.623,190,1,"(3.02, 0.0)"
1769531307.633,190,1,"(2.91, 0.0)"
1769531307.644,190,1,"(-0.73, 0.0)"
1769531307.656,190,1,"(-1.54, 2.0)"
1769531307.668,190,1,"(-1.41, 2.0)"
1769531307.678,190,1,"(1.98, 2.0)"
1769531307.689,190,1,"(-2.16, 2.0)"
1769531307.699,190,1,"(0.93, 2.0)"
1769531307.710,190,1,"(-0.24, 0.0)"
1769531307.720,190,1,"(0.79, 0.0)"
1769531307.731,190,1,"(0.59, 0.0)"
1769531307.742,190,1,"(1.17, 0.0)"
1769531307.752,190,1,"(2.33, 0.0)"
1769531307.762,190,1,"(1.13, 0.0)"
1769531307.773,190,1,"(0.38, 0.0)"
1769531307.784,190,1,"(0.1, 0.0)"
1769531307.794,190,1,"(1.09, 0.0)"
1769531307.805,190,1,"(4.34, 0.0)"
1769531307.815,190,1,"(2.33, 0.0)"
1769531307.825,190,1,"(-0.37, 0.0)"
1769531307.836,190,1,"(-0.31, 0.0)"
1769531307.846,190,1,"(0.9, 0.0)"
1769531307.857,190,1,"(0.07, 0.0)"
1769531307.867,190,1,"(1.33, 0.0)"
1769531307.878,190,1,"(3.29, 0.0)"
1769531307.890,190,1,"(1.84, 0.0)"
1769531307.900,190,1,"(3.4, 0.0)"
1769531307.911,190,1,"(-1.87, 0.0)"
1769531307.922,190,1,"(-3.55, 0.0)"
1769531307.932,190,1,"(-3.0, 0.0)"
1769531307.943,190,1,"(1.64, 0.0)"
1769531307.954,190,1,"(0.94, 0.0)"
1769531307.964,190,1,"(2.1, 0.0)"
1769531307.975,190,1,"(2.79, 2.0)"
1769531307.985,190,1,"(1.69, 2.0)"
1769531307.996,190,1,"(2.13, 2.0)"
1769531308.008,190,1,"(-0.59, 2.0)"
1769531308.019,190,1,"(-1.97, 2.0)"
1769531308.030,190,1,"(-0.62, 2.0)"
1769531308.041,190,1,"(-0.1, 2.0)"
1769531308.050,190,1,"(-1.58, 2.0)"
1769531308.061,190,1,"(0.52, 0.0)"
1769531308.073,190,1,"(0.1, 0.0)"
1769531308.083,190,1,"(-1.98, 0.0)"
1769531308.094,190,1,"(0.33, 0.0)"
1769531308.104,190,1,"(-0.69, 0.0)"
1769531308.114,190,1,"(-0.9, 0.0)"
1769531308.124,190,1,"(-0.87, 0.0)"
1769531308.135,190,1,"(0.01, 0.0)"
1769531308.145,190,1,"(1.04, 0.0)"
1769531308.155,190,1,"(-2.95, 0.0)"
1769531308.166,190,1,"(-3.14, 0.0)"
1769531308.176,190,1,"(0.42, 0.0)"
1769531308.187,190,1,"(0.95, 0.0)"
1769531308.198,190,1,"(-2.0, 0.0)"
1769531308.208,190,1,"(-2.07, 0.0)"
1769531308.218,190,1,"(-1.05, 0.0)"
1769531308.228,190,1,"(0.46, 0.0)"
1769531308.239,190,1,"(0.22, 0.0)"
1769531308.250,190,1,"(1.46, 0.0)"
1769531308.260,190,1,"(1.33, 0.0)"
1769531308.271,190,1,"(1.49, 0.0)"
1769531308.282,190,1,"(1.75, 0.0)"
1769531308.292,190,1,"(-0.7, 0.0)"
1769531308.303,190,1,"(0.66, 0.0)"
1769531308.314,190,1,"(-3.0, 0.0)"
1769531308.326,190,1,"(-0.94, 0.0)"
1769531308.337,190,1,"(-1.18, 0.0)"
1769531308.348,190,1,"(-0.46, 0.0)"
1769531308.359,190,1,"(0.52, 0.0)"
1769531308.369,190,1,"(2.65, 0.0)"
1769531308.379,190,1,"(2.73, 0.0)"
1769531308.389,190,1,"(-2.62, 2.0)"
1769531308.400,190,1,"(-2.24, 2.0)"
1769531308.411,190,1,"(-1.06, 2.0)"
1769531308.421,190,1,"(-0.71, 2.0)"
1769531310.632,190,2,"(-23.53, 30.0)"
1769531310.641,190,2,"(-11.88, 28.0)"
1769531310.652,190,2,"(9.11, 26.0)"
1769531310.663,190,2,"(4.66, 26.0)"
1769531310.673,190,2,"(-19.04, 26.0)"
1769531310.684,190,2,"(77.02, 30.0)"
1769531310.695,190,2,"(61.62, 32.0)"
1769531310.705,190,2,"(25.87, 32.0)"
1769531310.715,190,2,"(31.84, 32.0)"
1769531310.725,190,2,"(64.91, 36.0)"
1769531310.737,190,2,"(25.85, 40.0)"
1769531310.748,190,2,"(13.02, 42.0)"
1769531310.758,190,2,"(-35.43, 42.0)"
1769531310.769,190,2,"(-67.8, 44.0)"
1769531310.780,190,2,"(-47.14, 46.0)"
1769531310.791,190,2,"(-50.38, 48.0)"
1769531310.802,190,2,"(37.59, 48.0)"
1769531310.812,190,2,"(-2.24, 48.0)"
1769531310.822,190,2,"(9.49, 48.0)"
1769531310.833,190,2,"(11.11, 48.0)"
1769531310.843,190,2,"(1.15, 46.0)"
1769531310.853,190,2,"(-29.72, 48.0)"
1769531310.864,190,2,"(14.25, 50.0)"
1769531310.875,190,2,"(-44.33, 50.0)"
1769531310.885,190,2,"(-30.16, 52.0)"
1769531310.897,190,2,"(11.96, 50.0)"
1769531310.906,190,2,"(2.0, 50.0)"
1769531310.917,190,2,"(-1.03, 50.0)"
1769531310.927,190,2,"(10.45, 50.0)"
1769531310.939,190,2,"(7.53, 46.0)"
1769531310.949,190,2,"(-24.77, 44.0)"
1769531310.959,190,2,"(-60.84, 44.0)"
1769531310.969,190,2,"(16.33, 46.0)"
1769531310.980,190,2,"(-26.27, 44.0)"
1769531310.991,190,2,"(3.1, 42.0)"
1769531311.001,190,2,"(43.08, 40.0)"
1769531311.013,190,2,"(-12.68, 40.0)"
1769531311.023,190,2,"(19.9, 40.0)"
1769531311.033,190,2,"(12.95, 38.0)"
1769531311.045,190,2,"(-16.43, 36.0)"
1769531311.055,190,2,"(-28.67, 34.0)"
1769531311.066,190,2,"(-0.21, 34.0)"
1769531311.078,190,2,"(-23.18, 34.0)"
1769531311.088,190,2,"(5.48, 34.0)"
1769531311.098,190,2,"(46.63, 36.0)"
1769531311.108,190,2,"(18.08, 36.0)"
1769531311.120,190,2,"(27.86, 36.0)"
1769531311.130,190,2,"(-5.16, 36.0)"
1769531311.140,190,2,"(1.63, 34.0)"
1769531311.150,190,2,"(18.11, 36.0)"
1769531311.162,190,2,"(0.88, 36.0)"
1769531311.172,190,2,"(-6.73, 36.0)"
1769531311.183,190,2,"(-42.61, 40.0)"
1769531311.195,190,2,"(-5.16, 40.0)"
1769531311.205,190,2,"(-20.86, 40.0)"
1769531311.215,190,2,"(56.61, 42.0)"
1769531311.226,190,2,"(25.3, 40.0)"
1769531311.237,190,2,"(-11.1, 40.0)"
1769531311.248,190,2,"(2.39, 40.0)"
1769531311.259,190,2,"(17.78, 40.0)"
1769531311.269,190,2,"(-31.02, 38.0)"
1769531311.280,190,2,"(-3.21, 38.0)"
1769531311.290,190,2,"(-20.81, 38.0)"
1769531311.300,190,2,"(-36.86, 40.0)"
1769531311.311,190,2,"(5.05, 40.0)"
1769531311.321,190,2,"(-52.3, 42.0)"
1769531311.331,190,2,"(-2.02, 42.0)"
1769531311.342,190,2,"(-37.73, 44.0)"
1769531311.352,190,2,"(2.15, 44.0)"
1769531311.363,190,2,"(-22.56, 44.0)"
1769531311.373,190,2,"(0.51, 40.0)"
1769531311.384,190,2,"(34.71, 40.0)"
1769531311.394,190,2,"(9.28, 42.0)"
1769531311.405,190,2,"(7.16, 42.0)"
1769531311.415,190,2,"(-11.04, 42.0)"
1769531311.426,190,2,"(-6.11, 42.0)"
1769531311.437,190,2,"(0.03, 40.0)"
1769531311.447,190,2,"(24.53, 38.0)"
1769531311.457,190,2,"(-36.51, 40.0)"
1769531311.468,190,2,"(-32.09, 38.0)"
1769531311.479,190,2,"(1.61, 38.0)"
1769531311.489,190,2,"(27.44, 34.0)"
1769531311.499,190,2,"(-12.1, 36.0)"
1769531311.509,190,2,"(-20.94, 36.0)"
1769531311.520,190,2,"(-6.28, 36.0)"
1769531311.530,190,2,"(-22.14, 36.0)"
1769531311.540,190,2,"(-25.83, 36.0)"
1769531311.551,190,2,"(-15.94, 36.0)"
1769531311.561,190,2,"(-8.82, 34.0)"
1769531311.571,190,2,"(7.08, 32.0)"
1769531311.582,190,2,"(-10.12, 30.0)"
1769531311.593,190,2,"(-18.4, 30.0)"
1769531311.603,190,2,"(-28.76, 30.0)"
1769531311.614,190,2,"(-1.56, 28.0)"
1769531311.625,190,2,"(7.54, 28.0)"
1769531311.635,190,2,"(15.62, 30.0)"
1769531311.645,190,2,"(23.53, 28.0)"
1769531311.656,190,2,"(13.29, 28.0)"
1769531311.666,190,2,"(-14.88, 28.0)"
1769531311.676,190,2,"(-15.07, 28.0)"
1769531311.686,190,2,"(-2.41, 28.0)"
1769531311.698,190,2,"(-27.3, 28.0)"
1769531311.708,190,2,"(27.14, 28.0)"
1769531311.718,190,2,"(3.39, 28.0)"
1769531311.728,190,2,"(0.74, 28.0)"
1769531311.740,190,2,"(-0.55, 28.0)"
1769531311.750,190,2,"(-11.08, 26.0)"
1769531311.761,190,2,"(-2.69, 26.0)"
1769531311.773,190,2,"(-34.62, 26.0)"
1769531311.785,190,2,"(-20.44, 28.0)"
1769531311.795,190,2,"(-22.87, 28.0)"
1769531311.806,190,2,"(38.14, 28.0)"
1769531311.817,190,2,"(-35.95, 30.0)"
1769531311.827,190,2,"(28.45, 30.0)"
1769531311.838,190,2,"(7.93, 32.0)"
1769531311.850,190,2,"(-0.08, 32.0)"
1769531311.861,190,2,"(18.8, 32.0)"
1769531311.872,190,2,"(-24.87, 32.0)"
1769531311.882,190,2,"(2.6, 32.0)"
1769531311.893,190,2,"(-13.51, 32.0)"
1769531311.903,190,2,"(5.53, 34.0)"
1769531311.914,190,2,"(-17.87, 34.0)"
1769531311.925,190,2,"(11.96, 34.0)"
1769531311.935,190,2,"(8.36, 34.0)"
1769531311.945,190,2,"(28.19, 34.0)"
1769531311.955,190,2,"(32.14, 36.0)"
1769531311.965,190,2,"(-10.11, 34.0)"
1769531311.976,190,2,"(29.11, 34.0)"
1769531311.987,190,2,"(-4.65, 36.0)"
1769531311.997,190,2,"(-25.96, 38.0)"
1769531312.007,190,2,"(-18.15, 38.0)"
1769531312.018,190,2,"(5.64, 38.0)"
1769531312.029,190,2,"(32.36, 36.0)"
1769531312.039,190,2,"(-22.48, 38.0)"
1769531312.049,190,2,"(-3.2, 38.0)"
1769531312.060,190,2,"(-4.65, 36.0)"
1769531312.070,190,2,"(-5.48, 34.0)"
1769531312.081,190,2,"(13.74, 32.0)"
1769531312.093,190,2,"(-9.71, 32.0)"
1769531312.103,190,2,"(-20.05, 32.0)"
1769531312.114,190,2,"(13.48, 32.0)"
1769531312.124,190,2,"(-12.05, 32.0)"
1769531312.134,190,2,"(-23.41, 34.0)"
1769531312.144,190,2,"(-49.85, 34.0)"
1769531312.155,190,2,"(-11.78, 34.0)"
1769531312.165,190,2,"(25.52, 32.0)"
1769531312.176,190,2,"(-29.34, 32.0)"
1769531312.186,190,2,"(-2.45, 32.0)"
1769531312.197,190,2,"(6.63, 32.0)"
1769531312.208,190,2,"(36.19, 34.0)"
1769531312.218,190,2,"(22.19, 32.0)"
1769531312.228,190,2,"(31.13, 34.0)"
1769531312.239,190,2,"(28.68, 32.0)"
1769531312.250,190,2,"(23.36, 32.0)"
1769531312.260,190,2,"(-1.08, 32.0)"
1769531312.271,190,2,"(-10.47, 32.0)"
1769531312.281,190,2,"(19.74, 32.0)"
1769531312.291,190,2,"(39.83, 32.0)"
1769531312.302,190,2,"(25.0, 32.0)"
1769531312.313,190,2,"(-14.56, 32.0)"
1769531312.323,190,2,"(-41.25, 34.0)"
1769531312.333,190,2,"(-17.55, 34.0)"
1769531312.345,190,2,"(-3.46, 34.0)"
1769531312.355,190,2,"(10.32, 34.0)"
1769531312.365,190,2,"(0.3, 34.0)"
1769531312.377,190,2,"(11.62, 34.0)"
1769531312.389,190,2,"(3.02, 32.0)"
1769531312.400,190,2,"(23.23, 30.0)"
1769531312.411,190,2,"(-9.42, 30.0)"
1769531312.421,190,2,"(-9.88, 30.0)"
1769531312.432,190,2,"(-1.73, 30.0)"
1769531312.442,190,2,"(13.35, 30.0)"
1769531312.453,190,2,"(-12.81, 28.0)"
1769531312.463,190,2,"(-4.46, 28.0)"
1769531312.475,190,2,"(-20.13, 30.0)"
1769531312.485,190,2,"(8.8, 30.0)"
1769531312.496,190,2,"(15.07, 30.0)"
1769531312.506,190,2,"(23.02, 30.0)"
1769531312.517,190,2,"(41.44, 30.0)"
1769531312.528,190,2,"(33.32, 32.0)"
1769531312.539,190,2,"(19.01, 32.0)"
1769531312.549,190,2,"(28.96, 32.0)"
1769531312.560,190,2,"(3.47, 32.0)"
1769531312.571,190,2,"(-27.54, 32.0)"
1769531312.582,190,2,"(-10.18, 30.0)"
1769531312.592,190,2,"(-18.68, 30.0)"
1769531312.603,190,2,"(-14.1, 32.0)"
1769531312.614,190,2,"(-3.36, 30.0)"
1769531312.625,190,2,"(0.31, 30.0)"
1769531312.635,190,2,"(19.01, 30.0)"
1769531312.646,190,2,"(5.72, 30.0)"
1769531312.656,190,2,"(-10.88, 30.0)"
1769531312.666,190,2,"(19.95, 28.0)"
1769531312.677,190,2,"(21.7, 28.0)"
1769531312.689,190,2,"(0.88, 30.0)"
1769531312.699,190,2,"(-34.38, 30.0)"
1769531312.710,190,2,"(-13.61, 30.0)"
1769531312.720,190,2,"(-23.04, 32.0)"
1769531312.731,190,2,"(23.29, 32.0)"
1769531312.743,190,2,"(23.36, 32.0)"
1769531312.753,190,2,"(16.59, 32.0)"
1769531312.764,190,2,"(23.0, 32.0)"
1769531312.775,190,2,"(17.67, 30.0)"
1769531312.785,190,2,"(-5.46, 30.0)"
1769531312.795,190,2,"(-7.27, 28.0)"
1769531312.806,190,2,"(-8.38, 26.0)"
1769531312.817,190,2,"(8.85, 26.0)"
1769531312.827,190,2,"(-10.46, 26.0)"
1769531312.838,190,2,"(35.49, 26.0)"
1769531312.848,190,2,"(33.66, 28.0)"
1769531312.859,190,2,"(37.08, 30.0)"
1769531312.869,190,2,"(31.24, 32.0)"
1769531312.880,190,2,"(0.86, 32.0)"
1769531312.891,190,2,"(6.11, 32.0)"
1769531312.902,190,2,"(18.58, 32.0)"
1769531312.912,190,2,"(4.92, 32.0)"
1769531312.923,190,2,"(1.17, 32.0)"
1769531312.933,190,2,"(6.35, 32.0)"
1769531312.943,190,2,"(-5.8, 30.0)"
1769531312.955,190,2,"(-36.19, 32.0)"
1769531312.965,190,2,"(-20.93, 32.0)"
1769531312.975,190,2,"(-8.75, 30.0)"
1769531312.985,190,2,"(17.4, 28.0)"
1769531312.996,190,2,"(22.46, 28.0)"
1769531313.006,190,2,"(20.28, 28.0)"
1769531313.016,190,2,"(21.68, 28.0)"
1769531313.027,190,2,"(-3.71, 28.0)"
1769531313.039,190,2,"(-2.24, 28.0)"
1769531313.050,190,2,"(-7.86, 28.0)"
1769531313.060,190,2,"(11.61, 28.0)"
1769531313.071,190,2,"(-7.71, 28.0)"
1769531313.081,190,2,"(-8.64, 28.0)"
1769531313.091,190,2,"(-19.96, 28.0)"
1769531313.102,190,2,"(-1.18, 26.0)"
1769531313.112,190,2,"(13.47, 26.0)"
1769531313.123,190,2,"(11.61, 24.0)"
1769531313.133,190,2,"(-14.9, 22.0)"
1769531313.144,190,2,"(-13.64, 24.0)"
1769531313.154,190,2,"(-11.59, 24.0)"
1769531313.165,190,2,"(3.18, 24.0)"
1769531313.175,190,2,"(2.8, 24.0)"
1769531313.185,190,2,"(-8.97, 26.0)"
1769531313.195,190,2,"(-21.89, 26.0)"
1769531313.206,190,2,"(0.56, 26.0)"
1769531313.217,190,2,"(21.85, 24.0)"
1769531313.228,190,2,"(35.51, 24.0)"
1769531313.239,190,2,"(-10.9, 26.0)"
1769531313.249,190,2,"(-16.05, 26.0)"
1769531313.260,190,2,"(20.27, 24.0)"
1769531313.271,190,2,"(34.94, 26.0)"
1769531313.281,190,2,"(15.42, 26.0)"
1769531313.292,190,2,"(-7.79, 26.0)"
1769531313.302,190,2,"(-6.31, 26.0)"
1769531313.312,190,2,"(8.02, 26.0)"
1769531313.323,190,2,"(-31.94, 26.0)"
1769531313.334,190,2,"(-6.11, 26.0)"
1769531313.345,190,2,"(17.77, 26.0)"
1769531313.357,190,2,"(5.35, 26.0)"
1769531313.367,190,2,"(-1.63, 26.0)"
1769531313.378,190,2,"(18.65, 26.0)"
1769531313.389,190,2,"(5.91, 28.0)"
1769531313.399,190,2,"(13.18, 26.0)"
1769531313.410,190,2,"(-10.76, 26.0)"
1769531313.421,190,2,"(-14.32, 26.0)"
1769531313.432,190,2,"(-15.15, 26.0)"
1769531313.442,190,2,"(-4.84, 26.0)"
1769531313.452,190,2,"(-6.33, 24.0)"
1769531313.462,190,2,"(-4.58, 24.0)"
1769531313.474,190,2,"(7.13, 24.0)"
1769531313.484,190,2,"(-2.44, 24.0)"
1769531313.494,190,2,"(19.69, 24.0)"
1769531313.505,190,2,"(25.81, 24.0)"
1769531313.515,190,2,"(17.31, 24.0)"
1769531313.526,190,2,"(-16.51, 24.0)"
1769531313.537,190,2,"(-12.91, 22.0)"
1769531313.548,190,2,"(-11.62, 22.0)"
1769531313.559,190,2,"(7.98, 24.0)"
1769531313.569,190,2,"(18.93, 24.0)"
1769531313.579,190,2,"(-1.5, 24.0)"
1769531313.590,190,2,"(-11.67, 22.0)"
1769531313.601,190,2,"(-8.21, 22.0)"
1769531313.612,190,2,"(-4.39, 20.0)"
1769531313.622,190,2,"(-14.95, 20.0)"
1769531313.633,190,2,"(-29.43, 22.0)"
1769531316.527,190,3,"(-0.65, 0.0)"
1769531316.537,190,3,"(-0.18, 0.0)"
1769531316.547,190,3,"(-1.59, 0.0)"
1769531316.558,190,3,"(2.64, 0.0)"
1769531316.570,190,3,"(0.27, 0.0)"
1769531316.580,190,3,"(-2.75, 0.0)"
1769531316.591,190,3,"(-2.49, 0.0)"
1769531316.602,190,3,"(2.01, 0.0)"
1769531316.612,190,3,"(2.69, 0.0)"
1769531316.623,190,3,"(-1.72, 0.0)"
1769531316.633,190,3,"(-2.74, 0.0)"
1769531316.643,190,3,"(2.39, 0.0)"
1769531316.653,190,3,"(0.37, 2.0)"
1769531316.664,190,3,"(2.43, 2.0)"
1769531316.674,190,3,"(2.52, 0.0)"
1769531316.685,190,3,"(0.77, 2.0)"
1769531316.696,190,3,"(2.89, 2.0)"
1769531316.706,190,3,"(2.03, 2.0)"
1769531316.717,190,3,"(2.4, 2.0)"
1769531316.727,190,3,"(-0.9, 2.0)"
1769531316.739,190,3,"(-2.15, 2.0)"
1769531316.749,190,3,"(0.79, 2.0)"
1769531316.761,190,3,"(0.28, 2.0)"
1769531316.771,190,3,"(1.5, 2.0)"
1769531316.782,190,3,"(-2.19, 2.0)"
1769531316.793,190,3,"(-1.61, 2.0)"
1769531316.803,190,3,"(1.76, 2.0)"
1769531316.814,190,3,"(2.72, 2.0)"
1769531316.825,190,3,"(1.4, 2.0)"
1769531316.836,190,3,"(-2.03, 2.0)"
1769531316.846,190,3,"(-1.27, 2.0)"
1769531316.856,190,3,"(-0.18, 2.0)"
1769531316.866,190,3,"(-0.41, 2.0)"
1769531316.877,190,3,"(1.31, 2.0)"
1769531316.888,190,3,"(-0.95, 2.0)"
1769531316.898,190,3,"(-0.17, 2.0)"
1769531316.910,190,3,"(-0.28, 2.0)"
1769531316.921,190,3,"(-1.23, 2.0)"
1769531316.932,190,3,"(-0.28, 0.0)"
1769531316.943,190,3,"(0.0, 0.0)"
1769531316.953,190,3,"(0.54, 0.0)"
1769531316.963,190,3,"(-1.19, 0.0)"
1769531316.973,190,3,"(-2.03, 0.0)"
1769531316.984,190,3,"(-1.93, 0.0)"
1769531316.994,190,3,"(-0.63, 0.0)"
1769531317.005,190,3,"(-0.34, 0.0)"
1769531317.015,190,3,"(1.29, 0.0)"
1769531317.025,190,3,"(0.36, 0.0)"
1769531317.035,190,3,"(4.92, 0.0)"
1769531317.046,190,3,"(2.98, 0.0)"
1769531317.056,190,3,"(2.17, 0.0)"
1769531317.066,190,3,"(0.51, 0.0)"
1769531317.077,190,3,"(-1.16, 0.0)"
1769531317.089,190,3,"(-3.01, 0.0)"
1769531317.099,190,3,"(-3.09, 0.0)"
1769531317.111,190,3,"(-1.59, 0.0)"
1769531317.122,190,3,"(-0.9, 0.0)"
1769531317.132,190,3,"(-0.53, 0.0)"
1769531317.143,190,3,"(-3.43, 0.0)"
1769531317.153,190,3,"(-2.9, 0.0)"
1769531317.164,190,3,"(4.33, 0.0)"
1769531317.175,190,3,"(3.89, 0.0)"
1769531317.185,190,3,"(1.23, 2.0)"
1769531317.195,190,3,"(1.16, 2.0)"
1769531317.205,190,3,"(-1.19, 2.0)"
1769531317.216,190,3,"(-0.93, 2.0)"
1769531317.226,190,3,"(-0.77, 2.0)"
1769531317.236,190,3,"(-2.0, 2.0)"
1769531317.247,190,3,"(-1.75, 2.0)"
1769531317.258,190,3,"(0.57, 2.0)"
1769531317.268,190,3,"(0.72, 2.0)"
1769531317.279,190,3,"(-0.31, 2.0)"
1769531317.289,190,3,"(-0.07, 0.0)"
1769531317.300,190,3,"(0.13, 0.0)"
1769531317.312,190,3,"(2.7, 0.0)"
1769531317.322,190,3,"(-0.23, 0.0)"
1769531317.333,190,3,"(1.66, 0.0)"
1769531317.344,190,3,"(-1.0, 0.0)"
1769531317.354,190,3,"(-3.18, 0.0)"
1769531317.364,190,3,"(2.68, 0.0)"
1769531317.375,190,3,"(0.0, 0.0)"
1769531317.385,190,3,"(0.43, 0.0)"
1769531317.396,190,3,"(2.61, 2.0)"
1769531317.406,190,3,"(-1.23, 0.0)"
1769531317.417,190,3,"(2.28, 0.0)"
1769531317.428,190,3,"(-0.06, 0.0)"
1769531317.438,190,3,"(-4.7, 0.0)"
1769531317.449,190,3,"(-4.59, 0.0)"
1769531317.460,190,3,"(1.6, 2.0)"
1769531317.471,190,3,"(-2.48, 2.0)"
1769531317.482,190,3,"(-2.98, 2.0)"
1769531317.492,190,3,"(0.62, 2.0)"
1769531317.502,190,3,"(0.79, 2.0)"
1769531317.512,190,3,"(0.62, 2.0)"
1769531317.523,190,3,"(-0.53, 2.0)"
1769531317.533,190,3,"(4.04, 2.0)"
1769531317.544,190,3,"(1.05, 2.0)"
1769531317.554,190,3,"(-0.82, 2.0)"
1769531317.564,190,3,"(0.5, 2.0)"
1769531317.575,190,3,"(-1.31, 2.0)"
1769531317.585,190,3,"(4.01, 2.0)"
1769531317.595,190,3,"(1.2, 2.0)"
1769531317.605,190,3,"(-1.29, 2.0)"
1769531317.615,190,3,"(-3.54, 2.0)"
1769531317.627,190,3,"(3.97, 2.0)"
1769531317.636,190,3,"(-0.24, 2.0)"
1769531317.647,190,3,"(-0.58, 2.0)"
1769531317.657,190,3,"(-5.62, 2.0)"
1769531317.668,190,3,"(-6.7, 2.0)"
1769531317.679,190,3,"(2.93, 2.0)"
1769531317.689,190,3,"(2.73, 2.0)"
1769531317.699,190,3,"(-2.03, 2.0)"
1769531317.710,190,3,"(-1.37, 2.0)"
1769531317.721,190,3,"(2.94, 2.0)"
1769531317.731,190,3,"(1.55, 2.0)"
1769531317.742,190,3,"(-4.2, 2.0)"
1769531317.752,190,3,"(-1.86, 2.0)"
1769531317.763,190,3,"(1.43, 2.0)"
1769531317.773,190,3,"(1.58, 2.0)"
1769531317.783,190,3,"(0.84, 2.0)"
1769531317.794,190,3,"(-1.3, 2.0)"
1769531317.805,190,3,"(-1.44, 2.0)"
1769531317.815,190,3,"(1.87, 2.0)"
1769531317.826,190,3,"(-0.36, 2.0)"
1769531317.835,190,3,"(0.08, 2.0)"
1769531317.846,190,3,"(-2.14, 2.0)"
1769531317.856,190,3,"(-0.4, 2.0)"
1769531317.866,190,3,"(0.24, 2.0)"
1769531317.877,190,3,"(-2.18, 2.0)"
1769531317.887,190,3,"(-4.01, 2.0)"
1769531317.898,190,3,"(-3.27, 2.0)"
1769531317.908,190,3,"(-2.42, 2.0)"
1769531317.918,190,3,"(-1.78, 2.0)"
1769531317.929,190,3,"(0.13, 2.0)"
1769531317.939,190,3,"(0.51, 2.0)"
1769531317.950,190,3,"(1.47, 2.0)"
1769531317.961,190,3,"(-1.94, 2.0)"
1769531317.972,190,3,"(-3.11, 2.0)"
1769531317.982,190,3,"(1.12, 2.0)"
1769531317.993,190,3,"(2.01, 2.0)"
1769531318.003,190,3,"(-1.52, 2.0)"
1769531318.014,190,3,"(1.19, 2.0)"
1769531318.025,190,3,"(1.17, 2.0)"
1769531318.035,190,3,"(1.91, 2.0)"
1769531318.046,190,3,"(1.95, 2.0)"
1769531318.056,190,3,"(-0.53, 2.0)"
1769531318.066,190,3,"(0.94, 2.0)"
1769531318.077,190,3,"(0.6, 2.0)"
1769531318.089,190,3,"(-2.37, 2.0)"
1769531318.099,190,3,"(-4.29, 2.0)"
1769531318.110,190,3,"(0.43, 2.0)"
1769531318.121,190,3,"(-1.92, 2.0)"
1769531318.132,190,3,"(2.61, 2.0)"
1769531318.142,190,3,"(-0.62, 2.0)"
1769531318.153,190,3,"(3.71, 2.0)"
1769531318.164,190,3,"(4.24, 2.0)"
1769531318.175,190,3,"(-0.57, 2.0)"
1769531318.185,190,3,"(-0.7, 2.0)"
1769531318.195,190,3,"(-0.33, 2.0)"
1769531318.206,190,3,"(1.3, 2.0)"
1769531318.216,190,3,"(-0.64, 2.0)"
1769531318.228,190,3,"(1.82, 2.0)"
1769531318.238,190,3,"(-0.24, 2.0)"
1769531318.248,190,3,"(-0.67, 2.0)"
1769531318.259,190,3,"(-1.07, 2.0)"
1769531318.269,190,3,"(-0.27, 2.0)"
1769531318.280,190,3,"(-2.75, 2.0)"
1769531318.291,190,3,"(-1.34, 2.0)"
1769531318.301,190,3,"(0.84, 2.0)"
1769531318.311,190,3,"(2.12, 2.0)"
1769531318.322,190,3,"(2.11, 2.0)"
1769531318.333,190,3,"(2.17, 2.0)"
1769531318.343,190,3,"(0.37, 2.0)"
1769531318.355,190,3,"(0.58, 2.0)"
1769531318.365,190,3,"(-0.85, 0.0)"
1769531318.375,190,3,"(-1.23, 0.0)"
1769531318.387,190,3,"(1.76, 0.0)"
1769531318.398,190,3,"(1.0, 0.0)"
1769531318.408,190,3,"(-2.07, 0.0)"
1769531318.419,190,3,"(-2.91, 0.0)"
1769531318.429,190,3,"(0.99, 0.0)"
1769531318.439,190,3,"(0.88, 0.0)"
1769531318.450,190,3,"(1.62, 0.0)"
1769531318.460,190,3,"(3.55, 0.0)"
1769531318.471,190,3,"(1.55, 0.0)"
1769531318.482,190,3,"(-1.65, 0.0)"
1769531318.493,190,3,"(-0.06, 0.0)"
1769531318.503,190,3,"(3.01, 0.0)"
1769531318.514,190,3,"(1.98, 0.0)"
1769531318.525,190,3,"(1.65, 0.0)"
1769531318.535,190,3,"(-0.23, 2.0)"
1769531318.546,190,3,"(-3.66, 2.0)"
1769531318.556,190,3,"(3.73, 2.0)"
1769531318.567,190,3,"(2.36, 2.0)"
1769531318.578,190,3,"(0.15, 2.0)"
1769531318.589,190,3,"(4.62, 2.0)"
1769531318.600,190,3,"(4.81, 2.0)"
1769531318.610,190,3,"(3.2, 2.0)"
1769531318.621,190,3,"(-2.35, 2.0)"
1769531318.631,190,3,"(-0.35, 2.0)"
1769531318.642,190,3,"(0.51, 2.0)"
1769531318.652,190,3,"(1.79, 2.0)"
1769531318.663,190,3,"(1.63, 2.0)"
1769531318.673,190,3,"(0.59, 2.0)"
1769531318.683,190,3,"(0.62, 2.0)"
1769531318.694,190,3,"(0.67, 2.0)"
1769531318.705,190,3,"(-0.94, 2.0)"
1769531318.716,190,3,"(-1.13, 2.0)"
1769531318.726,190,3,"(-0.59, 2.0)"
1769531318.737,190,3,"(0.16, 2.0)"
1769531318.748,190,3,"(-0.23, 2.0)"
1769531318.758,190,3,"(-0.02, 2.0)"
1769531318.768,190,3,"(1.29, 2.0)"
1769531318.778,190,3,"(0.21, 2.0)"
1769531318.789,190,3,"(0.49, 0.0)"
1769531318.799,190,3,"(1.51, 0.0)"
1769531318.810,190,3,"(-0.48, 0.0)"
1769531318.821,190,3,"(-2.0, 0.0)"
1769531318.832,190,3,"(-1.89, 0.0)"
1769531318.842,190,3,"(-1.56, 0.0)"
1769531318.853,190,3,"(-0.72, 0.0)"
1769531318.863,190,3,"(1.51, 0.0)"
1769531318.873,190,3,"(3.85, 0.0)"
1769531318.884,190,3,"(0.95, 0.0)"
1769531318.895,190,3,"(-1.38, 0.0)"
1769531318.905,190,3,"(0.92, 0.0)"
1769531318.915,190,3,"(1.27, 0.0)"
1769531318.925,190,3,"(-2.31, 0.0)"
1769531318.935,190,3,"(-2.05, 0.0)"
1769531318.945,190,3,"(0.76, 0.0)"
1769531318.955,190,3,"(0.98, 0.0)"
1769531318.966,190,3,"(-1.73, 0.0)"
1769531318.976,190,3,"(-3.4, 0.0)"
1769531318.987,190,3,"(-1.79, 0.0)"
1769531318.998,190,3,"(1.36, 0.0)"
1769531319.008,190,3,"(0.6, 0.0)"
1769531319.018,190,3,"(-0.35, 0.0)"
1769531319.029,190,3,"(-0.96, 0.0)"
1769531319.039,190,3,"(1.89, 0.0)"
1769531319.050,190,3,"(-1.95, 0.0)"
1769531319.060,190,3,"(1.68, 0.0)"
1769531319.070,190,3,"(0.53, 0.0)"
1769531319.080,190,3,"(-0.52, 0.0)"
1769531319.091,190,3,"(4.18, 0.0)"
1769531319.102,190,3,"(3.36, 0.0)"
1769531319.112,190,3,"(2.08, 2.0)"
1769531319.123,190,3,"(2.88, 2.0)"
1769531319.133,190,3,"(4.49, 2.0)"
1769531319.144,190,3,"(0.49, 2.0)"
1769531319.154,190,3,"(-1.59, 2.0)"
1769531319.165,190,3,"(0.58, 2.0)"
1769531319.175,190,3,"(-2.55, 2.0)"
1769531319.185,190,3,"(-3.87, 2.0)"
1769531319.195,190,3,"(-0.49, 2.0)"
1769531319.205,190,3,"(-2.29, 2.0)"
1769531319.216,190,3,"(-2.33, 2.0)"
1769531319.227,190,3,"(0.05, 2.0)"
1769531319.238,190,3,"(-1.39, 2.0)"
1769531319.249,190,3,"(-2.12, 2.0)"
1769531319.259,190,3,"(2.67, 2.0)"
1769531319.270,190,3,"(0.82, 2.0)"
1769531319.280,190,3,"(0.33, 2.0)"
1769531319.290,190,3,"(0.18, 2.0)"
1769531319.301,190,3,"(1.53, 2.0)"
1769531319.311,190,3,"(2.82, 2.0)"
1769531319.322,190,3,"(-1.97, 2.0)"
1769531319.332,190,3,"(-1.09, 2.0)"
1769531319.344,190,3,"(-0.7, 2.0)"
1769531319.355,190,3,"(0.92, 0.0)"
1769531319.365,190,3,"(0.21, 0.0)"
1769531319.376,190,3,"(1.09, 0.0)"
1769531319.387,190,3,"(-4.98, 0.0)"
1769531319.397,190,3,"(-5.58, 0.0)"
1769531319.408,190,3,"(1.37, 2.0)"
1769531319.418,190,3,"(2.11, 2.0)"
1769531319.429,190,3,"(0.73, 2.0)"
1769531319.439,190,3,"(2.07, 2.0)"
1769531319.449,190,3,"(1.27, 2.0)"
1769531319.460,190,3,"(0.14, 0.0)"
1769531319.472,190,3,"(0.25, 0.0)"
1769531319.483,190,3,"(2.88, 0.0)"
1769531319.493,190,3,"(2.97, 2.0)"
1769531319.503,190,3,"(0.02, 0.0)"
1769531319.514,190,3,"(-2.45, 0.0)"
1769531319.524,190,3,"(-0.22, 0.0)"
1769531319.535,190,3,"(-0.71, 2.0)"
1769531322.611,190,4,"(0.7, 4.0)"
1769531322.620,190,4,"(-2.52, 4.0)"
1769531322.631,190,4,"(-2.65, 4.0)"
1769531322.642,190,4,"(-0.83, 4.0)"
1769531322.652,190,4,"(5.24, 4.0)"
1769531322.663,190,4,"(0.41, 4.0)"
1769531322.673,190,4,"(-0.87, 4.0)"
1769531322.684,190,4,"(1.1, 4.0)"
1769531322.694,190,4,"(1.43, 4.0)"
1769531322.705,190,4,"(-6.42, 4.0)"
1769531322.715,190,4,"(-3.96, 4.0)"
1769531322.725,190,4,"(-0.2, 4.0)"
1769531322.736,190,4,"(0.79, 4.0)"
1769531322.746,190,4,"(-2.19, 4.0)"
1769531322.756,190,4,"(-4.18, 4.0)"
1769531322.767,190,4,"(0.87, 4.0)"
1769531322.777,190,4,"(11.34, 4.0)"
1769531322.789,190,4,"(-1.57, 4.0)"
1769531322.799,190,4,"(10.7, 6.0)"
1769531322.809,190,4,"(1.29, 6.0)"
1769531322.820,190,4,"(-3.28, 6.0)"
1769531322.830,190,4,"(3.07, 4.0)"
1769531322.841,190,4,"(7.6, 4.0)"
1769531322.852,190,4,"(4.97, 4.0)"
1769531322.862,190,4,"(2.52, 4.0)"
1769531322.873,190,4,"(-0.02, 6.0)"
1769531322.883,190,4,"(3.79, 6.0)"
1769531322.893,190,4,"(-3.34, 6.0)"
1769531322.903,190,4,"(1.64, 6.0)"
1769531322.915,190,4,"(-2.36, 6.0)"
1769531322.925,190,4,"(-2.81, 6.0)"
1769531322.935,190,4,"(13.44, 6.0)"
1769531322.946,190,4,"(9.54, 6.0)"
1769531322.957,190,4,"(5.1, 6.0)"
1769531322.967,190,4,"(-4.71, 6.0)"
1769531322.977,190,4,"(-3.34, 6.0)"
1769531322.988,190,4,"(-2.91, 6.0)"
1769531322.998,190,4,"(-9.22, 8.0)"
1769531323.008,190,4,"(2.32, 8.0)"
1769531323.019,190,4,"(1.38, 8.0)"
1769531323.030,190,4,"(1.89, 8.0)"
1769531323.040,190,4,"(-0.25, 8.0)"
1769531323.050,190,4,"(8.73, 8.0)"
1769531323.061,190,4,"(10.58, 8.0)"
1769531323.071,190,4,"(-7.07, 8.0)"
1769531323.082,190,4,"(27.34, 10.0)"
1769531323.092,190,4,"(1.1, 10.0)"
1769531323.102,190,4,"(7.99, 10.0)"
1769531323.113,190,4,"(-5.79, 10.0)"
1769531323.124,190,4,"(-3.66, 10.0)"
1769531323.133,190,4,"(1.35, 10.0)"
1769531323.143,190,4,"(-4.77, 10.0)"
1769531323.154,190,4,"(-5.04, 10.0)"
1769531323.164,190,4,"(4.19, 12.0)"
1769531323.175,190,4,"(2.3, 12.0)"
1769531323.186,190,4,"(-10.03, 12.0)"
1769531323.196,190,4,"(-9.96, 12.0)"
1769531323.206,190,4,"(24.23, 12.0)"
1769531323.216,190,4,"(3.27, 12.0)"
1769531323.227,190,4,"(3.84, 12.0)"
1769531323.239,190,4,"(5.75, 12.0)"
1769531323.249,190,4,"(-2.81, 12.0)"
1769531323.260,190,4,"(-5.25, 12.0)"
1769531323.270,190,4,"(-3.85, 12.0)"
1769531323.281,190,4,"(-14.81, 12.0)"
1769531323.291,190,4,"(-6.72, 12.0)"
1769531323.302,190,4,"(2.41, 12.0)"
1769531323.312,190,4,"(4.9, 12.0)"
1769531323.324,190,4,"(5.49, 12.0)"
1769531323.334,190,4,"(1.07, 10.0)"
1769531323.345,190,4,"(-3.13, 8.0)"
1769531323.355,190,4,"(-12.8, 8.0)"
1769531323.366,190,4,"(-12.19, 10.0)"
1769531323.376,190,4,"(-10.47, 10.0)"
1769531323.386,190,4,"(-9.11, 10.0)"
1769531323.396,190,4,"(-7.4, 10.0)"
1769531323.406,190,4,"(0.72, 10.0)"
1769531323.417,190,4,"(1.53, 10.0)"
1769531323.428,190,4,"(-1.52, 10.0)"
1769531323.439,190,4,"(0.17, 10.0)"
1769531323.449,190,4,"(6.73, 10.0)"
1769531323.460,190,4,"(-2.82, 8.0)"
1769531323.471,190,4,"(-3.74, 8.0)"
1769531323.481,190,4,"(-3.28, 8.0)"
1769531323.491,190,4,"(5.73, 8.0)"
1769531323.502,190,4,"(1.14, 8.0)"
1769531323.512,190,4,"(-1.7, 8.0)"
1769531323.523,190,4,"(-8.79, 8.0)"
1769531323.533,190,4,"(2.05, 6.0)"
1769531323.543,190,4,"(2.93, 6.0)"
1769531323.554,190,4,"(6.28, 6.0)"
1769531323.564,190,4,"(4.18, 6.0)"
1769531323.574,190,4,"(3.08, 6.0)"
1769531323.585,190,4,"(2.58, 6.0)"
1769531323.596,190,4,"(7.88, 6.0)"
1769531323.606,190,4,"(2.53, 6.0)"
1769531323.617,190,4,"(0.24, 6.0)"
1769531323.627,190,4,"(3.39, 6.0)"
1769531323.640,190,4,"(-5.34, 6.0)"
1769531323.650,190,4,"(2.62, 6.0)"
1769531323.660,190,4,"(7.4, 6.0)"
1769531323.672,190,4,"(-8.04, 6.0)"
1769531323.682,190,4,"(0.22, 6.0)"
1769531323.692,190,4,"(12.9, 6.0)"
1769531323.703,190,4,"(11.52, 6.0)"
1769531323.713,190,4,"(4.69, 6.0)"
1769531323.724,190,4,"(-8.42, 8.0)"
1769531323.734,190,4,"(-9.93, 8.0)"
1769531323.744,190,4,"(-8.22, 8.0)"
1769531323.755,190,4,"(10.02, 8.0)"
1769531323.765,190,4,"(4.92, 8.0)"
1769531323.776,190,4,"(-5.24, 8.0)"
1769531323.787,190,4,"(-16.87, 8.0)"
1769531323.797,190,4,"(-9.93, 10.0)"
1769531323.807,190,4,"(-9.34, 10.0)"
1769531323.818,190,4,"(6.01, 10.0)"
1769531323.829,190,4,"(8.19, 12.0)"
1769531323.839,190,4,"(8.17, 12.0)"
1769531323.850,190,4,"(3.96, 14.0)"
1769531323.860,190,4,"(-21.8, 14.0)"
1769531323.871,190,4,"(-3.89, 14.0)"
1769531323.882,190,4,"(2.22, 14.0)"
1769531323.893,190,4,"(-17.61, 14.0)"
1769531323.904,190,4,"(-38.81, 16.0)"
1769531323.914,190,4,"(-29.79, 18.0)"
1769531323.925,190,4,"(-4.91, 18.0)"
1769531323.936,190,4,"(2.93, 18.0)"
1769531323.947,190,4,"(9.15, 18.0)"
1769531323.957,190,4,"(-0.69, 18.0)"
1769531323.969,190,4,"(-5.05, 18.0)"
1769531323.978,190,4,"(-14.52, 18.0)"
1769531323.988,190,4,"(-17.84, 18.0)"
1769531324.000,190,4,"(-5.11, 18.0)"
1769531324.010,190,4,"(2.38, 18.0)"
1769531324.021,190,4,"(1.66, 18.0)"
1769531324.032,190,4,"(5.39, 18.0)"
1769531324.042,190,4,"(2.05, 16.0)"
1769531324.052,190,4,"(5.28, 16.0)"
1769531324.062,190,4,"(3.42, 16.0)"
1769531324.073,190,4,"(7.4, 16.0)"
1769531324.085,190,4,"(8.41, 14.0)"
1769531324.095,190,4,"(9.38, 14.0)"
1769531324.105,190,4,"(-4.44, 14.0)"
1769531324.116,190,4,"(-2.71, 12.0)"
1769531324.126,190,4,"(6.82, 12.0)"
1769531324.137,190,4,"(8.53, 12.0)"
1769531324.147,190,4,"(3.88, 12.0)"
1769531324.157,190,4,"(4.46, 12.0)"
1769531324.168,190,4,"(5.73, 10.0)"
1769531324.179,190,4,"(-6.04, 10.0)"
1769531324.189,190,4,"(-2.5, 10.0)"
1769531324.199,190,4,"(5.37, 10.0)"
1769531324.210,190,4,"(-11.41, 10.0)"
1769531324.221,190,4,"(-9.74, 10.0)"
1769531324.231,190,4,"(-18.08, 10.0)"
1769531324.241,190,4,"(-4.8, 10.0)"
1769531324.252,190,4,"(-8.15, 10.0)"
1769531324.264,190,4,"(-5.35, 10.0)"
1769531324.275,190,4,"(-0.09, 10.0)"
1769531324.285,190,4,"(0.62, 10.0)"
1769531324.295,190,4,"(0.86, 10.0)"
1769531324.306,190,4,"(-1.65, 10.0)"
1769531324.317,190,4,"(-4.6, 10.0)"
1769531324.328,190,4,"(-0.7, 10.0)"
1769531324.339,190,4,"(-8.28, 10.0)"
1769531324.349,190,4,"(-8.04, 10.0)"
1769531324.360,190,4,"(-2.45, 10.0)"
1769531324.370,190,4,"(0.85, 10.0)"
1769531324.380,190,4,"(9.91, 10.0)"
1769531324.391,190,4,"(-11.12, 10.0)"
1769531324.401,190,4,"(-5.82, 10.0)"
1769531324.412,190,4,"(2.62, 10.0)"
1769531324.423,190,4,"(6.56, 10.0)"
1769531324.433,190,4,"(0.27, 8.0)"
1769531324.443,190,4,"(-0.98, 8.0)"
1769531324.454,190,4,"(2.39, 8.0)"
1769531324.464,190,4,"(-3.27, 8.0)"
1769531324.475,190,4,"(6.89, 8.0)"
1769531324.486,190,4,"(2.21, 8.0)"
1769531324.496,190,4,"(-3.14, 8.0)"
1769531324.506,190,4,"(-1.89, 6.0)"
1769531324.517,190,4,"(-4.61, 6.0)"
1769531324.527,190,4,"(6.0, 6.0)"
1769531324.540,190,4,"(-1.01, 8.0)"
1769531324.550,190,4,"(7.31, 8.0)"
1769531324.561,190,4,"(-1.2, 8.0)"
1769531324.571,190,4,"(-6.17, 8.0)"
1769531324.581,190,4,"(-3.65, 8.0)"
1769531324.591,190,4,"(-7.59, 8.0)"
1769531324.602,190,4,"(5.83, 8.0)"
1769531324.613,190,4,"(3.12, 8.0)"
1769531324.623,190,4,"(-6.65, 8.0)"
1769531324.633,190,4,"(-20.8, 8.0)"
1769531324.644,190,4,"(-21.38, 10.0)"
1769531324.654,190,4,"(5.34, 10.0)"
1769531324.664,190,4,"(1.24, 10.0)"
1769531324.674,190,4,"(1.05, 10.0)"
1769531324.685,190,4,"(8.74, 10.0)"
1769531324.695,190,4,"(-2.73, 10.0)"
1769531324.705,190,4,"(-4.72, 10.0)"
1769531324.716,190,4,"(-3.84, 10.0)"
1769531324.727,190,4,"(-5.65, 10.0)"
1769531324.738,190,4,"(3.47, 10.0)"
1769531324.750,190,4,"(3.17, 10.0)"
1769531324.760,190,4,"(2.66, 10.0)"
1769531324.770,190,4,"(2.08, 10.0)"
1769531324.780,190,4,"(5.31, 10.0)"
1769531324.791,190,4,"(8.9, 10.0)"
1769531324.802,190,4,"(5.22, 10.0)"
1769531324.812,190,4,"(-0.43, 10.0)"
1769531324.823,190,4,"(-1.46, 10.0)"
1769531324.834,190,4,"(-3.67, 10.0)"
1769531324.845,190,4,"(-4.08, 8.0)"
1769531324.856,190,4,"(4.9, 8.0)"
1769531324.865,190,4,"(9.33, 8.0)"
1769531324.876,190,4,"(10.07, 8.0)"
1769531324.887,190,4,"(2.29, 8.0)"
1769531324.898,190,4,"(-0.63, 8.0)"
1769531324.908,190,4,"(5.7, 6.0)"
1769531324.919,190,4,"(2.21, 6.0)"
1769531324.929,190,4,"(2.77, 6.0)"
1769531324.940,190,4,"(-5.94, 6.0)"
1769531324.951,190,4,"(0.33, 6.0)"
1769531324.963,190,4,"(0.86, 6.0)"
1769531324.973,190,4,"(-0.89, 6.0)"
1769531324.983,190,4,"(0.19, 6.0)"
1769531324.993,190,4,"(0.39, 6.0)"
1769531325.004,190,4,"(-0.59, 6.0)"
1769531325.014,190,4,"(-2.83, 6.0)"
1769531325.025,190,4,"(0.03, 6.0)"
1769531325.035,190,4,"(3.91, 6.0)"
1769531325.046,190,4,"(12.8, 6.0)"
1769531325.058,190,4,"(-4.81, 6.0)"
1769531325.068,190,4,"(-2.84, 6.0)"
1769531325.078,190,4,"(-5.55, 6.0)"
1769531325.089,190,4,"(-3.63, 6.0)"
1769531325.100,190,4,"(3.9, 6.0)"
1769531325.110,190,4,"(3.74, 6.0)"
1769531325.123,190,4,"(10.43, 6.0)"
1769531325.133,190,4,"(2.32, 6.0)"
1769531325.143,190,4,"(-10.41, 6.0)"
1769531325.153,190,4,"(11.36, 8.0)"
1769531325.164,190,4,"(0.54, 8.0)"
1769531325.174,190,4,"(0.11, 8.0)"
1769531325.185,190,4,"(-10.43, 8.0)"
1769531325.195,190,4,"(-11.82, 10.0)"
1769531325.205,190,4,"(8.98, 10.0)"
1769531325.216,190,4,"(-4.42, 10.0)"
1769531325.226,190,4,"(-17.66, 10.0)"
1769531325.237,190,4,"(-19.67, 12.0)"
1769531325.247,190,4,"(-5.13, 12.0)"
1769531325.257,190,4,"(-16.14, 12.0)"
1769531325.267,190,4,"(-0.55, 14.0)"
1769531325.279,190,4,"(9.86, 14.0)"
1769531325.289,190,4,"(13.89, 16.0)"
1769531325.299,190,4,"(-10.31, 16.0)"
1769531325.310,190,4,"(-14.71, 16.0)"
1769531325.321,190,4,"(-9.43, 16.0)"
1769531325.331,190,4,"(5.74, 16.0)"
1769531325.342,190,4,"(-7.06, 16.0)"
1769531325.352,190,4,"(-32.58, 16.0)"
1769531325.362,190,4,"(18.59, 18.0)"
1769531325.372,190,4,"(-4.17, 18.0)"
1769531325.383,190,4,"(6.95, 18.0)"
1769531325.393,190,4,"(4.79, 18.0)"
1769531325.403,190,4,"(0.84, 18.0)"
1769531325.414,190,4,"(-1.2, 16.0)"
1769531325.424,190,4,"(5.77, 16.0)"
1769531325.435,190,4,"(4.1, 16.0)"
1769531325.445,190,4,"(5.79, 16.0)"
1769531325.455,190,4,"(4.59, 16.0)"
1769531325.465,190,4,"(15.87, 16.0)"
1769531325.476,190,4,"(4.59, 16.0)"
1769531325.487,190,4,"(-0.62, 16.0)"
1769531325.498,190,4,"(-0.24, 14.0)"
1769531325.508,190,4,"(-0.64, 14.0)"
1769531325.518,190,4,"(-5.03, 14.0)"
1769531325.528,190,4,"(-12.27, 14.0)"
1769531325.540,190,4,"(0.26, 14.0)"
1769531325.551,190,4,"(-8.78, 14.0)"
1769531325.562,190,4,"(2.73, 14.0)"
1769531325.572,190,4,"(6.81, 14.0)"
1769531325.583,190,4,"(15.54, 14.0)"
1769531325.593,190,4,"(9.08, 16.0)"
1769531325.603,190,4,"(-2.76, 14.0)"
1769531325.614,190,4,"(-5.09, 12.0)"
1769531325.624,190,4,"(0.83, 12.0)"
1769531340.907,190,1,"(1.42, 2.0)"
1769531340.918,190,1,"(-3.14, 2.0)"
1769531340.929,190,1,"(-0.09, 2.0)"
1769531340.939,190,1,"(-2.92, 2.0)"
1769531340.949,190,1,"(-2.86, 2.0)"
1769531340.960,190,1,"(-0.11, 2.0)"
1769531340.971,190,1,"(-0.17, 2.0)"
1769531340.982,190,1,"(-0.11, 2.0)"
1769531340.992,190,1,"(0.67, 2.0)"
1769531341.002,190,1,"(-0.77, 2.0)"
1769531341.013,190,1,"(0.23, 2.0)"
1769531341.023,190,1,"(-0.43, 2.0)"
1769531341.034,190,1,"(-0.53, 2.0)"
1769531341.044,190,1,"(1.01, 2.0)"
1769531341.055,190,1,"(2.09, 2.0)"
1769531341.066,190,1,"(-0.32, 2.0)"
1769531341.076,190,1,"(0.24, 2.0)"
1769531341.087,190,1,"(-4.27, 2.0)"
1769531341.098,190,1,"(-0.75, 2.0)"
1769531341.108,190,1,"(-0.56, 2.0)"
1769531341.119,190,1,"(-3.07, 2.0)"
1769531341.130,190,1,"(-3.17, 2.0)"
1769531341.141,190,1,"(-1.68, 2.0)"
1769531341.152,190,1,"(3.06, 2.0)"
1769531341.163,190,1,"(0.34, 2.0)"
1769531341.173,190,1,"(-0.64, 2.0)"
1769531341.183,190,1,"(-1.84, 2.0)"
1769531341.194,190,1,"(-0.62, 2.0)"
1769531341.204,190,1,"(0.18, 0.0)"
1769531341.215,190,1,"(-1.53, 0.0)"
1769531341.225,190,1,"(0.97, 0.0)"
1769531341.235,190,1,"(1.27, 0.0)"
1769531341.245,190,1,"(1.29, 0.0)"
1769531341.257,190,1,"(2.34, 0.0)"
1769531341.266,190,1,"(4.13, 2.0)"
1769531341.276,190,1,"(2.64, 2.0)"
1769531341.287,190,1,"(-2.23, 2.0)"
1769531341.297,190,1,"(-1.35, 2.0)"
1769531341.308,190,1,"(0.27, 2.0)"
1769531341.319,190,1,"(-2.05, 2.0)"
1769531341.329,190,1,"(0.68, 2.0)"
1769531341.340,190,1,"(0.1, 0.0)"
1769531341.350,190,1,"(-0.13, 0.0)"
1769531341.360,190,1,"(0.36, 0.0)"
1769531341.372,190,1,"(0.67, 0.0)"
1769531341.382,190,1,"(0.57, 0.0)"
1769531341.392,190,1,"(0.93, 0.0)"
1769531341.402,190,1,"(1.46, 0.0)"
1769531341.412,190,1,"(1.48, 0.0)"
1769531341.422,190,1,"(0.66, 0.0)"
1769531341.433,190,1,"(4.05, 0.0)"
1769531341.443,190,1,"(-1.65, 0.0)"
1769531341.455,190,1,"(0.36, 0.0)"
1769531341.464,190,1,"(0.82, 0.0)"
1769531341.475,190,1,"(0.93, 0.0)"
1769531341.485,190,1,"(0.23, 0.0)"
1769531341.495,190,1,"(0.42, 0.0)"
1769531341.507,190,1,"(-0.13, 0.0)"
1769531341.518,190,1,"(-1.38, 0.0)"
1769531341.528,190,1,"(-1.31, 0.0)"
1769531341.539,190,1,"(-1.56, 0.0)"
1769531341.550,190,1,"(-0.5, 0.0)"
1769531341.560,190,1,"(-0.38, 0.0)"
1769531341.572,190,1,"(-1.61, 0.0)"
1769531341.582,190,1,"(-4.01, 0.0)"
1769531341.592,190,1,"(-1.19, 0.0)"
1769531341.603,190,1,"(-0.39, 0.0)"
1769531341.614,190,1,"(0.47, 0.0)"
1769531341.624,190,1,"(-1.37, 0.0)"
1769531341.635,190,1,"(0.45, 0.0)"
1769531341.645,190,1,"(0.95, 0.0)"
1769531341.656,190,1,"(-1.46, 0.0)"
1769531341.667,190,1,"(-1.86, 0.0)"
1769531341.678,190,1,"(-1.17, 0.0)"
1769531341.688,190,1,"(1.68, 0.0)"
1769531341.698,190,1,"(0.08, 0.0)"
1769531341.709,190,1,"(-0.56, 0.0)"
1769531341.719,190,1,"(1.12, 0.0)"
1769531341.730,190,1,"(-0.25, 0.0)"
1769531341.740,190,1,"(0.48, 0.0)"
1769531341.752,190,1,"(-1.36, 0.0)"
1769531341.762,190,1,"(-0.05, 0.0)"
1769531341.773,190,1,"(-1.23, 0.0)"
1769531341.785,190,1,"(-0.89, 0.0)"
1769531341.795,190,1,"(-0.85, 0.0)"
1769531341.805,190,1,"(-2.34, 0.0)"
1769531341.815,190,1,"(0.5, 0.0)"
1769531341.825,190,1,"(-0.21, 0.0)"
1769531341.835,190,1,"(-1.47, 0.0)"
1769531341.845,190,1,"(0.3, 0.0)"
1769531341.856,190,1,"(1.59, 0.0)"
1769531341.866,190,1,"(1.01, 0.0)"
1769531341.877,190,1,"(0.46, 0.0)"
1769531341.887,190,1,"(-0.49, 0.0)"
1769531341.897,190,1,"(0.86, 0.0)"
1769531341.907,190,1,"(-0.47, 0.0)"
1769531341.919,190,1,"(-1.03, 0.0)"
1769531341.929,190,1,"(0.53, 0.0)"
1769531341.940,190,1,"(-0.24, 0.0)"
1769531341.950,190,1,"(-1.37, 0.0)"
1769531341.961,190,1,"(-0.84, 0.0)"
1769531341.972,190,1,"(1.69, 0.0)"
1769531341.983,190,1,"(0.59, 0.0)"
1769531341.993,190,1,"(-0.49, 0.0)"
1769531342.004,190,1,"(0.27, 0.0)"
1769531342.014,190,1,"(0.06, 0.0)"
1769531342.025,190,1,"(-0.65, 0.0)"
1769531342.036,190,1,"(1.18, 0.0)"
1769531342.046,190,1,"(-0.08, 0.0)"
1769531342.056,190,1,"(-1.09, 0.0)"
1769531342.067,190,1,"(-2.02, 0.0)"
1769531342.077,190,1,"(2.28, 0.0)"
1769531342.087,190,1,"(2.96, 0.0)"
1769531342.098,190,1,"(1.12, 0.0)"
1769531342.108,190,1,"(-0.18, 0.0)"
1769531342.118,190,1,"(-0.18, 0.0)"
1769531342.129,190,1,"(0.75, 0.0)"
1769531342.139,190,1,"(-0.74, 0.0)"
1769531342.150,190,1,"(1.15, 0.0)"
1769531342.160,190,1,"(-0.79, 0.0)"
1769531342.171,190,1,"(1.28, 0.0)"
1769531342.181,190,1,"(2.59, 0.0)"
1769531342.191,190,1,"(0.94, 0.0)"
1769531342.201,190,1,"(-1.16, 0.0)"
1769531342.212,190,1,"(0.15, 0.0)"
1769531342.222,190,1,"(-2.04, 0.0)"
1769531342.233,190,1,"(-0.63, 0.0)"
1769531342.243,190,1,"(1.63, 0.0)"
1769531342.253,190,1,"(-1.33, 0.0)"
1769531342.266,190,1,"(1.23, 0.0)"
1769531342.277,190,1,"(0.19, 0.0)"
1769531342.287,190,1,"(-1.07, 0.0)"
1769531342.298,190,1,"(0.4, 0.0)"
1769531342.309,190,1,"(1.61, 0.0)"
1769531342.319,190,1,"(-1.7, 0.0)"
1769531342.330,190,1,"(-0.93, 0.0)"
1769531342.341,190,1,"(0.45, 0.0)"
1769531342.351,190,1,"(1.39, 0.0)"
1769531342.362,190,1,"(1.4, 0.0)"
1769531342.372,190,1,"(-0.22, 0.0)"
1769531342.383,190,1,"(0.21, 0.0)"
1769531342.393,190,1,"(2.18, 0.0)"
1769531342.404,190,1,"(1.15, 0.0)"
1769531342.414,190,1,"(-1.74, 0.0)"
1769531342.425,190,1,"(-0.44, 0.0)"
1769531342.436,190,1,"(-0.36, 0.0)"
1769531342.446,190,1,"(-0.92, 0.0)"
1769531342.456,190,1,"(1.3, 0.0)"
1769531342.467,190,1,"(-1.53, 0.0)"
1769531342.477,190,1,"(-0.04, 0.0)"
1769531342.487,190,1,"(-2.88, 0.0)"
1769531342.498,190,1,"(-1.28, 0.0)"
1769531342.509,190,1,"(1.32, 0.0)"
1769531342.519,190,1,"(1.87, 0.0)"
1769531342.530,190,1,"(1.4, 0.0)"
1769531342.541,190,1,"(-0.66, 0.0)"
1769531342.552,190,1,"(-0.17, 0.0)"
1769531342.562,190,1,"(-1.8, 0.0)"
1769531342.574,190,1,"(-0.21, 0.0)"
1769531342.584,190,1,"(-0.01, 0.0)"
1769531342.594,190,1,"(-0.67, 0.0)"
1769531342.605,190,1,"(-0.2, 0.0)"
1769531342.616,190,1,"(-0.93, 0.0)"
1769531342.626,190,1,"(-0.46, 0.0)"
1769531342.636,190,1,"(-1.96, 0.0)"
1769531342.646,190,1,"(-0.65, 0.0)"
1769531342.658,190,1,"(1.21, 0.0)"
1769531342.668,190,1,"(-0.28, 0.0)"
1769531342.679,190,1,"(-0.08, 0.0)"
1769531342.689,190,1,"(0.34, 0.0)"
1769531342.699,190,1,"(1.6, 0.0)"
1769531342.710,190,1,"(2.36, 0.0)"
1769531342.721,190,1,"(0.08, 0.0)"
1769531342.732,190,1,"(0.46, 0.0)"
1769531342.741,190,1,"(3.22, 0.0)"
1769531342.752,190,1,"(5.94, 0.0)"
1769531342.762,190,1,"(2.68, 0.0)"
1769531342.773,190,1,"(-1.05, 0.0)"
1769531342.784,190,1,"(3.52, 0.0)"
1769531342.793,190,1,"(1.88, 0.0)"
1769531342.804,190,1,"(0.82, 0.0)"
1769531342.814,190,1,"(-0.52, 0.0)"
1769531342.825,190,1,"(-0.25, 0.0)"
1769531342.835,190,1,"(-0.12, 0.0)"
1769531342.846,190,1,"(-1.4, 0.0)"
1769531342.856,190,1,"(-1.44, 0.0)"
1769531342.866,190,1,"(-1.68, 2.0)"
1769531342.877,190,1,"(-2.11, 2.0)"
1769531342.887,190,1,"(-0.53, 2.0)"
1769531342.897,190,1,"(0.77, 2.0)"
1769531342.907,190,1,"(0.64, 2.0)"
1769531342.918,190,1,"(-0.78, 2.0)"
1769531342.928,190,1,"(-0.28, 2.0)"
1769531342.939,190,1,"(0.49, 2.0)"
1769531342.950,190,1,"(1.42, 2.0)"
1769531342.960,190,1,"(2.12, 2.0)"
1769531342.970,190,1,"(-0.6, 2.0)"
1769531342.982,190,1,"(-0.4, 2.0)"
1769531342.993,190,1,"(-1.45, 2.0)"
1769531343.003,190,1,"(2.52, 2.0)"
1769531343.013,190,1,"(-0.2, 0.0)"
1769531343.024,190,1,"(0.65, 0.0)"
1769531343.035,190,1,"(-0.16, 0.0)"
1769531343.045,190,1,"(-0.53, 0.0)"
1769531343.055,190,1,"(-2.24, 0.0)"
1769531343.065,190,1,"(-0.12, 0.0)"
1769531343.075,190,1,"(0.29, 0.0)"
1769531343.088,190,1,"(0.36, 0.0)"
1769531343.100,190,1,"(2.63, 0.0)"
1769531343.110,190,1,"(2.96, 0.0)"
1769531343.121,190,1,"(2.3, 0.0)"
1769531343.132,190,1,"(-2.23, 0.0)"
1769531343.143,190,1,"(-1.27, 0.0)"
1769531343.153,190,1,"(-0.01, 0.0)"
1769531343.166,190,1,"(1.06, 0.0)"
1769531343.176,190,1,"(3.41, 0.0)"
1769531343.186,190,1,"(4.01, 0.0)"
1769531343.197,190,1,"(0.87, 0.0)"
1769531343.208,190,1,"(-3.11, 0.0)"
1769531343.219,190,1,"(-3.26, 2.0)"
1769531343.229,190,1,"(3.55, 2.0)"
1769531343.239,190,1,"(2.45, 2.0)"
1769531343.250,190,1,"(-1.34, 2.0)"
1769531343.261,190,1,"(0.25, 2.0)"
1769531343.271,190,1,"(0.21, 2.0)"
1769531343.281,190,1,"(1.38, 2.0)"
1769531343.292,190,1,"(0.69, 2.0)"
1769531343.302,190,1,"(1.81, 2.0)"
1769531343.312,190,1,"(0.42, 2.0)"
1769531343.322,190,1,"(1.71, 2.0)"
1769531343.333,190,1,"(1.13, 2.0)"
1769531343.344,190,1,"(1.27, 2.0)"
1769531343.355,190,1,"(-1.25, 2.0)"
1769531343.365,190,1,"(1.56, 2.0)"
1769531343.376,190,1,"(0.7, 2.0)"
1769531343.387,190,1,"(1.58, 0.0)"
1769531343.399,190,1,"(-1.53, 0.0)"
1769531343.409,190,1,"(-1.86, 0.0)"
1769531343.419,190,1,"(-1.14, 0.0)"
1769531343.430,190,1,"(2.58, 0.0)"
1769531343.441,190,1,"(1.79, 0.0)"
1769531343.452,190,1,"(-0.46, 0.0)"
1769531343.462,190,1,"(-0.39, 0.0)"
1769531343.473,190,1,"(-0.71, 0.0)"
1769531343.483,190,1,"(0.84, 0.0)"
1769531343.494,190,1,"(-0.06, 0.0)"
1769531343.505,190,1,"(-3.07, 0.0)"
1769531343.517,190,1,"(-0.78, 0.0)"
1769531343.527,190,1,"(0.34, 0.0)"
1769531343.538,190,1,"(-0.18, 0.0)"
1769531343.548,190,1,"(-1.14, 0.0)"
1769531343.559,190,1,"(-1.35, 0.0)"
1769531343.569,190,1,"(0.3, 0.0)"
1769531343.580,190,1,"(-0.81, 0.0)"
1769531343.591,190,1,"(1.29, 0.0)"
1769531343.601,190,1,"(-0.18, 0.0)"
1769531343.611,190,1,"(0.79, 0.0)"
1769531343.621,190,1,"(1.78, 0.0)"
1769531343.632,190,1,"(0.19, 0.0)"
1769531343.642,190,1,"(-1.49, 0.0)"
1769531343.654,190,1,"(-2.02, 0.0)"
1769531343.664,190,1,"(0.67, 0.0)"
1769531343.674,190,1,"(-0.86, 0.0)"
1769531343.685,190,1,"(-0.24, 0.0)"
1769531343.695,190,1,"(1.69, 0.0)"
1769531343.705,190,1,"(3.04, 0.0)"
1769531343.717,190,1,"(-3.32, 0.0)"
1769531343.726,190,1,"(-2.33, 0.0)"
1769531343.737,190,1,"(-0.54, 0.0)"
1769531343.747,190,1,"(1.03, 0.0)"
1769531343.758,190,1,"(-3.01, 0.0)"
1769531343.768,190,1,"(0.86, 0.0)"
1769531343.778,190,1,"(-0.64, 0.0)"
1769531343.789,190,1,"(1.64, 0.0)"
1769531343.799,190,1,"(-0.26, 0.0)"
1769531343.810,190,1,"(1.69, 0.0)"
1769531343.821,190,1,"(0.96, 0.0)"
1769531343.831,190,1,"(-0.9, 0.0)"
1769531343.842,190,1,"(-1.38, 0.0)"
1769531343.853,190,1,"(-2.57, 0.0)"
1769531343.864,190,1,"(0.52, 0.0)"
1769531343.874,190,1,"(2.4, 0.0)"
1769531343.885,190,1,"(-1.69, 0.0)"
1769531343.895,190,1,"(-3.52, 0.0)"
1769531343.905,190,1,"(-0.96, 2.0)"
1769531343.915,190,1,"(-0.89, 2.0)"
1769531346.260,190,2,"(-19.69, 36.0)"
1769531346.270,190,2,"(2.44, 30.0)"
1769531346.280,190,2,"(-14.71, 30.0)"
1769531346.291,190,2,"(-9.05, 30.0)"
1769531346.302,190,2,"(20.18, 30.0)"
1769531346.313,190,2,"(-39.78, 30.0)"
1769531346.323,190,2,"(-50.33, 32.0)"
1769531346.334,190,2,"(-19.07, 32.0)"
1769531346.345,190,2,"(-62.34, 34.0)"
1769531346.356,190,2,"(6.98, 36.0)"
1769531346.367,190,2,"(15.96, 38.0)"
1769531346.377,190,2,"(42.65, 40.0)"
1769531346.387,190,2,"(-17.01, 42.0)"
1769531346.398,190,2,"(10.34, 44.0)"
1769531346.408,190,2,"(34.44, 44.0)"
1769531346.418,190,2,"(5.99, 46.0)"
1769531346.429,190,2,"(1.82, 44.0)"
1769531346.439,190,2,"(15.9, 46.0)"
1769531346.450,190,2,"(-1.43, 42.0)"
1769531346.460,190,2,"(-41.86, 42.0)"
1769531346.471,190,2,"(-28.18, 44.0)"
1769531346.482,190,2,"(-4.89, 44.0)"
1769531346.493,190,2,"(-7.01, 44.0)"
1769531346.503,190,2,"(-18.55, 44.0)"
1769531346.514,190,2,"(12.93, 46.0)"
1769531346.525,190,2,"(12.35, 46.0)"
1769531346.535,190,2,"(13.34, 46.0)"
1769531346.546,190,2,"(11.7, 46.0)"
1769531346.557,190,2,"(6.06, 46.0)"
1769531346.567,190,2,"(8.11, 44.0)"
1769531346.577,190,2,"(-0.59, 42.0)"
1769531346.588,190,2,"(-17.43, 40.0)"
1769531346.600,190,2,"(-28.26, 40.0)"
1769531346.610,190,2,"(-10.0, 38.0)"
1769531346.621,190,2,"(-62.64, 38.0)"
1769531346.631,190,2,"(-42.69, 40.0)"
1769531346.641,190,2,"(-51.18, 40.0)"
1769531346.652,190,2,"(-24.7, 38.0)"
1769531346.662,190,2,"(6.12, 36.0)"
1769531346.673,190,2,"(4.81, 36.0)"
1769531346.684,190,2,"(2.53, 34.0)"
1769531346.694,190,2,"(-17.75, 34.0)"
1769531346.705,190,2,"(-12.69, 34.0)"
1769531346.716,190,2,"(19.31, 34.0)"
1769531346.726,190,2,"(-24.18, 32.0)"
1769531346.737,190,2,"(-24.4, 34.0)"
1769531346.747,190,2,"(-13.49, 34.0)"
1769531346.758,190,2,"(-16.24, 34.0)"
1769531346.768,190,2,"(12.7, 34.0)"
1769531346.779,190,2,"(22.61, 32.0)"
1769531346.789,190,2,"(-39.21, 34.0)"
1769531346.799,190,2,"(20.46, 36.0)"
1769531346.809,190,2,"(-52.61, 38.0)"
1769531346.821,190,2,"(2.81, 42.0)"
1769531346.832,190,2,"(12.41, 44.0)"
1769531346.842,190,2,"(10.19, 44.0)"
1769531346.853,190,2,"(0.45, 44.0)"
1769531346.864,190,2,"(43.15, 46.0)"
1769531346.875,190,2,"(33.05, 44.0)"
1769531346.885,190,2,"(10.73, 42.0)"
1769531346.896,190,2,"(-11.91, 42.0)"
1769531346.907,190,2,"(-0.67, 40.0)"
1769531346.917,190,2,"(22.96, 40.0)"
1769531346.928,190,2,"(-20.47, 42.0)"
1769531346.939,190,2,"(-17.48, 44.0)"
1769531346.950,190,2,"(4.38, 46.0)"
1769531346.960,190,2,"(11.97, 46.0)"
1769531346.971,190,2,"(23.35, 46.0)"
1769531346.981,190,2,"(-17.16, 46.0)"
1769531346.991,190,2,"(12.91, 44.0)"
1769531347.001,190,2,"(5.71, 44.0)"
1769531347.013,190,2,"(13.94, 44.0)"
1769531347.023,190,2,"(-18.96, 42.0)"
1769531347.035,190,2,"(-45.47, 44.0)"
1769531347.046,190,2,"(-33.02, 44.0)"
1769531347.057,190,2,"(4.15, 42.0)"
1769531347.068,190,2,"(16.5, 38.0)"
1769531347.078,190,2,"(20.01, 36.0)"
1769531347.091,190,2,"(-4.44, 36.0)"
1769531347.101,190,2,"(40.59, 38.0)"
1769531347.112,190,2,"(-39.59, 38.0)"
1769531347.123,190,2,"(-4.52, 38.0)"
1769531347.134,190,2,"(6.58, 36.0)"
1769531347.145,190,2,"(-29.7, 36.0)"
1769531347.156,190,2,"(-17.98, 36.0)"
1769531347.166,190,2,"(15.94, 36.0)"
1769531347.177,190,2,"(3.9, 34.0)"
1769531347.187,190,2,"(-5.23, 32.0)"
1769531347.198,190,2,"(-9.6, 30.0)"
1769531347.208,190,2,"(13.14, 30.0)"
1769531347.218,190,2,"(12.18, 30.0)"
1769531347.229,190,2,"(5.04, 30.0)"
1769531347.239,190,2,"(-7.81, 30.0)"
1769531347.250,190,2,"(-3.44, 30.0)"
1769531347.260,190,2,"(20.32, 28.0)"
1769531347.271,190,2,"(-16.95, 28.0)"
1769531347.281,190,2,"(-7.1, 28.0)"
1769531347.292,190,2,"(-3.3, 26.0)"
1769531347.303,190,2,"(3.19, 26.0)"
1769531347.314,190,2,"(18.32, 24.0)"
1769531347.325,190,2,"(-7.39, 26.0)"
1769531347.335,190,2,"(10.06, 26.0)"
1769531347.346,190,2,"(-9.94, 28.0)"
1769531347.356,190,2,"(17.05, 26.0)"
1769531347.367,190,2,"(3.98, 24.0)"
1769531347.378,190,2,"(2.06, 22.0)"
1769531347.389,190,2,"(1.63, 24.0)"
1769531347.399,190,2,"(3.49, 24.0)"
1769531347.410,190,2,"(18.04, 22.0)"
1769531347.421,190,2,"(2.46, 22.0)"
1769531347.431,190,2,"(-10.42, 22.0)"
1769531347.442,190,2,"(-7.04, 22.0)"
1769531347.452,190,2,"(-20.51, 24.0)"
1769531347.463,190,2,"(-15.48, 24.0)"
1769531347.474,190,2,"(7.8, 22.0)"
1769531347.485,190,2,"(1.17, 22.0)"
1769531347.495,190,2,"(10.67, 22.0)"
1769531347.505,190,2,"(-3.52, 22.0)"
1769531347.515,190,2,"(0.08, 22.0)"
1769531347.526,190,2,"(-5.32, 20.0)"
1769531347.537,190,2,"(11.12, 22.0)"
1769531347.547,190,2,"(28.17, 24.0)"
1769531347.560,190,2,"(-45.05, 24.0)"
1769531347.571,190,2,"(-9.16, 28.0)"
1769531347.581,190,2,"(15.27, 30.0)"
1769531347.592,190,2,"(1.77, 28.0)"
1769531347.603,190,2,"(10.49, 26.0)"
1769531347.613,190,2,"(23.69, 26.0)"
1769531347.624,190,2,"(-7.71, 26.0)"
1769531347.635,190,2,"(-1.52, 28.0)"
1769531347.645,190,2,"(-43.16, 30.0)"
1769531347.655,190,2,"(-30.11, 32.0)"
1769531347.665,190,2,"(-3.7, 32.0)"
1769531347.678,190,2,"(0.14, 32.0)"
1769531347.687,190,2,"(24.86, 32.0)"
1769531347.698,190,2,"(7.05, 32.0)"
1769531347.709,190,2,"(21.72, 32.0)"
1769531347.719,190,2,"(17.11, 32.0)"
1769531347.729,190,2,"(28.7, 34.0)"
1769531347.740,190,2,"(1.0, 34.0)"
1769531347.751,190,2,"(-42.28, 34.0)"
1769531347.761,190,2,"(-27.23, 36.0)"
1769531347.772,190,2,"(-6.78, 38.0)"
1769531347.782,190,2,"(19.21, 38.0)"
1769531347.795,190,2,"(-5.34, 38.0)"
1769531347.805,190,2,"(-7.23, 36.0)"
1769531347.816,190,2,"(-25.17, 34.0)"
1769531347.827,190,2,"(15.43, 32.0)"
1769531347.837,190,2,"(1.62, 30.0)"
1769531347.847,190,2,"(-13.76, 30.0)"
1769531347.860,190,2,"(2.13, 30.0)"
1769531347.871,190,2,"(12.66, 30.0)"
1769531347.882,190,2,"(-37.74, 32.0)"
1769531347.893,190,2,"(-5.81, 30.0)"
1769531347.903,190,2,"(30.95, 30.0)"
1769531347.914,190,2,"(17.6, 30.0)"
1769531347.924,190,2,"(32.89, 32.0)"
1769531347.935,190,2,"(13.41, 32.0)"
1769531347.945,190,2,"(14.76, 32.0)"
1769531347.955,190,2,"(-2.57, 32.0)"
1769531347.965,190,2,"(15.46, 30.0)"
1769531347.976,190,2,"(-17.93, 30.0)"
1769531347.987,190,2,"(-12.2, 30.0)"
1769531347.997,190,2,"(1.86, 30.0)"
1769531348.008,190,2,"(1.76, 28.0)"
1769531348.018,190,2,"(6.82, 28.0)"
1769531348.028,190,2,"(7.64, 26.0)"
1769531348.039,190,2,"(16.73, 26.0)"
1769531348.049,190,2,"(8.61, 26.0)"
1769531348.060,190,2,"(0.8, 26.0)"
1769531348.071,190,2,"(23.1, 26.0)"
1769531348.082,190,2,"(3.5, 26.0)"
1769531348.093,190,2,"(-22.03, 26.0)"
1769531348.104,190,2,"(-24.56, 26.0)"
1769531348.114,190,2,"(-13.09, 26.0)"
1769531348.125,190,2,"(6.62, 26.0)"
1769531348.135,190,2,"(18.31, 24.0)"
1769531348.145,190,2,"(0.78, 24.0)"
1769531348.156,190,2,"(36.12, 24.0)"
1769531348.166,190,2,"(41.82, 24.0)"
1769531348.177,190,2,"(35.13, 24.0)"
1769531348.187,190,2,"(17.33, 24.0)"
1769531348.198,190,2,"(-9.01, 22.0)"
1769531348.209,190,2,"(-1.5, 22.0)"
1769531348.219,190,2,"(16.38, 22.0)"
1769531348.230,190,2,"(-34.83, 24.0)"
1769531348.240,190,2,"(-23.98, 24.0)"
1769531348.251,190,2,"(-25.43, 26.0)"
1769531348.261,190,2,"(-16.86, 28.0)"
1769531348.272,190,2,"(-13.58, 28.0)"
1769531348.284,190,2,"(-2.57, 28.0)"
1769531348.293,190,2,"(1.21, 28.0)"
1769531348.304,190,2,"(-25.5, 28.0)"
1769531348.314,190,2,"(-48.79, 30.0)"
1769531348.325,190,2,"(0.61, 30.0)"
1769531348.335,190,2,"(-15.94, 32.0)"
1769531348.346,190,2,"(11.4, 32.0)"
1769531348.357,190,2,"(13.05, 32.0)"
1769531348.368,190,2,"(21.62, 32.0)"
1769531348.378,190,2,"(11.45, 34.0)"
1769531348.389,190,2,"(-38.24, 34.0)"
1769531348.400,190,2,"(-8.93, 34.0)"
1769531348.410,190,2,"(-3.74, 34.0)"
1769531348.420,190,2,"(-0.53, 34.0)"
1769531348.430,190,2,"(-32.7, 34.0)"
1769531348.443,190,2,"(-36.9, 34.0)"
1769531348.453,190,2,"(-1.44, 34.0)"
1769531348.464,190,2,"(-8.8, 34.0)"
1769531348.474,190,2,"(11.61, 34.0)"
1769531348.485,190,2,"(29.58, 34.0)"
1769531348.495,190,2,"(-17.26, 34.0)"
1769531348.506,190,2,"(5.66, 32.0)"
1769531348.516,190,2,"(13.27, 32.0)"
1769531348.527,190,2,"(-18.18, 32.0)"
1769531348.537,190,2,"(-0.93, 34.0)"
1769531348.547,190,2,"(-4.02, 34.0)"
1769531348.560,190,2,"(-9.14, 34.0)"
1769531348.570,190,2,"(3.6, 32.0)"
1769531348.580,190,2,"(-8.74, 32.0)"
1769531348.591,190,2,"(-8.07, 30.0)"
1769531348.601,190,2,"(-26.4, 32.0)"
1769531348.612,190,2,"(10.41, 30.0)"
1769531348.623,190,2,"(5.72, 30.0)"
1769531348.635,190,2,"(6.26, 30.0)"
1769531348.645,190,2,"(-13.24, 28.0)"
1769531348.656,190,2,"(18.89, 28.0)"
1769531348.666,190,2,"(31.32, 28.0)"
1769531348.677,190,2,"(23.2, 28.0)"
1769531348.687,190,2,"(16.29, 28.0)"
1769531348.698,190,2,"(7.91, 26.0)"
1769531348.708,190,2,"(15.44, 26.0)"
1769531348.719,190,2,"(20.86, 26.0)"
1769531348.729,190,2,"(4.9, 26.0)"
1769531348.740,190,2,"(3.58, 26.0)"
1769531348.751,190,2,"(-0.67, 26.0)"
1769531348.761,190,2,"(19.94, 26.0)"
1769531348.771,190,2,"(38.95, 28.0)"
1769531348.781,190,2,"(7.65, 26.0)"
1769531348.791,190,2,"(-6.26, 26.0)"
1769531348.801,190,2,"(16.79, 26.0)"
1769531348.812,190,2,"(-26.27, 26.0)"
1769531348.823,190,2,"(-15.35, 26.0)"
1769531348.833,190,2,"(-14.96, 26.0)"
1769531348.843,190,2,"(3.15, 26.0)"
1769531348.853,190,2,"(33.75, 28.0)"
1769531348.864,190,2,"(23.03, 28.0)"
1769531348.874,190,2,"(-28.79, 30.0)"
1769531348.885,190,2,"(-21.79, 30.0)"
1769531348.895,190,2,"(5.55, 30.0)"
1769531348.907,190,2,"(-26.4, 30.0)"
1769531348.917,190,2,"(-5.88, 30.0)"
1769531348.928,190,2,"(-11.31, 30.0)"
1769531348.939,190,2,"(23.66, 30.0)"
1769531348.949,190,2,"(9.95, 30.0)"
1769531348.960,190,2,"(4.73, 30.0)"
1769531348.971,190,2,"(2.4, 30.0)"
1769531348.981,190,2,"(-19.13, 30.0)"
1769531348.993,190,2,"(41.83, 32.0)"
1769531349.003,190,2,"(-33.75, 34.0)"
1769531349.013,190,2,"(5.47, 34.0)"
1769531349.025,190,2,"(12.01, 34.0)"
1769531349.035,190,2,"(-5.06, 32.0)"
1769531349.045,190,2,"(5.14, 32.0)"
1769531349.055,190,2,"(-2.19, 32.0)"
1769531349.066,190,2,"(-0.61, 30.0)"
1769531349.076,190,2,"(4.26, 30.0)"
1769531349.087,190,2,"(0.29, 30.0)"
1769531349.097,190,2,"(-15.53, 28.0)"
1769531349.108,190,2,"(-4.51, 26.0)"
1769531349.118,190,2,"(11.51, 26.0)"
1769531349.129,190,2,"(27.34, 26.0)"
1769531349.140,190,2,"(-21.25, 26.0)"
1769531349.150,190,2,"(-3.11, 26.0)"
1769531349.160,190,2,"(15.88, 26.0)"
1769531349.171,190,2,"(29.63, 26.0)"
1769531349.181,190,2,"(13.48, 26.0)"
1769531349.192,190,2,"(2.45, 26.0)"
1769531349.202,190,2,"(12.22, 24.0)"
1769531349.213,190,2,"(16.46, 24.0)"
1769531349.224,190,2,"(26.17, 24.0)"
1769531349.234,190,2,"(3.85, 24.0)"
1769531349.245,190,2,"(15.87, 24.0)"
1769531349.255,190,2,"(14.62, 22.0)"
1769531349.266,190,2,"(19.15, 20.0)"
1769531352.448,190,3,"(0.34, 0.0)"
1769531352.459,190,3,"(-0.23, 0.0)"
1769531352.469,190,3,"(-0.03, 0.0)"
1769531352.480,190,3,"(-0.66, 0.0)"
1769531352.491,190,3,"(-1.02, 0.0)"
1769531352.502,190,3,"(-0.78, 0.0)"
1769531352.513,190,3,"(-1.04, 0.0)"
1769531352.523,190,3,"(0.77, 0.0)"
1769531352.533,190,3,"(4.4, 0.0)"
1769531352.544,190,3,"(4.44, 0.0)"
1769531352.555,190,3,"(-0.25, 0.0)"
1769531352.565,190,3,"(0.49, 0.0)"
1769531352.576,190,3,"(0.84, 0.0)"
1769531352.587,190,3,"(-0.56, 0.0)"
1769531352.598,190,3,"(0.27, 0.0)"
1769531352.608,190,3,"(-2.72, 0.0)"
1769531352.618,190,3,"(-1.93, 0.0)"
1769531352.629,190,3,"(0.82, 0.0)"
1769531352.640,190,3,"(1.11, 0.0)"
1769531352.650,190,3,"(0.7, 0.0)"
1769531352.661,190,3,"(0.06, 0.0)"
1769531352.672,190,3,"(0.33, 0.0)"
1769531352.683,190,3,"(-0.57, 0.0)"
1769531352.693,190,3,"(2.45, 0.0)"
1769531352.703,190,3,"(-1.26, 0.0)"
1769531352.714,190,3,"(2.54, 0.0)"
1769531352.725,190,3,"(2.78, 0.0)"
1769531352.736,190,3,"(-0.81, 0.0)"
1769531352.746,190,3,"(-2.29, 0.0)"
1769531352.756,190,3,"(3.56, 0.0)"
1769531352.768,190,3,"(2.33, 0.0)"
1769531352.778,190,3,"(0.4, 0.0)"
1769531352.791,190,3,"(-0.8, 0.0)"
1769531352.801,190,3,"(-0.25, 0.0)"
1769531352.812,190,3,"(-0.48, 0.0)"
1769531352.822,190,3,"(-0.21, 0.0)"
1769531352.832,190,3,"(0.34, 0.0)"
1769531352.843,190,3,"(0.99, 0.0)"
1769531352.853,190,3,"(2.24, 0.0)"
1769531352.864,190,3,"(0.8, 0.0)"
1769531352.874,190,3,"(0.78, 0.0)"
1769531352.885,190,3,"(1.42, 0.0)"
1769531352.895,190,3,"(-0.93, 0.0)"
1769531352.907,190,3,"(0.45, 0.0)"
1769531352.916,190,3,"(-1.25, 0.0)"
1769531352.926,190,3,"(-1.23, 0.0)"
1769531352.937,190,3,"(-0.2, 0.0)"
1769531352.947,190,3,"(1.03, 0.0)"
1769531352.958,190,3,"(1.22, 0.0)"
1769531352.969,190,3,"(-0.14, 0.0)"
1769531352.979,190,3,"(-0.45, 0.0)"
1769531352.990,190,3,"(-0.67, 0.0)"
1769531353.000,190,3,"(0.02, 0.0)"
1769531353.010,190,3,"(-5.17, 0.0)"
1769531353.022,190,3,"(-5.08, 0.0)"
1769531353.033,190,3,"(-2.75, 0.0)"
1769531353.043,190,3,"(-0.65, 0.0)"
1769531353.055,190,3,"(3.5, 0.0)"
1769531353.065,190,3,"(2.77, 0.0)"
1769531353.075,190,3,"(-1.21, 0.0)"
1769531353.086,190,3,"(1.67, 0.0)"
1769531353.096,190,3,"(0.65, 0.0)"
1769531353.106,190,3,"(2.49, 0.0)"
1769531353.117,190,3,"(-1.69, 0.0)"
1769531353.127,190,3,"(-0.68, 2.0)"
1769531353.140,190,3,"(-0.64, 0.0)"
1769531353.150,190,3,"(1.92, 2.0)"
1769531353.160,190,3,"(-3.17, 2.0)"
1769531353.171,190,3,"(-4.86, 2.0)"
1769531353.182,190,3,"(3.83, 2.0)"
1769531353.192,190,3,"(2.69, 2.0)"
1769531353.203,190,3,"(-1.66, 2.0)"
1769531353.214,190,3,"(-1.23, 2.0)"
1769531353.224,190,3,"(1.16, 2.0)"
1769531353.235,190,3,"(-1.44, 2.0)"
1769531353.245,190,3,"(-0.45, 2.0)"
1769531353.255,190,3,"(-0.57, 2.0)"
1769531353.266,190,3,"(0.82, 2.0)"
1769531353.276,190,3,"(4.36, 2.0)"
1769531353.287,190,3,"(2.1, 2.0)"
1769531353.298,190,3,"(-1.19, 2.0)"
1769531353.308,190,3,"(-1.03, 2.0)"
1769531353.318,190,3,"(0.1, 2.0)"
1769531353.328,190,3,"(-0.17, 2.0)"
1769531353.339,190,3,"(-0.27, 2.0)"
1769531353.350,190,3,"(-1.39, 2.0)"
1769531353.360,190,3,"(0.69, 2.0)"
1769531353.372,190,3,"(0.39, 2.0)"
1769531353.383,190,3,"(-3.22, 2.0)"
1769531353.394,190,3,"(-1.67, 2.0)"
1769531353.406,190,3,"(0.54, 2.0)"
1769531353.416,190,3,"(0.42, 2.0)"
1769531353.426,190,3,"(-1.0, 2.0)"
1769531353.439,190,3,"(-2.22, 2.0)"
1769531353.450,190,3,"(-0.34, 2.0)"
1769531353.460,190,3,"(-1.93, 0.0)"
1769531353.471,190,3,"(-1.64, 0.0)"
1769531353.481,190,3,"(-0.71, 0.0)"
1769531353.491,190,3,"(1.68, 0.0)"
1769531353.502,190,3,"(3.95, 0.0)"
1769531353.512,190,3,"(4.45, 2.0)"
1769531353.522,190,3,"(-1.43, 2.0)"
1769531353.533,190,3,"(-0.25, 0.0)"
1769531353.543,190,3,"(3.19, 0.0)"
1769531353.554,190,3,"(-0.71, 0.0)"
1769531353.564,190,3,"(-0.98, 0.0)"
1769531353.575,190,3,"(1.94, 0.0)"
1769531353.585,190,3,"(1.33, 0.0)"
1769531353.595,190,3,"(-0.76, 0.0)"
1769531353.606,190,3,"(-0.49, 0.0)"
1769531353.616,190,3,"(-2.27, 0.0)"
1769531353.626,190,3,"(-1.31, 0.0)"
1769531353.637,190,3,"(1.85, 0.0)"
1769531353.648,190,3,"(2.1, 0.0)"
1769531353.659,190,3,"(-2.24, 2.0)"
1769531353.669,190,3,"(-1.82, 2.0)"
1769531353.680,190,3,"(0.91, 2.0)"
1769531353.690,190,3,"(1.44, 2.0)"
1769531353.700,190,3,"(1.92, 2.0)"
1769531353.711,190,3,"(-0.67, 2.0)"
1769531353.721,190,3,"(0.85, 2.0)"
1769531353.731,190,3,"(0.43, 2.0)"
1769531353.743,190,3,"(2.61, 2.0)"
1769531353.753,190,3,"(1.37, 2.0)"
1769531353.764,190,3,"(1.37, 0.0)"
1769531353.776,190,3,"(0.1, 0.0)"
1769531353.786,190,3,"(-0.37, 0.0)"
1769531353.797,190,3,"(-2.27, 0.0)"
1769531353.808,190,3,"(-6.47, 0.0)"
1769531353.818,190,3,"(-6.74, 2.0)"
1769531353.828,190,3,"(-1.21, 2.0)"
1769531353.838,190,3,"(3.08, 2.0)"
1769531353.849,190,3,"(-0.9, 2.0)"
1769531353.860,190,3,"(-1.16, 2.0)"
1769531353.871,190,3,"(1.12, 2.0)"
1769531353.882,190,3,"(-0.99, 2.0)"
1769531353.892,190,3,"(-2.62, 2.0)"
1769531353.903,190,3,"(-2.56, 2.0)"
1769531353.913,190,3,"(-2.24, 2.0)"
1769531353.925,190,3,"(0.83, 2.0)"
1769531353.935,190,3,"(2.9, 2.0)"
1769531353.946,190,3,"(0.59, 2.0)"
1769531353.956,190,3,"(0.33, 2.0)"
1769531353.967,190,3,"(1.76, 2.0)"
1769531353.978,190,3,"(0.69, 2.0)"
1769531353.988,190,3,"(-0.03, 2.0)"
1769531353.999,190,3,"(1.06, 2.0)"
1769531354.010,190,3,"(1.84, 2.0)"
1769531354.021,190,3,"(0.87, 2.0)"
1769531354.031,190,3,"(1.02, 2.0)"
1769531354.042,190,3,"(-1.29, 2.0)"
1769531354.052,190,3,"(0.88, 2.0)"
1769531354.062,190,3,"(1.0, 2.0)"
1769531354.073,190,3,"(3.04, 2.0)"
1769531354.083,190,3,"(1.47, 2.0)"
1769531354.095,190,3,"(1.07, 2.0)"
1769531354.105,190,3,"(-3.37, 2.0)"
1769531354.116,190,3,"(-1.99, 2.0)"
1769531354.127,190,3,"(-0.95, 2.0)"
1769531354.137,190,3,"(-1.83, 2.0)"
1769531354.148,190,3,"(-1.66, 2.0)"
1769531354.157,190,3,"(-0.06, 2.0)"
1769531354.168,190,3,"(0.36, 2.0)"
1769531354.178,190,3,"(-2.5, 2.0)"
1769531354.189,190,3,"(-2.78, 2.0)"
1769531354.199,190,3,"(-0.83, 2.0)"
1769531354.210,190,3,"(4.24, 2.0)"
1769531354.221,190,3,"(2.37, 2.0)"
1769531354.231,190,3,"(-1.68, 2.0)"
1769531354.242,190,3,"(-0.25, 2.0)"
1769531354.253,190,3,"(0.14, 2.0)"
1769531354.264,190,3,"(0.72, 2.0)"
1769531354.274,190,3,"(1.16, 2.0)"
1769531354.285,190,3,"(3.06, 2.0)"
1769531354.295,190,3,"(-0.65, 2.0)"
1769531354.305,190,3,"(-0.36, 2.0)"
1769531354.315,190,3,"(0.05, 2.0)"
1769531354.325,190,3,"(0.03, 2.0)"
1769531354.336,190,3,"(-3.52, 2.0)"
1769531354.346,190,3,"(3.67, 2.0)"
1769531354.357,190,3,"(2.14, 2.0)"
1769531354.368,190,3,"(2.46, 2.0)"
1769531354.379,190,3,"(-5.73, 2.0)"
1769531354.389,190,3,"(-2.94, 2.0)"
1769531354.400,190,3,"(1.13, 2.0)"
1769531354.410,190,3,"(2.32, 2.0)"
1769531354.421,190,3,"(3.6, 2.0)"
1769531354.432,190,3,"(-4.84, 2.0)"
1769531354.443,190,3,"(-1.08, 2.0)"
1769531354.453,190,3,"(2.13, 2.0)"
1769531354.464,190,3,"(2.34, 2.0)"
1769531354.475,190,3,"(4.81, 2.0)"
1769531354.485,190,3,"(-0.11, 2.0)"
1769531354.495,190,3,"(0.03, 2.0)"
1769531354.506,190,3,"(-1.11, 2.0)"
1769531354.516,190,3,"(-1.91, 2.0)"
1769531354.526,190,3,"(2.13, 2.0)"
1769531354.537,190,3,"(0.74, 2.0)"
1769531354.548,190,3,"(-1.2, 2.0)"
1769531354.558,190,3,"(1.11, 2.0)"
1769531354.568,190,3,"(-0.51, 2.0)"
1769531354.579,190,3,"(-2.39, 2.0)"
1769531354.590,190,3,"(-0.74, 2.0)"
1769531354.600,190,3,"(1.9, 2.0)"
1769531354.611,190,3,"(1.5, 2.0)"
1769531354.621,190,3,"(1.46, 2.0)"
1769531354.631,190,3,"(0.44, 2.0)"
1769531354.641,190,3,"(1.9, 2.0)"
1769531354.652,190,3,"(-1.98, 2.0)"
1769531354.662,190,3,"(0.38, 2.0)"
1769531354.673,190,3,"(-0.96, 2.0)"
1769531354.684,190,3,"(0.51, 2.0)"
1769531354.695,190,3,"(-1.7, 0.0)"
1769531354.704,190,3,"(-2.36, 0.0)"
1769531354.715,190,3,"(-0.6, 0.0)"
1769531354.725,190,3,"(1.26, 0.0)"
1769531354.737,190,3,"(1.25, 0.0)"
1769531354.747,190,3,"(1.12, 0.0)"
1769531354.757,190,3,"(-0.68, 0.0)"
1769531354.768,190,3,"(1.94, 0.0)"
1769531354.778,190,3,"(-0.29, 0.0)"
1769531354.789,190,3,"(-1.16, 0.0)"
1769531354.799,190,3,"(-2.44, 0.0)"
1769531354.810,190,3,"(-2.2, 0.0)"
1769531354.821,190,3,"(-0.47, 0.0)"
1769531354.832,190,3,"(-1.23, 0.0)"
1769531354.842,190,3,"(-0.07, 0.0)"
1769531354.852,190,3,"(-0.3, 0.0)"
1769531354.863,190,3,"(2.48, 0.0)"
1769531354.873,190,3,"(-1.35, 0.0)"
1769531354.884,190,3,"(-0.26, 0.0)"
1769531354.894,190,3,"(1.67, 0.0)"
1769531354.905,190,3,"(2.2, 0.0)"
1769531354.916,190,3,"(-0.8, 0.0)"
1769531354.926,190,3,"(-1.76, 0.0)"
1769531354.936,190,3,"(-2.45, 0.0)"
1769531354.946,190,3,"(-0.26, 0.0)"
1769531354.956,190,3,"(-1.82, 0.0)"
1769531354.967,190,3,"(-0.57, 0.0)"
1769531354.979,190,3,"(-0.19, 0.0)"
1769531354.990,190,3,"(1.78, 0.0)"
1769531355.000,190,3,"(-0.31, 0.0)"
1769531355.010,190,3,"(-0.61, 0.0)"
1769531355.021,190,3,"(3.66, 0.0)"
1769531355.031,190,3,"(4.32, 0.0)"
1769531355.043,190,3,"(1.17, 0.0)"
1769531355.053,190,3,"(0.37, 0.0)"
1769531355.064,190,3,"(1.22, 0.0)"
1769531355.074,190,3,"(2.44, 0.0)"
1769531355.085,190,3,"(0.9, 0.0)"
1769531355.095,190,3,"(-1.43, 0.0)"
1769531355.105,190,3,"(-1.8, 0.0)"
1769531355.116,190,3,"(1.33, 0.0)"
1769531355.127,190,3,"(2.45, 0.0)"
1769531355.137,190,3,"(-2.77, 0.0)"
1769531355.148,190,3,"(0.61, 2.0)"
1769531355.158,190,3,"(2.94, 2.0)"
1769531355.170,190,3,"(-2.37, 2.0)"
1769531355.180,190,3,"(0.31, 2.0)"
1769531355.191,190,3,"(-0.37, 2.0)"
1769531355.202,190,3,"(-0.78, 2.0)"
1769531355.213,190,3,"(1.32, 2.0)"
1769531355.225,190,3,"(2.07, 2.0)"
1769531355.235,190,3,"(-0.85, 2.0)"
1769531355.245,190,3,"(0.81, 2.0)"
1769531355.256,190,3,"(-0.7, 2.0)"
1769531355.266,190,3,"(4.21, 2.0)"
1769531355.276,190,3,"(2.19, 2.0)"
1769531355.287,190,3,"(-0.83, 2.0)"
1769531355.298,190,3,"(-2.65, 2.0)"
1769531355.308,190,3,"(-0.14, 2.0)"
1769531355.318,190,3,"(-2.47, 2.0)"
1769531355.329,190,3,"(-1.02, 2.0)"
1769531355.340,190,3,"(1.01, 2.0)"
1769531355.351,190,3,"(0.21, 2.0)"
1769531355.361,190,3,"(1.12, 2.0)"
1769531355.372,190,3,"(0.51, 2.0)"
1769531355.383,190,3,"(0.07, 2.0)"
1769531355.393,190,3,"(-0.98, 2.0)"
1769531355.405,190,3,"(0.58, 2.0)"
1769531355.415,190,3,"(-3.09, 2.0)"
1769531355.426,190,3,"(0.61, 2.0)"
1769531355.437,190,3,"(-0.42, 2.0)"
1769531355.448,190,3,"(0.29, 2.0)"
1769531357.648,190,4,"(0.58, 0.0)"
1769531357.658,190,4,"(3.9, 0.0)"
1769531357.669,190,4,"(5.12, 2.0)"
1769531357.680,190,4,"(-3.69, 2.0)"
1769531357.691,190,4,"(-7.83, 2.0)"
1769531357.702,190,4,"(-6.24, 2.0)"
1769531357.712,190,4,"(5.46, 2.0)"
1769531357.723,190,4,"(-12.03, 2.0)"
1769531357.733,190,4,"(-31.9, 4.0)"
1769531357.747,190,4,"(-14.1, 8.0)"
1769531357.758,190,4,"(26.81, 10.0)"
1769531357.768,190,4,"(10.63, 10.0)"
1769531357.778,190,4,"(-4.89, 10.0)"
1769531357.788,190,4,"(-3.34, 10.0)"
1769531357.799,190,4,"(10.11, 12.0)"
1769531357.810,190,4,"(-14.08, 12.0)"
1769531357.821,190,4,"(6.68, 12.0)"
1769531357.831,190,4,"(3.57, 12.0)"
1769531357.842,190,4,"(-0.09, 14.0)"
1769531357.852,190,4,"(-13.48, 14.0)"
1769531357.864,190,4,"(-3.0, 14.0)"
1769531357.875,190,4,"(-5.35, 14.0)"
1769531357.885,190,4,"(-3.94, 16.0)"
1769531357.896,190,4,"(-10.39, 16.0)"
1769531357.906,190,4,"(-0.57, 16.0)"
1769531357.916,190,4,"(32.08, 16.0)"
1769531357.927,190,4,"(43.82, 20.0)"
1769531357.939,190,4,"(7.83, 20.0)"
1769531357.949,190,4,"(-11.06, 20.0)"
1769531357.960,190,4,"(-16.45, 20.0)"
1769531357.971,190,4,"(-24.8, 22.0)"
1769531357.981,190,4,"(-27.12, 24.0)"
1769531357.992,190,4,"(12.99, 22.0)"
1769531358.002,190,4,"(0.42, 20.0)"
1769531358.012,190,4,"(0.8, 20.0)"
1769531358.023,190,4,"(-30.67, 20.0)"
1769531358.033,190,4,"(-26.19, 22.0)"
1769531358.045,190,4,"(-17.79, 24.0)"
1769531358.055,190,4,"(-0.22, 24.0)"
1769531358.065,190,4,"(30.29, 24.0)"
1769531358.077,190,4,"(12.87, 26.0)"
1769531358.086,190,4,"(2.06, 26.0)"
1769531358.096,190,4,"(-15.89, 26.0)"
1769531358.106,190,4,"(-24.99, 26.0)"
1769531358.116,190,4,"(-19.73, 28.0)"
1769531358.126,190,4,"(26.68, 28.0)"
1769531358.137,190,4,"(7.25, 30.0)"
1769531358.148,190,4,"(-28.87, 30.0)"
1769531358.160,190,4,"(0.06, 30.0)"
1769531358.171,190,4,"(-20.41, 32.0)"
1769531358.182,190,4,"(15.08, 30.0)"
1769531358.194,190,4,"(20.68, 30.0)"
1769531358.204,190,4,"(27.26, 30.0)"
1769531358.214,190,4,"(14.09, 32.0)"
1769531358.224,190,4,"(15.07, 32.0)"
1769531358.235,190,4,"(-7.87, 30.0)"
1769531358.245,190,4,"(-13.27, 28.0)"
1769531358.255,190,4,"(-6.65, 28.0)"
1769531358.266,190,4,"(-3.68, 28.0)"
1769531358.276,190,4,"(12.05, 28.0)"
1769531358.287,190,4,"(31.79, 28.0)"
1769531358.298,190,4,"(-18.56, 28.0)"
1769531358.308,190,4,"(-9.28, 26.0)"
1769531358.318,190,4,"(7.03, 26.0)"
1769531358.328,190,4,"(-23.49, 26.0)"
1769531358.338,190,4,"(-16.43, 26.0)"
1769531358.349,190,4,"(-6.45, 26.0)"
1769531358.360,190,4,"(-8.78, 26.0)"
1769531358.371,190,4,"(1.34, 24.0)"
1769531358.381,190,4,"(-1.37, 24.0)"
1769531358.392,190,4,"(21.63, 24.0)"
1769531358.402,190,4,"(6.46, 24.0)"
1769531358.413,190,4,"(-12.93, 22.0)"
1769531358.425,190,4,"(-14.03, 22.0)"
1769531358.434,190,4,"(-10.53, 22.0)"
1769531358.445,190,4,"(8.1, 20.0)"
1769531358.457,190,4,"(-3.74, 20.0)"
1769531358.466,190,4,"(-2.65, 20.0)"
1769531358.477,190,4,"(-2.03, 18.0)"
1769531358.487,190,4,"(-15.03, 18.0)"
1769531358.498,190,4,"(-11.41, 18.0)"
1769531358.509,190,4,"(-14.75, 18.0)"
1769531358.519,190,4,"(11.6, 20.0)"
1769531358.530,190,4,"(0.13, 20.0)"
1769531358.541,190,4,"(5.54, 20.0)"
1769531358.551,190,4,"(6.78, 18.0)"
1769531358.561,190,4,"(6.28, 18.0)"
1769531358.574,190,4,"(4.32, 18.0)"
1769531358.584,190,4,"(8.18, 18.0)"
1769531358.594,190,4,"(1.84, 18.0)"
1769531358.607,190,4,"(-21.71, 18.0)"
1769531358.618,190,4,"(-9.37, 18.0)"
1769531358.628,190,4,"(-1.12, 18.0)"
1769531358.641,190,4,"(3.74, 16.0)"
1769531358.651,190,4,"(0.6, 16.0)"
1769531358.662,190,4,"(31.4, 18.0)"
1769531358.674,190,4,"(-5.51, 18.0)"
1769531358.684,190,4,"(12.85, 18.0)"
1769531358.694,190,4,"(2.6, 18.0)"
1769531358.705,190,4,"(6.68, 18.0)"
1769531358.715,190,4,"(-12.95, 18.0)"
1769531358.725,190,4,"(-5.41, 18.0)"
1769531358.740,190,4,"(-6.1, 18.0)"
1769531358.751,190,4,"(-14.32, 20.0)"
1769531358.761,190,4,"(9.26, 18.0)"
1769531358.771,190,4,"(16.6, 18.0)"
1769531358.782,190,4,"(10.77, 18.0)"
1769531358.792,190,4,"(-6.01, 18.0)"
1769531358.803,190,4,"(-4.02, 18.0)"
1769531358.814,190,4,"(38.82, 20.0)"
1769531358.824,190,4,"(15.52, 20.0)"
1769531358.835,190,4,"(-1.36, 20.0)"
1769531358.845,190,4,"(-42.5, 22.0)"
1769531358.857,190,4,"(34.56, 22.0)"
1769531358.867,190,4,"(13.26, 24.0)"
1769531358.878,190,4,"(11.2, 24.0)"
1769531358.889,190,4,"(-12.26, 24.0)"
1769531358.899,190,4,"(-26.73, 24.0)"
1769531358.910,190,4,"(-7.42, 24.0)"
1769531358.920,190,4,"(19.13, 24.0)"
1769531358.930,190,4,"(18.07, 24.0)"
1769531358.941,190,4,"(0.54, 24.0)"
1769531358.951,190,4,"(23.64, 24.0)"
1769531358.962,190,4,"(27.02, 26.0)"
1769531358.972,190,4,"(-0.64, 26.0)"
1769531358.983,190,4,"(-3.08, 24.0)"
1769531358.995,190,4,"(6.21, 24.0)"
1769531359.006,190,4,"(-3.41, 24.0)"
1769531359.016,190,4,"(-3.43, 24.0)"
1769531359.027,190,4,"(-31.61, 26.0)"
1769531359.037,190,4,"(-8.19, 26.0)"
1769531359.048,190,4,"(2.35, 26.0)"
1769531359.058,190,4,"(-0.42, 26.0)"
1769531359.068,190,4,"(-14.62, 24.0)"
1769531359.079,190,4,"(-8.22, 22.0)"
1769531359.090,190,4,"(6.03, 22.0)"
1769531359.100,190,4,"(4.43, 22.0)"
1769531359.110,190,4,"(2.07, 20.0)"
1769531359.121,190,4,"(4.15, 18.0)"
1769531359.131,190,4,"(2.04, 18.0)"
1769531359.141,190,4,"(-1.75, 18.0)"
1769531359.152,190,4,"(-9.01, 16.0)"
1769531359.164,190,4,"(-7.54, 16.0)"
1769531359.175,190,4,"(-3.84, 16.0)"
1769531359.185,190,4,"(0.0, 16.0)"
1769531359.195,190,4,"(5.57, 14.0)"
1769531359.207,190,4,"(-2.43, 14.0)"
1769531359.217,190,4,"(-5.18, 12.0)"
1769531359.228,190,4,"(3.44, 12.0)"
1769531359.241,190,4,"(1.98, 12.0)"
1769531359.251,190,4,"(0.45, 12.0)"
1769531359.261,190,4,"(-4.58, 10.0)"
1769531359.272,190,4,"(8.11, 10.0)"
1769531359.282,190,4,"(4.06, 8.0)"
1769531359.292,190,4,"(-0.71, 8.0)"
1769531359.303,190,4,"(0.33, 8.0)"
1769531359.314,190,4,"(3.69, 6.0)"
1769531359.325,190,4,"(1.86, 6.0)"
1769531359.335,190,4,"(1.91, 6.0)"
1769531359.345,190,4,"(-5.22, 6.0)"
1769531359.357,190,4,"(4.21, 6.0)"
1769531359.366,190,4,"(2.4, 6.0)"
1769531359.377,190,4,"(2.83, 6.0)"
1769531359.387,190,4,"(-4.84, 6.0)"
1769531359.398,190,4,"(2.37, 6.0)"
1769531359.408,190,4,"(4.94, 4.0)"
1769531359.419,190,4,"(8.29, 4.0)"
1769531359.429,190,4,"(-1.91, 4.0)"
1769531359.440,190,4,"(-4.09, 4.0)"
1769531359.450,190,4,"(-9.03, 4.0)"
1769531359.460,190,4,"(-5.42, 4.0)"
1769531359.471,190,4,"(-7.5, 6.0)"
1769531359.481,190,4,"(0.24, 6.0)"
1769531359.491,190,4,"(12.34, 6.0)"
1769531359.502,190,4,"(-10.87, 6.0)"
1769531359.513,190,4,"(-29.77, 8.0)"
1769531359.523,190,4,"(6.29, 8.0)"
1769531359.533,190,4,"(13.75, 8.0)"
1769531359.544,190,4,"(17.54, 10.0)"
1769531359.554,190,4,"(-1.86, 10.0)"
1769531359.564,190,4,"(3.5, 10.0)"
1769531359.575,190,4,"(5.88, 10.0)"
1769531359.585,190,4,"(2.14, 10.0)"
1769531359.595,190,4,"(1.24, 10.0)"
1769531359.607,190,4,"(1.45, 10.0)"
1769531359.616,190,4,"(1.09, 10.0)"
1769531359.627,190,4,"(18.89, 10.0)"
1769531359.639,190,4,"(11.0, 12.0)"
1769531359.649,190,4,"(9.16, 12.0)"
1769531359.660,190,4,"(-4.16, 14.0)"
1769531359.671,190,4,"(-17.19, 14.0)"
1769531359.681,190,4,"(-1.44, 14.0)"
1769531359.692,190,4,"(8.47, 14.0)"
1769531359.702,190,4,"(-2.9, 14.0)"
1769531359.713,190,4,"(-3.16, 14.0)"
1769531359.723,190,4,"(5.06, 14.0)"
1769531359.733,190,4,"(3.59, 14.0)"
1769531359.743,190,4,"(-0.54, 12.0)"
1769531359.755,190,4,"(-1.87, 12.0)"
1769531359.765,190,4,"(-11.85, 12.0)"
1769531359.775,190,4,"(-4.01, 12.0)"
1769531359.785,190,4,"(-2.52, 10.0)"
1769531359.796,190,4,"(-16.04, 10.0)"
1769531359.806,190,4,"(-21.71, 10.0)"
1769531359.817,190,4,"(4.84, 10.0)"
1769531359.827,190,4,"(0.2, 10.0)"
1769531359.838,190,4,"(-2.54, 10.0)"
1769531359.849,190,4,"(-1.71, 10.0)"
1769531359.860,190,4,"(3.31, 12.0)"
1769531359.871,190,4,"(-7.03, 12.0)"
1769531359.881,190,4,"(0.03, 12.0)"
1769531359.891,190,4,"(-0.1, 10.0)"
1769531359.901,190,4,"(5.42, 8.0)"
1769531359.912,190,4,"(4.54, 8.0)"
1769531359.923,190,4,"(4.89, 8.0)"
1769531359.933,190,4,"(-2.92, 8.0)"
1769531359.943,190,4,"(5.98, 8.0)"
1769531359.955,190,4,"(2.49, 8.0)"
1769531359.965,190,4,"(4.74, 8.0)"
1769531359.975,190,4,"(-1.24, 8.0)"
1769531359.989,190,4,"(3.53, 8.0)"
1769531359.999,190,4,"(0.41, 8.0)"
1769531360.010,190,4,"(5.84, 8.0)"
1769531360.021,190,4,"(1.82, 6.0)"
1769531360.031,190,4,"(-3.56, 6.0)"
1769531360.042,190,4,"(-11.72, 6.0)"
1769531360.052,190,4,"(-7.0, 6.0)"
1769531360.063,190,4,"(-1.23, 6.0)"
1769531360.073,190,4,"(-0.59, 4.0)"
1769531360.083,190,4,"(3.98, 4.0)"
1769531360.094,190,4,"(0.75, 4.0)"
1769531360.105,190,4,"(0.16, 4.0)"
1769531360.116,190,4,"(-3.41, 4.0)"
1769531360.126,190,4,"(-4.07, 4.0)"
1769531360.137,190,4,"(0.89, 4.0)"
1769531360.148,190,4,"(-1.8, 4.0)"
1769531360.158,190,4,"(0.28, 4.0)"
1769531360.169,190,4,"(0.89, 4.0)"
1769531360.178,190,4,"(-0.2, 4.0)"
1769531360.188,190,4,"(9.76, 4.0)"
1769531360.200,190,4,"(6.47, 4.0)"
1769531360.210,190,4,"(-3.88, 4.0)"
1769531360.221,190,4,"(-2.46, 4.0)"
1769531360.232,190,4,"(-1.95, 4.0)"
1769531360.242,190,4,"(0.59, 4.0)"
1769531360.252,190,4,"(3.52, 4.0)"
1769531360.263,190,4,"(1.95, 4.0)"
1769531360.273,190,4,"(3.94, 4.0)"
1769531360.284,190,4,"(0.14, 4.0)"
1769531360.294,190,4,"(3.21, 4.0)"
1769531360.305,190,4,"(2.71, 4.0)"
1769531360.316,190,4,"(0.28, 4.0)"
1769531360.327,190,4,"(1.88, 4.0)"
1769531360.339,190,4,"(1.2, 4.0)"
1769531360.350,190,4,"(0.39, 4.0)"
1769531360.360,190,4,"(-1.25, 4.0)"
1769531360.371,190,4,"(-7.37, 4.0)"
1769531360.382,190,4,"(-3.53, 4.0)"
1769531360.392,190,4,"(1.1, 4.0)"
1769531360.402,190,4,"(1.44, 4.0)"
1769531360.413,190,4,"(-1.21, 2.0)"
1769531360.423,190,4,"(-1.11, 2.0)"
1769531360.433,190,4,"(-3.12, 2.0)"
1769531360.444,190,4,"(6.92, 2.0)"
1769531360.455,190,4,"(4.84, 2.0)"
1769531360.465,190,4,"(3.14, 2.0)"
1769531360.475,190,4,"(6.48, 2.0)"
1769531360.485,190,4,"(0.87, 2.0)"
1769531360.496,190,4,"(0.17, 2.0)"
1769531360.506,190,4,"(0.01, 2.0)"
1769531360.517,190,4,"(4.86, 2.0)"
1769531360.527,190,4,"(5.17, 4.0)"
1769531360.539,190,4,"(11.57, 4.0)"
1769531360.550,190,4,"(1.98, 4.0)"
1769531360.560,190,4,"(-4.65, 4.0)"
1769531360.571,190,4,"(-9.24, 4.0)"
1769531360.582,190,4,"(-2.98, 4.0)"
1769531360.592,190,4,"(3.16, 4.0)"
1769531360.603,190,4,"(-2.42, 4.0)"
1769531360.613,190,4,"(-1.56, 4.0)"
1769531360.623,190,4,"(8.56, 6.0)"
1769531360.634,190,4,"(4.41, 6.0)"
1769531360.645,190,4,"(5.62, 6.0)"
1769538003.294,626,1,"(0.62, 28.0)"
1769538003.304,626,1,"(5.79, 28.0)"
1769538003.315,626,1,"(-7.64, 28.0)"
1769538003.326,626,1,"(2.49, 28.0)"
1769538003.336,626,1,"(-17.14, 28.0)"
1769538003.347,626,1,"(9.68, 28.0)"
1769538003.358,626,1,"(4.41, 28.0)"
1769538003.368,626,1,"(11.16, 26.0)"
1769538003.379,626,1,"(7.94, 24.0)"
1769538003.389,626,1,"(-4.49, 24.0)"
1769538003.400,626,1,"(-5.45, 26.0)"
1769538003.410,626,1,"(-29.97, 24.0)"
1769538003.421,626,1,"(-14.74, 26.0)"
1769538003.431,626,1,"(-16.06, 26.0)"
1769538003.442,626,1,"(-13.39, 26.0)"
1769538003.453,626,1,"(-35.65, 28.0)"
1769538003.463,626,1,"(2.15, 28.0)"
1769538003.474,626,1,"(34.09, 30.0)"
1769538003.485,626,1,"(28.71, 32.0)"
1769538003.495,626,1,"(6.23, 32.0)"
1769538003.506,626,1,"(-15.97, 28.0)"
1769538003.517,626,1,"(7.25, 28.0)"
1769538003.528,626,1,"(16.65, 30.0)"
1769538003.539,626,1,"(1.97, 30.0)"
1769538003.549,626,1,"(-3.13, 30.0)"
1769538003.560,626,1,"(1.14, 30.0)"
1769538003.571,626,1,"(-2.81, 30.0)"
1769538003.581,626,1,"(7.44, 30.0)"
1769538003.592,626,1,"(-10.28, 30.0)"
1769538003.602,626,1,"(-2.27, 28.0)"
1769538003.613,626,1,"(1.84, 28.0)"
1769538003.623,626,1,"(-3.06, 26.0)"
1769538003.633,626,1,"(3.16, 26.0)"
1769538003.643,626,1,"(-5.07, 26.0)"
1769538003.654,626,1,"(-9.68, 24.0)"
1769538003.664,626,1,"(-14.06, 24.0)"
1769538003.676,626,1,"(-12.36, 24.0)"
1769538003.686,626,1,"(-7.61, 22.0)"
1769538003.696,626,1,"(-9.77, 22.0)"
1769538003.707,626,1,"(4.69, 22.0)"
1769538003.717,626,1,"(-7.04, 20.0)"
1769538003.728,626,1,"(-7.76, 18.0)"
1769538003.739,626,1,"(-21.97, 14.0)"
1769538003.749,626,1,"(-22.37, 14.0)"
1769538003.759,626,1,"(-22.26, 14.0)"
1769538003.770,626,1,"(-3.25, 14.0)"
1769538003.780,626,1,"(8.82, 14.0)"
1769538003.791,626,1,"(6.87, 12.0)"
1769538003.802,626,1,"(5.46, 12.0)"
1769538003.813,626,1,"(-3.81, 12.0)"
1769538003.823,626,1,"(-3.67, 14.0)"
1769538003.834,626,1,"(-47.89, 16.0)"
1769538003.845,626,1,"(-4.78, 18.0)"
1769538003.855,626,1,"(14.34, 18.0)"
1769538003.865,626,1,"(14.69, 18.0)"
1769538003.876,626,1,"(17.51, 20.0)"
1769538003.887,626,1,"(-11.02, 20.0)"
1769538003.897,626,1,"(7.33, 20.0)"
1769538003.908,626,1,"(-2.75, 20.0)"
1769538003.918,626,1,"(12.32, 20.0)"
1769538003.930,626,1,"(-2.09, 20.0)"
1769538003.941,626,1,"(0.03, 20.0)"
1769538003.952,626,1,"(1.63, 18.0)"
1769538003.963,626,1,"(21.05, 20.0)"
1769538003.974,626,1,"(-2.25, 20.0)"
1769538003.985,626,1,"(13.26, 20.0)"
1769538003.996,626,1,"(-2.08, 20.0)"
1769538004.007,626,1,"(1.88, 20.0)"
1769538004.018,626,1,"(-5.1, 20.0)"
1769538004.028,626,1,"(9.65, 18.0)"
1769538004.040,626,1,"(6.98, 20.0)"
1769538004.051,626,1,"(-0.92, 20.0)"
1769538004.061,626,1,"(9.96, 20.0)"
1769538004.072,626,1,"(12.46, 20.0)"
1769538004.082,626,1,"(11.51, 20.0)"
1769538004.093,626,1,"(16.86, 18.0)"
1769538004.103,626,1,"(-27.69, 18.0)"
1769538004.114,626,1,"(-10.39, 18.0)"
1769538004.124,626,1,"(-15.19, 18.0)"
1769538004.135,626,1,"(-0.54, 16.0)"
1769538004.146,626,1,"(9.13, 18.0)"
1769538004.156,626,1,"(-7.1, 18.0)"
1769538004.167,626,1,"(-2.68, 18.0)"
1769538004.177,626,1,"(4.09, 18.0)"
1769538004.189,626,1,"(2.08, 18.0)"
1769538004.199,626,1,"(-12.73, 18.0)"
1769538004.210,626,1,"(27.82, 20.0)"
1769538004.222,626,1,"(34.04, 20.0)"
1769538004.232,626,1,"(15.99, 20.0)"
1769538004.243,626,1,"(9.43, 20.0)"
1769538004.253,626,1,"(-6.09, 20.0)"
1769538004.264,626,1,"(5.97, 20.0)"
1769538004.274,626,1,"(1.41, 20.0)"
1769538004.285,626,1,"(-2.54, 20.0)"
1769538004.296,626,1,"(-2.79, 18.0)"
1769538004.306,626,1,"(4.44, 18.0)"
1769538004.317,626,1,"(7.71, 18.0)"
1769538004.327,626,1,"(20.23, 18.0)"
1769538004.338,626,1,"(13.32, 18.0)"
1769538004.347,626,1,"(3.28, 18.0)"
1769538004.358,626,1,"(12.69, 18.0)"
1769538004.368,626,1,"(32.3, 18.0)"
1769538004.378,626,1,"(12.93, 18.0)"
1769538004.389,626,1,"(14.24, 18.0)"
1769538004.399,626,1,"(-2.57, 18.0)"
1769538004.410,626,1,"(9.69, 18.0)"
1769538004.421,626,1,"(-10.86, 18.0)"
1769538004.431,626,1,"(6.6, 18.0)"
1769538004.441,626,1,"(2.75, 18.0)"
1769538004.452,626,1,"(-12.5, 18.0)"
1769538004.462,626,1,"(-6.69, 18.0)"
1769538004.473,626,1,"(3.95, 18.0)"
1769538004.483,626,1,"(1.69, 16.0)"
1769538004.493,626,1,"(-4.38, 14.0)"
1769538004.504,626,1,"(-1.06, 14.0)"
1769538004.514,626,1,"(6.83, 14.0)"
1769538004.524,626,1,"(1.71, 14.0)"
1769538004.535,626,1,"(13.26, 14.0)"
1769538004.546,626,1,"(-6.05, 14.0)"
1769538004.556,626,1,"(-7.54, 16.0)"
1769538004.567,626,1,"(-4.94, 16.0)"
1769538004.577,626,1,"(-2.82, 16.0)"
1769538004.588,626,1,"(-7.61, 16.0)"
1769538004.598,626,1,"(11.83, 16.0)"
1769538004.608,626,1,"(-6.27, 16.0)"
1769538004.619,626,1,"(-3.21, 16.0)"
1769538004.630,626,1,"(-30.87, 14.0)"
1769538004.640,626,1,"(24.63, 16.0)"
1769538004.651,626,1,"(4.0, 16.0)"
1769538004.661,626,1,"(-28.78, 16.0)"
1769538004.671,626,1,"(-11.52, 16.0)"
1769538004.683,626,1,"(-2.08, 16.0)"
1769538004.693,626,1,"(15.84, 16.0)"
1769538004.703,626,1,"(22.79, 18.0)"
1769538004.714,626,1,"(-14.87, 18.0)"
1769538004.724,626,1,"(10.16, 20.0)"
1769538004.735,626,1,"(-15.69, 20.0)"
1769538004.745,626,1,"(-14.51, 20.0)"
1769538004.755,626,1,"(-1.74, 20.0)"
1769538004.765,626,1,"(-8.16, 20.0)"
1769538004.776,626,1,"(14.22, 22.0)"
1769538004.787,626,1,"(3.35, 22.0)"
1769538004.797,626,1,"(3.15, 20.0)"
1769538004.808,626,1,"(-1.98, 20.0)"
1769538004.818,626,1,"(-8.53, 20.0)"
1769538004.828,626,1,"(-13.14, 20.0)"
1769538004.839,626,1,"(-3.98, 20.0)"
1769538004.849,626,1,"(-33.85, 22.0)"
1769538004.860,626,1,"(-15.28, 22.0)"
1769538004.871,626,1,"(-9.61, 22.0)"
1769538004.882,626,1,"(3.01, 22.0)"
1769538004.892,626,1,"(-2.05, 20.0)"
1769538004.903,626,1,"(-16.54, 20.0)"
1769538004.913,626,1,"(-9.9, 20.0)"
1769538004.924,626,1,"(-12.01, 20.0)"
1769538004.935,626,1,"(-14.36, 20.0)"
1769538004.946,626,1,"(-18.13, 20.0)"
1769538004.956,626,1,"(5.83, 20.0)"
1769538004.967,626,1,"(11.51, 20.0)"
1769538004.978,626,1,"(14.9, 18.0)"
1769538004.988,626,1,"(-10.81, 18.0)"
1769538005.000,626,1,"(-20.69, 20.0)"
1769538005.010,626,1,"(14.02, 20.0)"
1769538005.021,626,1,"(-19.31, 20.0)"
1769538005.031,626,1,"(-12.34, 20.0)"
1769538005.043,626,1,"(6.12, 22.0)"
1769538005.053,626,1,"(3.64, 22.0)"
1769538005.064,626,1,"(-7.19, 22.0)"
1769538005.074,626,1,"(7.18, 22.0)"
1769538005.085,626,1,"(-0.91, 22.0)"
1769538005.096,626,1,"(4.1, 20.0)"
1769538005.106,626,1,"(2.76, 20.0)"
1769538005.117,626,1,"(-4.6, 18.0)"
1769538005.128,626,1,"(-1.18, 18.0)"
1769538005.138,626,1,"(4.35, 18.0)"
1769538005.149,626,1,"(10.39, 20.0)"
1769538005.160,626,1,"(12.19, 20.0)"
1769538005.170,626,1,"(2.43, 18.0)"
1769538005.180,626,1,"(-5.46, 18.0)"
1769538005.191,626,1,"(-3.27, 18.0)"
1769538005.202,626,1,"(14.47, 18.0)"
1769538005.213,626,1,"(13.91, 18.0)"
1769538005.223,626,1,"(-0.55, 18.0)"
1769538005.234,626,1,"(-8.63, 18.0)"
1769538005.244,626,1,"(-15.52, 18.0)"
1769538005.255,626,1,"(3.18, 16.0)"
1769538005.265,626,1,"(3.22, 16.0)"
1769538005.276,626,1,"(3.9, 14.0)"
1769538005.287,626,1,"(1.09, 14.0)"
1769538005.297,626,1,"(2.74, 12.0)"
1769538005.307,626,1,"(11.89, 12.0)"
1769538005.318,626,1,"(21.1, 14.0)"
1769538005.329,626,1,"(12.71, 14.0)"
1769538005.339,626,1,"(-4.38, 14.0)"
1769538005.349,626,1,"(4.24, 14.0)"
1769538005.360,626,1,"(-2.35, 14.0)"
1769538005.371,626,1,"(-2.12, 14.0)"
1769538005.382,626,1,"(-4.78, 14.0)"
1769538005.392,626,1,"(-1.08, 14.0)"
1769538005.402,626,1,"(-18.13, 14.0)"
1769538005.413,626,1,"(-25.33, 14.0)"
1769538005.423,626,1,"(-5.32, 14.0)"
1769538005.433,626,1,"(-1.1, 14.0)"
1769538005.445,626,1,"(-8.73, 14.0)"
1769538005.455,626,1,"(3.43, 14.0)"
1769538005.466,626,1,"(-2.29, 12.0)"
1769538005.477,626,1,"(-5.1, 12.0)"
1769538005.487,626,1,"(-0.91, 12.0)"
1769538005.497,626,1,"(-7.15, 12.0)"
1769538005.507,626,1,"(-19.78, 12.0)"
1769538005.519,626,1,"(-13.54, 12.0)"
1769538005.529,626,1,"(5.63, 12.0)"
1769538005.540,626,1,"(-1.86, 12.0)"
1769538005.550,626,1,"(14.82, 14.0)"
1769538005.561,626,1,"(-12.16, 14.0)"
1769538005.571,626,1,"(8.73, 14.0)"
1769538005.582,626,1,"(8.27, 14.0)"
1769538005.593,626,1,"(13.16, 14.0)"
1769538005.603,626,1,"(0.62, 14.0)"
1769538005.614,626,1,"(-21.47, 14.0)"
1769538005.624,626,1,"(-9.21, 16.0)"
1769538005.635,626,1,"(17.7, 18.0)"
1769538005.646,626,1,"(29.67, 18.0)"
1769538005.657,626,1,"(-8.7, 20.0)"
1769538005.667,626,1,"(18.68, 20.0)"
1769538005.677,626,1,"(8.41, 20.0)"
1769538005.687,626,1,"(5.29, 20.0)"
1769538005.698,626,1,"(4.37, 20.0)"
1769538005.709,626,1,"(-17.16, 20.0)"
1769538005.719,626,1,"(-3.81, 20.0)"
1769538005.730,626,1,"(-6.57, 20.0)"
1769538005.741,626,1,"(-1.03, 20.0)"
1769538005.752,626,1,"(0.88, 20.0)"
1769538005.762,626,1,"(-0.99, 20.0)"
1769538005.773,626,1,"(-5.76, 18.0)"
1769538005.784,626,1,"(-8.55, 18.0)"
1769538005.794,626,1,"(-1.68, 18.0)"
1769538005.805,626,1,"(2.16, 18.0)"
1769538005.816,626,1,"(-12.55, 18.0)"
1769538005.827,626,1,"(-9.18, 16.0)"
1769538005.839,626,1,"(29.23, 16.0)"
1769538005.849,626,1,"(60.25, 18.0)"
1769538005.860,626,1,"(16.38, 22.0)"
1769538005.871,626,1,"(-0.69, 22.0)"
1769538005.882,626,1,"(-17.62, 20.0)"
1769538005.892,626,1,"(9.19, 20.0)"
1769538005.903,626,1,"(0.27, 20.0)"
1769538005.914,626,1,"(-6.71, 18.0)"
1769538005.926,626,1,"(3.0, 16.0)"
1769538005.937,626,1,"(-0.6, 16.0)"
1769538005.947,626,1,"(9.71, 16.0)"
1769538005.959,626,1,"(-4.05, 16.0)"
1769538005.969,626,1,"(-9.3, 16.0)"
1769538005.980,626,1,"(4.98, 16.0)"
1769538005.992,626,1,"(43.97, 18.0)"
1769538006.002,626,1,"(-8.43, 20.0)"
1769538006.013,626,1,"(12.17, 22.0)"
1769538006.023,626,1,"(1.7, 22.0)"
1769538006.033,626,1,"(0.21, 22.0)"
1769538006.043,626,1,"(2.31, 22.0)"
1769538006.053,626,1,"(-3.9, 22.0)"
1769538006.064,626,1,"(-9.02, 22.0)"
1769538006.074,626,1,"(9.45, 22.0)"
1769538006.085,626,1,"(13.27, 22.0)"
1769538006.096,626,1,"(2.62, 20.0)"
1769538006.107,626,1,"(9.37, 20.0)"
1769538006.117,626,1,"(14.49, 16.0)"
1769538006.127,626,1,"(-22.33, 16.0)"
1769538006.137,626,1,"(-17.59, 16.0)"
1769538006.148,626,1,"(6.84, 16.0)"
1769538006.158,626,1,"(13.0, 16.0)"
1769538006.168,626,1,"(7.84, 16.0)"
1769538006.179,626,1,"(5.62, 18.0)"
1769538006.191,626,1,"(-17.14, 18.0)"
1769538006.200,626,1,"(-12.17, 18.0)"
1769538006.211,626,1,"(5.87, 18.0)"
1769538006.222,626,1,"(-4.15, 18.0)"
1769538006.232,626,1,"(2.12, 20.0)"
1769538006.242,626,1,"(-13.46, 20.0)"
1769538006.252,626,1,"(1.99, 18.0)"
1769538006.262,626,1,"(9.26, 16.0)"
1769538006.272,626,1,"(-13.01, 16.0)"
1769538006.283,626,1,"(-29.08, 16.0)"
1769538006.293,626,1,"(-10.25, 18.0)"
1769538015.904,626,2,"(21.86, 16.0)"
1769538015.915,626,2,"(9.67, 18.0)"
1769538015.925,626,2,"(27.22, 18.0)"
1769538015.936,626,2,"(4.92, 18.0)"
1769538015.946,626,2,"(4.26, 16.0)"
1769538015.956,626,2,"(-3.84, 16.0)"
1769538015.967,626,2,"(7.2, 16.0)"
1769538015.977,626,2,"(-0.58, 16.0)"
1769538015.989,626,2,"(12.55, 16.0)"
1769538015.999,626,2,"(9.59, 16.0)"
1769538016.009,626,2,"(1.2, 16.0)"
1769538016.020,626,2,"(-4.17, 16.0)"
1769538016.030,626,2,"(-17.6, 18.0)"
1769538016.041,626,2,"(-15.66, 18.0)"
1769538016.051,626,2,"(-3.28, 18.0)"
1769538016.062,626,2,"(-2.53, 18.0)"
1769538016.073,626,2,"(6.11, 18.0)"
1769538016.084,626,2,"(11.07, 18.0)"
1769538016.094,626,2,"(7.9, 18.0)"
1769538016.105,626,2,"(-1.05, 18.0)"
1769538016.115,626,2,"(5.33, 18.0)"
1769538016.126,626,2,"(-1.48, 18.0)"
1769538016.138,626,2,"(1.4, 18.0)"
1769538016.149,626,2,"(-5.71, 18.0)"
1769538016.159,626,2,"(-12.23, 18.0)"
1769538016.169,626,2,"(-10.15, 16.0)"
1769538016.180,626,2,"(-2.01, 14.0)"
1769538016.192,626,2,"(-5.85, 14.0)"
1769538016.202,626,2,"(6.04, 14.0)"
1769538016.212,626,2,"(8.98, 14.0)"
1769538016.223,626,2,"(-1.5, 14.0)"
1769538016.233,626,2,"(-2.29, 14.0)"
1769538016.243,626,2,"(-12.16, 14.0)"
1769538016.257,626,2,"(12.77, 14.0)"
1769538016.266,626,2,"(5.4, 14.0)"
1769538016.276,626,2,"(3.66, 14.0)"
1769538016.287,626,2,"(-2.59, 14.0)"
1769538016.298,626,2,"(2.5, 12.0)"
1769538016.309,626,2,"(13.09, 12.0)"
1769538016.319,626,2,"(9.97, 14.0)"
1769538016.329,626,2,"(9.84, 14.0)"
1769538016.340,626,2,"(4.31, 12.0)"
1769538016.350,626,2,"(10.49, 12.0)"
1769538016.360,626,2,"(15.77, 14.0)"
1769538016.371,626,2,"(18.35, 14.0)"
1769538016.381,626,2,"(6.4, 16.0)"
1769538016.391,626,2,"(-31.77, 16.0)"
1769538016.402,626,2,"(0.7, 18.0)"
1769538016.412,626,2,"(21.66, 18.0)"
1769538016.422,626,2,"(19.96, 18.0)"
1769538016.433,626,2,"(-8.37, 18.0)"
1769538016.443,626,2,"(2.59, 18.0)"
1769538016.454,626,2,"(2.54, 18.0)"
1769538016.464,626,2,"(-3.99, 18.0)"
1769538016.475,626,2,"(-11.55, 18.0)"
1769538016.486,626,2,"(17.4, 18.0)"
1769538016.496,626,2,"(11.29, 18.0)"
1769538016.506,626,2,"(3.67, 18.0)"
1769538016.519,626,2,"(-3.51, 18.0)"
1769538016.528,626,2,"(-0.29, 18.0)"
1769538016.539,626,2,"(-16.53, 20.0)"
1769538016.551,626,2,"(-8.22, 20.0)"
1769538016.562,626,2,"(-4.41, 20.0)"
1769538016.573,626,2,"(-8.04, 18.0)"
1769538016.584,626,2,"(1.61, 18.0)"
1769538016.594,626,2,"(5.11, 18.0)"
1769538016.606,626,2,"(-14.07, 18.0)"
1769538016.616,626,2,"(0.04, 18.0)"
1769538016.627,626,2,"(-19.55, 16.0)"
1769538016.637,626,2,"(17.44, 16.0)"
1769538016.648,626,2,"(-3.05, 14.0)"
1769538016.658,626,2,"(-28.69, 14.0)"
1769538016.669,626,2,"(-2.78, 14.0)"
1769538016.680,626,2,"(-1.4, 14.0)"
1769538016.691,626,2,"(1.97, 14.0)"
1769538016.701,626,2,"(-0.39, 14.0)"
1769538016.713,626,2,"(-4.52, 14.0)"
1769538016.723,626,2,"(-9.78, 14.0)"
1769538016.734,626,2,"(-8.18, 14.0)"
1769538016.744,626,2,"(16.73, 14.0)"
1769538016.755,626,2,"(3.26, 14.0)"
1769538016.765,626,2,"(-2.98, 14.0)"
1769538016.776,626,2,"(7.67, 14.0)"
1769538016.787,626,2,"(17.44, 14.0)"
1769538016.797,626,2,"(1.03, 16.0)"
1769538016.807,626,2,"(8.63, 16.0)"
1769538016.818,626,2,"(-24.96, 18.0)"
1769538016.828,626,2,"(-0.08, 18.0)"
1769538016.839,626,2,"(3.53, 18.0)"
1769538016.849,626,2,"(3.17, 18.0)"
1769538016.859,626,2,"(22.29, 18.0)"
1769538016.870,626,2,"(-11.22, 18.0)"
1769538016.880,626,2,"(2.21, 18.0)"
1769538016.890,626,2,"(8.62, 16.0)"
1769538016.901,626,2,"(10.48, 16.0)"
1769538016.912,626,2,"(-6.41, 16.0)"
1769538016.922,626,2,"(3.65, 16.0)"
1769538016.933,626,2,"(13.87, 16.0)"
1769538016.943,626,2,"(23.58, 18.0)"
1769538016.954,626,2,"(12.75, 18.0)"
1769538016.964,626,2,"(13.12, 18.0)"
1769538016.974,626,2,"(3.74, 18.0)"
1769538016.985,626,2,"(5.8, 18.0)"
1769538016.996,626,2,"(10.37, 16.0)"
1769538017.006,626,2,"(19.34, 16.0)"
1769538017.019,626,2,"(13.49, 18.0)"
1769538017.029,626,2,"(-0.13, 18.0)"
1769538017.039,626,2,"(-10.11, 18.0)"
1769538017.051,626,2,"(-12.93, 16.0)"
1769538017.061,626,2,"(5.24, 16.0)"
1769538017.072,626,2,"(9.64, 14.0)"
1769538017.082,626,2,"(-6.12, 14.0)"
1769538017.093,626,2,"(-20.78, 16.0)"
1769538017.104,626,2,"(5.55, 16.0)"
1769538017.114,626,2,"(1.97, 16.0)"
1769538017.124,626,2,"(4.53, 14.0)"
1769538017.135,626,2,"(7.17, 14.0)"
1769538017.146,626,2,"(-2.14, 14.0)"
1769538017.156,626,2,"(-2.38, 14.0)"
1769538017.166,626,2,"(8.31, 14.0)"
1769538017.177,626,2,"(2.83, 14.0)"
1769538017.187,626,2,"(4.42, 14.0)"
1769538017.197,626,2,"(-1.68, 14.0)"
1769538017.208,626,2,"(-3.52, 12.0)"
1769538017.218,626,2,"(-3.48, 12.0)"
1769538017.229,626,2,"(-0.31, 12.0)"
1769538017.239,626,2,"(12.73, 12.0)"
1769538017.250,626,2,"(2.79, 12.0)"
1769538017.260,626,2,"(9.34, 12.0)"
1769538017.271,626,2,"(-3.05, 12.0)"
1769538017.282,626,2,"(-5.06, 12.0)"
1769538017.291,626,2,"(9.49, 12.0)"
1769538017.302,626,2,"(22.9, 12.0)"
1769538017.312,626,2,"(21.72, 12.0)"
1769538017.322,626,2,"(11.75, 14.0)"
1769538017.333,626,2,"(1.05, 14.0)"
1769538017.343,626,2,"(1.5, 12.0)"
1769538017.354,626,2,"(-5.49, 12.0)"
1769538017.365,626,2,"(-18.5, 14.0)"
1769538017.375,626,2,"(-31.05, 16.0)"
1769538017.385,626,2,"(2.57, 16.0)"
1769538017.395,626,2,"(2.42, 16.0)"
1769538017.405,626,2,"(-0.11, 18.0)"
1769538017.416,626,2,"(-8.24, 18.0)"
1769538017.426,626,2,"(4.48, 18.0)"
1769538017.437,626,2,"(6.17, 18.0)"
1769538017.447,626,2,"(4.56, 18.0)"
1769538017.457,626,2,"(-2.69, 18.0)"
1769538017.467,626,2,"(6.21, 18.0)"
1769538017.479,626,2,"(-2.62, 18.0)"
1769538017.488,626,2,"(-5.94, 18.0)"
1769538017.499,626,2,"(4.04, 18.0)"
1769538017.511,626,2,"(-4.53, 18.0)"
1769538017.522,626,2,"(6.81, 18.0)"
1769538017.532,626,2,"(3.5, 18.0)"
1769538017.543,626,2,"(3.17, 18.0)"
1769538017.553,626,2,"(7.52, 18.0)"
1769538017.565,626,2,"(-18.24, 18.0)"
1769538017.574,626,2,"(-10.69, 16.0)"
1769538017.585,626,2,"(2.46, 16.0)"
1769538017.596,626,2,"(3.32, 16.0)"
1769538017.606,626,2,"(7.74, 16.0)"
1769538017.617,626,2,"(5.7, 16.0)"
1769538017.627,626,2,"(-1.18, 14.0)"
1769538017.637,626,2,"(-1.11, 12.0)"
1769538017.647,626,2,"(-11.11, 12.0)"
1769538017.658,626,2,"(-1.69, 12.0)"
1769538017.669,626,2,"(-1.19, 10.0)"
1769538017.679,626,2,"(4.61, 10.0)"
1769538017.690,626,2,"(-4.77, 10.0)"
1769538017.701,626,2,"(10.47, 10.0)"
1769538017.711,626,2,"(-4.48, 10.0)"
1769538017.721,626,2,"(10.77, 10.0)"
1769538017.731,626,2,"(5.65, 10.0)"
1769538017.742,626,2,"(4.84, 10.0)"
1769538017.752,626,2,"(-19.36, 10.0)"
1769538017.762,626,2,"(-8.59, 10.0)"
1769538017.772,626,2,"(3.76, 10.0)"
1769538017.783,626,2,"(10.15, 10.0)"
1769538017.793,626,2,"(-0.98, 10.0)"
1769538017.804,626,2,"(1.27, 12.0)"
1769538017.814,626,2,"(18.05, 12.0)"
1769538017.824,626,2,"(3.1, 12.0)"
1769538017.835,626,2,"(-5.28, 10.0)"
1769538017.846,626,2,"(-3.82, 12.0)"
1769538017.856,626,2,"(1.7, 12.0)"
1769538017.867,626,2,"(2.58, 10.0)"
1769538017.877,626,2,"(-1.57, 10.0)"
1769538017.887,626,2,"(1.61, 10.0)"
1769538017.898,626,2,"(0.13, 10.0)"
1769538017.909,626,2,"(7.68, 12.0)"
1769538017.919,626,2,"(1.76, 12.0)"
1769538017.931,626,2,"(-2.86, 12.0)"
1769538017.941,626,2,"(-11.59, 14.0)"
1769538017.952,626,2,"(1.39, 14.0)"
1769538017.962,626,2,"(5.4, 12.0)"
1769538017.973,626,2,"(1.36, 12.0)"
1769538017.982,626,2,"(16.13, 14.0)"
1769538017.993,626,2,"(5.62, 14.0)"
1769538018.004,626,2,"(7.04, 14.0)"
1769538018.014,626,2,"(1.0, 14.0)"
1769538018.025,626,2,"(-7.09, 14.0)"
1769538018.035,626,2,"(-11.99, 14.0)"
1769538018.046,626,2,"(8.57, 14.0)"
1769538018.057,626,2,"(4.31, 12.0)"
1769538018.067,626,2,"(-7.48, 12.0)"
1769538018.077,626,2,"(-5.3, 12.0)"
1769538018.089,626,2,"(-0.24, 12.0)"
1769538018.099,626,2,"(3.5, 12.0)"
1769538018.110,626,2,"(3.99, 12.0)"
1769538018.121,626,2,"(-10.62, 12.0)"
1769538018.131,626,2,"(-1.92, 12.0)"
1769538018.141,626,2,"(-3.78, 12.0)"
1769538018.152,626,2,"(19.72, 12.0)"
1769538018.163,626,2,"(6.85, 12.0)"
1769538018.173,626,2,"(-1.23, 12.0)"
1769538018.183,626,2,"(-4.06, 12.0)"
1769538018.194,626,2,"(-8.52, 12.0)"
1769538018.204,626,2,"(7.12, 12.0)"
1769538018.214,626,2,"(2.94, 12.0)"
1769538018.225,626,2,"(9.86, 12.0)"
1769538018.235,626,2,"(21.48, 12.0)"
1769538018.247,626,2,"(23.86, 14.0)"
1769538018.257,626,2,"(8.04, 14.0)"
1769538018.268,626,2,"(-0.91, 14.0)"
1769538018.280,626,2,"(-4.11, 14.0)"
1769538018.290,626,2,"(-2.47, 14.0)"
1769538018.301,626,2,"(-6.36, 14.0)"
1769538018.311,626,2,"(-11.15, 14.0)"
1769538018.321,626,2,"(-9.13, 14.0)"
1769538018.331,626,2,"(-3.07, 14.0)"
1769538018.342,626,2,"(2.26, 14.0)"
1769538018.353,626,2,"(5.41, 14.0)"
1769538018.364,626,2,"(3.85, 14.0)"
1769538018.375,626,2,"(13.17, 14.0)"
1769538018.385,626,2,"(-6.05, 14.0)"
1769538018.396,626,2,"(-5.51, 14.0)"
1769538018.406,626,2,"(0.0, 14.0)"
1769538018.417,626,2,"(-14.21, 14.0)"
1769538018.427,626,2,"(7.52, 14.0)"
1769538018.439,626,2,"(3.14, 12.0)"
1769538018.450,626,2,"(-5.16, 12.0)"
1769538018.460,626,2,"(-2.59, 12.0)"
1769538018.470,626,2,"(2.64, 12.0)"
1769538018.481,626,2,"(6.78, 12.0)"
1769538018.491,626,2,"(4.47, 12.0)"
1769538018.502,626,2,"(-1.78, 10.0)"
1769538018.512,626,2,"(-8.12, 10.0)"
1769538018.522,626,2,"(-9.77, 10.0)"
1769538018.533,626,2,"(12.1, 12.0)"
1769538018.543,626,2,"(0.66, 10.0)"
1769538018.554,626,2,"(-1.3, 10.0)"
1769538018.565,626,2,"(1.18, 10.0)"
1769538018.576,626,2,"(14.01, 12.0)"
1769538018.586,626,2,"(-2.71, 12.0)"
1769538018.599,626,2,"(-3.11, 12.0)"
1769538018.608,626,2,"(5.02, 12.0)"
1769538018.618,626,2,"(-5.1, 12.0)"
1769538018.629,626,2,"(-15.39, 12.0)"
1769538018.639,626,2,"(-21.98, 14.0)"
1769538018.650,626,2,"(-21.86, 16.0)"
1769538018.660,626,2,"(15.4, 16.0)"
1769538018.671,626,2,"(22.91, 16.0)"
1769538018.681,626,2,"(-15.13, 16.0)"
1769538018.692,626,2,"(-8.83, 16.0)"
1769538018.703,626,2,"(-11.38, 18.0)"
1769538018.713,626,2,"(-0.17, 18.0)"
1769538018.724,626,2,"(0.36, 18.0)"
1769538018.735,626,2,"(-7.63, 18.0)"
1769538018.746,626,2,"(12.23, 18.0)"
1769538018.756,626,2,"(-1.46, 18.0)"
1769538018.767,626,2,"(11.65, 18.0)"
1769538018.779,626,2,"(-10.08, 18.0)"
1769538018.789,626,2,"(-19.46, 18.0)"
1769538018.799,626,2,"(1.83, 18.0)"
1769538018.810,626,2,"(-7.05, 18.0)"
1769538018.820,626,2,"(16.82, 18.0)"
1769538018.832,626,2,"(-5.12, 18.0)"
1769538018.842,626,2,"(2.24, 18.0)"
1769538018.853,626,2,"(7.4, 18.0)"
1769538018.864,626,2,"(5.45, 18.0)"
1769538018.874,626,2,"(-2.08, 18.0)"
1769538018.885,626,2,"(-8.93, 18.0)"
1769538018.896,626,2,"(-6.36, 16.0)"
1769538018.906,626,2,"(15.71, 16.0)"
1769538026.487,626,3,"(-2.73, 18.0)"
1769538026.498,626,3,"(-8.01, 20.0)"
1769538026.508,626,3,"(-5.9, 20.0)"
1769538026.518,626,3,"(-13.18, 20.0)"
1769538026.528,626,3,"(4.87, 20.0)"
1769538026.539,626,3,"(2.02, 20.0)"
1769538026.549,626,3,"(3.98, 20.0)"
1769538026.560,626,3,"(-3.5, 20.0)"
1769538026.571,626,3,"(-18.54, 20.0)"
1769538026.581,626,3,"(-16.13, 20.0)"
1769538026.592,626,3,"(-8.28, 18.0)"
1769538026.602,626,3,"(3.26, 18.0)"
1769538026.612,626,3,"(3.26, 16.0)"
1769538026.622,626,3,"(-5.43, 16.0)"
1769538026.633,626,3,"(-17.64, 16.0)"
1769538026.643,626,3,"(13.01, 16.0)"
1769538026.654,626,3,"(-3.46, 16.0)"
1769538026.665,626,3,"(9.6, 14.0)"
1769538026.677,626,3,"(9.41, 14.0)"
1769538026.688,626,3,"(-0.51, 14.0)"
1769538026.698,626,3,"(0.16, 12.0)"
1769538026.708,626,3,"(-4.64, 12.0)"
1769538026.719,626,3,"(-3.93, 12.0)"
1769538026.730,626,3,"(3.89, 12.0)"
1769538026.740,626,3,"(10.27, 12.0)"
1769538026.751,626,3,"(-0.71, 12.0)"
1769538026.761,626,3,"(2.94, 12.0)"
1769538026.771,626,3,"(28.79, 12.0)"
1769538026.782,626,3,"(-26.21, 12.0)"
1769538026.793,626,3,"(-8.62, 14.0)"
1769538026.803,626,3,"(0.09, 16.0)"
1769538026.813,626,3,"(-0.34, 16.0)"
1769538026.825,626,3,"(-10.8, 16.0)"
1769538026.835,626,3,"(-6.91, 16.0)"
1769538026.846,626,3,"(-2.59, 14.0)"
1769538026.856,626,3,"(-1.34, 14.0)"
1769538026.867,626,3,"(9.04, 16.0)"
1769538026.879,626,3,"(4.85, 16.0)"
1769538026.889,626,3,"(-4.49, 14.0)"
1769538026.900,626,3,"(-4.27, 14.0)"
1769538026.910,626,3,"(-5.28, 14.0)"
1769538026.921,626,3,"(-4.33, 14.0)"
1769538026.932,626,3,"(-4.01, 12.0)"
1769538026.942,626,3,"(-3.08, 12.0)"
1769538026.952,626,3,"(5.26, 12.0)"
1769538026.962,626,3,"(-3.01, 12.0)"
1769538026.973,626,3,"(-1.79, 12.0)"
1769538026.984,626,3,"(11.95, 12.0)"
1769538026.994,626,3,"(9.08, 12.0)"
1769538027.004,626,3,"(4.67, 12.0)"
1769538027.015,626,3,"(3.09, 12.0)"
1769538027.025,626,3,"(6.93, 12.0)"
1769538027.035,626,3,"(29.66, 12.0)"
1769538027.046,626,3,"(57.02, 12.0)"
1769538027.056,626,3,"(30.26, 14.0)"
1769538027.067,626,3,"(-0.62, 14.0)"
1769538027.077,626,3,"(11.28, 16.0)"
1769538027.088,626,3,"(-1.36, 18.0)"
1769538027.099,626,3,"(12.08, 18.0)"
1769538027.108,626,3,"(7.24, 18.0)"
1769538027.118,626,3,"(2.15, 18.0)"
1769538027.129,626,3,"(-2.82, 18.0)"
1769538027.139,626,3,"(5.49, 18.0)"
1769538027.150,626,3,"(3.77, 18.0)"
1769538027.160,626,3,"(-0.11, 18.0)"
1769538027.171,626,3,"(-2.46, 18.0)"
1769538027.182,626,3,"(-6.56, 18.0)"
1769538027.192,626,3,"(-8.63, 18.0)"
1769538027.203,626,3,"(-3.86, 18.0)"
1769538027.214,626,3,"(5.48, 18.0)"
1769538027.225,626,3,"(-2.5, 18.0)"
1769538027.235,626,3,"(5.0, 18.0)"
1769538027.245,626,3,"(6.32, 18.0)"
1769538027.255,626,3,"(6.87, 18.0)"
1769538027.266,626,3,"(-7.62, 18.0)"
1769538027.276,626,3,"(-15.89, 18.0)"
1769538027.286,626,3,"(-3.84, 18.0)"
1769538027.297,626,3,"(-0.28, 18.0)"
1769538027.307,626,3,"(3.09, 16.0)"
1769538027.318,626,3,"(-8.02, 14.0)"
1769538027.328,626,3,"(-9.24, 14.0)"
1769538027.338,626,3,"(-11.75, 12.0)"
1769538027.349,626,3,"(-7.86, 10.0)"
1769538027.360,626,3,"(-7.53, 10.0)"
1769538027.371,626,3,"(13.17, 10.0)"
1769538027.381,626,3,"(22.36, 12.0)"
1769538027.392,626,3,"(-21.02, 14.0)"
1769538027.403,626,3,"(-17.56, 14.0)"
1769538027.414,626,3,"(1.29, 14.0)"
1769538027.425,626,3,"(1.89, 14.0)"
1769538027.435,626,3,"(1.33, 14.0)"
1769538027.446,626,3,"(-8.54, 14.0)"
1769538027.456,626,3,"(-9.46, 14.0)"
1769538027.467,626,3,"(-0.85, 14.0)"
1769538027.479,626,3,"(-3.95, 14.0)"
1769538027.489,626,3,"(-9.72, 14.0)"
1769538027.499,626,3,"(-14.14, 16.0)"
1769538027.510,626,3,"(-5.75, 16.0)"
1769538027.520,626,3,"(-5.47, 16.0)"
1769538027.531,626,3,"(-5.25, 14.0)"
1769538027.541,626,3,"(-2.63, 14.0)"
1769538027.552,626,3,"(8.01, 14.0)"
1769538027.563,626,3,"(2.85, 14.0)"
1769538027.573,626,3,"(-19.02, 14.0)"
1769538027.583,626,3,"(4.55, 14.0)"
1769538027.594,626,3,"(-1.75, 14.0)"
1769538027.604,626,3,"(6.3, 14.0)"
1769538027.614,626,3,"(0.82, 14.0)"
1769538027.624,626,3,"(-3.67, 14.0)"
1769538027.635,626,3,"(-10.1, 14.0)"
1769538027.646,626,3,"(-0.9, 12.0)"
1769538027.656,626,3,"(-9.34, 12.0)"
1769538027.668,626,3,"(2.39, 12.0)"
1769538027.679,626,3,"(6.95, 12.0)"
1769538027.689,626,3,"(5.91, 12.0)"
1769538027.700,626,3,"(20.85, 14.0)"
1769538027.710,626,3,"(21.82, 14.0)"
1769538027.721,626,3,"(-17.75, 14.0)"
1769538027.731,626,3,"(-5.62, 16.0)"
1769538027.741,626,3,"(14.23, 16.0)"
1769538027.752,626,3,"(16.02, 16.0)"
1769538027.763,626,3,"(7.6, 16.0)"
1769538027.773,626,3,"(0.52, 16.0)"
1769538027.783,626,3,"(3.51, 14.0)"
1769538027.794,626,3,"(2.21, 14.0)"
1769538027.805,626,3,"(-5.23, 14.0)"
1769538027.815,626,3,"(6.96, 14.0)"
1769538027.827,626,3,"(18.55, 14.0)"
1769538027.837,626,3,"(14.5, 14.0)"
1769538027.847,626,3,"(2.45, 14.0)"
1769538027.857,626,3,"(-6.0, 14.0)"
1769538027.868,626,3,"(5.1, 14.0)"
1769538027.880,626,3,"(5.17, 14.0)"
1769538027.889,626,3,"(-3.44, 14.0)"
1769538027.899,626,3,"(-0.17, 12.0)"
1769538027.910,626,3,"(8.23, 12.0)"
1769538027.921,626,3,"(11.07, 12.0)"
1769538027.931,626,3,"(2.57, 12.0)"
1769538027.941,626,3,"(0.97, 12.0)"
1769538027.952,626,3,"(1.88, 12.0)"
1769538027.963,626,3,"(-5.86, 10.0)"
1769538027.973,626,3,"(-17.31, 10.0)"
1769538027.983,626,3,"(4.1, 10.0)"
1769538027.993,626,3,"(0.71, 10.0)"
1769538028.004,626,3,"(-6.0, 10.0)"
1769538028.015,626,3,"(-14.32, 10.0)"
1769538028.025,626,3,"(-6.28, 10.0)"
1769538028.035,626,3,"(18.59, 10.0)"
1769538028.046,626,3,"(27.81, 12.0)"
1769538028.056,626,3,"(-17.81, 14.0)"
1769538028.067,626,3,"(-6.28, 14.0)"
1769538028.078,626,3,"(-10.0, 12.0)"
1769538028.089,626,3,"(-1.67, 12.0)"
1769538028.099,626,3,"(-0.6, 12.0)"
1769538028.110,626,3,"(-16.31, 12.0)"
1769538028.121,626,3,"(5.58, 12.0)"
1769538028.131,626,3,"(2.77, 14.0)"
1769538028.141,626,3,"(5.55, 14.0)"
1769538028.152,626,3,"(-16.99, 14.0)"
1769538028.162,626,3,"(-1.04, 16.0)"
1769538028.172,626,3,"(1.36, 16.0)"
1769538028.182,626,3,"(-8.63, 16.0)"
1769538028.192,626,3,"(-19.49, 16.0)"
1769538028.204,626,3,"(-18.04, 16.0)"
1769538028.214,626,3,"(-12.18, 18.0)"
1769538028.224,626,3,"(-11.92, 18.0)"
1769538028.235,626,3,"(-0.2, 18.0)"
1769538028.246,626,3,"(-16.67, 18.0)"
1769538028.257,626,3,"(-0.26, 18.0)"
1769538028.267,626,3,"(-17.22, 18.0)"
1769538028.277,626,3,"(-10.67, 18.0)"
1769538028.288,626,3,"(-16.71, 20.0)"
1769538028.299,626,3,"(-7.18, 18.0)"
1769538028.310,626,3,"(-6.3, 18.0)"
1769538028.321,626,3,"(-14.05, 18.0)"
1769538028.331,626,3,"(-10.33, 18.0)"
1769538028.341,626,3,"(-2.75, 18.0)"
1769538028.351,626,3,"(4.88, 18.0)"
1769538028.362,626,3,"(4.44, 16.0)"
1769538028.372,626,3,"(6.66, 16.0)"
1769538028.383,626,3,"(24.39, 16.0)"
1769538028.393,626,3,"(32.04, 18.0)"
1769538028.404,626,3,"(-2.99, 18.0)"
1769538028.414,626,3,"(0.08, 18.0)"
1769538028.425,626,3,"(-4.5, 16.0)"
1769538028.435,626,3,"(3.52, 16.0)"
1769538028.445,626,3,"(-2.63, 16.0)"
1769538028.455,626,3,"(3.05, 16.0)"
1769538028.465,626,3,"(4.4, 14.0)"
1769538028.476,626,3,"(-2.38, 14.0)"
1769538028.488,626,3,"(-10.88, 14.0)"
1769538028.498,626,3,"(-16.55, 14.0)"
1769538028.509,626,3,"(-5.58, 14.0)"
1769538028.519,626,3,"(-0.76, 12.0)"
1769538028.530,626,3,"(0.37, 12.0)"
1769538028.541,626,3,"(-8.25, 12.0)"
1769538028.552,626,3,"(19.54, 12.0)"
1769538028.563,626,3,"(6.98, 12.0)"
1769538028.573,626,3,"(6.02, 12.0)"
1769538028.583,626,3,"(10.27, 12.0)"
1769538028.593,626,3,"(-15.84, 12.0)"
1769538028.604,626,3,"(-3.57, 12.0)"
1769538028.614,626,3,"(4.59, 12.0)"
1769538028.625,626,3,"(-4.74, 12.0)"
1769538028.635,626,3,"(1.95, 12.0)"
1769538028.646,626,3,"(3.33, 12.0)"
1769538028.656,626,3,"(10.02, 10.0)"
1769538028.666,626,3,"(-22.74, 12.0)"
1769538028.677,626,3,"(-13.9, 12.0)"
1769538028.687,626,3,"(1.87, 12.0)"
1769538028.697,626,3,"(-5.2, 12.0)"
1769538028.708,626,3,"(-13.04, 12.0)"
1769538028.718,626,3,"(-22.09, 14.0)"
1769538028.729,626,3,"(-2.21, 14.0)"
1769538028.739,626,3,"(1.6, 14.0)"
1769538028.749,626,3,"(-6.78, 14.0)"
1769538028.760,626,3,"(-6.43, 14.0)"
1769538028.771,626,3,"(-10.32, 14.0)"
1769538028.782,626,3,"(13.07, 14.0)"
1769538028.792,626,3,"(1.93, 14.0)"
1769538028.802,626,3,"(3.65, 14.0)"
1769538028.813,626,3,"(0.44, 14.0)"
1769538028.823,626,3,"(13.45, 14.0)"
1769538028.833,626,3,"(7.56, 14.0)"
1769538028.843,626,3,"(-13.96, 14.0)"
1769538028.854,626,3,"(-7.16, 14.0)"
1769538028.864,626,3,"(3.94, 12.0)"
1769538028.875,626,3,"(1.97, 12.0)"
1769538028.885,626,3,"(-3.1, 12.0)"
1769538028.896,626,3,"(-6.83, 12.0)"
1769538028.906,626,3,"(7.68, 12.0)"
1769538028.917,626,3,"(-18.01, 12.0)"
1769538028.927,626,3,"(-11.98, 12.0)"
1769538028.938,626,3,"(5.12, 12.0)"
1769538028.948,626,3,"(9.46, 12.0)"
1769538028.959,626,3,"(-11.21, 12.0)"
1769538028.969,626,3,"(-3.63, 12.0)"
1769538028.980,626,3,"(0.41, 12.0)"
1769538028.991,626,3,"(-2.55, 12.0)"
1769538029.002,626,3,"(11.05, 14.0)"
1769538029.012,626,3,"(5.19, 14.0)"
1769538029.023,626,3,"(-7.3, 14.0)"
1769538029.033,626,3,"(-7.94, 14.0)"
1769538029.043,626,3,"(7.18, 14.0)"
1769538029.053,626,3,"(9.35, 14.0)"
1769538029.064,626,3,"(-1.57, 14.0)"
1769538029.075,626,3,"(17.15, 14.0)"
1769538029.085,626,3,"(9.91, 14.0)"
1769538029.096,626,3,"(0.66, 14.0)"
1769538029.106,626,3,"(2.2, 14.0)"
1769538029.117,626,3,"(-42.73, 16.0)"
1769538029.128,626,3,"(-6.73, 18.0)"
1769538029.138,626,3,"(7.23, 18.0)"
1769538029.149,626,3,"(4.59, 18.0)"
1769538029.160,626,3,"(-10.27, 18.0)"
1769538029.171,626,3,"(11.85, 18.0)"
1769538029.181,626,3,"(9.37, 18.0)"
1769538029.191,626,3,"(3.59, 18.0)"
1769538029.202,626,3,"(0.84, 18.0)"
1769538029.213,626,3,"(-7.83, 16.0)"
1769538029.223,626,3,"(-2.39, 16.0)"
1769538029.234,626,3,"(0.22, 16.0)"
1769538029.244,626,3,"(13.93, 16.0)"
1769538029.254,626,3,"(-1.9, 16.0)"
1769538029.264,626,3,"(14.1, 16.0)"
1769538029.275,626,3,"(1.41, 16.0)"
1769538029.285,626,3,"(-5.18, 16.0)"
1769538029.296,626,3,"(-5.62, 14.0)"
1769538029.307,626,3,"(2.02, 14.0)"
1769538029.317,626,3,"(11.02, 14.0)"
1769538029.328,626,3,"(9.91, 14.0)"
1769538029.339,626,3,"(-4.71, 14.0)"
1769538029.349,626,3,"(-3.18, 14.0)"
1769538029.360,626,3,"(-4.35, 14.0)"
1769538029.371,626,3,"(-7.13, 12.0)"
1769538029.382,626,3,"(-1.67, 10.0)"
1769538029.392,626,3,"(0.86, 10.0)"
1769538029.402,626,3,"(-2.76, 10.0)"
1769538029.413,626,3,"(-1.35, 10.0)"
1769538029.422,626,3,"(-14.36, 10.0)"
1769538029.433,626,3,"(19.32, 10.0)"
1769538029.443,626,3,"(-0.05, 10.0)"
1769538029.453,626,3,"(-1.82, 10.0)"
1769538029.464,626,3,"(4.95, 10.0)"
1769538029.474,626,3,"(0.49, 10.0)"
1769538029.485,626,3,"(-8.31, 10.0)"
1769538079.483,626,4,"(-11.32, 16.0)"
1769538079.493,626,4,"(0.07, 16.0)"
1769538079.504,626,4,"(-3.57, 16.0)"
1769538079.514,626,4,"(-5.06, 16.0)"
1769538079.524,626,4,"(-6.15, 16.0)"
1769538079.535,626,4,"(-15.12, 16.0)"
1769538079.546,626,4,"(-12.3, 16.0)"
1769538079.556,626,4,"(-24.09, 18.0)"
1769538079.567,626,4,"(-15.93, 18.0)"
1769538079.577,626,4,"(-17.33, 18.0)"
1769538079.587,626,4,"(-3.32, 18.0)"
1769538079.598,626,4,"(-4.9, 16.0)"
1769538079.608,626,4,"(-11.88, 16.0)"
1769538079.618,626,4,"(12.15, 16.0)"
1769538079.630,626,4,"(15.2, 18.0)"
1769538079.641,626,4,"(5.86, 18.0)"
1769538079.652,626,4,"(-9.26, 18.0)"
1769538079.662,626,4,"(-7.64, 18.0)"
1769538079.673,626,4,"(-9.35, 20.0)"
1769538079.684,626,4,"(-7.86, 20.0)"
1769538079.694,626,4,"(-4.29, 20.0)"
1769538079.705,626,4,"(-24.39, 20.0)"
1769538079.716,626,4,"(-33.26, 20.0)"
1769538079.726,626,4,"(-7.6, 20.0)"
1769538079.737,626,4,"(-7.59, 20.0)"
1769538079.748,626,4,"(-1.09, 20.0)"
1769538079.758,626,4,"(0.16, 20.0)"
1769538079.769,626,4,"(-7.96, 22.0)"
1769538079.780,626,4,"(-3.77, 22.0)"
1769538079.790,626,4,"(-5.94, 20.0)"
1769538079.801,626,4,"(3.18, 20.0)"
1769538079.811,626,4,"(11.97, 18.0)"
1769538079.822,626,4,"(7.25, 18.0)"
1769538079.833,626,4,"(-3.12, 18.0)"
1769538079.843,626,4,"(-5.38, 16.0)"
1769538079.854,626,4,"(2.45, 16.0)"
1769538079.864,626,4,"(-6.62, 16.0)"
1769538079.875,626,4,"(-16.07, 16.0)"
1769538079.886,626,4,"(-7.88, 14.0)"
1769538079.895,626,4,"(-9.72, 14.0)"
1769538079.906,626,4,"(6.06, 14.0)"
1769538079.916,626,4,"(1.96, 14.0)"
1769538079.927,626,4,"(5.99, 12.0)"
1769538079.937,626,4,"(1.17, 12.0)"
1769538079.947,626,4,"(-6.09, 12.0)"
1769538079.958,626,4,"(1.99, 12.0)"
1769538079.968,626,4,"(1.94, 12.0)"
1769538079.979,626,4,"(9.31, 10.0)"
1769538079.990,626,4,"(9.28, 10.0)"
1769538080.000,626,4,"(7.01, 10.0)"
1769538080.010,626,4,"(-5.23, 10.0)"
1769538080.021,626,4,"(6.75, 10.0)"
1769538080.031,626,4,"(1.23, 10.0)"
1769538080.042,626,4,"(2.91, 10.0)"
1769538080.053,626,4,"(8.08, 10.0)"
1769538080.063,626,4,"(-6.91, 10.0)"
1769538080.074,626,4,"(-9.54, 10.0)"
1769538080.085,626,4,"(2.21, 10.0)"
1769538080.096,626,4,"(7.91, 10.0)"
1769538080.107,626,4,"(-1.12, 10.0)"
1769538080.117,626,4,"(-2.12, 10.0)"
1769538080.127,626,4,"(-10.6, 10.0)"
1769538080.138,626,4,"(-4.2, 10.0)"
1769538080.149,626,4,"(3.8, 10.0)"
1769538080.160,626,4,"(3.65, 10.0)"
1769538080.171,626,4,"(-4.76, 10.0)"
1769538080.182,626,4,"(-13.53, 10.0)"
1769538080.193,626,4,"(8.33, 10.0)"
1769538080.203,626,4,"(1.76, 10.0)"
1769538080.214,626,4,"(0.66, 10.0)"
1769538080.224,626,4,"(-1.99, 10.0)"
1769538080.235,626,4,"(-2.33, 8.0)"
1769538080.245,626,4,"(0.37, 8.0)"
1769538080.257,626,4,"(8.67, 8.0)"
1769538080.267,626,4,"(1.59, 8.0)"
1769538080.277,626,4,"(1.28, 8.0)"
1769538080.287,626,4,"(17.35, 8.0)"
1769538080.297,626,4,"(29.31, 8.0)"
1769538080.308,626,4,"(11.9, 10.0)"
1769538080.318,626,4,"(-0.61, 10.0)"
1769538080.328,626,4,"(7.4, 10.0)"
1769538080.339,626,4,"(20.44, 10.0)"
1769538080.349,626,4,"(13.47, 10.0)"
1769538080.359,626,4,"(18.68, 12.0)"
1769538080.370,626,4,"(17.61, 12.0)"
1769538080.380,626,4,"(10.81, 12.0)"
1769538080.391,626,4,"(5.19, 12.0)"
1769538080.402,626,4,"(-1.68, 12.0)"
1769538080.412,626,4,"(-10.71, 12.0)"
1769538080.423,626,4,"(-20.38, 14.0)"
1769538080.433,626,4,"(-20.17, 14.0)"
1769538080.443,626,4,"(8.4, 14.0)"
1769538080.454,626,4,"(-1.89, 14.0)"
1769538080.464,626,4,"(10.32, 16.0)"
1769538080.475,626,4,"(9.17, 16.0)"
1769538080.485,626,4,"(15.1, 16.0)"
1769538080.496,626,4,"(-6.1, 18.0)"
1769538080.506,626,4,"(4.04, 18.0)"
1769538080.517,626,4,"(4.02, 18.0)"
1769538080.527,626,4,"(11.0, 18.0)"
1769538080.537,626,4,"(-0.18, 18.0)"
1769538080.547,626,4,"(1.4, 16.0)"
1769538080.558,626,4,"(1.75, 16.0)"
1769538080.569,626,4,"(5.6, 16.0)"
1769538080.580,626,4,"(-28.26, 16.0)"
1769538080.591,626,4,"(-15.34, 18.0)"
1769538080.602,626,4,"(42.93, 20.0)"
1769538080.611,626,4,"(-6.98, 20.0)"
1769538080.621,626,4,"(-17.35, 18.0)"
1769538080.634,626,4,"(-5.58, 18.0)"
1769538080.644,626,4,"(8.09, 18.0)"
1769538080.654,626,4,"(-0.43, 18.0)"
1769538080.665,626,4,"(-16.76, 18.0)"
1769538080.675,626,4,"(-23.47, 20.0)"
1769538080.685,626,4,"(14.6, 18.0)"
1769538080.696,626,4,"(16.23, 20.0)"
1769538080.706,626,4,"(39.2, 24.0)"
1769538080.717,626,4,"(-42.58, 26.0)"
1769538080.727,626,4,"(-7.78, 26.0)"
1769538080.738,626,4,"(-8.25, 26.0)"
1769538080.749,626,4,"(4.68, 26.0)"
1769538080.760,626,4,"(-4.75, 26.0)"
1769538080.771,626,4,"(-6.36, 26.0)"
1769538080.781,626,4,"(-3.27, 26.0)"
1769538080.792,626,4,"(-5.23, 26.0)"
1769538080.802,626,4,"(10.61, 26.0)"
1769538080.814,626,4,"(-11.62, 26.0)"
1769538080.824,626,4,"(-2.97, 26.0)"
1769538080.835,626,4,"(0.49, 26.0)"
1769538080.845,626,4,"(-2.19, 24.0)"
1769538080.855,626,4,"(1.92, 20.0)"
1769538080.866,626,4,"(5.23, 20.0)"
1769538080.876,626,4,"(-0.12, 20.0)"
1769538080.887,626,4,"(-22.25, 20.0)"
1769538080.897,626,4,"(-7.33, 22.0)"
1769538080.908,626,4,"(9.68, 22.0)"
1769538080.918,626,4,"(0.87, 22.0)"
1769538080.929,626,4,"(5.94, 22.0)"
1769538080.940,626,4,"(2.87, 22.0)"
1769538080.950,626,4,"(26.66, 20.0)"
1769538080.961,626,4,"(3.31, 16.0)"
1769538080.972,626,4,"(-11.81, 14.0)"
1769538080.982,626,4,"(-15.78, 14.0)"
1769538080.992,626,4,"(-2.84, 14.0)"
1769538081.003,626,4,"(6.37, 14.0)"
1769538081.014,626,4,"(-4.41, 14.0)"
1769538081.025,626,4,"(-9.48, 14.0)"
1769538081.035,626,4,"(-10.31, 14.0)"
1769538081.045,626,4,"(-7.29, 14.0)"
1769538081.056,626,4,"(21.33, 16.0)"
1769538081.066,626,4,"(19.79, 16.0)"
1769538081.077,626,4,"(1.09, 16.0)"
1769538081.087,626,4,"(-5.15, 16.0)"
1769538081.098,626,4,"(-4.76, 16.0)"
1769538081.109,626,4,"(1.6, 16.0)"
1769538081.119,626,4,"(2.44, 16.0)"
1769538081.132,626,4,"(-0.28, 14.0)"
1769538081.142,626,4,"(-1.76, 14.0)"
1769538081.152,626,4,"(-5.34, 14.0)"
1769538081.162,626,4,"(3.24, 12.0)"
1769538081.173,626,4,"(1.08, 12.0)"
1769538081.183,626,4,"(-5.28, 12.0)"
1769538081.193,626,4,"(-9.48, 12.0)"
1769538081.204,626,4,"(7.03, 12.0)"
1769538081.215,626,4,"(38.8, 14.0)"
1769538081.225,626,4,"(7.7, 14.0)"
1769538081.235,626,4,"(8.54, 14.0)"
1769538081.245,626,4,"(-5.66, 14.0)"
1769538081.256,626,4,"(-5.72, 14.0)"
1769538081.266,626,4,"(-10.08, 14.0)"
1769538081.276,626,4,"(1.53, 14.0)"
1769538081.286,626,4,"(-3.4, 14.0)"
1769538081.297,626,4,"(1.68, 14.0)"
1769538081.307,626,4,"(-8.07, 12.0)"
1769538081.317,626,4,"(2.75, 12.0)"
1769538081.328,626,4,"(-3.18, 12.0)"
1769538081.339,626,4,"(-4.3, 12.0)"
1769538081.349,626,4,"(8.18, 12.0)"
1769538081.360,626,4,"(1.88, 10.0)"
1769538081.370,626,4,"(-5.11, 12.0)"
1769538081.382,626,4,"(1.32, 12.0)"
1769538081.392,626,4,"(3.26, 12.0)"
1769538081.402,626,4,"(2.13, 12.0)"
1769538081.413,626,4,"(0.76, 12.0)"
1769538081.423,626,4,"(1.07, 12.0)"
1769538081.434,626,4,"(-5.08, 12.0)"
1769538081.445,626,4,"(-1.14, 10.0)"
1769538081.455,626,4,"(-0.73, 8.0)"
1769538081.467,626,4,"(-0.27, 6.0)"
1769538081.478,626,4,"(5.73, 6.0)"
1769538081.488,626,4,"(3.28, 6.0)"
1769538081.500,626,4,"(3.19, 6.0)"
1769538081.510,626,4,"(-1.32, 6.0)"
1769538081.521,626,4,"(-8.23, 4.0)"
1769538081.532,626,4,"(-3.32, 4.0)"
1769538081.542,626,4,"(-6.71, 6.0)"
1769538081.552,626,4,"(6.84, 6.0)"
1769538081.564,626,4,"(12.16, 6.0)"
1769538081.573,626,4,"(6.6, 6.0)"
1769538081.583,626,4,"(8.41, 6.0)"
1769538081.594,626,4,"(5.21, 8.0)"
1769538081.604,626,4,"(8.19, 8.0)"
1769538081.615,626,4,"(-12.23, 8.0)"
1769538081.624,626,4,"(-1.46, 10.0)"
1769538081.635,626,4,"(-27.66, 10.0)"
1769538081.647,626,4,"(-3.95, 10.0)"
1769538081.658,626,4,"(-2.46, 12.0)"
1769538081.668,626,4,"(-6.32, 12.0)"
1769538081.681,626,4,"(-9.57, 12.0)"
1769538081.691,626,4,"(-9.52, 12.0)"
1769538081.702,626,4,"(5.52, 12.0)"
1769538081.712,626,4,"(-8.12, 12.0)"
1769538081.723,626,4,"(-6.04, 14.0)"
1769538081.734,626,4,"(17.11, 14.0)"
1769538081.744,626,4,"(-1.18, 14.0)"
1769538081.754,626,4,"(0.65, 14.0)"
1769538081.766,626,4,"(4.68, 14.0)"
1769538081.776,626,4,"(1.78, 14.0)"
1769538081.787,626,4,"(-1.46, 14.0)"
1769538081.799,626,4,"(13.15, 14.0)"
1769538081.810,626,4,"(11.61, 14.0)"
1769538081.821,626,4,"(6.24, 14.0)"
1769538081.833,626,4,"(-2.46, 14.0)"
1769538081.844,626,4,"(-7.15, 14.0)"
1769538081.854,626,4,"(-6.18, 14.0)"
1769538081.865,626,4,"(10.15, 14.0)"
1769538081.875,626,4,"(5.57, 12.0)"
1769538081.886,626,4,"(-9.45, 12.0)"
1769538081.896,626,4,"(-8.29, 10.0)"
1769538081.906,626,4,"(-9.49, 12.0)"
1769538081.917,626,4,"(2.17, 12.0)"
1769538081.928,626,4,"(-0.54, 12.0)"
1769538081.938,626,4,"(-7.33, 10.0)"
1769538081.949,626,4,"(6.8, 10.0)"
1769538081.960,626,4,"(-9.23, 10.0)"
1769538081.970,626,4,"(-1.82, 10.0)"
1769538081.981,626,4,"(-3.89, 10.0)"
1769538081.991,626,4,"(-5.63, 10.0)"
1769538082.002,626,4,"(-9.85, 10.0)"
1769538082.012,626,4,"(-5.28, 10.0)"
1769538082.023,626,4,"(-11.5, 10.0)"
1769538082.034,626,4,"(-8.3, 10.0)"
1769538082.044,626,4,"(-15.61, 10.0)"
1769538082.054,626,4,"(5.4, 12.0)"
1769538082.066,626,4,"(11.52, 12.0)"
1769538082.076,626,4,"(-0.68, 12.0)"
1769538082.088,626,4,"(-1.63, 12.0)"
1769538082.099,626,4,"(-1.58, 12.0)"
1769538082.108,626,4,"(-7.48, 12.0)"
1769538082.119,626,4,"(-2.94, 10.0)"
1769538082.130,626,4,"(2.92, 10.0)"
1769538082.141,626,4,"(-2.49, 10.0)"
1769538082.151,626,4,"(1.88, 10.0)"
1769538082.161,626,4,"(-5.8, 10.0)"
1769538082.171,626,4,"(-3.18, 10.0)"
1769538082.182,626,4,"(0.47, 10.0)"
1769538082.192,626,4,"(8.93, 10.0)"
1769538082.203,626,4,"(6.7, 10.0)"
1769538082.213,626,4,"(7.02, 10.0)"
1769538082.223,626,4,"(3.86, 10.0)"
1769538082.234,626,4,"(0.42, 10.0)"
1769538082.245,626,4,"(-5.15, 10.0)"
1769538082.255,626,4,"(-2.66, 10.0)"
1769538082.266,626,4,"(3.34, 10.0)"
1769538082.276,626,4,"(0.22, 8.0)"
1769538082.287,626,4,"(-13.41, 8.0)"
1769538082.298,626,4,"(12.7, 8.0)"
1769538082.309,626,4,"(-3.93, 8.0)"
1769538082.319,626,4,"(0.85, 8.0)"
1769538082.330,626,4,"(2.05, 8.0)"
1769538082.340,626,4,"(-5.93, 8.0)"
1769538082.351,626,4,"(-2.3, 8.0)"
1769538082.361,626,4,"(-2.16, 8.0)"
1769538082.372,626,4,"(-15.71, 8.0)"
1769538082.382,626,4,"(-6.6, 10.0)"
1769538082.392,626,4,"(6.5, 10.0)"
1769538082.403,626,4,"(1.63, 10.0)"
1769538082.415,626,4,"(-0.34, 10.0)"
1769538082.425,626,4,"(3.49, 10.0)"
1769538082.435,626,4,"(7.41, 10.0)"
1769538082.445,626,4,"(-5.84, 10.0)"
1769538082.455,626,4,"(-10.87, 10.0)"
1769538082.466,626,4,"(3.48, 10.0)"
1769538082.476,626,4,"(-8.11, 10.0)"
1769538102.065,626,1,"(-8.11, 14.0)"
1769538102.075,626,1,"(3.73, 14.0)"
1769538102.086,626,1,"(2.73, 14.0)"
1769538102.096,626,1,"(-9.47, 14.0)"
1769538102.107,626,1,"(-7.32, 14.0)"
1769538102.118,626,1,"(-8.69, 14.0)"
1769538102.129,626,1,"(2.18, 14.0)"
1769538102.140,626,1,"(7.31, 14.0)"
1769538102.150,626,1,"(6.99, 14.0)"
1769538102.161,626,1,"(-0.04, 14.0)"
1769538102.171,626,1,"(3.11, 14.0)"
1769538102.181,626,1,"(-1.49, 12.0)"
1769538102.192,626,1,"(1.38, 12.0)"
1769538102.203,626,1,"(-8.27, 12.0)"
1769538102.214,626,1,"(5.0, 12.0)"
1769538102.224,626,1,"(17.43, 12.0)"
1769538102.235,626,1,"(3.67, 12.0)"
1769538102.246,626,1,"(-6.56, 12.0)"
1769538102.256,626,1,"(-0.26, 12.0)"
1769538102.267,626,1,"(0.68, 12.0)"
1769538102.277,626,1,"(1.61, 10.0)"
1769538102.287,626,1,"(16.5, 10.0)"
1769538102.298,626,1,"(2.97, 10.0)"
1769538102.308,626,1,"(3.69, 10.0)"
1769538102.319,626,1,"(0.53, 10.0)"
1769538102.329,626,1,"(-1.51, 10.0)"
1769538102.340,626,1,"(2.34, 10.0)"
1769538102.351,626,1,"(1.65, 10.0)"
1769538102.361,626,1,"(6.33, 10.0)"
1769538102.371,626,1,"(-15.2, 10.0)"
1769538102.382,626,1,"(-11.38, 10.0)"
1769538102.392,626,1,"(-7.78, 10.0)"
1769538102.403,626,1,"(-8.85, 10.0)"
1769538102.414,626,1,"(-12.56, 10.0)"
1769538102.425,626,1,"(4.23, 10.0)"
1769538102.435,626,1,"(0.08, 10.0)"
1769538102.446,626,1,"(8.63, 10.0)"
1769538102.457,626,1,"(-11.12, 10.0)"
1769538102.469,626,1,"(-5.46, 12.0)"
1769538102.480,626,1,"(9.43, 12.0)"
1769538102.491,626,1,"(-9.01, 12.0)"
1769538102.501,626,1,"(-0.03, 10.0)"
1769538102.511,626,1,"(3.96, 10.0)"
1769538102.522,626,1,"(-1.17, 10.0)"
1769538102.533,626,1,"(-3.83, 12.0)"
1769538102.543,626,1,"(-6.96, 12.0)"
1769538102.554,626,1,"(6.69, 10.0)"
1769538102.565,626,1,"(1.34, 10.0)"
1769538102.575,626,1,"(5.62, 10.0)"
1769538102.585,626,1,"(0.49, 10.0)"
1769538102.596,626,1,"(-19.34, 10.0)"
1769538102.607,626,1,"(-38.72, 12.0)"
1769538102.618,626,1,"(-16.87, 12.0)"
1769538102.628,626,1,"(-6.01, 12.0)"
1769538102.639,626,1,"(2.45, 12.0)"
1769538102.650,626,1,"(-0.28, 12.0)"
1769538102.660,626,1,"(-2.87, 12.0)"
1769538102.670,626,1,"(2.19, 12.0)"
1769538102.680,626,1,"(5.94, 12.0)"
1769538102.690,626,1,"(3.53, 12.0)"
1769538102.700,626,1,"(-4.48, 12.0)"
1769538102.711,626,1,"(-5.15, 12.0)"
1769538102.721,626,1,"(0.29, 10.0)"
1769538102.731,626,1,"(3.06, 10.0)"
1769538102.741,626,1,"(6.56, 10.0)"
1769538102.751,626,1,"(7.2, 10.0)"
1769538102.762,626,1,"(-4.07, 10.0)"
1769538102.773,626,1,"(3.33, 10.0)"
1769538102.783,626,1,"(7.47, 10.0)"
1769538102.794,626,1,"(5.88, 10.0)"
1769538102.805,626,1,"(-0.01, 10.0)"
1769538102.815,626,1,"(5.22, 10.0)"
1769538102.826,626,1,"(9.8, 10.0)"
1769538102.837,626,1,"(2.83, 10.0)"
1769538102.847,626,1,"(-0.46, 10.0)"
1769538102.857,626,1,"(2.15, 8.0)"
1769538102.868,626,1,"(4.38, 6.0)"
1769538102.878,626,1,"(-2.22, 6.0)"
1769538102.888,626,1,"(10.92, 6.0)"
1769538102.899,626,1,"(5.69, 6.0)"
1769538102.910,626,1,"(4.36, 8.0)"
1769538102.921,626,1,"(-1.29, 8.0)"
1769538102.931,626,1,"(4.01, 8.0)"
1769538102.941,626,1,"(-6.13, 8.0)"
1769538102.952,626,1,"(5.0, 8.0)"
1769538102.963,626,1,"(4.23, 8.0)"
1769538102.973,626,1,"(2.96, 8.0)"
1769538102.983,626,1,"(1.46, 8.0)"
1769538102.994,626,1,"(-3.8, 8.0)"
1769538103.005,626,1,"(-2.97, 8.0)"
1769538103.015,626,1,"(5.48, 8.0)"
1769538103.026,626,1,"(3.92, 8.0)"
1769538103.036,626,1,"(8.66, 8.0)"
1769538103.049,626,1,"(3.82, 8.0)"
1769538103.060,626,1,"(-3.86, 8.0)"
1769538103.071,626,1,"(-4.29, 6.0)"
1769538103.082,626,1,"(-1.68, 6.0)"
1769538103.093,626,1,"(-0.21, 6.0)"
1769538103.103,626,1,"(-1.04, 6.0)"
1769538103.114,626,1,"(15.45, 8.0)"
1769538103.124,626,1,"(12.96, 8.0)"
1769538103.135,626,1,"(-1.51, 8.0)"
1769538103.145,626,1,"(-2.48, 6.0)"
1769538103.156,626,1,"(-3.35, 6.0)"
1769538103.166,626,1,"(-4.14, 6.0)"
1769538103.176,626,1,"(-2.29, 6.0)"
1769538103.186,626,1,"(-0.94, 6.0)"
1769538103.196,626,1,"(7.07, 6.0)"
1769538103.206,626,1,"(-6.32, 6.0)"
1769538103.217,626,1,"(-5.49, 6.0)"
1769538103.227,626,1,"(0.67, 6.0)"
1769538103.239,626,1,"(5.64, 6.0)"
1769538103.250,626,1,"(-0.58, 6.0)"
1769538103.260,626,1,"(4.6, 6.0)"
1769538103.271,626,1,"(3.25, 6.0)"
1769538103.282,626,1,"(12.56, 6.0)"
1769538103.292,626,1,"(0.5, 6.0)"
1769538103.303,626,1,"(4.98, 8.0)"
1769538103.316,626,1,"(16.3, 8.0)"
1769538103.326,626,1,"(12.72, 8.0)"
1769538103.336,626,1,"(6.56, 10.0)"
1769538103.347,626,1,"(9.24, 10.0)"
1769538103.357,626,1,"(9.67, 10.0)"
1769538103.368,626,1,"(-8.01, 10.0)"
1769538103.378,626,1,"(0.3, 10.0)"
1769538103.388,626,1,"(1.9, 10.0)"
1769538103.399,626,1,"(4.11, 10.0)"
1769538103.410,626,1,"(11.72, 10.0)"
1769538103.421,626,1,"(5.3, 12.0)"
1769538103.432,626,1,"(5.91, 12.0)"
1769538103.443,626,1,"(-8.77, 12.0)"
1769538103.453,626,1,"(4.21, 12.0)"
1769538103.464,626,1,"(8.94, 12.0)"
1769538103.474,626,1,"(-5.02, 12.0)"
1769538103.485,626,1,"(1.15, 12.0)"
1769538103.496,626,1,"(3.04, 12.0)"
1769538103.506,626,1,"(-8.25, 12.0)"
1769538103.517,626,1,"(-11.25, 12.0)"
1769538103.527,626,1,"(-15.97, 12.0)"
1769538103.537,626,1,"(-22.16, 14.0)"
1769538103.548,626,1,"(7.75, 14.0)"
1769538103.557,626,1,"(9.18, 14.0)"
1769538103.568,626,1,"(-2.29, 14.0)"
1769538103.578,626,1,"(4.09, 14.0)"
1769538103.588,626,1,"(-9.38, 14.0)"
1769538103.599,626,1,"(2.42, 14.0)"
1769538103.609,626,1,"(6.86, 14.0)"
1769538103.619,626,1,"(3.73, 12.0)"
1769538103.630,626,1,"(6.0, 12.0)"
1769538103.641,626,1,"(14.91, 14.0)"
1769538103.651,626,1,"(3.55, 14.0)"
1769538103.663,626,1,"(3.45, 14.0)"
1769538103.673,626,1,"(-8.88, 14.0)"
1769538103.683,626,1,"(2.08, 14.0)"
1769538103.694,626,1,"(-7.35, 14.0)"
1769538103.705,626,1,"(2.96, 14.0)"
1769538103.715,626,1,"(1.35, 14.0)"
1769538103.726,626,1,"(-3.91, 12.0)"
1769538103.736,626,1,"(-9.13, 12.0)"
1769538103.746,626,1,"(-9.27, 14.0)"
1769538103.756,626,1,"(5.45, 14.0)"
1769538103.767,626,1,"(2.99, 14.0)"
1769538103.777,626,1,"(8.49, 14.0)"
1769538103.788,626,1,"(1.43, 12.0)"
1769538103.798,626,1,"(-13.92, 12.0)"
1769538103.809,626,1,"(-4.44, 12.0)"
1769538103.819,626,1,"(-1.56, 12.0)"
1769538103.830,626,1,"(0.15, 12.0)"
1769538103.841,626,1,"(-0.05, 10.0)"
1769538103.851,626,1,"(-2.59, 10.0)"
1769538103.863,626,1,"(-0.59, 10.0)"
1769538103.873,626,1,"(-4.62, 10.0)"
1769538103.883,626,1,"(14.64, 10.0)"
1769538103.894,626,1,"(-3.35, 10.0)"
1769538103.905,626,1,"(1.59, 10.0)"
1769538103.916,626,1,"(-3.57, 10.0)"
1769538103.926,626,1,"(8.96, 10.0)"
1769538103.937,626,1,"(11.9, 10.0)"
1769538103.947,626,1,"(4.38, 10.0)"
1769538103.957,626,1,"(-0.13, 10.0)"
1769538103.968,626,1,"(6.93, 10.0)"
1769538103.979,626,1,"(0.65, 10.0)"
1769538103.989,626,1,"(-0.12, 10.0)"
1769538104.000,626,1,"(-1.66, 10.0)"
1769538104.012,626,1,"(0.99, 10.0)"
1769538104.022,626,1,"(-0.38, 10.0)"
1769538104.033,626,1,"(-4.26, 8.0)"
1769538104.044,626,1,"(2.06, 8.0)"
1769538104.055,626,1,"(7.33, 8.0)"
1769538104.066,626,1,"(3.13, 8.0)"
1769538104.078,626,1,"(-0.46, 8.0)"
1769538104.089,626,1,"(1.4, 6.0)"
1769538104.099,626,1,"(1.42, 6.0)"
1769538104.112,626,1,"(-2.72, 6.0)"
1769538104.122,626,1,"(-3.07, 6.0)"
1769538104.133,626,1,"(-3.82, 6.0)"
1769538104.144,626,1,"(-7.85, 6.0)"
1769538104.154,626,1,"(-2.83, 6.0)"
1769538104.164,626,1,"(6.46, 6.0)"
1769538104.174,626,1,"(12.95, 6.0)"
1769538104.184,626,1,"(5.79, 6.0)"
1769538104.195,626,1,"(10.09, 6.0)"
1769538104.206,626,1,"(23.01, 6.0)"
1769538104.217,626,1,"(6.2, 8.0)"
1769538104.227,626,1,"(6.55, 8.0)"
1769538104.237,626,1,"(-0.86, 8.0)"
1769538104.248,626,1,"(-10.03, 8.0)"
1769538104.258,626,1,"(0.75, 8.0)"
1769538104.268,626,1,"(1.12, 8.0)"
1769538104.279,626,1,"(8.27, 10.0)"
1769538104.289,626,1,"(-2.09, 10.0)"
1769538104.299,626,1,"(6.32, 10.0)"
1769538104.310,626,1,"(12.21, 10.0)"
1769538104.320,626,1,"(11.89, 10.0)"
1769538104.330,626,1,"(4.55, 10.0)"
1769538104.341,626,1,"(3.83, 10.0)"
1769538104.352,626,1,"(3.7, 10.0)"
1769538104.362,626,1,"(-1.26, 10.0)"
1769538104.372,626,1,"(-2.8, 10.0)"
1769538104.383,626,1,"(-2.23, 10.0)"
1769538104.393,626,1,"(-2.88, 10.0)"
1769538104.404,626,1,"(0.07, 10.0)"
1769538104.415,626,1,"(-1.46, 10.0)"
1769538104.425,626,1,"(0.57, 10.0)"
1769538104.435,626,1,"(0.65, 10.0)"
1769538104.446,626,1,"(-0.46, 8.0)"
1769538104.456,626,1,"(-0.07, 8.0)"
1769538104.467,626,1,"(-7.96, 6.0)"
1769538104.478,626,1,"(-0.5, 6.0)"
1769538104.489,626,1,"(-0.14, 4.0)"
1769538104.499,626,1,"(5.29, 4.0)"
1769538104.510,626,1,"(0.99, 4.0)"
1769538104.521,626,1,"(1.48, 4.0)"
1769538104.532,626,1,"(-1.66, 4.0)"
1769538104.542,626,1,"(18.5, 4.0)"
1769538104.552,626,1,"(0.95, 6.0)"
1769538104.562,626,1,"(8.07, 6.0)"
1769538104.573,626,1,"(-2.8, 6.0)"
1769538104.584,626,1,"(-6.83, 6.0)"
1769538104.595,626,1,"(1.02, 6.0)"
1769538104.605,626,1,"(13.69, 6.0)"
1769538104.616,626,1,"(-3.94, 6.0)"
1769538104.626,626,1,"(-5.96, 6.0)"
1769538104.636,626,1,"(2.17, 6.0)"
1769538104.646,626,1,"(3.57, 6.0)"
1769538104.656,626,1,"(-2.67, 6.0)"
1769538104.667,626,1,"(-0.36, 6.0)"
1769538104.677,626,1,"(8.9, 6.0)"
1769538104.688,626,1,"(4.45, 8.0)"
1769538104.700,626,1,"(0.99, 8.0)"
1769538104.710,626,1,"(-19.12, 8.0)"
1769538104.721,626,1,"(10.16, 8.0)"
1769538104.731,626,1,"(-0.63, 8.0)"
1769538104.742,626,1,"(-11.3, 10.0)"
1769538104.752,626,1,"(2.25, 10.0)"
1769538104.764,626,1,"(1.34, 10.0)"
1769538104.774,626,1,"(-5.61, 10.0)"
1769538104.785,626,1,"(-5.12, 12.0)"
1769538104.796,626,1,"(-29.56, 12.0)"
1769538104.807,626,1,"(-12.37, 12.0)"
1769538104.817,626,1,"(8.61, 12.0)"
1769538104.829,626,1,"(-4.16, 14.0)"
1769538104.840,626,1,"(-6.75, 14.0)"
1769538104.850,626,1,"(2.0, 14.0)"
1769538104.860,626,1,"(-1.93, 14.0)"
1769538104.870,626,1,"(-9.79, 14.0)"
1769538104.880,626,1,"(-3.06, 14.0)"
1769538104.890,626,1,"(-0.27, 14.0)"
1769538104.901,626,1,"(-0.85, 14.0)"
1769538104.912,626,1,"(-12.46, 14.0)"
1769538104.923,626,1,"(4.7, 14.0)"
1769538104.933,626,1,"(0.3, 14.0)"
1769538104.944,626,1,"(0.12, 14.0)"
1769538104.954,626,1,"(-11.16, 14.0)"
1769538104.965,626,1,"(2.54, 14.0)"
1769538104.976,626,1,"(-5.52, 14.0)"
1769538104.987,626,1,"(-0.4, 14.0)"
1769538104.997,626,1,"(-7.06, 14.0)"
1769538105.007,626,1,"(1.95, 14.0)"
1769538105.019,626,1,"(-5.14, 14.0)"
1769538105.029,626,1,"(2.61, 14.0)"
1769538105.039,626,1,"(-0.44, 12.0)"
1769538105.049,626,1,"(3.18, 10.0)"
1769538105.060,626,1,"(2.36, 8.0)"
1769538111.085,626,2,"(-7.21, 16.0)"
1769538111.096,626,2,"(2.93, 16.0)"
1769538111.106,626,2,"(14.65, 16.0)"
1769538111.117,626,2,"(4.31, 16.0)"
1769538111.128,626,2,"(-5.91, 18.0)"
1769538111.138,626,2,"(-9.95, 16.0)"
1769538111.149,626,2,"(-3.44, 16.0)"
1769538111.160,626,2,"(3.11, 16.0)"
1769538111.170,626,2,"(-8.48, 16.0)"
1769538111.181,626,2,"(17.42, 16.0)"
1769538111.191,626,2,"(47.07, 16.0)"
1769538111.202,626,2,"(18.21, 18.0)"
1769538111.212,626,2,"(0.11, 18.0)"
1769538111.223,626,2,"(4.83, 16.0)"
1769538111.233,626,2,"(3.91, 16.0)"
1769538111.244,626,2,"(7.79, 16.0)"
1769538111.255,626,2,"(-6.48, 16.0)"
1769538111.265,626,2,"(-9.86, 16.0)"
1769538111.276,626,2,"(0.05, 16.0)"
1769538111.287,626,2,"(0.71, 16.0)"
1769538111.297,626,2,"(-2.14, 16.0)"
1769538111.307,626,2,"(-8.32, 16.0)"
1769538111.318,626,2,"(-8.01, 16.0)"
1769538111.328,626,2,"(0.05, 16.0)"
1769538111.339,626,2,"(2.34, 16.0)"
1769538111.350,626,2,"(-18.29, 18.0)"
1769538111.360,626,2,"(-12.64, 18.0)"
1769538111.371,626,2,"(-6.36, 16.0)"
1769538111.381,626,2,"(-0.63, 16.0)"
1769538111.391,626,2,"(-13.43, 16.0)"
1769538111.401,626,2,"(-5.08, 18.0)"
1769538111.413,626,2,"(2.2, 16.0)"
1769538111.423,626,2,"(3.65, 16.0)"
1769538111.433,626,2,"(7.57, 16.0)"
1769538111.443,626,2,"(-7.96, 16.0)"
1769538111.453,626,2,"(7.96, 14.0)"
1769538111.464,626,2,"(-12.72, 12.0)"
1769538111.475,626,2,"(-3.22, 12.0)"
1769538111.485,626,2,"(5.93, 12.0)"
1769538111.496,626,2,"(-3.17, 12.0)"
1769538111.507,626,2,"(-5.49, 12.0)"
1769538111.517,626,2,"(1.66, 10.0)"
1769538111.528,626,2,"(5.08, 10.0)"
1769538111.539,626,2,"(0.3, 10.0)"
1769538111.549,626,2,"(-10.83, 12.0)"
1769538111.560,626,2,"(-6.58, 12.0)"
1769538111.571,626,2,"(-6.02, 12.0)"
1769538111.581,626,2,"(-9.69, 12.0)"
1769538111.591,626,2,"(-0.01, 12.0)"
1769538111.601,626,2,"(-7.59, 12.0)"
1769538111.613,626,2,"(-0.05, 10.0)"
1769538111.625,626,2,"(7.43, 10.0)"
1769538111.635,626,2,"(-0.69, 10.0)"
1769538111.646,626,2,"(-1.88, 10.0)"
1769538111.656,626,2,"(-1.09, 8.0)"
1769538111.666,626,2,"(-4.64, 8.0)"
1769538111.677,626,2,"(-9.15, 8.0)"
1769538111.687,626,2,"(-9.41, 8.0)"
1769538111.697,626,2,"(-3.46, 8.0)"
1769538111.707,626,2,"(-8.43, 8.0)"
1769538111.717,626,2,"(-7.03, 8.0)"
1769538111.728,626,2,"(-3.01, 8.0)"
1769538111.738,626,2,"(-0.32, 8.0)"
1769538111.748,626,2,"(2.88, 8.0)"
1769538111.760,626,2,"(5.16, 8.0)"
1769538111.770,626,2,"(4.6, 8.0)"
1769538111.781,626,2,"(-6.57, 8.0)"
1769538111.791,626,2,"(-1.79, 8.0)"
1769538111.802,626,2,"(-13.22, 8.0)"
1769538111.813,626,2,"(6.25, 8.0)"
1769538111.823,626,2,"(10.67, 8.0)"
1769538111.835,626,2,"(2.01, 8.0)"
1769538111.847,626,2,"(4.05, 8.0)"
1769538111.857,626,2,"(3.04, 8.0)"
1769538111.868,626,2,"(3.09, 6.0)"
1769538111.880,626,2,"(-3.28, 6.0)"
1769538111.889,626,2,"(-4.2, 6.0)"
1769538111.900,626,2,"(-2.26, 8.0)"
1769538111.911,626,2,"(6.22, 8.0)"
1769538111.921,626,2,"(0.55, 8.0)"
1769538111.931,626,2,"(0.24, 8.0)"
1769538111.942,626,2,"(9.09, 8.0)"
1769538111.953,626,2,"(8.32, 8.0)"
1769538111.963,626,2,"(-6.61, 8.0)"
1769538111.973,626,2,"(-10.48, 8.0)"
1769538111.985,626,2,"(6.29, 8.0)"
1769538111.995,626,2,"(6.9, 10.0)"
1769538112.005,626,2,"(-0.59, 10.0)"
1769538112.016,626,2,"(-3.23, 10.0)"
1769538112.026,626,2,"(2.62, 10.0)"
1769538112.037,626,2,"(10.99, 10.0)"
1769538112.047,626,2,"(1.49, 10.0)"
1769538112.057,626,2,"(-10.86, 10.0)"
1769538112.068,626,2,"(-7.87, 10.0)"
1769538112.079,626,2,"(10.42, 10.0)"
1769538112.089,626,2,"(9.52, 10.0)"
1769538112.099,626,2,"(1.44, 10.0)"
1769538112.110,626,2,"(-9.36, 10.0)"
1769538112.120,626,2,"(6.83, 10.0)"
1769538112.130,626,2,"(1.04, 10.0)"
1769538112.141,626,2,"(-8.3, 10.0)"
1769538112.151,626,2,"(0.53, 10.0)"
1769538112.162,626,2,"(12.41, 10.0)"
1769538112.173,626,2,"(11.14, 10.0)"
1769538112.184,626,2,"(5.38, 10.0)"
1769538112.194,626,2,"(0.18, 10.0)"
1769538112.205,626,2,"(9.07, 10.0)"
1769538112.215,626,2,"(0.13, 10.0)"
1769538112.228,626,2,"(-6.14, 10.0)"
1769538112.239,626,2,"(-5.72, 8.0)"
1769538112.249,626,2,"(-4.68, 8.0)"
1769538112.261,626,2,"(0.37, 8.0)"
1769538112.272,626,2,"(6.18, 8.0)"
1769538112.282,626,2,"(5.37, 10.0)"
1769538112.293,626,2,"(2.71, 8.0)"
1769538112.304,626,2,"(-0.8, 8.0)"
1769538112.314,626,2,"(2.64, 8.0)"
1769538112.324,626,2,"(6.62, 10.0)"
1769538112.335,626,2,"(6.1, 10.0)"
1769538112.346,626,2,"(0.71, 8.0)"
1769538112.356,626,2,"(10.7, 8.0)"
1769538112.367,626,2,"(4.57, 10.0)"
1769538112.377,626,2,"(-1.68, 8.0)"
1769538112.387,626,2,"(-10.14, 8.0)"
1769538112.397,626,2,"(9.15, 10.0)"
1769538112.408,626,2,"(0.02, 10.0)"
1769538112.418,626,2,"(-7.2, 10.0)"
1769538112.429,626,2,"(-1.48, 8.0)"
1769538112.439,626,2,"(2.12, 8.0)"
1769538112.449,626,2,"(-4.43, 8.0)"
1769538112.460,626,2,"(10.42, 8.0)"
1769538112.471,626,2,"(-3.66, 8.0)"
1769538112.481,626,2,"(-0.01, 10.0)"
1769538112.492,626,2,"(-2.89, 10.0)"
1769538112.502,626,2,"(-3.35, 8.0)"
1769538112.512,626,2,"(-1.27, 8.0)"
1769538112.522,626,2,"(-4.29, 8.0)"
1769538112.533,626,2,"(-5.01, 8.0)"
1769538112.543,626,2,"(2.1, 8.0)"
1769538112.553,626,2,"(7.27, 8.0)"
1769538112.564,626,2,"(10.85, 8.0)"
1769538112.576,626,2,"(-10.82, 8.0)"
1769538112.587,626,2,"(1.52, 8.0)"
1769538112.597,626,2,"(2.34, 8.0)"
1769538112.608,626,2,"(-1.46, 8.0)"
1769538112.618,626,2,"(-0.58, 8.0)"
1769538112.628,626,2,"(3.21, 8.0)"
1769538112.639,626,2,"(4.88, 8.0)"
1769538112.650,626,2,"(3.13, 8.0)"
1769538112.661,626,2,"(-4.05, 8.0)"
1769538112.671,626,2,"(-12.46, 8.0)"
1769538112.682,626,2,"(-6.63, 8.0)"
1769538112.693,626,2,"(1.73, 8.0)"
1769538112.703,626,2,"(4.58, 8.0)"
1769538112.714,626,2,"(-16.66, 8.0)"
1769538112.724,626,2,"(-15.67, 8.0)"
1769538112.735,626,2,"(-8.78, 8.0)"
1769538112.745,626,2,"(2.68, 8.0)"
1769538112.755,626,2,"(-2.23, 8.0)"
1769538112.766,626,2,"(-4.53, 8.0)"
1769538112.776,626,2,"(-12.59, 10.0)"
1769538112.787,626,2,"(14.71, 10.0)"
1769538112.797,626,2,"(2.54, 10.0)"
1769538112.808,626,2,"(-6.71, 10.0)"
1769538112.818,626,2,"(2.38, 10.0)"
1769538112.829,626,2,"(3.41, 10.0)"
1769538112.839,626,2,"(9.2, 10.0)"
1769538112.849,626,2,"(-21.62, 10.0)"
1769538112.859,626,2,"(-7.1, 12.0)"
1769538112.870,626,2,"(6.14, 12.0)"
1769538112.881,626,2,"(6.19, 12.0)"
1769538112.892,626,2,"(1.5, 12.0)"
1769538112.902,626,2,"(1.42, 10.0)"
1769538112.914,626,2,"(5.9, 10.0)"
1769538112.924,626,2,"(7.36, 10.0)"
1769538112.935,626,2,"(-1.21, 10.0)"
1769538112.946,626,2,"(-7.45, 10.0)"
1769538112.956,626,2,"(-1.5, 10.0)"
1769538112.967,626,2,"(4.21, 10.0)"
1769538112.978,626,2,"(7.89, 10.0)"
1769538112.988,626,2,"(-6.97, 10.0)"
1769538112.999,626,2,"(-1.14, 10.0)"
1769538113.010,626,2,"(0.09, 10.0)"
1769538113.021,626,2,"(-0.78, 10.0)"
1769538113.032,626,2,"(6.08, 10.0)"
1769538113.042,626,2,"(11.52, 10.0)"
1769538113.053,626,2,"(3.57, 10.0)"
1769538113.064,626,2,"(-2.05, 10.0)"
1769538113.075,626,2,"(3.55, 10.0)"
1769538113.085,626,2,"(-3.99, 8.0)"
1769538113.096,626,2,"(1.67, 8.0)"
1769538113.107,626,2,"(2.64, 8.0)"
1769538113.117,626,2,"(10.33, 8.0)"
1769538113.128,626,2,"(-1.26, 8.0)"
1769538113.139,626,2,"(12.58, 8.0)"
1769538113.149,626,2,"(-0.11, 8.0)"
1769538113.160,626,2,"(4.42, 8.0)"
1769538113.170,626,2,"(1.65, 8.0)"
1769538113.180,626,2,"(4.68, 8.0)"
1769538113.191,626,2,"(-6.42, 8.0)"
1769538113.201,626,2,"(-1.2, 8.0)"
1769538113.212,626,2,"(3.05, 8.0)"
1769538113.222,626,2,"(10.28, 10.0)"
1769538113.233,626,2,"(0.6, 8.0)"
1769538113.243,626,2,"(-6.21, 8.0)"
1769538113.254,626,2,"(-3.66, 8.0)"
1769538113.265,626,2,"(4.0, 8.0)"
1769538113.276,626,2,"(9.3, 8.0)"
1769538113.286,626,2,"(4.76, 8.0)"
1769538113.297,626,2,"(5.6, 8.0)"
1769538113.307,626,2,"(-3.48, 8.0)"
1769538113.317,626,2,"(-4.63, 8.0)"
1769538113.328,626,2,"(-1.26, 8.0)"
1769538113.338,626,2,"(1.04, 8.0)"
1769538113.350,626,2,"(-1.21, 8.0)"
1769538113.360,626,2,"(-20.46, 10.0)"
1769538113.371,626,2,"(-32.93, 10.0)"
1769538113.382,626,2,"(-11.7, 12.0)"
1769538113.392,626,2,"(-4.07, 10.0)"
1769538113.402,626,2,"(5.61, 10.0)"
1769538113.413,626,2,"(-3.48, 10.0)"
1769538113.424,626,2,"(3.23, 10.0)"
1769538113.435,626,2,"(1.22, 10.0)"
1769538113.446,626,2,"(1.23, 10.0)"
1769538113.456,626,2,"(2.24, 10.0)"
1769538113.467,626,2,"(9.59, 10.0)"
1769538113.477,626,2,"(15.31, 12.0)"
1769538113.487,626,2,"(-8.53, 12.0)"
1769538113.497,626,2,"(-1.0, 12.0)"
1769538113.508,626,2,"(0.67, 12.0)"
1769538113.519,626,2,"(-3.29, 10.0)"
1769538113.530,626,2,"(-7.35, 10.0)"
1769538113.540,626,2,"(7.79, 10.0)"
1769538113.551,626,2,"(-6.32, 10.0)"
1769538113.562,626,2,"(2.14, 12.0)"
1769538113.573,626,2,"(1.18, 12.0)"
1769538113.583,626,2,"(-9.39, 12.0)"
1769538113.594,626,2,"(0.83, 12.0)"
1769538113.605,626,2,"(-2.29, 12.0)"
1769538113.616,626,2,"(8.4, 12.0)"
1769538113.627,626,2,"(7.37, 10.0)"
1769538113.637,626,2,"(14.08, 10.0)"
1769538113.647,626,2,"(7.71, 10.0)"
1769538113.658,626,2,"(1.58, 10.0)"
1769538113.668,626,2,"(-1.72, 10.0)"
1769538113.679,626,2,"(15.45, 12.0)"
1769538113.689,626,2,"(-3.78, 12.0)"
1769538113.700,626,2,"(-3.5, 12.0)"
1769538113.710,626,2,"(0.92, 12.0)"
1769538113.721,626,2,"(5.95, 12.0)"
1769538113.731,626,2,"(-4.84, 10.0)"
1769538113.741,626,2,"(-2.96, 10.0)"
1769538113.751,626,2,"(-1.58, 10.0)"
1769538113.762,626,2,"(1.07, 10.0)"
1769538113.773,626,2,"(-3.11, 10.0)"
1769538113.784,626,2,"(-9.57, 10.0)"
1769538113.794,626,2,"(26.16, 12.0)"
1769538113.805,626,2,"(9.31, 12.0)"
1769538113.816,626,2,"(0.72, 12.0)"
1769538113.826,626,2,"(-8.83, 12.0)"
1769538113.837,626,2,"(2.96, 12.0)"
1769538113.847,626,2,"(-1.21, 12.0)"
1769538113.857,626,2,"(2.9, 12.0)"
1769538113.868,626,2,"(-15.29, 12.0)"
1769538113.878,626,2,"(-6.17, 12.0)"
1769538113.889,626,2,"(15.53, 12.0)"
1769538113.899,626,2,"(16.94, 12.0)"
1769538113.910,626,2,"(-8.11, 12.0)"
1769538113.921,626,2,"(-5.04, 14.0)"
1769538113.931,626,2,"(5.21, 12.0)"
1769538113.942,626,2,"(-9.06, 12.0)"
1769538113.952,626,2,"(-7.56, 12.0)"
1769538113.962,626,2,"(5.06, 12.0)"
1769538113.973,626,2,"(1.65, 12.0)"
1769538113.983,626,2,"(2.43, 12.0)"
1769538113.993,626,2,"(0.46, 12.0)"
1769538114.003,626,2,"(16.52, 14.0)"
1769538114.014,626,2,"(41.28, 16.0)"
1769538114.024,626,2,"(-9.81, 16.0)"
1769538114.035,626,2,"(-2.62, 18.0)"
1769538114.046,626,2,"(-13.6, 16.0)"
1769538114.056,626,2,"(-7.98, 16.0)"
1769538114.067,626,2,"(-6.17, 16.0)"
1769538114.077,626,2,"(1.88, 16.0)"
1769538114.087,626,2,"(-3.05, 16.0)"
1769538119.406,626,3,"(-1.99, 14.0)"
1769538119.416,626,3,"(7.95, 14.0)"
1769538119.427,626,3,"(0.88, 14.0)"
1769538119.438,626,3,"(16.19, 14.0)"
1769538119.449,626,3,"(8.48, 14.0)"
1769538119.460,626,3,"(-3.58, 12.0)"
1769538119.471,626,3,"(-6.13, 14.0)"
1769538119.481,626,3,"(5.83, 14.0)"
1769538119.492,626,3,"(7.52, 14.0)"
1769538119.503,626,3,"(13.25, 14.0)"
1769538119.514,626,3,"(-1.0, 14.0)"
1769538119.524,626,3,"(-12.31, 14.0)"
1769538119.535,626,3,"(-29.27, 16.0)"
1769538119.545,626,3,"(17.28, 16.0)"
1769538119.555,626,3,"(2.72, 16.0)"
1769538119.565,626,3,"(-9.01, 16.0)"
1769538119.576,626,3,"(8.92, 14.0)"
1769538119.588,626,3,"(-4.76, 14.0)"
1769538119.599,626,3,"(-10.62, 16.0)"
1769538119.609,626,3,"(-42.26, 16.0)"
1769538119.619,626,3,"(40.7, 18.0)"
1769538119.630,626,3,"(8.82, 20.0)"
1769538119.641,626,3,"(11.74, 18.0)"
1769538119.651,626,3,"(-22.77, 18.0)"
1769538119.663,626,3,"(-15.61, 20.0)"
1769538119.674,626,3,"(-4.23, 20.0)"
1769538119.685,626,3,"(7.39, 20.0)"
1769538119.696,626,3,"(-6.46, 18.0)"
1769538119.706,626,3,"(-5.39, 18.0)"
1769538119.716,626,3,"(2.54, 18.0)"
1769538119.727,626,3,"(7.58, 18.0)"
1769538119.738,626,3,"(-1.96, 18.0)"
1769538119.748,626,3,"(3.95, 18.0)"
1769538119.759,626,3,"(-2.49, 18.0)"
1769538119.769,626,3,"(-5.53, 18.0)"
1769538119.779,626,3,"(-8.7, 18.0)"
1769538119.790,626,3,"(-10.99, 18.0)"
1769538119.801,626,3,"(7.4, 16.0)"
1769538119.811,626,3,"(-14.2, 18.0)"
1769538119.822,626,3,"(-4.03, 18.0)"
1769538119.833,626,3,"(8.44, 18.0)"
1769538119.844,626,3,"(6.37, 18.0)"
1769538119.855,626,3,"(20.18, 18.0)"
1769538119.865,626,3,"(11.8, 18.0)"
1769538119.875,626,3,"(6.58, 16.0)"
1769538119.886,626,3,"(-14.12, 14.0)"
1769538119.897,626,3,"(-8.52, 14.0)"
1769538119.907,626,3,"(-6.76, 14.0)"
1769538119.918,626,3,"(-16.32, 14.0)"
1769538119.928,626,3,"(0.75, 14.0)"
1769538119.939,626,3,"(-8.59, 14.0)"
1769538119.949,626,3,"(-0.7, 14.0)"
1769538119.959,626,3,"(-18.6, 14.0)"
1769538119.969,626,3,"(0.47, 16.0)"
1769538119.980,626,3,"(7.17, 16.0)"
1769538119.991,626,3,"(4.89, 14.0)"
1769538120.002,626,3,"(10.28, 16.0)"
1769538120.012,626,3,"(-0.54, 16.0)"
1769538120.023,626,3,"(7.53, 16.0)"
1769538120.034,626,3,"(-0.67, 14.0)"
1769538120.044,626,3,"(11.26, 14.0)"
1769538120.056,626,3,"(0.41, 14.0)"
1769538120.067,626,3,"(-0.3, 14.0)"
1769538120.077,626,3,"(1.33, 12.0)"
1769538120.088,626,3,"(4.51, 12.0)"
1769538120.100,626,3,"(3.99, 12.0)"
1769538120.111,626,3,"(6.26, 12.0)"
1769538120.121,626,3,"(15.9, 10.0)"
1769538120.131,626,3,"(2.73, 12.0)"
1769538120.142,626,3,"(-1.78, 10.0)"
1769538120.153,626,3,"(-8.46, 10.0)"
1769538120.164,626,3,"(-4.04, 10.0)"
1769538120.174,626,3,"(-31.44, 10.0)"
1769538120.185,626,3,"(-44.78, 12.0)"
1769538120.195,626,3,"(-14.07, 14.0)"
1769538120.206,626,3,"(6.98, 12.0)"
1769538120.217,626,3,"(2.13, 12.0)"
1769538120.228,626,3,"(-3.73, 12.0)"
1769538120.238,626,3,"(-1.91, 12.0)"
1769538120.249,626,3,"(4.09, 12.0)"
1769538120.260,626,3,"(11.01, 12.0)"
1769538120.270,626,3,"(-4.82, 12.0)"
1769538120.280,626,3,"(5.6, 12.0)"
1769538120.290,626,3,"(4.09, 12.0)"
1769538120.300,626,3,"(12.39, 12.0)"
1769538120.311,626,3,"(3.41, 12.0)"
1769538120.322,626,3,"(-10.16, 12.0)"
1769538120.332,626,3,"(3.31, 14.0)"
1769538120.343,626,3,"(1.28, 14.0)"
1769538120.354,626,3,"(4.14, 14.0)"
1769538120.364,626,3,"(-10.61, 14.0)"
1769538120.374,626,3,"(-3.5, 14.0)"
1769538120.385,626,3,"(5.11, 14.0)"
1769538120.395,626,3,"(10.47, 14.0)"
1769538120.405,626,3,"(2.9, 14.0)"
1769538120.417,626,3,"(20.73, 14.0)"
1769538120.427,626,3,"(14.87, 14.0)"
1769538120.439,626,3,"(-20.56, 12.0)"
1769538120.450,626,3,"(-32.32, 12.0)"
1769538120.460,626,3,"(-1.31, 12.0)"
1769538120.471,626,3,"(9.15, 12.0)"
1769538120.481,626,3,"(7.62, 14.0)"
1769538120.491,626,3,"(-2.44, 14.0)"
1769538120.501,626,3,"(7.33, 14.0)"
1769538120.512,626,3,"(1.25, 14.0)"
1769538120.523,626,3,"(1.49, 14.0)"
1769538120.533,626,3,"(0.4, 14.0)"
1769538120.543,626,3,"(-2.89, 14.0)"
1769538120.554,626,3,"(-8.32, 12.0)"
1769538120.565,626,3,"(-8.3, 12.0)"
1769538120.575,626,3,"(-0.98, 12.0)"
1769538120.585,626,3,"(7.58, 12.0)"
1769538120.595,626,3,"(13.0, 12.0)"
1769538120.607,626,3,"(0.03, 12.0)"
1769538120.617,626,3,"(-11.2, 12.0)"
1769538120.628,626,3,"(-16.66, 12.0)"
1769538120.640,626,3,"(-13.08, 14.0)"
1769538120.651,626,3,"(-4.21, 14.0)"
1769538120.662,626,3,"(5.99, 14.0)"
1769538120.673,626,3,"(11.99, 12.0)"
1769538120.683,626,3,"(21.73, 14.0)"
1769538120.694,626,3,"(0.72, 14.0)"
1769538120.704,626,3,"(-12.16, 12.0)"
1769538120.714,626,3,"(-20.89, 12.0)"
1769538120.724,626,3,"(0.97, 12.0)"
1769538120.735,626,3,"(6.71, 12.0)"
1769538120.745,626,3,"(-10.69, 12.0)"
1769538120.756,626,3,"(14.45, 12.0)"
1769538120.766,626,3,"(6.34, 14.0)"
1769538120.776,626,3,"(16.15, 16.0)"
1769538120.786,626,3,"(-7.11, 16.0)"
1769538120.797,626,3,"(4.77, 16.0)"
1769538120.808,626,3,"(-7.39, 16.0)"
1769538120.818,626,3,"(-4.55, 16.0)"
1769538120.828,626,3,"(-2.62, 14.0)"
1769538120.839,626,3,"(4.66, 14.0)"
1769538120.849,626,3,"(-0.17, 14.0)"
1769538120.859,626,3,"(13.19, 16.0)"
1769538120.870,626,3,"(-10.53, 16.0)"
1769538120.880,626,3,"(-14.39, 16.0)"
1769538120.890,626,3,"(-1.35, 14.0)"
1769538120.900,626,3,"(-5.4, 14.0)"
1769538120.911,626,3,"(-15.7, 14.0)"
1769538120.921,626,3,"(9.36, 16.0)"
1769538120.931,626,3,"(5.57, 14.0)"
1769538120.942,626,3,"(-20.08, 14.0)"
1769538120.952,626,3,"(-36.24, 16.0)"
1769538120.962,626,3,"(29.19, 16.0)"
1769538120.972,626,3,"(-7.98, 16.0)"
1769538120.982,626,3,"(-12.4, 16.0)"
1769538120.993,626,3,"(-2.17, 16.0)"
1769538121.004,626,3,"(6.48, 16.0)"
1769538121.014,626,3,"(3.81, 16.0)"
1769538121.024,626,3,"(5.44, 16.0)"
1769538121.035,626,3,"(6.86, 14.0)"
1769538121.046,626,3,"(9.6, 14.0)"
1769538121.056,626,3,"(-8.22, 14.0)"
1769538121.067,626,3,"(-8.73, 14.0)"
1769538121.077,626,3,"(6.46, 14.0)"
1769538121.089,626,3,"(0.65, 14.0)"
1769538121.099,626,3,"(-1.75, 14.0)"
1769538121.109,626,3,"(-4.03, 14.0)"
1769538121.120,626,3,"(-5.3, 14.0)"
1769538121.130,626,3,"(-10.01, 14.0)"
1769538121.141,626,3,"(6.21, 14.0)"
1769538121.152,626,3,"(-4.59, 14.0)"
1769538121.162,626,3,"(-5.83, 14.0)"
1769538121.173,626,3,"(-6.37, 14.0)"
1769538121.183,626,3,"(-0.47, 12.0)"
1769538121.194,626,3,"(-12.85, 12.0)"
1769538121.204,626,3,"(19.32, 12.0)"
1769538121.215,626,3,"(7.57, 12.0)"
1769538121.225,626,3,"(5.48, 12.0)"
1769538121.235,626,3,"(-9.38, 12.0)"
1769538121.246,626,3,"(14.61, 12.0)"
1769538121.256,626,3,"(3.37, 12.0)"
1769538121.266,626,3,"(-26.01, 12.0)"
1769538121.277,626,3,"(-30.07, 14.0)"
1769538121.288,626,3,"(6.3, 14.0)"
1769538121.299,626,3,"(24.29, 16.0)"
1769538121.310,626,3,"(17.23, 16.0)"
1769538121.321,626,3,"(-0.21, 16.0)"
1769538121.332,626,3,"(3.28, 16.0)"
1769538121.342,626,3,"(6.91, 16.0)"
1769538121.353,626,3,"(6.68, 18.0)"
1769538121.364,626,3,"(-7.96, 18.0)"
1769538121.374,626,3,"(-5.68, 18.0)"
1769538121.385,626,3,"(5.36, 16.0)"
1769538121.396,626,3,"(1.08, 16.0)"
1769538121.406,626,3,"(-2.65, 16.0)"
1769538121.417,626,3,"(-6.56, 16.0)"
1769538121.428,626,3,"(-14.28, 16.0)"
1769538121.439,626,3,"(-6.14, 16.0)"
1769538121.450,626,3,"(-2.26, 16.0)"
1769538121.460,626,3,"(8.37, 16.0)"
1769538121.471,626,3,"(4.51, 16.0)"
1769538121.481,626,3,"(8.89, 16.0)"
1769538121.492,626,3,"(-0.15, 16.0)"
1769538121.502,626,3,"(-15.39, 14.0)"
1769538121.514,626,3,"(-28.84, 16.0)"
1769538121.525,626,3,"(18.22, 16.0)"
1769538121.535,626,3,"(-6.07, 16.0)"
1769538121.546,626,3,"(5.57, 16.0)"
1769538121.557,626,3,"(-11.52, 16.0)"
1769538121.567,626,3,"(-0.99, 16.0)"
1769538121.578,626,3,"(4.14, 16.0)"
1769538121.589,626,3,"(3.17, 16.0)"
1769538121.599,626,3,"(0.39, 16.0)"
1769538121.610,626,3,"(2.04, 14.0)"
1769538121.621,626,3,"(-13.73, 16.0)"
1769538121.632,626,3,"(-27.69, 16.0)"
1769538121.642,626,3,"(-14.43, 18.0)"
1769538121.653,626,3,"(-8.54, 18.0)"
1769538121.664,626,3,"(-6.96, 18.0)"
1769538121.674,626,3,"(-5.63, 18.0)"
1769538121.685,626,3,"(6.75, 18.0)"
1769538121.696,626,3,"(-16.26, 18.0)"
1769538121.706,626,3,"(12.65, 18.0)"
1769538121.717,626,3,"(23.76, 18.0)"
1769538121.728,626,3,"(17.92, 20.0)"
1769538121.739,626,3,"(-0.15, 18.0)"
1769538121.749,626,3,"(3.81, 18.0)"
1769538121.760,626,3,"(0.77, 18.0)"
1769538121.771,626,3,"(1.98, 16.0)"
1769538121.782,626,3,"(-15.08, 18.0)"
1769538121.793,626,3,"(-4.26, 16.0)"
1769538121.803,626,3,"(18.14, 14.0)"
1769538121.814,626,3,"(12.2, 14.0)"
1769538121.825,626,3,"(-17.97, 14.0)"
1769538121.835,626,3,"(20.79, 14.0)"
1769538121.846,626,3,"(2.29, 16.0)"
1769538121.856,626,3,"(-3.19, 16.0)"
1769538121.866,626,3,"(-25.94, 18.0)"
1769538121.877,626,3,"(0.25, 18.0)"
1769538121.889,626,3,"(11.93, 16.0)"
1769538121.900,626,3,"(11.38, 16.0)"
1769538121.910,626,3,"(3.67, 16.0)"
1769538121.921,626,3,"(-0.86, 16.0)"
1769538121.932,626,3,"(-2.16, 16.0)"
1769538121.942,626,3,"(0.1, 16.0)"
1769538121.953,626,3,"(-3.96, 14.0)"
1769538121.964,626,3,"(-0.8, 14.0)"
1769538121.974,626,3,"(-15.96, 14.0)"
1769538121.985,626,3,"(-5.94, 14.0)"
1769538121.996,626,3,"(-3.36, 14.0)"
1769538122.007,626,3,"(-7.92, 14.0)"
1769538122.017,626,3,"(-16.5, 14.0)"
1769538122.027,626,3,"(-3.66, 14.0)"
1769538122.038,626,3,"(3.63, 14.0)"
1769538122.049,626,3,"(5.48, 14.0)"
1769538122.060,626,3,"(13.88, 14.0)"
1769538122.070,626,3,"(2.61, 14.0)"
1769538122.081,626,3,"(-0.05, 12.0)"
1769538122.092,626,3,"(-27.92, 12.0)"
1769538122.102,626,3,"(-41.91, 14.0)"
1769538122.114,626,3,"(5.67, 14.0)"
1769538122.125,626,3,"(-10.07, 14.0)"
1769538122.135,626,3,"(6.85, 14.0)"
1769538122.145,626,3,"(5.41, 16.0)"
1769538122.156,626,3,"(0.64, 14.0)"
1769538122.166,626,3,"(-8.38, 14.0)"
1769538122.177,626,3,"(-9.81, 16.0)"
1769538122.187,626,3,"(5.37, 16.0)"
1769538122.198,626,3,"(4.63, 16.0)"
1769538122.208,626,3,"(-1.32, 16.0)"
1769538122.219,626,3,"(-1.38, 16.0)"
1769538122.230,626,3,"(-0.69, 14.0)"
1769538122.241,626,3,"(8.19, 14.0)"
1769538122.251,626,3,"(7.65, 16.0)"
1769538122.261,626,3,"(-8.68, 16.0)"
1769538122.271,626,3,"(-6.75, 16.0)"
1769538122.281,626,3,"(16.28, 16.0)"
1769538122.292,626,3,"(7.25, 16.0)"
1769538122.303,626,3,"(-7.15, 16.0)"
1769538122.315,626,3,"(-9.3, 16.0)"
1769538122.326,626,3,"(4.67, 14.0)"
1769538122.336,626,3,"(5.61, 16.0)"
1769538122.346,626,3,"(6.86, 14.0)"
1769538122.356,626,3,"(6.45, 12.0)"
1769538122.367,626,3,"(34.56, 14.0)"
1769538122.377,626,3,"(11.46, 14.0)"
1769538122.389,626,3,"(-17.12, 12.0)"
1769538122.399,626,3,"(-20.69, 12.0)"
1769538122.410,626,3,"(-7.35, 14.0)"
1769538127.125,626,4,"(-5.05, 12.0)"
1769538127.137,626,4,"(-1.86, 12.0)"
1769538127.147,626,4,"(-11.79, 10.0)"
1769538127.157,626,4,"(-2.76, 10.0)"
1769538127.168,626,4,"(5.31, 10.0)"
1769538127.178,626,4,"(-4.45, 10.0)"
1769538127.190,626,4,"(10.39, 10.0)"
1769538127.201,626,4,"(-14.67, 10.0)"
1769538127.211,626,4,"(-16.77, 10.0)"
1769538127.221,626,4,"(-15.76, 10.0)"
1769538127.233,626,4,"(10.65, 10.0)"
1769538127.243,626,4,"(10.24, 10.0)"
1769538127.257,626,4,"(-2.76, 10.0)"
1769538127.267,626,4,"(-35.0, 12.0)"
1769538127.278,626,4,"(-48.15, 14.0)"
1769538127.289,626,4,"(7.89, 16.0)"
1769538127.300,626,4,"(12.38, 16.0)"
1769538127.310,626,4,"(20.58, 16.0)"
1769538127.322,626,4,"(-0.13, 18.0)"
1769538127.332,626,4,"(6.64, 18.0)"
1769538127.342,626,4,"(3.79, 18.0)"
1769538127.354,626,4,"(4.11, 18.0)"
1769538127.364,626,4,"(1.2, 18.0)"
1769538127.374,626,4,"(-1.33, 18.0)"
1769538127.385,626,4,"(11.43, 18.0)"
1769538127.396,626,4,"(8.72, 18.0)"
1769538127.406,626,4,"(1.56, 18.0)"
1769538127.417,626,4,"(-3.41, 18.0)"
1769538127.428,626,4,"(-7.21, 18.0)"
1769538127.439,626,4,"(-2.13, 18.0)"
1769538127.449,626,4,"(1.63, 18.0)"
1769538127.460,626,4,"(3.77, 16.0)"
1769538127.470,626,4,"(10.63, 16.0)"
1769538127.481,626,4,"(8.13, 16.0)"
1769538127.492,626,4,"(0.03, 16.0)"
1769538127.502,626,4,"(-1.23, 14.0)"
1769538127.514,626,4,"(-0.51, 14.0)"
1769538127.524,626,4,"(-1.23, 12.0)"
1769538127.536,626,4,"(-9.28, 10.0)"
1769538127.546,626,4,"(-6.53, 8.0)"
1769538127.556,626,4,"(-4.71, 8.0)"
1769538127.568,626,4,"(-0.67, 8.0)"
1769538127.579,626,4,"(-0.68, 6.0)"
1769538127.589,626,4,"(-3.43, 6.0)"
1769538127.600,626,4,"(-6.48, 6.0)"
1769538127.610,626,4,"(7.46, 6.0)"
1769538127.621,626,4,"(1.94, 6.0)"
1769538127.632,626,4,"(1.53, 6.0)"
1769538127.642,626,4,"(0.98, 6.0)"
1769538127.653,626,4,"(3.02, 6.0)"
1769538127.664,626,4,"(-2.68, 4.0)"
1769538127.674,626,4,"(8.31, 4.0)"
1769538127.684,626,4,"(-8.94, 6.0)"
1769538127.694,626,4,"(-3.56, 6.0)"
1769538127.704,626,4,"(-12.62, 8.0)"
1769538127.715,626,4,"(-0.45, 8.0)"
1769538127.726,626,4,"(15.11, 8.0)"
1769538127.737,626,4,"(-0.61, 8.0)"
1769538127.747,626,4,"(-3.62, 8.0)"
1769538127.757,626,4,"(-4.78, 8.0)"
1769538127.769,626,4,"(2.83, 8.0)"
1769538127.778,626,4,"(2.07, 8.0)"
1769538127.789,626,4,"(3.0, 8.0)"
1769538127.799,626,4,"(0.93, 8.0)"
1769538127.810,626,4,"(2.97, 8.0)"
1769538127.821,626,4,"(2.85, 8.0)"
1769538127.832,626,4,"(-2.64, 8.0)"
1769538127.842,626,4,"(-5.75, 8.0)"
1769538127.852,626,4,"(6.91, 8.0)"
1769538127.862,626,4,"(9.6, 8.0)"
1769538127.873,626,4,"(3.32, 8.0)"
1769538127.885,626,4,"(9.42, 10.0)"
1769538127.895,626,4,"(6.81, 10.0)"
1769538127.905,626,4,"(-0.39, 10.0)"
1769538127.918,626,4,"(1.08, 10.0)"
1769538127.928,626,4,"(1.0, 10.0)"
1769538127.939,626,4,"(-13.94, 10.0)"
1769538127.952,626,4,"(17.46, 8.0)"
1769538127.963,626,4,"(6.18, 8.0)"
1769538127.973,626,4,"(-6.1, 8.0)"
1769538127.983,626,4,"(8.05, 8.0)"
1769538127.994,626,4,"(8.22, 8.0)"
1769538128.004,626,4,"(9.9, 8.0)"
1769538128.014,626,4,"(8.08, 8.0)"
1769538128.025,626,4,"(1.51, 8.0)"
1769538128.035,626,4,"(12.86, 8.0)"
1769538128.045,626,4,"(-3.15, 10.0)"
1769538128.055,626,4,"(-10.29, 10.0)"
1769538128.067,626,4,"(-6.12, 10.0)"
1769538128.077,626,4,"(1.4, 10.0)"
1769538128.087,626,4,"(-14.97, 12.0)"
1769538128.098,626,4,"(15.86, 12.0)"
1769538128.109,626,4,"(3.54, 12.0)"
1769538128.120,626,4,"(-18.24, 12.0)"
1769538128.130,626,4,"(-17.54, 12.0)"
1769538128.141,626,4,"(-5.06, 14.0)"
1769538128.152,626,4,"(2.31, 12.0)"
1769538128.163,626,4,"(3.14, 12.0)"
1769538128.173,626,4,"(3.7, 12.0)"
1769538128.184,626,4,"(-4.54, 12.0)"
1769538128.194,626,4,"(0.57, 14.0)"
1769538128.205,626,4,"(11.71, 14.0)"
1769538128.215,626,4,"(-11.76, 14.0)"
1769538128.226,626,4,"(3.08, 14.0)"
1769538128.236,626,4,"(1.28, 14.0)"
1769538128.247,626,4,"(2.24, 14.0)"
1769538128.257,626,4,"(3.84, 12.0)"
1769538128.268,626,4,"(0.03, 12.0)"
1769538128.278,626,4,"(1.62, 12.0)"
1769538128.288,626,4,"(0.72, 12.0)"
1769538128.298,626,4,"(5.94, 12.0)"
1769538128.309,626,4,"(5.27, 12.0)"
1769538128.319,626,4,"(-8.38, 12.0)"
1769538128.330,626,4,"(0.73, 10.0)"
1769538128.340,626,4,"(3.72, 10.0)"
1769538128.351,626,4,"(16.88, 10.0)"
1769538128.361,626,4,"(20.16, 10.0)"
1769538128.372,626,4,"(-11.91, 10.0)"
1769538128.382,626,4,"(-8.17, 10.0)"
1769538128.393,626,4,"(-6.54, 10.0)"
1769538128.404,626,4,"(10.79, 10.0)"
1769538128.414,626,4,"(6.53, 10.0)"
1769538128.424,626,4,"(-4.09, 10.0)"
1769538128.436,626,4,"(-4.06, 10.0)"
1769538128.446,626,4,"(2.18, 10.0)"
1769538128.457,626,4,"(4.71, 8.0)"
1769538128.467,626,4,"(6.22, 8.0)"
1769538128.478,626,4,"(4.64, 8.0)"
1769538128.488,626,4,"(-7.66, 8.0)"
1769538128.500,626,4,"(-12.26, 10.0)"
1769538128.510,626,4,"(-4.93, 10.0)"
1769538128.521,626,4,"(14.17, 12.0)"
1769538128.531,626,4,"(12.37, 12.0)"
1769538128.542,626,4,"(10.01, 14.0)"
1769538128.552,626,4,"(8.99, 14.0)"
1769538128.562,626,4,"(4.96, 14.0)"
1769538128.573,626,4,"(-2.94, 14.0)"
1769538128.583,626,4,"(-14.59, 14.0)"
1769538128.593,626,4,"(8.57, 14.0)"
1769538128.604,626,4,"(5.57, 16.0)"
1769538128.615,626,4,"(-2.55, 14.0)"
1769538128.625,626,4,"(-10.71, 14.0)"
1769538128.636,626,4,"(-8.14, 14.0)"
1769538128.646,626,4,"(12.16, 14.0)"
1769538128.656,626,4,"(10.91, 14.0)"
1769538128.666,626,4,"(9.06, 14.0)"
1769538128.676,626,4,"(10.04, 14.0)"
1769538128.686,626,4,"(-2.13, 14.0)"
1769538128.697,626,4,"(9.42, 14.0)"
1769538128.708,626,4,"(2.02, 16.0)"
1769538128.718,626,4,"(18.36, 16.0)"
1769538128.729,626,4,"(11.89, 16.0)"
1769538128.739,626,4,"(-6.58, 16.0)"
1769538128.750,626,4,"(-6.32, 16.0)"
1769538128.760,626,4,"(4.17, 16.0)"
1769538128.771,626,4,"(8.01, 14.0)"
1769538128.781,626,4,"(-2.26, 14.0)"
1769538128.793,626,4,"(9.48, 12.0)"
1769538128.803,626,4,"(-13.43, 12.0)"
1769538128.813,626,4,"(19.18, 14.0)"
1769538128.823,626,4,"(9.37, 14.0)"
1769538128.836,626,4,"(1.95, 14.0)"
1769538128.846,626,4,"(-1.35, 12.0)"
1769538128.857,626,4,"(-6.06, 12.0)"
1769538128.867,626,4,"(-1.51, 12.0)"
1769538128.877,626,4,"(-11.76, 12.0)"
1769538128.888,626,4,"(-4.09, 12.0)"
1769538128.899,626,4,"(-5.88, 12.0)"
1769538128.909,626,4,"(-9.73, 12.0)"
1769538128.919,626,4,"(-23.06, 12.0)"
1769538128.930,626,4,"(-5.78, 12.0)"
1769538128.940,626,4,"(-0.96, 12.0)"
1769538128.951,626,4,"(7.41, 12.0)"
1769538128.961,626,4,"(2.13, 12.0)"
1769538128.972,626,4,"(0.62, 10.0)"
1769538128.983,626,4,"(-5.14, 10.0)"
1769538128.994,626,4,"(-1.47, 10.0)"
1769538129.005,626,4,"(4.98, 10.0)"
1769538129.016,626,4,"(5.46, 10.0)"
1769538129.026,626,4,"(6.32, 10.0)"
1769538129.036,626,4,"(10.58, 10.0)"
1769538129.047,626,4,"(7.98, 10.0)"
1769538129.057,626,4,"(6.95, 10.0)"
1769538129.068,626,4,"(-7.38, 10.0)"
1769538129.078,626,4,"(-4.66, 10.0)"
1769538129.088,626,4,"(-7.52, 10.0)"
1769538129.100,626,4,"(-10.48, 10.0)"
1769538129.110,626,4,"(13.88, 10.0)"
1769538129.121,626,4,"(10.64, 10.0)"
1769538129.131,626,4,"(-2.71, 10.0)"
1769538129.142,626,4,"(-11.09, 10.0)"
1769538129.153,626,4,"(-58.59, 12.0)"
1769538129.164,626,4,"(-88.25, 18.0)"
1769538129.175,626,4,"(39.79, 20.0)"
1769538129.185,626,4,"(5.22, 20.0)"
1769538129.196,626,4,"(-22.52, 22.0)"
1769538129.207,626,4,"(-16.04, 22.0)"
1769538129.219,626,4,"(14.85, 22.0)"
1769538129.229,626,4,"(10.34, 24.0)"
1769538129.239,626,4,"(4.27, 24.0)"
1769538129.252,626,4,"(1.71, 24.0)"
1769538129.262,626,4,"(0.57, 24.0)"
1769538129.272,626,4,"(4.13, 24.0)"
1769538129.285,626,4,"(-2.3, 24.0)"
1769538129.296,626,4,"(-1.87, 24.0)"
1769538129.306,626,4,"(-4.41, 22.0)"
1769538129.317,626,4,"(-13.94, 22.0)"
1769538129.327,626,4,"(-16.12, 24.0)"
1769538129.339,626,4,"(7.54, 24.0)"
1769538129.349,626,4,"(2.84, 24.0)"
1769538129.360,626,4,"(-7.96, 24.0)"
1769538129.371,626,4,"(-10.04, 24.0)"
1769538129.381,626,4,"(-14.98, 24.0)"
1769538129.392,626,4,"(-2.57, 24.0)"
1769538129.402,626,4,"(4.34, 24.0)"
1769538129.413,626,4,"(-4.31, 20.0)"
1769538129.423,626,4,"(7.17, 16.0)"
1769538129.435,626,4,"(-16.45, 14.0)"
1769538129.446,626,4,"(7.59, 14.0)"
1769538129.457,626,4,"(-6.68, 12.0)"
1769538129.469,626,4,"(-7.21, 12.0)"
1769538129.480,626,4,"(-2.97, 12.0)"
1769538129.490,626,4,"(15.83, 12.0)"
1769538129.502,626,4,"(7.09, 12.0)"
1769538129.513,626,4,"(-3.44, 12.0)"
1769538129.523,626,4,"(-17.95, 12.0)"
1769538129.533,626,4,"(-19.61, 14.0)"
1769538129.543,626,4,"(15.69, 14.0)"
1769538129.554,626,4,"(5.22, 14.0)"
1769538129.564,626,4,"(-1.3, 14.0)"
1769538129.574,626,4,"(-0.6, 14.0)"
1769538129.586,626,4,"(-6.32, 14.0)"
1769538129.596,626,4,"(-3.88, 14.0)"
1769538129.606,626,4,"(-2.27, 14.0)"
1769538129.618,626,4,"(18.76, 14.0)"
1769538129.629,626,4,"(14.56, 14.0)"
1769538129.639,626,4,"(0.67, 12.0)"
1769538129.650,626,4,"(1.86, 12.0)"
1769538129.660,626,4,"(-0.85, 12.0)"
1769538129.670,626,4,"(4.87, 12.0)"
1769538129.682,626,4,"(-0.85, 12.0)"
1769538129.692,626,4,"(-0.74, 12.0)"
1769538129.702,626,4,"(-3.72, 10.0)"
1769538129.713,626,4,"(4.73, 10.0)"
1769538129.723,626,4,"(6.17, 10.0)"
1769538129.734,626,4,"(3.77, 10.0)"
1769538129.744,626,4,"(-2.24, 10.0)"
1769538129.754,626,4,"(-0.64, 10.0)"
1769538129.766,626,4,"(-10.11, 10.0)"
1769538129.776,626,4,"(-18.99, 10.0)"
1769538129.787,626,4,"(-6.31, 10.0)"
1769538129.799,626,4,"(-20.74, 10.0)"
1769538129.809,626,4,"(2.06, 10.0)"
1769538129.819,626,4,"(-13.48, 10.0)"
1769538129.829,626,4,"(2.97, 10.0)"
1769538129.839,626,4,"(-14.52, 12.0)"
1769538129.850,626,4,"(1.99, 12.0)"
1769538129.860,626,4,"(-4.6, 12.0)"
1769538129.870,626,4,"(-20.12, 12.0)"
1769538129.882,626,4,"(-18.47, 12.0)"
1769538129.891,626,4,"(-3.1, 12.0)"
1769538129.902,626,4,"(8.35, 12.0)"
1769538129.912,626,4,"(-12.84, 12.0)"
1769538129.923,626,4,"(-15.83, 14.0)"
1769538129.934,626,4,"(-7.16, 14.0)"
1769538129.944,626,4,"(-12.65, 14.0)"
1769538129.955,626,4,"(2.4, 14.0)"
1769538129.966,626,4,"(7.08, 14.0)"
1769538129.976,626,4,"(6.08, 14.0)"
1769538129.987,626,4,"(2.35, 14.0)"
1769538129.997,626,4,"(-0.84, 14.0)"
1769538130.007,626,4,"(10.77, 14.0)"
1769538130.018,626,4,"(7.72, 16.0)"
1769538130.029,626,4,"(11.29, 14.0)"
1769538130.039,626,4,"(-10.28, 14.0)"
1769538130.049,626,4,"(14.99, 14.0)"
1769538130.060,626,4,"(-8.93, 14.0)"
1769538130.071,626,4,"(-8.93, 14.0)"
1769538130.081,626,4,"(-4.38, 14.0)"
1769538130.092,626,4,"(4.42, 14.0)"
1769538130.103,626,4,"(-6.69, 12.0)"
1769538130.112,626,4,"(-11.3, 14.0)"
1769538130.123,626,4,"(-6.05, 14.0)"
1769538144.220,626,1,"(-5.02, 16.0)"
1769538144.230,626,1,"(4.06, 16.0)"
1769538144.242,626,1,"(1.08, 16.0)"
1769538144.252,626,1,"(-9.71, 16.0)"
1769538144.264,626,1,"(-6.0, 14.0)"
1769538144.275,626,1,"(5.01, 14.0)"
1769538144.285,626,1,"(9.04, 14.0)"
1769538144.296,626,1,"(9.7, 14.0)"
1769538144.306,626,1,"(-4.88, 12.0)"
1769538144.317,626,1,"(0.88, 12.0)"
1769538144.327,626,1,"(-8.75, 12.0)"
1769538144.339,626,1,"(3.53, 12.0)"
1769538144.350,626,1,"(-0.06, 12.0)"
1769538144.360,626,1,"(-9.27, 12.0)"
1769538144.371,626,1,"(6.48, 12.0)"
1769538144.381,626,1,"(-9.56, 14.0)"
1769538144.391,626,1,"(6.89, 14.0)"
1769538144.402,626,1,"(-1.52, 14.0)"
1769538144.412,626,1,"(-7.32, 14.0)"
1769538144.423,626,1,"(4.21, 14.0)"
1769538144.433,626,1,"(-2.73, 14.0)"
1769538144.443,626,1,"(11.21, 12.0)"
1769538144.453,626,1,"(18.43, 12.0)"
1769538144.464,626,1,"(2.77, 12.0)"
1769538144.475,626,1,"(6.49, 12.0)"
1769538144.485,626,1,"(-4.48, 12.0)"
1769538144.496,626,1,"(-9.61, 12.0)"
1769538144.506,626,1,"(2.74, 12.0)"
1769538144.517,626,1,"(21.47, 14.0)"
1769538144.528,626,1,"(8.99, 14.0)"
1769538144.539,626,1,"(-21.08, 14.0)"
1769538144.549,626,1,"(-5.84, 14.0)"
1769538144.560,626,1,"(21.47, 14.0)"
1769538144.572,626,1,"(7.62, 14.0)"
1769538144.582,626,1,"(-13.55, 14.0)"
1769538144.593,626,1,"(-9.55, 16.0)"
1769538144.604,626,1,"(6.19, 16.0)"
1769538144.616,626,1,"(12.25, 16.0)"
1769538144.626,626,1,"(21.32, 18.0)"
1769538144.637,626,1,"(-2.94, 18.0)"
1769538144.647,626,1,"(-3.3, 16.0)"
1769538144.657,626,1,"(5.27, 16.0)"
1769538144.668,626,1,"(0.35, 18.0)"
1769538144.679,626,1,"(3.35, 16.0)"
1769538144.689,626,1,"(5.43, 18.0)"
1769538144.700,626,1,"(8.41, 18.0)"
1769538144.710,626,1,"(-6.66, 18.0)"
1769538144.721,626,1,"(5.39, 16.0)"
1769538144.732,626,1,"(3.82, 16.0)"
1769538144.742,626,1,"(2.45, 16.0)"
1769538144.752,626,1,"(7.36, 16.0)"
1769538144.762,626,1,"(6.64, 16.0)"
1769538144.773,626,1,"(-10.65, 16.0)"
1769538144.783,626,1,"(-24.12, 16.0)"
1769538144.793,626,1,"(-7.0, 16.0)"
1769538144.804,626,1,"(-3.87, 16.0)"
1769538144.815,626,1,"(-1.7, 14.0)"
1769538144.825,626,1,"(4.41, 14.0)"
1769538144.835,626,1,"(4.87, 14.0)"
1769538144.846,626,1,"(4.5, 14.0)"
1769538144.857,626,1,"(-7.04, 12.0)"
1769538144.869,626,1,"(2.91, 12.0)"
1769538144.880,626,1,"(2.4, 10.0)"
1769538144.891,626,1,"(-13.51, 10.0)"
1769538144.902,626,1,"(-4.74, 10.0)"
1769538144.912,626,1,"(0.92, 10.0)"
1769538144.922,626,1,"(7.95, 10.0)"
1769538144.933,626,1,"(-3.7, 12.0)"
1769538144.944,626,1,"(18.31, 12.0)"
1769538144.954,626,1,"(13.71, 12.0)"
1769538144.964,626,1,"(-15.77, 12.0)"
1769538144.975,626,1,"(7.71, 12.0)"
1769538144.985,626,1,"(15.42, 12.0)"
1769538144.996,626,1,"(24.21, 14.0)"
1769538145.007,626,1,"(14.13, 14.0)"
1769538145.019,626,1,"(1.62, 14.0)"
1769538145.030,626,1,"(-14.29, 16.0)"
1769538145.041,626,1,"(-23.19, 16.0)"
1769538145.052,626,1,"(-3.47, 16.0)"
1769538145.061,626,1,"(10.85, 16.0)"
1769538145.072,626,1,"(11.73, 16.0)"
1769538145.083,626,1,"(-3.99, 18.0)"
1769538145.094,626,1,"(10.15, 18.0)"
1769538145.105,626,1,"(6.12, 18.0)"
1769538145.117,626,1,"(-1.49, 18.0)"
1769538145.126,626,1,"(1.28, 18.0)"
1769538145.137,626,1,"(-0.47, 18.0)"
1769538145.147,626,1,"(-1.62, 18.0)"
1769538145.158,626,1,"(5.59, 18.0)"
1769538145.169,626,1,"(-10.6, 18.0)"
1769538145.180,626,1,"(-0.32, 18.0)"
1769538145.191,626,1,"(2.85, 18.0)"
1769538145.201,626,1,"(-10.65, 18.0)"
1769538145.211,626,1,"(-21.72, 18.0)"
1769538145.222,626,1,"(-14.96, 18.0)"
1769538145.233,626,1,"(3.78, 18.0)"
1769538145.243,626,1,"(2.25, 18.0)"
1769538145.254,626,1,"(12.96, 16.0)"
1769538145.266,626,1,"(-3.71, 16.0)"
1769538145.277,626,1,"(-0.21, 14.0)"
1769538145.288,626,1,"(2.87, 14.0)"
1769538145.299,626,1,"(0.68, 12.0)"
1769538145.309,626,1,"(-2.22, 12.0)"
1769538145.319,626,1,"(-4.41, 12.0)"
1769538145.331,626,1,"(-6.97, 12.0)"
1769538145.342,626,1,"(-2.86, 12.0)"
1769538145.353,626,1,"(-6.0, 10.0)"
1769538145.364,626,1,"(2.19, 10.0)"
1769538145.375,626,1,"(3.48, 10.0)"
1769538145.385,626,1,"(-1.99, 10.0)"
1769538145.396,626,1,"(4.09, 8.0)"
1769538145.406,626,1,"(-3.32, 8.0)"
1769538145.417,626,1,"(3.18, 8.0)"
1769538145.428,626,1,"(3.9, 8.0)"
1769538145.439,626,1,"(-2.56, 8.0)"
1769538145.450,626,1,"(-9.18, 8.0)"
1769538145.460,626,1,"(12.95, 8.0)"
1769538145.471,626,1,"(-7.34, 8.0)"
1769538145.482,626,1,"(2.19, 8.0)"
1769538145.492,626,1,"(6.17, 8.0)"
1769538145.502,626,1,"(9.08, 8.0)"
1769538145.513,626,1,"(7.73, 8.0)"
1769538145.523,626,1,"(-8.58, 8.0)"
1769538145.534,626,1,"(9.73, 8.0)"
1769538145.544,626,1,"(-6.08, 8.0)"
1769538145.554,626,1,"(0.52, 8.0)"
1769538145.566,626,1,"(-8.58, 8.0)"
1769538145.576,626,1,"(-7.77, 8.0)"
1769538145.586,626,1,"(-8.85, 8.0)"
1769538145.598,626,1,"(-5.16, 8.0)"
1769538145.608,626,1,"(0.63, 8.0)"
1769538145.620,626,1,"(-1.89, 8.0)"
1769538145.630,626,1,"(15.54, 10.0)"
1769538145.640,626,1,"(-3.2, 10.0)"
1769538145.650,626,1,"(5.04, 10.0)"
1769538145.660,626,1,"(1.83, 10.0)"
1769538145.670,626,1,"(15.68, 10.0)"
1769538145.682,626,1,"(-15.94, 12.0)"
1769538145.692,626,1,"(-2.78, 12.0)"
1769538145.703,626,1,"(-7.55, 12.0)"
1769538145.716,626,1,"(2.23, 12.0)"
1769538145.727,626,1,"(-4.8, 12.0)"
1769538145.738,626,1,"(0.82, 12.0)"
1769538145.749,626,1,"(7.51, 12.0)"
1769538145.760,626,1,"(-11.26, 12.0)"
1769538145.770,626,1,"(-5.32, 12.0)"
1769538145.781,626,1,"(8.7, 12.0)"
1769538145.791,626,1,"(-2.39, 12.0)"
1769538145.802,626,1,"(-23.49, 12.0)"
1769538145.814,626,1,"(2.3, 12.0)"
1769538145.825,626,1,"(4.39, 12.0)"
1769538145.836,626,1,"(18.04, 12.0)"
1769538145.846,626,1,"(11.05, 14.0)"
1769538145.856,626,1,"(-6.32, 14.0)"
1769538145.866,626,1,"(-24.39, 14.0)"
1769538145.877,626,1,"(-11.89, 14.0)"
1769538145.887,626,1,"(-3.58, 14.0)"
1769538145.898,626,1,"(0.08, 14.0)"
1769538145.908,626,1,"(-12.69, 14.0)"
1769538145.919,626,1,"(-2.21, 14.0)"
1769538145.930,626,1,"(-10.03, 14.0)"
1769538145.941,626,1,"(-1.7, 14.0)"
1769538145.952,626,1,"(-11.52, 14.0)"
1769538145.962,626,1,"(-13.76, 14.0)"
1769538145.973,626,1,"(-12.65, 14.0)"
1769538145.983,626,1,"(-5.96, 16.0)"
1769538145.993,626,1,"(-11.11, 16.0)"
1769538146.003,626,1,"(-1.65, 16.0)"
1769538146.014,626,1,"(5.94, 16.0)"
1769538146.024,626,1,"(15.67, 16.0)"
1769538146.035,626,1,"(14.56, 16.0)"
1769538146.046,626,1,"(4.28, 18.0)"
1769538146.056,626,1,"(5.72, 16.0)"
1769538146.067,626,1,"(-3.51, 16.0)"
1769538146.077,626,1,"(0.47, 16.0)"
1769538146.088,626,1,"(-13.67, 16.0)"
1769538146.098,626,1,"(-6.36, 16.0)"
1769538146.109,626,1,"(30.75, 16.0)"
1769538146.119,626,1,"(31.59, 18.0)"
1769538146.130,626,1,"(9.13, 18.0)"
1769538146.141,626,1,"(14.9, 18.0)"
1769538146.151,626,1,"(-1.45, 18.0)"
1769538146.162,626,1,"(-1.56, 18.0)"
1769538146.172,626,1,"(0.87, 18.0)"
1769538146.182,626,1,"(-5.53, 16.0)"
1769538146.193,626,1,"(13.1, 16.0)"
1769538146.204,626,1,"(11.85, 18.0)"
1769538146.214,626,1,"(-0.18, 18.0)"
1769538146.224,626,1,"(11.65, 18.0)"
1769538146.235,626,1,"(8.63, 18.0)"
1769538146.246,626,1,"(-8.53, 16.0)"
1769538146.257,626,1,"(-10.97, 16.0)"
1769538146.267,626,1,"(-7.4, 16.0)"
1769538146.278,626,1,"(-20.36, 16.0)"
1769538146.289,626,1,"(-22.73, 18.0)"
1769538146.300,626,1,"(-3.83, 18.0)"
1769538146.312,626,1,"(18.78, 18.0)"
1769538146.321,626,1,"(8.68, 18.0)"
1769538146.331,626,1,"(-14.16, 18.0)"
1769538146.341,626,1,"(-11.62, 20.0)"
1769538146.352,626,1,"(1.93, 18.0)"
1769538146.363,626,1,"(-4.22, 18.0)"
1769538146.373,626,1,"(-12.58, 16.0)"
1769538146.383,626,1,"(-12.19, 16.0)"
1769538146.394,626,1,"(4.47, 16.0)"
1769538146.404,626,1,"(8.34, 14.0)"
1769538146.414,626,1,"(3.45, 14.0)"
1769538146.426,626,1,"(9.85, 14.0)"
1769538146.435,626,1,"(10.87, 16.0)"
1769538146.446,626,1,"(8.44, 16.0)"
1769538146.456,626,1,"(1.47, 16.0)"
1769538146.467,626,1,"(2.82, 16.0)"
1769538146.477,626,1,"(10.82, 16.0)"
1769538146.487,626,1,"(-0.56, 14.0)"
1769538146.498,626,1,"(-3.93, 14.0)"
1769538146.510,626,1,"(-2.59, 14.0)"
1769538146.521,626,1,"(3.39, 14.0)"
1769538146.531,626,1,"(1.54, 14.0)"
1769538146.543,626,1,"(-1.45, 12.0)"
1769538146.552,626,1,"(-17.5, 12.0)"
1769538146.563,626,1,"(-4.12, 12.0)"
1769538146.573,626,1,"(2.63, 12.0)"
1769538146.585,626,1,"(4.93, 12.0)"
1769538146.596,626,1,"(0.6, 10.0)"
1769538146.606,626,1,"(-4.09, 10.0)"
1769538146.617,626,1,"(2.61, 12.0)"
1769538146.628,626,1,"(-1.11, 12.0)"
1769538146.639,626,1,"(11.95, 12.0)"
1769538146.650,626,1,"(6.32, 12.0)"
1769538146.660,626,1,"(16.91, 12.0)"
1769538146.670,626,1,"(8.38, 12.0)"
1769538146.681,626,1,"(-6.05, 12.0)"
1769538146.691,626,1,"(1.74, 12.0)"
1769538146.702,626,1,"(3.33, 10.0)"
1769538146.712,626,1,"(8.91, 12.0)"
1769538146.724,626,1,"(-14.94, 12.0)"
1769538146.734,626,1,"(-4.19, 12.0)"
1769538146.744,626,1,"(-5.19, 12.0)"
1769538146.755,626,1,"(6.6, 12.0)"
1769538146.766,626,1,"(-7.2, 12.0)"
1769538146.776,626,1,"(0.96, 12.0)"
1769538146.787,626,1,"(2.22, 12.0)"
1769538146.797,626,1,"(8.12, 12.0)"
1769538146.808,626,1,"(-2.97, 12.0)"
1769538146.818,626,1,"(-5.89, 12.0)"
1769538146.828,626,1,"(-5.48, 12.0)"
1769538146.839,626,1,"(10.06, 12.0)"
1769538146.850,626,1,"(10.2, 12.0)"
1769538146.860,626,1,"(-22.31, 12.0)"
1769538146.871,626,1,"(9.57, 12.0)"
1769538146.881,626,1,"(8.92, 14.0)"
1769538146.891,626,1,"(10.48, 12.0)"
1769538146.902,626,1,"(-1.97, 12.0)"
1769538146.912,626,1,"(-0.12, 12.0)"
1769538146.923,626,1,"(3.66, 12.0)"
1769538146.933,626,1,"(1.3, 12.0)"
1769538146.943,626,1,"(-2.1, 12.0)"
1769538146.953,626,1,"(12.26, 12.0)"
1769538146.964,626,1,"(15.05, 12.0)"
1769538146.975,626,1,"(5.12, 10.0)"
1769538146.985,626,1,"(-3.17, 10.0)"
1769538146.996,626,1,"(-2.3, 10.0)"
1769538147.006,626,1,"(-5.54, 10.0)"
1769538147.017,626,1,"(-0.49, 10.0)"
1769538147.027,626,1,"(0.39, 10.0)"
1769538147.039,626,1,"(3.26, 10.0)"
1769538147.050,626,1,"(-0.44, 10.0)"
1769538147.060,626,1,"(0.41, 10.0)"
1769538147.073,626,1,"(-9.01, 10.0)"
1769538147.083,626,1,"(-7.81, 10.0)"
1769538147.094,626,1,"(1.62, 10.0)"
1769538147.105,626,1,"(13.89, 12.0)"
1769538147.116,626,1,"(14.33, 12.0)"
1769538147.126,626,1,"(1.44, 12.0)"
1769538147.137,626,1,"(-5.21, 12.0)"
1769538147.147,626,1,"(-10.16, 12.0)"
1769538147.158,626,1,"(-0.72, 14.0)"
1769538147.168,626,1,"(11.33, 14.0)"
1769538147.178,626,1,"(8.22, 14.0)"
1769538147.189,626,1,"(-10.85, 14.0)"
1769538147.200,626,1,"(-15.8, 14.0)"
1769538147.210,626,1,"(-8.23, 14.0)"
1769538151.355,626,2,"(-0.74, 14.0)"
1769538151.366,626,2,"(-36.16, 16.0)"
1769538151.376,626,2,"(-14.41, 16.0)"
1769538151.388,626,2,"(-8.58, 16.0)"
1769538151.398,626,2,"(5.78, 14.0)"
1769538151.408,626,2,"(6.96, 14.0)"
1769538151.418,626,2,"(18.87, 16.0)"
1769538151.430,626,2,"(3.37, 16.0)"
1769538151.440,626,2,"(-8.12, 16.0)"
1769538151.453,626,2,"(-25.96, 16.0)"
1769538151.464,626,2,"(-6.39, 18.0)"
1769538151.475,626,2,"(3.05, 18.0)"
1769538151.485,626,2,"(10.25, 18.0)"
1769538151.496,626,2,"(-2.56, 18.0)"
1769538151.506,626,2,"(6.26, 18.0)"
1769538151.518,626,2,"(-0.61, 18.0)"
1769538151.527,626,2,"(-5.58, 18.0)"
1769538151.539,626,2,"(4.94, 16.0)"
1769538151.549,626,2,"(9.61, 16.0)"
1769538151.559,626,2,"(9.28, 16.0)"
1769538151.570,626,2,"(-1.38, 16.0)"
1769538151.580,626,2,"(-4.17, 16.0)"
1769538151.590,626,2,"(-16.89, 16.0)"
1769538151.601,626,2,"(-12.19, 16.0)"
1769538151.611,626,2,"(-16.95, 16.0)"
1769538151.622,626,2,"(-18.06, 14.0)"
1769538151.633,626,2,"(-4.15, 14.0)"
1769538151.643,626,2,"(7.3, 12.0)"
1769538151.653,626,2,"(0.53, 12.0)"
1769538151.664,626,2,"(-1.34, 14.0)"
1769538151.674,626,2,"(4.47, 14.0)"
1769538151.685,626,2,"(-10.89, 14.0)"
1769538151.695,626,2,"(11.15, 14.0)"
1769538151.705,626,2,"(3.8, 14.0)"
1769538151.716,626,2,"(-5.1, 12.0)"
1769538151.726,626,2,"(-3.06, 12.0)"
1769538151.736,626,2,"(-5.43, 12.0)"
1769538151.747,626,2,"(3.58, 12.0)"
1769538151.757,626,2,"(-6.66, 12.0)"
1769538151.767,626,2,"(-17.63, 12.0)"
1769538151.778,626,2,"(-25.44, 14.0)"
1769538151.788,626,2,"(12.33, 14.0)"
1769538151.799,626,2,"(3.34, 16.0)"
1769538151.810,626,2,"(6.12, 16.0)"
1769538151.821,626,2,"(1.11, 16.0)"
1769538151.832,626,2,"(-10.83, 16.0)"
1769538151.842,626,2,"(5.65, 16.0)"
1769538151.852,626,2,"(-0.51, 16.0)"
1769538151.862,626,2,"(-5.77, 16.0)"
1769538151.873,626,2,"(-22.8, 16.0)"
1769538151.883,626,2,"(-18.32, 16.0)"
1769538151.893,626,2,"(-1.33, 16.0)"
1769538151.904,626,2,"(-9.14, 16.0)"
1769538151.915,626,2,"(11.68, 16.0)"
1769538151.925,626,2,"(2.17, 16.0)"
1769538151.935,626,2,"(-1.56, 14.0)"
1769538151.946,626,2,"(-2.63, 14.0)"
1769538151.956,626,2,"(-4.09, 14.0)"
1769538151.967,626,2,"(10.2, 14.0)"
1769538151.978,626,2,"(-1.31, 14.0)"
1769538151.989,626,2,"(3.62, 14.0)"
1769538151.999,626,2,"(-0.01, 14.0)"
1769538152.010,626,2,"(-9.73, 14.0)"
1769538152.021,626,2,"(2.87, 14.0)"
1769538152.031,626,2,"(4.58, 12.0)"
1769538152.042,626,2,"(-12.42, 12.0)"
1769538152.052,626,2,"(-25.77, 12.0)"
1769538152.064,626,2,"(4.06, 14.0)"
1769538152.073,626,2,"(6.86, 14.0)"
1769538152.083,626,2,"(-4.76, 14.0)"
1769538152.093,626,2,"(-6.9, 12.0)"
1769538152.103,626,2,"(1.6, 12.0)"
1769538152.114,626,2,"(-6.89, 12.0)"
1769538152.125,626,2,"(-0.53, 12.0)"
1769538152.135,626,2,"(3.73, 12.0)"
1769538152.148,626,2,"(-2.8, 12.0)"
1769538152.158,626,2,"(-2.72, 12.0)"
1769538152.168,626,2,"(-4.92, 12.0)"
1769538152.178,626,2,"(-4.92, 10.0)"
1769538152.189,626,2,"(-4.12, 10.0)"
1769538152.199,626,2,"(1.2, 10.0)"
1769538152.210,626,2,"(-1.24, 10.0)"
1769538152.221,626,2,"(3.28, 10.0)"
1769538152.232,626,2,"(-2.15, 10.0)"
1769538152.242,626,2,"(5.1, 10.0)"
1769538152.253,626,2,"(10.81, 10.0)"
1769538152.264,626,2,"(12.69, 10.0)"
1769538152.274,626,2,"(4.79, 10.0)"
1769538152.285,626,2,"(14.52, 10.0)"
1769538152.296,626,2,"(3.94, 10.0)"
1769538152.306,626,2,"(-1.12, 10.0)"
1769538152.317,626,2,"(-1.76, 8.0)"
1769538152.327,626,2,"(-15.92, 8.0)"
1769538152.339,626,2,"(-18.48, 10.0)"
1769538152.349,626,2,"(6.52, 10.0)"
1769538152.360,626,2,"(10.64, 10.0)"
1769538152.371,626,2,"(10.0, 10.0)"
1769538152.381,626,2,"(6.58, 10.0)"
1769538152.392,626,2,"(-20.92, 10.0)"
1769538152.403,626,2,"(29.12, 12.0)"
1769538152.415,626,2,"(9.52, 14.0)"
1769538152.425,626,2,"(6.95, 14.0)"
1769538152.435,626,2,"(-6.27, 14.0)"
1769538152.445,626,2,"(-9.08, 14.0)"
1769538152.455,626,2,"(10.21, 14.0)"
1769538152.465,626,2,"(4.28, 16.0)"
1769538152.476,626,2,"(1.5, 16.0)"
1769538152.487,626,2,"(-2.96, 16.0)"
1769538152.497,626,2,"(3.8, 16.0)"
1769538152.507,626,2,"(2.8, 16.0)"
1769538152.518,626,2,"(3.63, 16.0)"
1769538152.529,626,2,"(0.06, 14.0)"
1769538152.539,626,2,"(-9.96, 14.0)"
1769538152.550,626,2,"(-2.08, 14.0)"
1769538152.560,626,2,"(-2.3, 14.0)"
1769538152.571,626,2,"(1.55, 14.0)"
1769538152.581,626,2,"(8.39, 14.0)"
1769538152.591,626,2,"(-0.88, 14.0)"
1769538152.601,626,2,"(-1.21, 14.0)"
1769538152.612,626,2,"(-4.26, 14.0)"
1769538152.623,626,2,"(-0.53, 12.0)"
1769538152.633,626,2,"(4.34, 12.0)"
1769538152.643,626,2,"(10.79, 12.0)"
1769538152.654,626,2,"(5.9, 12.0)"
1769538152.664,626,2,"(-2.3, 10.0)"
1769538152.675,626,2,"(-10.72, 10.0)"
1769538152.686,626,2,"(-6.6, 10.0)"
1769538152.696,626,2,"(10.12, 10.0)"
1769538152.706,626,2,"(16.44, 10.0)"
1769538152.717,626,2,"(18.21, 10.0)"
1769538152.728,626,2,"(5.63, 10.0)"
1769538152.738,626,2,"(5.23, 10.0)"
1769538152.750,626,2,"(-4.03, 10.0)"
1769538152.760,626,2,"(-1.96, 10.0)"
1769538152.771,626,2,"(-14.97, 10.0)"
1769538152.782,626,2,"(-0.89, 12.0)"
1769538152.792,626,2,"(13.15, 12.0)"
1769538152.803,626,2,"(10.55, 12.0)"
1769538152.813,626,2,"(-0.67, 12.0)"
1769538152.823,626,2,"(-1.41, 12.0)"
1769538152.834,626,2,"(7.25, 12.0)"
1769538152.844,626,2,"(10.81, 12.0)"
1769538152.855,626,2,"(6.03, 10.0)"
1769538152.866,626,2,"(3.4, 10.0)"
1769538152.876,626,2,"(-0.27, 10.0)"
1769538152.888,626,2,"(2.36, 10.0)"
1769538152.898,626,2,"(1.19, 10.0)"
1769538152.908,626,2,"(3.42, 10.0)"
1769538152.919,626,2,"(-5.04, 10.0)"
1769538152.929,626,2,"(-8.22, 10.0)"
1769538152.939,626,2,"(-8.14, 10.0)"
1769538152.950,626,2,"(-19.72, 10.0)"
1769538152.960,626,2,"(17.57, 10.0)"
1769538152.971,626,2,"(-10.38, 10.0)"
1769538152.981,626,2,"(-5.45, 10.0)"
1769538152.992,626,2,"(-2.09, 10.0)"
1769538153.002,626,2,"(-1.69, 10.0)"
1769538153.014,626,2,"(-7.32, 10.0)"
1769538153.025,626,2,"(-7.43, 10.0)"
1769538153.035,626,2,"(-6.82, 10.0)"
1769538153.045,626,2,"(3.16, 10.0)"
1769538153.055,626,2,"(10.93, 8.0)"
1769538153.066,626,2,"(-5.71, 8.0)"
1769538153.076,626,2,"(-2.38, 8.0)"
1769538153.087,626,2,"(2.35, 8.0)"
1769538153.097,626,2,"(2.06, 8.0)"
1769538153.107,626,2,"(-8.26, 8.0)"
1769538153.118,626,2,"(-4.12, 8.0)"
1769538153.128,626,2,"(-4.28, 8.0)"
1769538153.139,626,2,"(-6.85, 10.0)"
1769538153.149,626,2,"(-6.76, 10.0)"
1769538153.160,626,2,"(13.72, 10.0)"
1769538153.171,626,2,"(19.36, 10.0)"
1769538153.182,626,2,"(13.12, 12.0)"
1769538153.192,626,2,"(-19.2, 12.0)"
1769538153.202,626,2,"(-10.79, 12.0)"
1769538153.212,626,2,"(3.85, 10.0)"
1769538153.223,626,2,"(14.45, 10.0)"
1769538153.233,626,2,"(-3.06, 10.0)"
1769538153.243,626,2,"(0.9, 10.0)"
1769538153.253,626,2,"(-9.43, 10.0)"
1769538153.264,626,2,"(-4.12, 10.0)"
1769538153.274,626,2,"(-0.23, 10.0)"
1769538153.285,626,2,"(-2.82, 10.0)"
1769538153.295,626,2,"(5.89, 10.0)"
1769538153.306,626,2,"(16.87, 12.0)"
1769538153.317,626,2,"(8.2, 12.0)"
1769538153.327,626,2,"(6.81, 12.0)"
1769538153.337,626,2,"(-1.21, 12.0)"
1769538153.347,626,2,"(-9.16, 12.0)"
1769538153.358,626,2,"(-26.21, 12.0)"
1769538153.368,626,2,"(-22.52, 14.0)"
1769538153.379,626,2,"(-7.66, 14.0)"
1769538153.390,626,2,"(11.74, 14.0)"
1769538153.402,626,2,"(2.04, 14.0)"
1769538153.411,626,2,"(49.57, 16.0)"
1769538153.422,626,2,"(25.12, 18.0)"
1769538153.433,626,2,"(8.03, 22.0)"
1769538153.443,626,2,"(-13.14, 22.0)"
1769538153.453,626,2,"(9.47, 22.0)"
1769538153.464,626,2,"(-7.01, 22.0)"
1769538153.475,626,2,"(-12.76, 22.0)"
1769538153.485,626,2,"(0.11, 22.0)"
1769538153.496,626,2,"(-0.83, 22.0)"
1769538153.507,626,2,"(-6.77, 22.0)"
1769538153.518,626,2,"(-10.78, 22.0)"
1769538153.528,626,2,"(7.6, 22.0)"
1769538153.540,626,2,"(6.51, 22.0)"
1769538153.550,626,2,"(-3.7, 22.0)"
1769538153.561,626,2,"(-5.55, 22.0)"
1769538153.572,626,2,"(-2.19, 20.0)"
1769538153.582,626,2,"(-11.48, 20.0)"
1769538153.592,626,2,"(-19.28, 22.0)"
1769538153.603,626,2,"(-18.11, 22.0)"
1769538153.614,626,2,"(8.25, 22.0)"
1769538153.624,626,2,"(5.64, 22.0)"
1769538153.635,626,2,"(-4.06, 22.0)"
1769538153.646,626,2,"(-4.29, 22.0)"
1769538153.657,626,2,"(-8.98, 20.0)"
1769538153.668,626,2,"(7.18, 18.0)"
1769538153.678,626,2,"(0.69, 14.0)"
1769538153.690,626,2,"(-1.46, 12.0)"
1769538153.700,626,2,"(-1.36, 10.0)"
1769538153.710,626,2,"(8.16, 12.0)"
1769538153.721,626,2,"(-15.37, 12.0)"
1769538153.732,626,2,"(-12.03, 12.0)"
1769538153.742,626,2,"(0.29, 12.0)"
1769538153.753,626,2,"(0.4, 12.0)"
1769538153.764,626,2,"(1.32, 10.0)"
1769538153.775,626,2,"(-8.3, 10.0)"
1769538153.785,626,2,"(-11.36, 10.0)"
1769538153.796,626,2,"(-0.15, 10.0)"
1769538153.807,626,2,"(0.96, 10.0)"
1769538153.817,626,2,"(-2.58, 10.0)"
1769538153.827,626,2,"(15.68, 10.0)"
1769538153.841,626,2,"(16.77, 12.0)"
1769538153.851,626,2,"(10.43, 10.0)"
1769538153.862,626,2,"(12.57, 10.0)"
1769538153.873,626,2,"(-1.84, 10.0)"
1769538153.883,626,2,"(-1.3, 10.0)"
1769538153.893,626,2,"(3.62, 8.0)"
1769538153.906,626,2,"(-2.92, 8.0)"
1769538153.916,626,2,"(0.39, 8.0)"
1769538153.926,626,2,"(-4.64, 8.0)"
1769538153.936,626,2,"(10.19, 8.0)"
1769538153.947,626,2,"(2.33, 10.0)"
1769538153.957,626,2,"(-12.73, 10.0)"
1769538153.967,626,2,"(4.41, 10.0)"
1769538153.978,626,2,"(-13.05, 10.0)"
1769538153.990,626,2,"(6.47, 10.0)"
1769538154.001,626,2,"(8.32, 10.0)"
1769538154.013,626,2,"(1.79, 10.0)"
1769538154.024,626,2,"(12.14, 10.0)"
1769538154.035,626,2,"(9.98, 10.0)"
1769538154.046,626,2,"(4.97, 10.0)"
1769538154.057,626,2,"(7.5, 10.0)"
1769538154.068,626,2,"(11.09, 12.0)"
1769538154.079,626,2,"(11.39, 12.0)"
1769538154.089,626,2,"(0.45, 12.0)"
1769538154.100,626,2,"(1.2, 12.0)"
1769538154.110,626,2,"(-6.93, 12.0)"
1769538154.121,626,2,"(-5.37, 10.0)"
1769538154.131,626,2,"(7.58, 10.0)"
1769538154.141,626,2,"(4.1, 10.0)"
1769538154.152,626,2,"(-1.2, 10.0)"
1769538154.163,626,2,"(-12.27, 12.0)"
1769538154.173,626,2,"(-2.42, 12.0)"
1769538154.185,626,2,"(-2.52, 12.0)"
1769538154.195,626,2,"(-0.92, 12.0)"
1769538154.205,626,2,"(0.82, 10.0)"
1769538154.216,626,2,"(5.29, 10.0)"
1769538154.226,626,2,"(7.06, 10.0)"
1769538154.237,626,2,"(-2.58, 8.0)"
1769538154.247,626,2,"(-2.66, 8.0)"
1769538154.257,626,2,"(-2.96, 8.0)"
1769538154.269,626,2,"(-6.51, 8.0)"
1769538154.278,626,2,"(10.22, 8.0)"
1769538154.289,626,2,"(3.85, 8.0)"
1769538154.299,626,2,"(-9.01, 8.0)"
1769538154.310,626,2,"(-6.8, 8.0)"
1769538154.321,626,2,"(3.12, 8.0)"
1769538154.331,626,2,"(4.83, 8.0)"
1769538154.342,626,2,"(13.26, 8.0)"
1769538154.353,626,2,"(1.53, 8.0)"
1769538154.363,626,2,"(-9.9, 8.0)"
1769538160.092,626,3,"(6.49, 18.0)"
1769538160.102,626,3,"(-11.53, 16.0)"
1769538160.113,626,3,"(-8.77, 14.0)"
1769538160.123,626,3,"(4.18, 14.0)"
1769538160.134,626,3,"(7.96, 14.0)"
1769538160.144,626,3,"(3.6, 12.0)"
1769538160.155,626,3,"(7.29, 12.0)"
1769538160.165,626,3,"(0.68, 12.0)"
1769538160.176,626,3,"(8.38, 12.0)"
1769538160.187,626,3,"(0.55, 14.0)"
1769538160.198,626,3,"(-4.17, 14.0)"
1769538160.208,626,3,"(-16.15, 14.0)"
1769538160.218,626,3,"(2.69, 14.0)"
1769538160.228,626,3,"(-14.96, 16.0)"
1769538160.239,626,3,"(-3.5, 16.0)"
1769538160.249,626,3,"(3.29, 16.0)"
1769538160.260,626,3,"(9.83, 16.0)"
1769538160.271,626,3,"(-3.47, 16.0)"
1769538160.282,626,3,"(-2.87, 14.0)"
1769538160.292,626,3,"(-10.53, 14.0)"
1769538160.304,626,3,"(-13.7, 14.0)"
1769538160.314,626,3,"(-9.32, 14.0)"
1769538160.324,626,3,"(-1.84, 14.0)"
1769538160.337,626,3,"(-4.73, 14.0)"
1769538160.347,626,3,"(-18.19, 12.0)"
1769538160.358,626,3,"(-16.02, 14.0)"
1769538160.370,626,3,"(-2.35, 14.0)"
1769538160.380,626,3,"(8.97, 14.0)"
1769538160.391,626,3,"(4.08, 14.0)"
1769538160.403,626,3,"(8.78, 14.0)"
1769538160.414,626,3,"(-0.37, 14.0)"
1769538160.425,626,3,"(3.55, 14.0)"
1769538160.436,626,3,"(-13.29, 14.0)"
1769538160.447,626,3,"(-5.32, 14.0)"
1769538160.457,626,3,"(-10.7, 14.0)"
1769538160.468,626,3,"(-0.6, 14.0)"
1769538160.480,626,3,"(-30.63, 16.0)"
1769538160.491,626,3,"(-40.23, 18.0)"
1769538160.501,626,3,"(6.52, 18.0)"
1769538160.511,626,3,"(11.97, 18.0)"
1769538160.521,626,3,"(-5.92, 18.0)"
1769538160.531,626,3,"(-5.34, 18.0)"
1769538160.542,626,3,"(10.47, 18.0)"
1769538160.552,626,3,"(7.69, 18.0)"
1769538160.564,626,3,"(-2.85, 18.0)"
1769538160.574,626,3,"(-0.77, 18.0)"
1769538160.585,626,3,"(-3.29, 18.0)"
1769538160.596,626,3,"(8.26, 18.0)"
1769538160.607,626,3,"(-22.46, 18.0)"
1769538160.617,626,3,"(-4.35, 18.0)"
1769538160.628,626,3,"(1.61, 18.0)"
1769538160.638,626,3,"(4.05, 18.0)"
1769538160.648,626,3,"(2.96, 16.0)"
1769538160.659,626,3,"(-8.41, 16.0)"
1769538160.669,626,3,"(-3.07, 18.0)"
1769538160.680,626,3,"(5.31, 16.0)"
1769538160.691,626,3,"(3.03, 16.0)"
1769538160.701,626,3,"(-9.65, 16.0)"
1769538160.711,626,3,"(-6.3, 16.0)"
1769538160.722,626,3,"(-2.65, 16.0)"
1769538160.733,626,3,"(-1.59, 14.0)"
1769538160.744,626,3,"(-1.79, 12.0)"
1769538160.755,626,3,"(-11.38, 10.0)"
1769538160.767,626,3,"(-14.32, 10.0)"
1769538160.777,626,3,"(-0.12, 10.0)"
1769538160.787,626,3,"(-0.27, 8.0)"
1769538160.797,626,3,"(5.62, 10.0)"
1769538160.807,626,3,"(9.94, 10.0)"
1769538160.818,626,3,"(6.13, 10.0)"
1769538160.829,626,3,"(-1.09, 10.0)"
1769538160.839,626,3,"(-0.19, 10.0)"
1769538160.849,626,3,"(18.18, 12.0)"
1769538160.860,626,3,"(-19.22, 12.0)"
1769538160.871,626,3,"(0.05, 10.0)"
1769538160.881,626,3,"(13.45, 12.0)"
1769538160.891,626,3,"(11.54, 12.0)"
1769538160.902,626,3,"(-5.13, 12.0)"
1769538160.913,626,3,"(-8.34, 12.0)"
1769538160.923,626,3,"(-8.48, 12.0)"
1769538160.933,626,3,"(3.61, 12.0)"
1769538160.943,626,3,"(-14.63, 12.0)"
1769538160.954,626,3,"(10.66, 12.0)"
1769538160.965,626,3,"(-7.1, 14.0)"
1769538160.974,626,3,"(8.21, 14.0)"
1769538160.985,626,3,"(4.6, 14.0)"
1769538160.995,626,3,"(3.04, 14.0)"
1769538161.006,626,3,"(3.02, 14.0)"
1769538161.017,626,3,"(3.96, 12.0)"
1769538161.027,626,3,"(-7.39, 12.0)"
1769538161.039,626,3,"(-10.29, 12.0)"
1769538161.049,626,3,"(-1.21, 12.0)"
1769538161.059,626,3,"(-0.85, 12.0)"
1769538161.070,626,3,"(2.15, 12.0)"
1769538161.080,626,3,"(-1.01, 12.0)"
1769538161.091,626,3,"(-2.98, 12.0)"
1769538161.101,626,3,"(-7.7, 10.0)"
1769538161.112,626,3,"(-8.57, 10.0)"
1769538161.122,626,3,"(11.55, 10.0)"
1769538161.134,626,3,"(1.5, 10.0)"
1769538161.144,626,3,"(1.04, 8.0)"
1769538161.155,626,3,"(-1.58, 8.0)"
1769538161.166,626,3,"(-3.89, 8.0)"
1769538161.176,626,3,"(-6.96, 8.0)"
1769538161.188,626,3,"(-8.98, 8.0)"
1769538161.198,626,3,"(6.31, 8.0)"
1769538161.209,626,3,"(6.04, 8.0)"
1769538161.219,626,3,"(-4.62, 8.0)"
1769538161.230,626,3,"(-4.73, 8.0)"
1769538161.241,626,3,"(5.52, 8.0)"
1769538161.251,626,3,"(9.91, 8.0)"
1769538161.262,626,3,"(-1.41, 8.0)"
1769538161.272,626,3,"(-3.2, 8.0)"
1769538161.283,626,3,"(3.58, 10.0)"
1769538161.294,626,3,"(-11.97, 10.0)"
1769538161.305,626,3,"(0.83, 10.0)"
1769538161.315,626,3,"(3.0, 8.0)"
1769538161.325,626,3,"(4.05, 8.0)"
1769538161.337,626,3,"(3.47, 8.0)"
1769538161.347,626,3,"(6.17, 10.0)"
1769538161.358,626,3,"(14.67, 10.0)"
1769538161.368,626,3,"(0.54, 10.0)"
1769538161.378,626,3,"(-5.36, 10.0)"
1769538161.388,626,3,"(2.06, 8.0)"
1769538161.399,626,3,"(-2.26, 10.0)"
1769538161.410,626,3,"(1.11, 10.0)"
1769538161.421,626,3,"(3.45, 10.0)"
1769538161.431,626,3,"(-9.98, 10.0)"
1769538161.442,626,3,"(-15.92, 10.0)"
1769538161.452,626,3,"(-14.31, 10.0)"
1769538161.462,626,3,"(7.7, 10.0)"
1769538161.473,626,3,"(7.31, 10.0)"
1769538161.484,626,3,"(-6.19, 10.0)"
1769538161.494,626,3,"(-5.02, 10.0)"
1769538161.504,626,3,"(-5.08, 10.0)"
1769538161.515,626,3,"(2.92, 10.0)"
1769538161.526,626,3,"(22.14, 10.0)"
1769538161.537,626,3,"(-12.42, 12.0)"
1769538161.548,626,3,"(19.13, 12.0)"
1769538161.558,626,3,"(-4.64, 12.0)"
1769538161.568,626,3,"(-7.24, 12.0)"
1769538161.579,626,3,"(-3.06, 12.0)"
1769538161.590,626,3,"(-5.95, 12.0)"
1769538161.601,626,3,"(-3.16, 12.0)"
1769538161.612,626,3,"(-16.87, 14.0)"
1769538161.623,626,3,"(15.39, 14.0)"
1769538161.633,626,3,"(-4.88, 14.0)"
1769538161.643,626,3,"(-10.77, 14.0)"
1769538161.653,626,3,"(-4.34, 14.0)"
1769538161.664,626,3,"(-11.1, 14.0)"
1769538161.675,626,3,"(-18.09, 16.0)"
1769538161.686,626,3,"(-26.72, 16.0)"
1769538161.696,626,3,"(4.38, 16.0)"
1769538161.707,626,3,"(-4.44, 16.0)"
1769538161.717,626,3,"(-11.28, 16.0)"
1769538161.727,626,3,"(-5.24, 16.0)"
1769538161.739,626,3,"(-2.62, 16.0)"
1769538161.751,626,3,"(10.93, 16.0)"
1769538161.761,626,3,"(6.0, 16.0)"
1769538161.771,626,3,"(-4.14, 16.0)"
1769538161.782,626,3,"(-9.62, 16.0)"
1769538161.792,626,3,"(-5.44, 14.0)"
1769538161.803,626,3,"(7.16, 14.0)"
1769538161.814,626,3,"(8.45, 14.0)"
1769538161.825,626,3,"(-0.21, 14.0)"
1769538161.835,626,3,"(3.78, 14.0)"
1769538161.846,626,3,"(-2.58, 14.0)"
1769538161.856,626,3,"(13.56, 14.0)"
1769538161.867,626,3,"(-1.22, 14.0)"
1769538161.877,626,3,"(0.78, 12.0)"
1769538161.888,626,3,"(-1.74, 12.0)"
1769538161.899,626,3,"(-1.06, 12.0)"
1769538161.910,626,3,"(5.1, 12.0)"
1769538161.921,626,3,"(4.06, 12.0)"
1769538161.931,626,3,"(20.26, 12.0)"
1769538161.941,626,3,"(-5.12, 12.0)"
1769538161.952,626,3,"(2.02, 10.0)"
1769538161.962,626,3,"(-0.04, 10.0)"
1769538161.972,626,3,"(-4.16, 10.0)"
1769538161.983,626,3,"(3.82, 10.0)"
1769538161.993,626,3,"(5.39, 10.0)"
1769538162.004,626,3,"(0.87, 10.0)"
1769538162.014,626,3,"(2.08, 10.0)"
1769538162.024,626,3,"(13.99, 12.0)"
1769538162.035,626,3,"(-2.74, 10.0)"
1769538162.046,626,3,"(9.37, 10.0)"
1769538162.057,626,3,"(13.99, 12.0)"
1769538162.067,626,3,"(9.4, 12.0)"
1769538162.077,626,3,"(2.15, 12.0)"
1769538162.087,626,3,"(4.25, 12.0)"
1769538162.097,626,3,"(-11.66, 12.0)"
1769538162.107,626,3,"(-4.03, 12.0)"
1769538162.119,626,3,"(-18.31, 12.0)"
1769538162.130,626,3,"(-5.19, 12.0)"
1769538162.140,626,3,"(-3.1, 12.0)"
1769538162.150,626,3,"(-3.7, 12.0)"
1769538162.160,626,3,"(-7.27, 12.0)"
1769538162.170,626,3,"(-4.05, 12.0)"
1769538162.181,626,3,"(6.73, 12.0)"
1769538162.192,626,3,"(-6.27, 12.0)"
1769538162.202,626,3,"(0.36, 12.0)"
1769538162.212,626,3,"(-0.7, 12.0)"
1769538162.223,626,3,"(-0.43, 10.0)"
1769538162.233,626,3,"(2.11, 10.0)"
1769538162.243,626,3,"(6.6, 10.0)"
1769538162.254,626,3,"(10.31, 10.0)"
1769538162.264,626,3,"(3.14, 10.0)"
1769538162.275,626,3,"(2.0, 10.0)"
1769538162.285,626,3,"(1.56, 10.0)"
1769538162.296,626,3,"(4.02, 10.0)"
1769538162.306,626,3,"(0.28, 10.0)"
1769538162.317,626,3,"(-9.19, 8.0)"
1769538162.327,626,3,"(-0.13, 8.0)"
1769538162.339,626,3,"(-10.71, 8.0)"
1769538162.350,626,3,"(-17.76, 10.0)"
1769538162.360,626,3,"(-2.81, 10.0)"
1769538162.371,626,3,"(-4.35, 10.0)"
1769538162.382,626,3,"(-8.76, 8.0)"
1769538162.392,626,3,"(-1.02, 8.0)"
1769538162.402,626,3,"(-6.9, 10.0)"
1769538162.414,626,3,"(-2.38, 10.0)"
1769538162.424,626,3,"(1.86, 8.0)"
1769538162.435,626,3,"(-12.54, 10.0)"
1769538162.446,626,3,"(-0.4, 10.0)"
1769538162.457,626,3,"(15.12, 12.0)"
1769538162.469,626,3,"(-1.25, 12.0)"
1769538162.478,626,3,"(3.88, 12.0)"
1769538162.489,626,3,"(-0.29, 12.0)"
1769538162.499,626,3,"(-14.29, 14.0)"
1769538162.509,626,3,"(-4.48, 14.0)"
1769538162.520,626,3,"(-19.12, 14.0)"
1769538162.530,626,3,"(-7.23, 14.0)"
1769538162.541,626,3,"(1.04, 14.0)"
1769538162.551,626,3,"(-8.13, 14.0)"
1769538162.561,626,3,"(-7.29, 16.0)"
1769538162.572,626,3,"(-7.02, 16.0)"
1769538162.583,626,3,"(-4.91, 16.0)"
1769538162.593,626,3,"(-1.99, 14.0)"
1769538162.603,626,3,"(4.86, 14.0)"
1769538162.614,626,3,"(-11.36, 14.0)"
1769538162.625,626,3,"(4.78, 14.0)"
1769538162.635,626,3,"(7.07, 14.0)"
1769538162.646,626,3,"(2.06, 14.0)"
1769538162.656,626,3,"(-5.44, 14.0)"
1769538162.669,626,3,"(-8.6, 14.0)"
1769538162.679,626,3,"(1.44, 14.0)"
1769538162.689,626,3,"(-0.45, 14.0)"
1769538162.700,626,3,"(-10.96, 12.0)"
1769538162.710,626,3,"(-28.37, 12.0)"
1769538162.721,626,3,"(-12.53, 12.0)"
1769538162.732,626,3,"(0.91, 12.0)"
1769538162.742,626,3,"(10.86, 12.0)"
1769538162.752,626,3,"(6.4, 12.0)"
1769538162.762,626,3,"(17.43, 12.0)"
1769538162.773,626,3,"(7.08, 12.0)"
1769538162.783,626,3,"(7.28, 12.0)"
1769538162.794,626,3,"(5.12, 12.0)"
1769538162.804,626,3,"(5.17, 12.0)"
1769538162.815,626,3,"(8.89, 12.0)"
1769538162.826,626,3,"(-4.11, 12.0)"
1769538162.837,626,3,"(7.02, 12.0)"
1769538162.847,626,3,"(2.38, 12.0)"
1769538162.857,626,3,"(7.22, 12.0)"
1769538162.867,626,3,"(3.79, 12.0)"
1769538162.878,626,3,"(2.02, 12.0)"
1769538162.889,626,3,"(-1.54, 12.0)"
1769538162.899,626,3,"(4.37, 12.0)"
1769538162.911,626,3,"(12.15, 12.0)"
1769538162.921,626,3,"(3.8, 12.0)"
1769538162.931,626,3,"(-4.48, 12.0)"
1769538162.942,626,3,"(-5.27, 12.0)"
1769538162.952,626,3,"(-22.67, 12.0)"
1769538162.962,626,3,"(-2.14, 12.0)"
1769538162.973,626,3,"(5.12, 12.0)"
1769538162.983,626,3,"(-4.46, 10.0)"
1769538162.993,626,3,"(-5.38, 12.0)"
1769538163.004,626,3,"(4.04, 10.0)"
1769538163.014,626,3,"(4.13, 10.0)"
1769538163.025,626,3,"(-4.2, 10.0)"
1769538163.036,626,3,"(-10.71, 10.0)"
1769538163.048,626,3,"(-3.09, 10.0)"
1769538163.058,626,3,"(11.94, 10.0)"
1769538163.071,626,3,"(11.61, 10.0)"
1769538163.082,626,3,"(1.78, 10.0)"
1769538163.093,626,3,"(-6.73, 10.0)"
1769538167.632,626,4,"(-13.59, 20.0)"
1769538167.643,626,4,"(-6.13, 20.0)"
1769538167.653,626,4,"(6.94, 20.0)"
1769538167.664,626,4,"(-11.18, 20.0)"
1769538167.675,626,4,"(5.92, 20.0)"
1769538167.685,626,4,"(1.15, 18.0)"
1769538167.695,626,4,"(19.42, 18.0)"
1769538167.706,626,4,"(6.74, 20.0)"
1769538167.718,626,4,"(-9.21, 20.0)"
1769538167.728,626,4,"(-10.31, 20.0)"
1769538167.738,626,4,"(-5.89, 20.0)"
1769538167.749,626,4,"(-2.24, 20.0)"
1769538167.760,626,4,"(-0.6, 22.0)"
1769538167.771,626,4,"(-16.86, 22.0)"
1769538167.781,626,4,"(-9.49, 22.0)"
1769538167.792,626,4,"(23.4, 22.0)"
1769538167.802,626,4,"(14.49, 22.0)"
1769538167.812,626,4,"(14.51, 22.0)"
1769538167.823,626,4,"(-3.64, 22.0)"
1769538167.833,626,4,"(-3.4, 22.0)"
1769538167.843,626,4,"(-8.64, 22.0)"
1769538167.854,626,4,"(-4.18, 20.0)"
1769538167.865,626,4,"(-10.88, 20.0)"
1769538167.875,626,4,"(-7.36, 18.0)"
1769538167.885,626,4,"(-3.52, 18.0)"
1769538167.895,626,4,"(-2.03, 18.0)"
1769538167.907,626,4,"(7.28, 18.0)"
1769538167.918,626,4,"(-9.25, 18.0)"
1769538167.927,626,4,"(12.81, 18.0)"
1769538167.939,626,4,"(10.0, 18.0)"
1769538167.949,626,4,"(-2.18, 18.0)"
1769538167.960,626,4,"(8.83, 16.0)"
1769538167.971,626,4,"(1.17, 14.0)"
1769538167.981,626,4,"(-12.21, 14.0)"
1769538167.991,626,4,"(-10.56, 14.0)"
1769538168.003,626,4,"(-0.35, 16.0)"
1769538168.014,626,4,"(9.35, 16.0)"
1769538168.025,626,4,"(-13.4, 14.0)"
1769538168.035,626,4,"(11.86, 14.0)"
1769538168.046,626,4,"(2.72, 14.0)"
1769538168.056,626,4,"(10.46, 14.0)"
1769538168.067,626,4,"(1.91, 14.0)"
1769538168.077,626,4,"(-10.87, 14.0)"
1769538168.087,626,4,"(2.28, 14.0)"
1769538168.099,626,4,"(2.18, 14.0)"
1769538168.109,626,4,"(11.23, 14.0)"
1769538168.119,626,4,"(-9.74, 14.0)"
1769538168.130,626,4,"(1.43, 14.0)"
1769538168.141,626,4,"(-0.56, 12.0)"
1769538168.152,626,4,"(3.13, 12.0)"
1769538168.163,626,4,"(6.24, 12.0)"
1769538168.173,626,4,"(12.06, 12.0)"
1769538168.183,626,4,"(2.84, 12.0)"
1769538168.194,626,4,"(5.66, 12.0)"
1769538168.205,626,4,"(-2.34, 12.0)"
1769538168.216,626,4,"(-2.92, 12.0)"
1769538168.226,626,4,"(-7.88, 12.0)"
1769538168.237,626,4,"(4.71, 12.0)"
1769538168.249,626,4,"(-0.18, 12.0)"
1769538168.258,626,4,"(0.57, 10.0)"
1769538168.269,626,4,"(-13.7, 10.0)"
1769538168.280,626,4,"(0.73, 12.0)"
1769538168.290,626,4,"(-17.98, 12.0)"
1769538168.301,626,4,"(9.69, 10.0)"
1769538168.311,626,4,"(-0.59, 10.0)"
1769538168.321,626,4,"(11.55, 10.0)"
1769538168.331,626,4,"(-0.21, 10.0)"
1769538168.342,626,4,"(6.82, 10.0)"
1769538168.352,626,4,"(-0.55, 10.0)"
1769538168.363,626,4,"(2.12, 10.0)"
1769538168.373,626,4,"(8.72, 10.0)"
1769538168.384,626,4,"(-2.05, 10.0)"
1769538168.395,626,4,"(-0.83, 10.0)"
1769538168.405,626,4,"(0.06, 10.0)"
1769538168.416,626,4,"(-0.95, 10.0)"
1769538168.426,626,4,"(5.75, 10.0)"
1769538168.436,626,4,"(3.39, 10.0)"
1769538168.446,626,4,"(22.83, 10.0)"
1769538168.457,626,4,"(18.01, 12.0)"
1769538168.467,626,4,"(12.81, 12.0)"
1769538168.477,626,4,"(-4.07, 12.0)"
1769538168.487,626,4,"(14.44, 12.0)"
1769538168.498,626,4,"(14.14, 14.0)"
1769538168.509,626,4,"(21.67, 14.0)"
1769538168.519,626,4,"(-17.45, 14.0)"
1769538168.530,626,4,"(-1.8, 14.0)"
1769538168.541,626,4,"(3.97, 14.0)"
1769538168.551,626,4,"(2.96, 14.0)"
1769538168.562,626,4,"(0.88, 14.0)"
1769538168.573,626,4,"(-7.83, 14.0)"
1769538168.584,626,4,"(-6.66, 14.0)"
1769538168.594,626,4,"(6.62, 12.0)"
1769538168.605,626,4,"(14.18, 12.0)"
1769538168.615,626,4,"(6.24, 14.0)"
1769538168.626,626,4,"(4.2, 14.0)"
1769538168.638,626,4,"(2.35, 14.0)"
1769538168.650,626,4,"(0.95, 14.0)"
1769538168.660,626,4,"(0.78, 14.0)"
1769538168.671,626,4,"(-6.89, 14.0)"
1769538168.682,626,4,"(11.34, 14.0)"
1769538168.692,626,4,"(-1.58, 14.0)"
1769538168.702,626,4,"(7.79, 14.0)"
1769538168.712,626,4,"(6.56, 14.0)"
1769538168.723,626,4,"(9.39, 12.0)"
1769538168.733,626,4,"(1.68, 12.0)"
1769538168.743,626,4,"(-0.96, 12.0)"
1769538168.754,626,4,"(-8.38, 12.0)"
1769538168.764,626,4,"(3.58, 12.0)"
1769538168.775,626,4,"(3.4, 10.0)"
1769538168.786,626,4,"(-15.7, 12.0)"
1769538168.796,626,4,"(1.47, 12.0)"
1769538168.807,626,4,"(7.6, 12.0)"
1769538168.817,626,4,"(9.93, 12.0)"
1769538168.829,626,4,"(2.14, 12.0)"
1769538168.840,626,4,"(10.75, 12.0)"
1769538168.850,626,4,"(9.01, 12.0)"
1769538168.860,626,4,"(-1.81, 12.0)"
1769538168.871,626,4,"(11.8, 12.0)"
1769538168.882,626,4,"(12.65, 12.0)"
1769538168.892,626,4,"(3.65, 12.0)"
1769538168.902,626,4,"(6.6, 12.0)"
1769538168.913,626,4,"(-3.52, 12.0)"
1769538168.923,626,4,"(2.9, 12.0)"
1769538168.936,626,4,"(-13.03, 12.0)"
1769538168.946,626,4,"(-3.41, 12.0)"
1769538168.957,626,4,"(4.08, 12.0)"
1769538168.967,626,4,"(5.92, 12.0)"
1769538168.977,626,4,"(4.01, 12.0)"
1769538168.989,626,4,"(-5.0, 10.0)"
1769538169.000,626,4,"(-10.18, 10.0)"
1769538169.010,626,4,"(5.41, 10.0)"
1769538169.021,626,4,"(11.54, 10.0)"
1769538169.031,626,4,"(9.68, 12.0)"
1769538169.041,626,4,"(7.39, 10.0)"
1769538169.053,626,4,"(0.87, 10.0)"
1769538169.064,626,4,"(2.64, 12.0)"
1769538169.075,626,4,"(0.44, 10.0)"
1769538169.085,626,4,"(6.84, 10.0)"
1769538169.096,626,4,"(1.7, 10.0)"
1769538169.106,626,4,"(4.16, 10.0)"
1769538169.117,626,4,"(0.85, 10.0)"
1769538169.128,626,4,"(4.57, 10.0)"
1769538169.139,626,4,"(3.13, 8.0)"
1769538169.150,626,4,"(1.86, 8.0)"
1769538169.160,626,4,"(3.65, 8.0)"
1769538169.171,626,4,"(-8.72, 8.0)"
1769538169.182,626,4,"(-14.85, 8.0)"
1769538169.192,626,4,"(2.97, 8.0)"
1769538169.202,626,4,"(15.78, 10.0)"
1769538169.212,626,4,"(34.85, 10.0)"
1769538169.223,626,4,"(21.85, 12.0)"
1769538169.233,626,4,"(2.23, 12.0)"
1769538169.244,626,4,"(6.42, 12.0)"
1769538169.257,626,4,"(19.53, 14.0)"
1769538169.267,626,4,"(29.49, 14.0)"
1769538169.278,626,4,"(4.26, 14.0)"
1769538169.289,626,4,"(6.24, 16.0)"
1769538169.300,626,4,"(7.0, 18.0)"
1769538169.310,626,4,"(5.94, 16.0)"
1769538169.321,626,4,"(-0.2, 16.0)"
1769538169.331,626,4,"(4.49, 16.0)"
1769538169.342,626,4,"(-4.26, 16.0)"
1769538169.352,626,4,"(4.28, 16.0)"
1769538169.363,626,4,"(0.27, 16.0)"
1769538169.373,626,4,"(7.22, 16.0)"
1769538169.384,626,4,"(4.2, 16.0)"
1769538169.394,626,4,"(3.99, 16.0)"
1769538169.405,626,4,"(-5.22, 18.0)"
1769538169.415,626,4,"(-3.86, 18.0)"
1769538169.426,626,4,"(3.77, 18.0)"
1769538169.438,626,4,"(1.62, 18.0)"
1769538169.450,626,4,"(1.24, 16.0)"
1769538169.460,626,4,"(6.89, 14.0)"
1769538169.471,626,4,"(-7.73, 14.0)"
1769538169.480,626,4,"(-0.43, 12.0)"
1769538169.491,626,4,"(3.85, 12.0)"
1769538169.503,626,4,"(-0.35, 12.0)"
1769538169.513,626,4,"(2.3, 12.0)"
1769538169.523,626,4,"(5.52, 10.0)"
1769538169.534,626,4,"(16.57, 10.0)"
1769538169.544,626,4,"(4.56, 8.0)"
1769538169.555,626,4,"(-1.21, 8.0)"
1769538169.565,626,4,"(-0.73, 6.0)"
1769538169.576,626,4,"(4.22, 6.0)"
1769538169.587,626,4,"(5.82, 6.0)"
1769538169.597,626,4,"(-0.47, 6.0)"
1769538169.608,626,4,"(-14.9, 6.0)"
1769538169.618,626,4,"(-6.26, 8.0)"
1769538169.629,626,4,"(-2.41, 8.0)"
1769538169.639,626,4,"(7.91, 8.0)"
1769538169.649,626,4,"(-7.01, 8.0)"
1769538169.660,626,4,"(-2.42, 8.0)"
1769538169.671,626,4,"(3.24, 8.0)"
1769538169.681,626,4,"(1.39, 8.0)"
1769538169.692,626,4,"(-7.36, 8.0)"
1769538169.702,626,4,"(-12.94, 8.0)"
1769538169.712,626,4,"(3.33, 8.0)"
1769538169.723,626,4,"(1.12, 8.0)"
1769538169.733,626,4,"(1.83, 8.0)"
1769538169.743,626,4,"(1.77, 8.0)"
1769538169.753,626,4,"(6.85, 8.0)"
1769538169.764,626,4,"(-0.89, 8.0)"
1769538169.774,626,4,"(5.03, 8.0)"
1769538169.786,626,4,"(0.71, 8.0)"
1769538169.796,626,4,"(2.46, 8.0)"
1769538169.807,626,4,"(1.6, 8.0)"
1769538169.819,626,4,"(1.52, 6.0)"
1769538169.830,626,4,"(0.56, 6.0)"
1769538169.841,626,4,"(1.07, 6.0)"
1769538169.853,626,4,"(-1.06, 6.0)"
1769538169.864,626,4,"(-9.2, 6.0)"
1769538169.874,626,4,"(-6.4, 6.0)"
1769538169.885,626,4,"(3.7, 6.0)"
1769538169.895,626,4,"(4.42, 6.0)"
1769538169.906,626,4,"(2.98, 6.0)"
1769538169.917,626,4,"(-3.1, 6.0)"
1769538169.928,626,4,"(-2.5, 6.0)"
1769538169.938,626,4,"(-0.77, 6.0)"
1769538169.950,626,4,"(-0.18, 6.0)"
1769538169.960,626,4,"(-7.04, 6.0)"
1769538169.971,626,4,"(-4.24, 6.0)"
1769538169.982,626,4,"(-7.73, 6.0)"
1769538169.993,626,4,"(-2.38, 6.0)"
1769538170.003,626,4,"(-0.8, 6.0)"
1769538170.014,626,4,"(-12.99, 6.0)"
1769538170.025,626,4,"(-13.19, 6.0)"
1769538170.035,626,4,"(3.27, 6.0)"
1769538170.046,626,4,"(0.86, 6.0)"
1769538170.057,626,4,"(-4.39, 6.0)"
1769538170.068,626,4,"(6.11, 6.0)"
1769538170.079,626,4,"(4.44, 6.0)"
1769538170.089,626,4,"(-3.62, 8.0)"
1769538170.102,626,4,"(-1.54, 8.0)"
1769538170.112,626,4,"(-12.5, 8.0)"
1769538170.122,626,4,"(-5.03, 8.0)"
1769538170.133,626,4,"(3.59, 8.0)"
1769538170.142,626,4,"(2.4, 8.0)"
1769538170.153,626,4,"(2.64, 8.0)"
1769538170.164,626,4,"(0.42, 8.0)"
1769538170.175,626,4,"(-19.68, 8.0)"
1769538170.185,626,4,"(-16.73, 10.0)"
1769538170.196,626,4,"(-5.17, 10.0)"
1769538170.207,626,4,"(-5.69, 10.0)"
1769538170.217,626,4,"(-2.62, 10.0)"
1769538170.227,626,4,"(9.81, 10.0)"
1769538170.238,626,4,"(-1.28, 10.0)"
1769538170.248,626,4,"(1.28, 10.0)"
1769538170.259,626,4,"(0.54, 10.0)"
1769538170.269,626,4,"(10.56, 10.0)"
1769538170.281,626,4,"(-1.92, 10.0)"
1769538170.292,626,4,"(-1.86, 12.0)"
1769538170.302,626,4,"(5.76, 12.0)"
1769538170.313,626,4,"(-1.57, 12.0)"
1769538170.323,626,4,"(1.2, 12.0)"
1769538170.333,626,4,"(-2.97, 12.0)"
1769538170.344,626,4,"(-10.24, 12.0)"
1769538170.355,626,4,"(2.61, 12.0)"
1769538170.366,626,4,"(-3.71, 12.0)"
1769538170.376,626,4,"(7.98, 10.0)"
1769538170.387,626,4,"(-11.51, 10.0)"
1769538170.397,626,4,"(-0.08, 12.0)"
1769538170.407,626,4,"(8.31, 12.0)"
1769538170.418,626,4,"(11.68, 12.0)"
1769538170.429,626,4,"(-3.1, 12.0)"
1769538170.439,626,4,"(-11.12, 12.0)"
1769538170.449,626,4,"(-17.48, 12.0)"
1769538170.460,626,4,"(1.7, 12.0)"
1769538170.470,626,4,"(1.42, 12.0)"
1769538170.481,626,4,"(-7.89, 10.0)"
1769538170.491,626,4,"(-10.61, 10.0)"
1769538170.501,626,4,"(-11.79, 12.0)"
1769538170.511,626,4,"(-0.51, 10.0)"
1769538170.522,626,4,"(1.5, 10.0)"
1769538170.532,626,4,"(10.27, 10.0)"
1769538170.543,626,4,"(4.45, 10.0)"
1769538170.553,626,4,"(7.79, 10.0)"
1769538170.565,626,4,"(-9.87, 10.0)"
1769538170.575,626,4,"(-6.43, 10.0)"
1769538170.585,626,4,"(0.7, 10.0)"
1769538170.596,626,4,"(-0.09, 10.0)"
1769538170.607,626,4,"(11.46, 10.0)"
1769538170.617,626,4,"(15.07, 12.0)"
1769538170.629,626,4,"(-0.04, 12.0)"
1769538170.639,626,4,"(-2.99, 10.0)"
1769539599.167,382,1,"(-19.54, 42.0)"
1769539599.177,382,1,"(-17.41, 42.0)"
1769539599.189,382,1,"(32.23, 46.0)"
1769539599.199,382,1,"(-28.97, 46.0)"
1769539599.211,382,1,"(-7.04, 46.0)"
1769539599.221,382,1,"(-7.51, 46.0)"
1769539599.231,382,1,"(1.82, 44.0)"
1769539599.242,382,1,"(-0.64, 44.0)"
1769539599.252,382,1,"(-1.86, 42.0)"
1769539599.266,382,1,"(0.73, 40.0)"
1769539599.276,382,1,"(1.5, 38.0)"
1769539599.287,382,1,"(5.98, 36.0)"
1769539599.299,382,1,"(-1.77, 34.0)"
1769539599.309,382,1,"(1.41, 32.0)"
1769539599.319,382,1,"(-1.16, 32.0)"
1769539599.331,382,1,"(-0.3, 28.0)"
1769539599.341,382,1,"(0.56, 26.0)"
1769539599.351,382,1,"(-0.75, 24.0)"
1769539599.362,382,1,"(0.21, 22.0)"
1769539599.373,382,1,"(-1.43, 20.0)"
1769539599.384,382,1,"(-29.5, 18.0)"
1769539599.394,382,1,"(-126.47, 24.0)"
1769539599.404,382,1,"(37.11, 26.0)"
1769539599.415,382,1,"(27.84, 28.0)"
1769539599.426,382,1,"(26.59, 26.0)"
1769539599.436,382,1,"(-22.52, 26.0)"
1769539599.447,382,1,"(8.96, 24.0)"
1769539599.456,382,1,"(8.38, 22.0)"
1769539599.467,382,1,"(3.95, 22.0)"
1769539599.478,382,1,"(-3.1, 22.0)"
1769539599.488,382,1,"(-1.68, 22.0)"
1769539599.499,382,1,"(1.37, 22.0)"
1769539599.509,382,1,"(0.49, 22.0)"
1769539599.521,382,1,"(-0.38, 22.0)"
1769539599.532,382,1,"(-0.54, 22.0)"
1769539599.543,382,1,"(2.61, 22.0)"
1769539599.553,382,1,"(-4.43, 22.0)"
1769539599.564,382,1,"(8.89, 22.0)"
1769539599.574,382,1,"(1.98, 22.0)"
1769539599.585,382,1,"(0.03, 22.0)"
1769539599.596,382,1,"(-1.05, 22.0)"
1769539599.607,382,1,"(-2.32, 22.0)"
1769539599.618,382,1,"(-0.52, 22.0)"
1769539599.628,382,1,"(-3.61, 22.0)"
1769539599.638,382,1,"(-3.4, 22.0)"
1769539599.648,382,1,"(-0.55, 16.0)"
1769539599.659,382,1,"(-4.56, 12.0)"
1769539599.669,382,1,"(-2.08, 6.0)"
1769539599.679,382,1,"(-0.98, 6.0)"
1769539599.691,382,1,"(-0.67, 4.0)"
1769539599.702,382,1,"(6.57, 4.0)"
1769539599.712,382,1,"(6.8, 4.0)"
1769539599.723,382,1,"(5.56, 4.0)"
1769539599.733,382,1,"(-0.99, 4.0)"
1769539599.743,382,1,"(4.09, 4.0)"
1769539599.754,382,1,"(-0.35, 4.0)"
1769539599.764,382,1,"(2.92, 4.0)"
1769539599.775,382,1,"(-1.22, 4.0)"
1769539599.785,382,1,"(2.93, 4.0)"
1769539599.796,382,1,"(-0.89, 4.0)"
1769539599.807,382,1,"(-0.95, 4.0)"
1769539599.818,382,1,"(-3.5, 4.0)"
1769539599.830,382,1,"(-1.31, 4.0)"
1769539599.840,382,1,"(3.51, 4.0)"
1769539599.850,382,1,"(-0.83, 4.0)"
1769539599.860,382,1,"(3.66, 4.0)"
1769539599.870,382,1,"(-1.1, 4.0)"
1769539599.881,382,1,"(2.37, 4.0)"
1769539599.891,382,1,"(2.51, 4.0)"
1769539599.901,382,1,"(2.0, 4.0)"
1769539599.912,382,1,"(2.78, 4.0)"
1769539599.922,382,1,"(2.55, 4.0)"
1769539599.933,382,1,"(3.15, 4.0)"
1769539599.944,382,1,"(3.1, 4.0)"
1769539599.955,382,1,"(-1.07, 4.0)"
1769539599.966,382,1,"(-1.9, 4.0)"
1769539599.976,382,1,"(-3.45, 2.0)"
1769539599.987,382,1,"(-3.47, 2.0)"
1769539599.997,382,1,"(-2.59, 2.0)"
1769539600.008,382,1,"(-0.68, 2.0)"
1769539600.018,382,1,"(-3.39, 2.0)"
1769539600.029,382,1,"(-0.62, 2.0)"
1769539600.039,382,1,"(-3.87, 2.0)"
1769539600.050,382,1,"(3.06, 2.0)"
1769539600.060,382,1,"(-0.9, 2.0)"
1769539600.071,382,1,"(2.86, 2.0)"
1769539600.081,382,1,"(2.92, 2.0)"
1769539600.091,382,1,"(3.23, 2.0)"
1769539600.102,382,1,"(3.0, 2.0)"
1769539600.112,382,1,"(3.21, 2.0)"
1769539600.122,382,1,"(3.89, 2.0)"
1769539600.133,382,1,"(2.94, 2.0)"
1769539600.143,382,1,"(-3.25, 2.0)"
1769539600.153,382,1,"(4.16, 2.0)"
1769539600.165,382,1,"(-2.26, 2.0)"
1769539600.175,382,1,"(3.27, 2.0)"
1769539600.185,382,1,"(-1.96, 2.0)"
1769539600.196,382,1,"(-3.75, 4.0)"
1769539600.206,382,1,"(-1.58, 2.0)"
1769539600.216,382,1,"(-0.3, 4.0)"
1769539600.227,382,1,"(-4.16, 4.0)"
1769539600.238,382,1,"(-0.65, 4.0)"
1769539600.248,382,1,"(-4.26, 4.0)"
1769539600.259,382,1,"(-1.07, 4.0)"
1769539600.269,382,1,"(-4.86, 4.0)"
1769539600.279,382,1,"(-1.22, 4.0)"
1769539600.290,382,1,"(-0.46, 4.0)"
1769539600.300,382,1,"(4.75, 4.0)"
1769539600.310,382,1,"(4.82, 4.0)"
1769539600.321,382,1,"(3.97, 4.0)"
1769539600.331,382,1,"(3.48, 4.0)"
1769539600.342,382,1,"(2.58, 4.0)"
1769539600.352,382,1,"(2.32, 4.0)"
1769539600.364,382,1,"(2.82, 4.0)"
1769539600.374,382,1,"(2.69, 4.0)"
1769539600.384,382,1,"(-1.46, 4.0)"
1769539600.394,382,1,"(-1.98, 4.0)"
1769539600.405,382,1,"(-3.65, 4.0)"
1769539600.415,382,1,"(-1.82, 4.0)"
1769539600.425,382,1,"(-3.16, 4.0)"
1769539600.436,382,1,"(-2.62, 2.0)"
1769539600.446,382,1,"(-2.79, 2.0)"
1769539600.456,382,1,"(-0.84, 2.0)"
1769539600.467,382,1,"(0.28, 2.0)"
1769539600.478,382,1,"(-2.99, 2.0)"
1769539600.489,382,1,"(-0.55, 2.0)"
1769539600.499,382,1,"(3.11, 2.0)"
1769539600.509,382,1,"(-0.97, 2.0)"
1769539600.519,382,1,"(-1.11, 2.0)"
1769539600.530,382,1,"(-0.82, 2.0)"
1769539600.540,382,1,"(3.62, 2.0)"
1769539600.550,382,1,"(3.54, 2.0)"
1769539600.561,382,1,"(2.71, 2.0)"
1769539600.572,382,1,"(3.5, 2.0)"
1769539600.582,382,1,"(2.54, 2.0)"
1769539600.593,382,1,"(2.34, 2.0)"
1769539600.603,382,1,"(2.14, 2.0)"
1769539600.614,382,1,"(2.52, 2.0)"
1769539600.624,382,1,"(1.87, 2.0)"
1769539600.635,382,1,"(-2.65, 2.0)"
1769539600.647,382,1,"(-3.04, 2.0)"
1769539600.656,382,1,"(-2.62, 2.0)"
1769539600.667,382,1,"(-3.96, 2.0)"
1769539600.677,382,1,"(-3.9, 2.0)"
1769539600.689,382,1,"(-0.67, 2.0)"
1769539600.699,382,1,"(-3.4, 2.0)"
1769539600.710,382,1,"(3.6, 2.0)"
1769539600.721,382,1,"(2.05, 2.0)"
1769539600.731,382,1,"(3.55, 2.0)"
1769539600.741,382,1,"(1.8, 2.0)"
1769539600.751,382,1,"(3.15, 2.0)"
1769539600.762,382,1,"(1.62, 2.0)"
1769539600.773,382,1,"(2.21, 2.0)"
1769539600.784,382,1,"(1.55, 2.0)"
1769539600.794,382,1,"(-2.21, 2.0)"
1769539600.805,382,1,"(-2.94, 2.0)"
1769539600.815,382,1,"(-3.73, 2.0)"
1769539600.826,382,1,"(-1.31, 2.0)"
1769539600.836,382,1,"(-2.62, 2.0)"
1769539600.847,382,1,"(-3.3, 2.0)"
1769539600.857,382,1,"(-3.55, 2.0)"
1769539600.867,382,1,"(-0.7, 2.0)"
1769539600.878,382,1,"(0.14, 2.0)"
1769539600.888,382,1,"(2.58, 2.0)"
1769539600.899,382,1,"(0.54, 2.0)"
1769539600.910,382,1,"(2.91, 2.0)"
1769539600.920,382,1,"(3.5, 2.0)"
1769539600.931,382,1,"(2.99, 2.0)"
1769539600.942,382,1,"(1.83, 2.0)"
1769539600.953,382,1,"(3.15, 2.0)"
1769539600.963,382,1,"(3.66, 2.0)"
1769539600.973,382,1,"(3.74, 2.0)"
1769539600.984,382,1,"(-1.07, 2.0)"
1769539600.994,382,1,"(-1.52, 2.0)"
1769539601.005,382,1,"(-1.95, 2.0)"
1769539601.015,382,1,"(-3.89, 2.0)"
1769539601.026,382,1,"(-2.6, 2.0)"
1769539601.037,382,1,"(-4.9, 2.0)"
1769539601.047,382,1,"(2.7, 2.0)"
1769539601.058,382,1,"(0.63, 2.0)"
1769539601.068,382,1,"(4.09, 2.0)"
1769539601.080,382,1,"(-0.81, 2.0)"
1769539601.091,382,1,"(2.42, 2.0)"
1769539601.101,382,1,"(1.06, 2.0)"
1769539601.111,382,1,"(3.23, 2.0)"
1769539601.122,382,1,"(2.05, 2.0)"
1769539601.133,382,1,"(2.94, 2.0)"
1769539601.144,382,1,"(-1.37, 2.0)"
1769539601.155,382,1,"(-2.84, 2.0)"
1769539601.165,382,1,"(-1.78, 2.0)"
1769539601.176,382,1,"(-2.45, 2.0)"
1769539601.187,382,1,"(0.16, 2.0)"
1769539601.198,382,1,"(-3.58, 2.0)"
1769539601.208,382,1,"(-1.16, 2.0)"
1769539601.218,382,1,"(-0.7, 2.0)"
1769539601.229,382,1,"(2.22, 2.0)"
1769539601.240,382,1,"(0.22, 2.0)"
1769539601.251,382,1,"(4.33, 2.0)"
1769539601.261,382,1,"(2.85, 2.0)"
1769539601.272,382,1,"(2.8, 2.0)"
1769539601.282,382,1,"(1.7, 2.0)"
1769539601.293,382,1,"(2.17, 2.0)"
1769539601.304,382,1,"(-1.65, 2.0)"
1769539601.314,382,1,"(-2.48, 2.0)"
1769539601.324,382,1,"(-0.57, 2.0)"
1769539601.335,382,1,"(-2.43, 2.0)"
1769539601.345,382,1,"(-0.93, 2.0)"
1769539601.356,382,1,"(-2.25, 2.0)"
1769539601.367,382,1,"(0.08, 2.0)"
1769539601.378,382,1,"(1.15, 2.0)"
1769539601.388,382,1,"(4.27, 2.0)"
1769539601.399,382,1,"(0.41, 2.0)"
1769539601.410,382,1,"(3.29, 2.0)"
1769539601.420,382,1,"(4.6, 2.0)"
1769539601.431,382,1,"(5.54, 2.0)"
1769539601.441,382,1,"(2.33, 2.0)"
1769539601.452,382,1,"(4.5, 2.0)"
1769539601.462,382,1,"(1.49, 2.0)"
1769539601.473,382,1,"(2.54, 2.0)"
1769539601.484,382,1,"(-1.6, 2.0)"
1769539601.495,382,1,"(-2.32, 2.0)"
1769539601.505,382,1,"(-2.03, 2.0)"
1769539601.515,382,1,"(-2.12, 2.0)"
1769539601.526,382,1,"(-2.71, 2.0)"
1769539601.536,382,1,"(-2.61, 2.0)"
1769539601.546,382,1,"(-2.89, 2.0)"
1769539601.557,382,1,"(0.3, 2.0)"
1769539601.568,382,1,"(-0.44, 2.0)"
1769539601.578,382,1,"(0.19, 2.0)"
1769539601.589,382,1,"(3.23, 2.0)"
1769539601.599,382,1,"(0.73, 2.0)"
1769539601.610,382,1,"(3.61, 2.0)"
1769539601.621,382,1,"(2.3, 2.0)"
1769539601.631,382,1,"(1.39, 2.0)"
1769539601.641,382,1,"(1.51, 2.0)"
1769539601.653,382,1,"(1.94, 2.0)"
1769539601.664,382,1,"(-1.56, 2.0)"
1769539601.675,382,1,"(-1.26, 2.0)"
1769539601.686,382,1,"(-3.03, 2.0)"
1769539601.696,382,1,"(-2.55, 2.0)"
1769539601.706,382,1,"(-2.4, 2.0)"
1769539601.717,382,1,"(1.25, 2.0)"
1769539601.728,382,1,"(3.72, 2.0)"
1769539601.739,382,1,"(-0.35, 2.0)"
1769539601.750,382,1,"(1.82, 2.0)"
1769539601.760,382,1,"(0.63, 2.0)"
1769539601.771,382,1,"(3.18, 2.0)"
1769539601.782,382,1,"(1.64, 2.0)"
1769539601.793,382,1,"(-2.11, 2.0)"
1769539601.804,382,1,"(-2.56, 2.0)"
1769539601.814,382,1,"(-3.25, 2.0)"
1769539601.825,382,1,"(-1.88, 2.0)"
1769539601.835,382,1,"(-2.59, 2.0)"
1769539601.846,382,1,"(-4.61, 2.0)"
1769539601.856,382,1,"(-3.07, 2.0)"
1769539601.867,382,1,"(-1.24, 2.0)"
1769539601.877,382,1,"(-2.59, 2.0)"
1769539601.888,382,1,"(0.01, 2.0)"
1769539601.898,382,1,"(-1.0, 2.0)"
1769539601.908,382,1,"(0.51, 2.0)"
1769539601.919,382,1,"(2.08, 2.0)"
1769539601.930,382,1,"(2.57, 2.0)"
1769539601.941,382,1,"(-0.32, 2.0)"
1769539601.952,382,1,"(3.9, 2.0)"
1769539601.962,382,1,"(1.51, 2.0)"
1769539601.972,382,1,"(0.71, 2.0)"
1769539601.982,382,1,"(0.14, 2.0)"
1769539601.993,382,1,"(0.53, 2.0)"
1769539602.003,382,1,"(-2.41, 2.0)"
1769539602.014,382,1,"(-1.71, 2.0)"
1769539602.024,382,1,"(-1.62, 2.0)"
1769539602.035,382,1,"(-1.65, 2.0)"
1769539602.046,382,1,"(-3.06, 2.0)"
1769539602.057,382,1,"(-1.15, 2.0)"
1769539602.067,382,1,"(-1.99, 2.0)"
1769539602.077,382,1,"(1.14, 2.0)"
1769539602.087,382,1,"(-2.81, 2.0)"
1769539602.100,382,1,"(0.41, 2.0)"
1769539602.111,382,1,"(3.0, 2.0)"
1769539602.121,382,1,"(0.96, 2.0)"
1769539602.132,382,1,"(0.94, 2.0)"
1769539602.142,382,1,"(-1.92, 2.0)"
1769539602.153,382,1,"(1.44, 2.0)"
1769539602.163,382,1,"(-0.55, 2.0)"
1769539621.965,382,2,"(8.62, 14.0)"
1769539621.974,382,2,"(1.88, 14.0)"
1769539621.985,382,2,"(12.71, 16.0)"
1769539621.995,382,2,"(6.45, 16.0)"
1769539622.005,382,2,"(11.64, 16.0)"
1769539622.015,382,2,"(0.29, 16.0)"
1769539622.026,382,2,"(10.54, 14.0)"
1769539622.037,382,2,"(-3.19, 14.0)"
1769539622.047,382,2,"(-8.13, 14.0)"
1769539622.058,382,2,"(-13.73, 16.0)"
1769539622.068,382,2,"(-7.12, 14.0)"
1769539622.079,382,2,"(-12.5, 14.0)"
1769539622.090,382,2,"(-7.01, 16.0)"
1769539622.100,382,2,"(10.97, 16.0)"
1769539622.111,382,2,"(-8.67, 16.0)"
1769539622.121,382,2,"(9.8, 16.0)"
1769539622.131,382,2,"(9.77, 16.0)"
1769539622.142,382,2,"(12.08, 16.0)"
1769539622.153,382,2,"(10.88, 16.0)"
1769539622.164,382,2,"(13.06, 16.0)"
1769539622.175,382,2,"(0.33, 16.0)"
1769539622.185,382,2,"(10.93, 16.0)"
1769539622.196,382,2,"(-0.94, 16.0)"
1769539622.206,382,2,"(12.55, 16.0)"
1769539622.217,382,2,"(-9.76, 16.0)"
1769539622.227,382,2,"(-3.6, 16.0)"
1769539622.239,382,2,"(-11.88, 16.0)"
1769539622.250,382,2,"(-5.14, 16.0)"
1769539622.260,382,2,"(-3.91, 16.0)"
1769539622.271,382,2,"(-6.59, 16.0)"
1769539622.282,382,2,"(7.71, 16.0)"
1769539622.292,382,2,"(11.15, 16.0)"
1769539622.303,382,2,"(14.12, 16.0)"
1769539622.313,382,2,"(10.11, 16.0)"
1769539622.323,382,2,"(11.63, 16.0)"
1769539622.333,382,2,"(11.87, 16.0)"
1769539622.344,382,2,"(12.15, 16.0)"
1769539622.355,382,2,"(-2.02, 14.0)"
1769539622.366,382,2,"(8.09, 14.0)"
1769539622.377,382,2,"(-1.04, 14.0)"
1769539622.388,382,2,"(-0.88, 14.0)"
1769539622.399,382,2,"(-12.14, 14.0)"
1769539622.409,382,2,"(-12.01, 14.0)"
1769539622.421,382,2,"(-34.45, 16.0)"
1769539622.432,382,2,"(4.45, 16.0)"
1769539622.443,382,2,"(6.28, 18.0)"
1769539622.453,382,2,"(21.58, 18.0)"
1769539622.463,382,2,"(9.65, 18.0)"
1769539622.474,382,2,"(10.74, 20.0)"
1769539622.484,382,2,"(-7.11, 20.0)"
1769539622.494,382,2,"(20.36, 20.0)"
1769539622.505,382,2,"(6.33, 20.0)"
1769539622.517,382,2,"(11.87, 22.0)"
1769539622.527,382,2,"(-9.82, 22.0)"
1769539622.539,382,2,"(-32.18, 22.0)"
1769539622.549,382,2,"(-18.29, 22.0)"
1769539622.560,382,2,"(23.14, 24.0)"
1769539622.571,382,2,"(-2.12, 24.0)"
1769539622.582,382,2,"(28.81, 26.0)"
1769539622.592,382,2,"(21.33, 26.0)"
1769539622.603,382,2,"(19.04, 26.0)"
1769539622.614,382,2,"(-13.99, 26.0)"
1769539622.623,382,2,"(39.15, 28.0)"
1769539622.633,382,2,"(-0.02, 32.0)"
1769539622.645,382,2,"(28.92, 32.0)"
1769539622.655,382,2,"(-29.27, 34.0)"
1769539622.666,382,2,"(-51.26, 36.0)"
1769539622.676,382,2,"(28.84, 36.0)"
1769539622.686,382,2,"(29.21, 38.0)"
1769539622.698,382,2,"(23.53, 38.0)"
1769539622.708,382,2,"(-11.61, 38.0)"
1769539622.718,382,2,"(-9.06, 38.0)"
1769539622.728,382,2,"(-5.04, 38.0)"
1769539622.739,382,2,"(21.13, 38.0)"
1769539622.750,382,2,"(-31.26, 40.0)"
1769539622.760,382,2,"(0.38, 40.0)"
1769539622.770,382,2,"(-17.07, 40.0)"
1769539622.780,382,2,"(-18.37, 40.0)"
1769539622.791,382,2,"(-6.37, 40.0)"
1769539622.802,382,2,"(-11.19, 40.0)"
1769539622.813,382,2,"(-7.5, 40.0)"
1769539622.825,382,2,"(11.43, 38.0)"
1769539622.835,382,2,"(9.76, 38.0)"
1769539622.846,382,2,"(10.24, 38.0)"
1769539622.857,382,2,"(9.96, 38.0)"
1769539622.867,382,2,"(-10.72, 38.0)"
1769539622.878,382,2,"(-7.22, 38.0)"
1769539622.889,382,2,"(-8.56, 34.0)"
1769539622.899,382,2,"(-11.26, 32.0)"
1769539622.910,382,2,"(1.9, 32.0)"
1769539622.921,382,2,"(8.29, 30.0)"
1769539622.931,382,2,"(-7.71, 28.0)"
1769539622.942,382,2,"(0.22, 26.0)"
1769539622.953,382,2,"(29.53, 26.0)"
1769539622.963,382,2,"(-11.27, 26.0)"
1769539622.974,382,2,"(8.49, 26.0)"
1769539622.984,382,2,"(9.47, 24.0)"
1769539622.995,382,2,"(0.18, 22.0)"
1769539623.005,382,2,"(-4.69, 20.0)"
1769539623.016,382,2,"(-8.23, 20.0)"
1769539623.026,382,2,"(-12.28, 20.0)"
1769539623.037,382,2,"(-0.15, 20.0)"
1769539623.049,382,2,"(-6.02, 20.0)"
1769539623.060,382,2,"(10.83, 18.0)"
1769539623.071,382,2,"(30.36, 18.0)"
1769539623.082,382,2,"(19.56, 20.0)"
1769539623.093,382,2,"(8.03, 20.0)"
1769539623.103,382,2,"(20.82, 20.0)"
1769539623.116,382,2,"(35.58, 20.0)"
1769539623.126,382,2,"(8.2, 22.0)"
1769539623.137,382,2,"(-3.34, 22.0)"
1769539623.148,382,2,"(-32.75, 24.0)"
1769539623.158,382,2,"(9.56, 26.0)"
1769539623.168,382,2,"(-13.75, 26.0)"
1769539623.178,382,2,"(-0.69, 28.0)"
1769539623.189,382,2,"(-16.9, 28.0)"
1769539623.200,382,2,"(1.16, 26.0)"
1769539623.210,382,2,"(9.34, 24.0)"
1769539623.221,382,2,"(27.55, 26.0)"
1769539623.232,382,2,"(-6.71, 26.0)"
1769539623.243,382,2,"(21.83, 26.0)"
1769539623.254,382,2,"(20.46, 28.0)"
1769539623.264,382,2,"(27.47, 28.0)"
1769539623.274,382,2,"(25.88, 30.0)"
1769539623.285,382,2,"(6.7, 30.0)"
1769539623.297,382,2,"(-4.48, 30.0)"
1769539623.307,382,2,"(-39.02, 30.0)"
1769539623.317,382,2,"(-45.2, 32.0)"
1769539623.327,382,2,"(-7.71, 32.0)"
1769539623.337,382,2,"(4.01, 32.0)"
1769539623.348,382,2,"(-18.77, 34.0)"
1769539623.358,382,2,"(-23.49, 34.0)"
1769539623.369,382,2,"(-15.34, 34.0)"
1769539623.380,382,2,"(9.38, 32.0)"
1769539623.391,382,2,"(36.17, 34.0)"
1769539623.402,382,2,"(27.89, 32.0)"
1769539623.412,382,2,"(32.64, 32.0)"
1769539623.422,382,2,"(47.27, 32.0)"
1769539623.433,382,2,"(56.7, 36.0)"
1769539623.443,382,2,"(5.0, 36.0)"
1769539623.454,382,2,"(-20.22, 36.0)"
1769539623.464,382,2,"(-27.47, 38.0)"
1769539623.475,382,2,"(-29.65, 38.0)"
1769539623.486,382,2,"(-22.06, 38.0)"
1769539623.498,382,2,"(14.17, 38.0)"
1769539623.509,382,2,"(-11.32, 38.0)"
1769539623.519,382,2,"(14.7, 38.0)"
1769539623.531,382,2,"(23.12, 38.0)"
1769539623.542,382,2,"(16.62, 38.0)"
1769539623.553,382,2,"(31.59, 42.0)"
1769539623.563,382,2,"(21.81, 40.0)"
1769539623.575,382,2,"(29.22, 38.0)"
1769539623.585,382,2,"(10.78, 40.0)"
1769539623.596,382,2,"(-23.51, 38.0)"
1769539623.607,382,2,"(11.11, 38.0)"
1769539623.618,382,2,"(12.56, 38.0)"
1769539623.628,382,2,"(7.03, 38.0)"
1769539623.639,382,2,"(-7.81, 38.0)"
1769539623.649,382,2,"(-18.09, 38.0)"
1769539623.659,382,2,"(-4.06, 34.0)"
1769539623.669,382,2,"(-7.59, 34.0)"
1769539623.679,382,2,"(-18.83, 32.0)"
1769539623.690,382,2,"(-6.4, 30.0)"
1769539623.701,382,2,"(-2.54, 28.0)"
1769539623.711,382,2,"(1.2, 28.0)"
1769539623.723,382,2,"(-18.04, 26.0)"
1769539623.734,382,2,"(2.99, 24.0)"
1769539623.744,382,2,"(-1.76, 24.0)"
1769539623.755,382,2,"(-3.67, 24.0)"
1769539623.766,382,2,"(-13.18, 24.0)"
1769539623.777,382,2,"(-18.29, 24.0)"
1769539623.787,382,2,"(-16.26, 24.0)"
1769539623.799,382,2,"(-26.52, 22.0)"
1769539623.808,382,2,"(-11.27, 22.0)"
1769539623.818,382,2,"(-1.41, 22.0)"
1769539623.829,382,2,"(8.2, 20.0)"
1769539623.839,382,2,"(-10.53, 20.0)"
1769539623.849,382,2,"(1.42, 20.0)"
1769539623.860,382,2,"(0.34, 18.0)"
1769539623.870,382,2,"(1.87, 16.0)"
1769539623.880,382,2,"(-3.07, 16.0)"
1769539623.891,382,2,"(-6.5, 16.0)"
1769539623.902,382,2,"(6.61, 16.0)"
1769539623.912,382,2,"(24.13, 16.0)"
1769539623.922,382,2,"(24.34, 16.0)"
1769539623.933,382,2,"(21.59, 18.0)"
1769539623.944,382,2,"(-22.86, 18.0)"
1769539623.954,382,2,"(8.81, 18.0)"
1769539623.965,382,2,"(24.97, 20.0)"
1769539623.974,382,2,"(4.81, 20.0)"
1769539623.985,382,2,"(-4.36, 20.0)"
1769539623.995,382,2,"(-17.93, 20.0)"
1769539624.006,382,2,"(-12.06, 20.0)"
1769539624.016,382,2,"(2.92, 20.0)"
1769539624.027,382,2,"(-2.22, 20.0)"
1769539624.037,382,2,"(-22.38, 20.0)"
1769539624.048,382,2,"(-5.98, 20.0)"
1769539624.058,382,2,"(-4.56, 20.0)"
1769539624.069,382,2,"(1.81, 18.0)"
1769539624.081,382,2,"(-4.29, 18.0)"
1769539624.091,382,2,"(-4.79, 18.0)"
1769539624.102,382,2,"(3.88, 18.0)"
1769539624.112,382,2,"(1.31, 18.0)"
1769539624.122,382,2,"(35.44, 20.0)"
1769539624.132,382,2,"(4.97, 20.0)"
1769539624.143,382,2,"(-0.76, 22.0)"
1769539624.153,382,2,"(-14.51, 22.0)"
1769539624.164,382,2,"(23.06, 24.0)"
1769539624.175,382,2,"(-7.27, 24.0)"
1769539624.185,382,2,"(-16.8, 22.0)"
1769539624.196,382,2,"(0.63, 22.0)"
1769539624.206,382,2,"(11.36, 22.0)"
1769539624.217,382,2,"(17.64, 22.0)"
1769539624.227,382,2,"(-17.43, 22.0)"
1769539624.238,382,2,"(-0.59, 22.0)"
1769539624.248,382,2,"(7.88, 22.0)"
1769539624.258,382,2,"(-46.99, 22.0)"
1769539624.269,382,2,"(-20.3, 26.0)"
1769539624.280,382,2,"(32.07, 28.0)"
1769539624.289,382,2,"(9.76, 28.0)"
1769539624.299,382,2,"(-16.61, 30.0)"
1769539624.310,382,2,"(11.96, 32.0)"
1769539624.321,382,2,"(25.42, 34.0)"
1769539624.331,382,2,"(-0.27, 34.0)"
1769539624.342,382,2,"(-5.44, 34.0)"
1769539624.353,382,2,"(-5.73, 34.0)"
1769539624.364,382,2,"(-12.99, 36.0)"
1769539624.375,382,2,"(-30.15, 36.0)"
1769539624.385,382,2,"(-17.1, 36.0)"
1769539624.396,382,2,"(-13.93, 36.0)"
1769539624.407,382,2,"(7.12, 36.0)"
1769539624.417,382,2,"(-0.47, 34.0)"
1769539624.428,382,2,"(-12.48, 34.0)"
1769539624.438,382,2,"(-19.17, 34.0)"
1769539624.448,382,2,"(-18.39, 34.0)"
1769539624.459,382,2,"(-4.35, 34.0)"
1769539624.469,382,2,"(18.55, 34.0)"
1769539624.479,382,2,"(8.67, 34.0)"
1769539624.490,382,2,"(14.02, 34.0)"
1769539624.500,382,2,"(8.12, 34.0)"
1769539624.512,382,2,"(2.1, 34.0)"
1769539624.523,382,2,"(4.3, 30.0)"
1769539624.534,382,2,"(-9.07, 28.0)"
1769539624.545,382,2,"(16.66, 28.0)"
1769539624.555,382,2,"(-28.72, 26.0)"
1769539624.565,382,2,"(0.5, 24.0)"
1769539624.576,382,2,"(-6.97, 24.0)"
1769539624.587,382,2,"(1.31, 22.0)"
1769539624.597,382,2,"(-11.33, 22.0)"
1769539624.608,382,2,"(7.82, 22.0)"
1769539624.618,382,2,"(-16.33, 22.0)"
1769539624.628,382,2,"(-2.34, 22.0)"
1769539624.638,382,2,"(12.92, 20.0)"
1769539624.650,382,2,"(44.37, 22.0)"
1769539624.662,382,2,"(20.14, 22.0)"
1769539624.672,382,2,"(-5.69, 22.0)"
1769539624.683,382,2,"(-10.88, 22.0)"
1769539624.694,382,2,"(3.01, 22.0)"
1769539624.705,382,2,"(0.1, 20.0)"
1769539624.716,382,2,"(6.23, 22.0)"
1769539624.726,382,2,"(-11.53, 22.0)"
1769539624.737,382,2,"(-11.41, 20.0)"
1769539624.748,382,2,"(-3.69, 20.0)"
1769539624.758,382,2,"(-19.69, 20.0)"
1769539624.769,382,2,"(12.85, 20.0)"
1769539624.780,382,2,"(16.08, 22.0)"
1769539624.790,382,2,"(10.59, 22.0)"
1769539624.801,382,2,"(8.14, 20.0)"
1769539624.812,382,2,"(10.05, 20.0)"
1769539624.822,382,2,"(31.6, 20.0)"
1769539624.832,382,2,"(16.38, 20.0)"
1769539624.843,382,2,"(23.45, 22.0)"
1769539624.853,382,2,"(19.91, 22.0)"
1769539624.863,382,2,"(-3.36, 22.0)"
1769539624.873,382,2,"(-6.63, 24.0)"
1769539624.884,382,2,"(-14.41, 24.0)"
1769539624.896,382,2,"(7.49, 22.0)"
1769539624.905,382,2,"(15.91, 22.0)"
1769539624.916,382,2,"(32.72, 22.0)"
1769539624.926,382,2,"(-3.11, 22.0)"
1769539624.937,382,2,"(-0.96, 24.0)"
1769539624.947,382,2,"(-46.66, 26.0)"
1769539624.958,382,2,"(-33.58, 28.0)"
1769539640.801,382,3,"(27.2, 34.0)"
1769539640.811,382,3,"(-9.67, 34.0)"
1769539640.822,382,3,"(24.58, 34.0)"
1769539640.833,382,3,"(-12.16, 34.0)"
1769539640.843,382,3,"(-9.24, 34.0)"
1769539640.854,382,3,"(-9.4, 34.0)"
1769539640.866,382,3,"(-24.02, 34.0)"
1769539640.876,382,3,"(24.41, 34.0)"
1769539640.887,382,3,"(-7.89, 34.0)"
1769539640.898,382,3,"(-6.11, 34.0)"
1769539640.908,382,3,"(-3.3, 34.0)"
1769539640.919,382,3,"(25.25, 34.0)"
1769539640.930,382,3,"(20.53, 34.0)"
1769539640.940,382,3,"(28.68, 34.0)"
1769539640.951,382,3,"(22.58, 34.0)"
1769539640.962,382,3,"(23.52, 36.0)"
1769539640.973,382,3,"(-9.96, 34.0)"
1769539640.983,382,3,"(-21.22, 34.0)"
1769539640.994,382,3,"(-11.84, 34.0)"
1769539641.004,382,3,"(-23.46, 34.0)"
1769539641.014,382,3,"(-15.18, 34.0)"
1769539641.025,382,3,"(-26.63, 34.0)"
1769539641.035,382,3,"(-16.48, 34.0)"
1769539641.046,382,3,"(-7.46, 34.0)"
1769539641.056,382,3,"(-7.15, 34.0)"
1769539641.067,382,3,"(-1.47, 34.0)"
1769539641.077,382,3,"(27.02, 34.0)"
1769539641.088,382,3,"(-4.53, 34.0)"
1769539641.098,382,3,"(22.9, 34.0)"
1769539641.108,382,3,"(-4.48, 34.0)"
1769539641.119,382,3,"(25.25, 34.0)"
1769539641.129,382,3,"(22.77, 34.0)"
1769539641.139,382,3,"(18.28, 34.0)"
1769539641.150,382,3,"(26.45, 34.0)"
1769539641.161,382,3,"(21.68, 34.0)"
1769539641.172,382,3,"(-14.79, 34.0)"
1769539641.182,382,3,"(21.56, 34.0)"
1769539641.193,382,3,"(-10.74, 34.0)"
1769539641.204,382,3,"(-24.64, 32.0)"
1769539641.215,382,3,"(-32.16, 32.0)"
1769539641.224,382,3,"(-9.73, 32.0)"
1769539641.235,382,3,"(-27.91, 34.0)"
1769539641.246,382,3,"(-3.13, 34.0)"
1769539641.256,382,3,"(-27.9, 34.0)"
1769539641.267,382,3,"(-6.16, 34.0)"
1769539641.278,382,3,"(22.17, 34.0)"
1769539641.289,382,3,"(-3.69, 34.0)"
1769539641.301,382,3,"(21.16, 34.0)"
1769539641.311,382,3,"(-11.33, 34.0)"
1769539641.322,382,3,"(22.23, 34.0)"
1769539641.333,382,3,"(-12.26, 34.0)"
1769539641.344,382,3,"(-26.79, 32.0)"
1769539641.355,382,3,"(-8.05, 32.0)"
1769539641.366,382,3,"(-24.07, 32.0)"
1769539641.376,382,3,"(24.81, 32.0)"
1769539641.387,382,3,"(-5.29, 32.0)"
1769539641.398,382,3,"(19.87, 32.0)"
1769539641.409,382,3,"(13.02, 32.0)"
1769539641.419,382,3,"(23.29, 32.0)"
1769539641.431,382,3,"(15.82, 32.0)"
1769539641.440,382,3,"(22.17, 32.0)"
1769539641.451,382,3,"(17.16, 32.0)"
1769539641.461,382,3,"(24.42, 32.0)"
1769539641.471,382,3,"(-9.53, 32.0)"
1769539641.483,382,3,"(-24.63, 32.0)"
1769539641.493,382,3,"(-13.74, 32.0)"
1769539641.504,382,3,"(-26.69, 32.0)"
1769539641.514,382,3,"(-9.07, 32.0)"
1769539641.524,382,3,"(-21.81, 32.0)"
1769539641.535,382,3,"(-25.56, 32.0)"
1769539641.546,382,3,"(-5.75, 32.0)"
1769539641.557,382,3,"(18.27, 30.0)"
1769539641.567,382,3,"(1.0, 30.0)"
1769539641.578,382,3,"(24.57, 30.0)"
1769539641.588,382,3,"(-4.26, 30.0)"
1769539641.599,382,3,"(21.15, 30.0)"
1769539641.610,382,3,"(17.27, 30.0)"
1769539641.621,382,3,"(21.64, 30.0)"
1769539641.632,382,3,"(-9.08, 30.0)"
1769539641.643,382,3,"(-23.08, 30.0)"
1769539641.654,382,3,"(-24.13, 30.0)"
1769539641.665,382,3,"(-22.8, 30.0)"
1769539641.675,382,3,"(-1.92, 30.0)"
1769539641.685,382,3,"(-24.41, 30.0)"
1769539641.697,382,3,"(-2.84, 30.0)"
1769539641.707,382,3,"(23.51, 30.0)"
1769539641.718,382,3,"(22.63, 30.0)"
1769539641.728,382,3,"(19.2, 30.0)"
1769539641.739,382,3,"(22.43, 30.0)"
1769539641.750,382,3,"(20.57, 30.0)"
1769539641.760,382,3,"(20.43, 30.0)"
1769539641.771,382,3,"(16.22, 30.0)"
1769539641.782,382,3,"(21.16, 30.0)"
1769539641.793,382,3,"(-13.95, 30.0)"
1769539641.803,382,3,"(-23.25, 30.0)"
1769539641.815,382,3,"(-4.1, 30.0)"
1769539641.825,382,3,"(-20.72, 30.0)"
1769539641.836,382,3,"(-3.0, 30.0)"
1769539641.846,382,3,"(-24.19, 30.0)"
1769539641.857,382,3,"(-4.09, 30.0)"
1769539641.867,382,3,"(22.66, 30.0)"
1769539641.877,382,3,"(23.01, 30.0)"
1769539641.889,382,3,"(16.62, 30.0)"
1769539641.900,382,3,"(-10.5, 30.0)"
1769539641.910,382,3,"(16.62, 30.0)"
1769539641.920,382,3,"(-10.59, 30.0)"
1769539641.931,382,3,"(13.59, 30.0)"
1769539641.941,382,3,"(-11.41, 30.0)"
1769539641.952,382,3,"(17.43, 30.0)"
1769539641.963,382,3,"(-12.12, 30.0)"
1769539641.974,382,3,"(-3.17, 30.0)"
1769539641.985,382,3,"(-27.11, 30.0)"
1769539641.996,382,3,"(-4.63, 30.0)"
1769539642.006,382,3,"(21.57, 30.0)"
1769539642.017,382,3,"(-4.05, 30.0)"
1769539642.027,382,3,"(22.76, 30.0)"
1769539642.039,382,3,"(22.36, 30.0)"
1769539642.050,382,3,"(17.43, 30.0)"
1769539642.060,382,3,"(-9.69, 30.0)"
1769539642.071,382,3,"(17.89, 30.0)"
1769539642.082,382,3,"(-10.13, 32.0)"
1769539642.093,382,3,"(-27.17, 32.0)"
1769539642.103,382,3,"(-10.92, 32.0)"
1769539642.114,382,3,"(-26.94, 32.0)"
1769539642.125,382,3,"(-23.32, 32.0)"
1769539642.135,382,3,"(-3.87, 32.0)"
1769539642.146,382,3,"(-2.63, 32.0)"
1769539642.157,382,3,"(-5.19, 30.0)"
1769539642.167,382,3,"(21.48, 32.0)"
1769539642.179,382,3,"(-6.27, 32.0)"
1769539642.189,382,3,"(21.06, 32.0)"
1769539642.200,382,3,"(18.94, 32.0)"
1769539642.211,382,3,"(-13.62, 32.0)"
1769539642.222,382,3,"(-10.73, 32.0)"
1769539642.233,382,3,"(-27.06, 32.0)"
1769539642.244,382,3,"(-13.58, 32.0)"
1769539642.254,382,3,"(-30.21, 32.0)"
1769539642.264,382,3,"(-24.89, 32.0)"
1769539642.274,382,3,"(-25.7, 32.0)"
1769539642.285,382,3,"(-3.62, 30.0)"
1769539642.296,382,3,"(-2.02, 30.0)"
1769539642.306,382,3,"(24.81, 30.0)"
1769539642.317,382,3,"(-5.81, 30.0)"
1769539642.327,382,3,"(19.37, 30.0)"
1769539642.339,382,3,"(15.07, 30.0)"
1769539642.349,382,3,"(21.52, 30.0)"
1769539642.362,382,3,"(17.19, 30.0)"
1769539642.372,382,3,"(-13.0, 30.0)"
1769539642.382,382,3,"(-10.44, 30.0)"
1769539642.393,382,3,"(-25.11, 30.0)"
1769539642.404,382,3,"(-25.83, 30.0)"
1769539642.414,382,3,"(-24.47, 30.0)"
1769539642.424,382,3,"(-18.26, 30.0)"
1769539642.435,382,3,"(-25.51, 30.0)"
1769539642.446,382,3,"(-4.75, 30.0)"
1769539642.456,382,3,"(-28.29, 30.0)"
1769539642.467,382,3,"(22.88, 30.0)"
1769539642.478,382,3,"(19.7, 30.0)"
1769539642.489,382,3,"(20.73, 30.0)"
1769539642.499,382,3,"(14.8, 30.0)"
1769539642.510,382,3,"(10.27, 30.0)"
1769539642.521,382,3,"(14.67, 28.0)"
1769539642.532,382,3,"(-12.31, 28.0)"
1769539642.543,382,3,"(-6.86, 28.0)"
1769539642.553,382,3,"(-25.03, 30.0)"
1769539642.563,382,3,"(-23.2, 30.0)"
1769539642.575,382,3,"(-22.75, 28.0)"
1769539642.585,382,3,"(-1.25, 28.0)"
1769539642.596,382,3,"(-25.39, 28.0)"
1769539642.607,382,3,"(-0.89, 28.0)"
1769539642.617,382,3,"(24.24, 30.0)"
1769539642.629,382,3,"(19.95, 30.0)"
1769539642.638,382,3,"(18.47, 30.0)"
1769539642.648,382,3,"(22.39, 30.0)"
1769539642.659,382,3,"(18.82, 30.0)"
1769539642.669,382,3,"(21.99, 30.0)"
1769539642.680,382,3,"(15.9, 30.0)"
1769539642.691,382,3,"(-15.55, 30.0)"
1769539642.701,382,3,"(18.84, 30.0)"
1769539642.712,382,3,"(17.32, 28.0)"
1769539642.722,382,3,"(-9.19, 28.0)"
1769539642.732,382,3,"(-25.77, 28.0)"
1769539642.744,382,3,"(-10.8, 28.0)"
1769539642.755,382,3,"(-21.94, 28.0)"
1769539642.765,382,3,"(0.29, 28.0)"
1769539642.776,382,3,"(22.99, 28.0)"
1769539642.787,382,3,"(-4.1, 28.0)"
1769539642.797,382,3,"(19.97, 30.0)"
1769539642.808,382,3,"(22.36, 30.0)"
1769539642.818,382,3,"(18.21, 30.0)"
1769539642.828,382,3,"(21.77, 30.0)"
1769539642.839,382,3,"(17.74, 30.0)"
1769539642.849,382,3,"(25.31, 30.0)"
1769539642.861,382,3,"(20.24, 30.0)"
1769539642.871,382,3,"(-12.66, 30.0)"
1769539642.882,382,3,"(-11.48, 30.0)"
1769539642.892,382,3,"(-21.64, 30.0)"
1769539642.903,382,3,"(-13.73, 30.0)"
1769539642.914,382,3,"(-26.72, 30.0)"
1769539642.925,382,3,"(-3.23, 28.0)"
1769539642.935,382,3,"(-19.71, 28.0)"
1769539642.946,382,3,"(-2.15, 28.0)"
1769539642.958,382,3,"(15.83, 28.0)"
1769539642.968,382,3,"(15.78, 28.0)"
1769539642.979,382,3,"(15.07, 28.0)"
1769539642.989,382,3,"(15.09, 28.0)"
1769539643.000,382,3,"(15.77, 28.0)"
1769539643.010,382,3,"(15.57, 28.0)"
1769539643.021,382,3,"(19.08, 28.0)"
1769539643.032,382,3,"(-12.9, 28.0)"
1769539643.042,382,3,"(-24.56, 28.0)"
1769539643.053,382,3,"(-22.21, 28.0)"
1769539643.063,382,3,"(-17.89, 28.0)"
1769539643.076,382,3,"(-26.76, 28.0)"
1769539643.086,382,3,"(-5.63, 28.0)"
1769539643.096,382,3,"(20.65, 28.0)"
1769539643.106,382,3,"(-5.8, 28.0)"
1769539643.118,382,3,"(19.28, 28.0)"
1769539643.128,382,3,"(21.8, 28.0)"
1769539643.139,382,3,"(19.18, 28.0)"
1769539643.150,382,3,"(-13.83, 28.0)"
1769539643.160,382,3,"(18.54, 28.0)"
1769539643.171,382,3,"(-15.82, 28.0)"
1769539643.181,382,3,"(-12.99, 28.0)"
1769539643.193,382,3,"(-15.6, 28.0)"
1769539643.203,382,3,"(-24.13, 28.0)"
1769539643.214,382,3,"(-25.4, 30.0)"
1769539643.226,382,3,"(-2.6, 30.0)"
1769539643.235,382,3,"(19.36, 30.0)"
1769539643.246,382,3,"(-2.37, 30.0)"
1769539643.257,382,3,"(21.15, 30.0)"
1769539643.268,382,3,"(14.41, 30.0)"
1769539643.278,382,3,"(21.23, 30.0)"
1769539643.288,382,3,"(20.93, 30.0)"
1769539643.299,382,3,"(18.08, 28.0)"
1769539643.310,382,3,"(-8.47, 28.0)"
1769539643.321,382,3,"(-9.78, 30.0)"
1769539643.332,382,3,"(-15.42, 28.0)"
1769539643.342,382,3,"(18.52, 28.0)"
1769539643.353,382,3,"(-12.75, 30.0)"
1769539643.363,382,3,"(-18.66, 28.0)"
1769539643.373,382,3,"(-16.91, 28.0)"
1769539643.383,382,3,"(-1.87, 28.0)"
1769539643.394,382,3,"(-27.71, 28.0)"
1769539643.405,382,3,"(-3.32, 28.0)"
1769539643.415,382,3,"(23.59, 28.0)"
1769539643.426,382,3,"(0.89, 28.0)"
1769539643.437,382,3,"(23.85, 28.0)"
1769539643.448,382,3,"(-4.22, 28.0)"
1769539643.458,382,3,"(20.55, 28.0)"
1769539643.468,382,3,"(22.52, 28.0)"
1769539643.479,382,3,"(19.1, 28.0)"
1769539643.489,382,3,"(18.78, 28.0)"
1769539643.500,382,3,"(17.58, 28.0)"
1769539643.510,382,3,"(-8.31, 28.0)"
1769539643.521,382,3,"(19.13, 28.0)"
1769539643.531,382,3,"(-14.22, 28.0)"
1769539643.542,382,3,"(18.27, 28.0)"
1769539643.553,382,3,"(-26.54, 28.0)"
1769539643.563,382,3,"(1.01, 28.0)"
1769539643.575,382,3,"(0.2, 28.0)"
1769539643.585,382,3,"(-3.3, 30.0)"
1769539643.596,382,3,"(19.15, 30.0)"
1769539643.608,382,3,"(1.0, 28.0)"
1769539643.618,382,3,"(22.38, 30.0)"
1769539643.628,382,3,"(-4.23, 30.0)"
1769539643.639,382,3,"(10.1, 28.0)"
1769539643.650,382,3,"(-16.91, 28.0)"
1769539643.660,382,3,"(20.61, 28.0)"
1769539643.671,382,3,"(-12.29, 30.0)"
1769539643.682,382,3,"(-24.1, 30.0)"
1769539643.693,382,3,"(-12.42, 30.0)"
1769539643.704,382,3,"(-20.42, 30.0)"
1769539643.714,382,3,"(-11.75, 28.0)"
1769539643.725,382,3,"(0.87, 28.0)"
1769539643.736,382,3,"(23.58, 28.0)"
1769539643.746,382,3,"(1.41, 28.0)"
1769539643.757,382,3,"(24.96, 28.0)"
1769539643.767,382,3,"(14.17, 28.0)"
1769539643.778,382,3,"(22.74, 28.0)"
1769539643.788,382,3,"(15.05, 28.0)"
1769539643.799,382,3,"(17.59, 28.0)"
1769539673.909,382,4,"(-7.23, 14.0)"
1769539673.919,382,4,"(-8.59, 14.0)"
1769539673.931,382,4,"(2.18, 14.0)"
1769539673.941,382,4,"(-9.49, 14.0)"
1769539673.951,382,4,"(3.12, 14.0)"
1769539673.963,382,4,"(4.84, 14.0)"
1769539673.973,382,4,"(12.99, 14.0)"
1769539673.983,382,4,"(5.26, 14.0)"
1769539673.994,382,4,"(12.55, 14.0)"
1769539674.005,382,4,"(5.48, 14.0)"
1769539674.015,382,4,"(-7.49, 14.0)"
1769539674.026,382,4,"(4.67, 14.0)"
1769539674.037,382,4,"(-8.11, 14.0)"
1769539674.047,382,4,"(-8.93, 14.0)"
1769539674.058,382,4,"(-11.65, 14.0)"
1769539674.069,382,4,"(-11.7, 14.0)"
1769539674.080,382,4,"(-9.35, 14.0)"
1769539674.091,382,4,"(3.49, 14.0)"
1769539674.103,382,4,"(13.13, 14.0)"
1769539674.114,382,4,"(5.93, 14.0)"
1769539674.125,382,4,"(3.59, 14.0)"
1769539674.135,382,4,"(-7.71, 14.0)"
1769539674.145,382,4,"(4.0, 14.0)"
1769539674.155,382,4,"(11.41, 14.0)"
1769539674.166,382,4,"(4.37, 14.0)"
1769539674.176,382,4,"(-7.51, 14.0)"
1769539674.186,382,4,"(6.52, 14.0)"
1769539674.196,382,4,"(-4.93, 14.0)"
1769539674.207,382,4,"(-6.91, 14.0)"
1769539674.217,382,4,"(-8.91, 14.0)"
1769539674.228,382,4,"(-9.06, 14.0)"
1769539674.239,382,4,"(-8.14, 12.0)"
1769539674.250,382,4,"(3.23, 12.0)"
1769539674.260,382,4,"(-10.41, 14.0)"
1769539674.273,382,4,"(2.33, 14.0)"
1769539674.283,382,4,"(12.27, 14.0)"
1769539674.294,382,4,"(-7.11, 14.0)"
1769539674.304,382,4,"(4.75, 12.0)"
1769539674.314,382,4,"(7.82, 14.0)"
1769539674.325,382,4,"(6.07, 14.0)"
1769539674.335,382,4,"(-6.17, 14.0)"
1769539674.346,382,4,"(4.51, 12.0)"
1769539674.357,382,4,"(-8.04, 12.0)"
1769539674.367,382,4,"(5.64, 12.0)"
1769539674.378,382,4,"(-10.91, 14.0)"
1769539674.388,382,4,"(0.93, 12.0)"
1769539674.399,382,4,"(-10.15, 14.0)"
1769539674.410,382,4,"(1.62, 14.0)"
1769539674.421,382,4,"(-0.43, 14.0)"
1769539674.432,382,4,"(-1.16, 14.0)"
1769539674.443,382,4,"(11.23, 14.0)"
1769539674.453,382,4,"(0.84, 14.0)"
1769539674.464,382,4,"(6.29, 14.0)"
1769539674.474,382,4,"(4.98, 14.0)"
1769539674.486,382,4,"(5.02, 14.0)"
1769539674.496,382,4,"(-7.47, 14.0)"
1769539674.506,382,4,"(8.01, 14.0)"
1769539674.517,382,4,"(-7.19, 14.0)"
1769539674.528,382,4,"(-14.14, 14.0)"
1769539674.539,382,4,"(-4.87, 14.0)"
1769539674.550,382,4,"(3.71, 14.0)"
1769539674.560,382,4,"(-11.12, 14.0)"
1769539674.572,382,4,"(0.13, 14.0)"
1769539674.582,382,4,"(9.24, 14.0)"
1769539674.593,382,4,"(9.89, 14.0)"
1769539674.603,382,4,"(11.05, 14.0)"
1769539674.613,382,4,"(7.7, 14.0)"
1769539674.625,382,4,"(7.63, 14.0)"
1769539674.635,382,4,"(-6.66, 14.0)"
1769539674.646,382,4,"(-9.79, 14.0)"
1769539674.658,382,4,"(-9.32, 14.0)"
1769539674.668,382,4,"(-12.65, 14.0)"
1769539674.678,382,4,"(-6.12, 14.0)"
1769539674.690,382,4,"(-9.95, 14.0)"
1769539674.700,382,4,"(2.47, 14.0)"
1769539674.710,382,4,"(-0.39, 14.0)"
1769539674.721,382,4,"(10.7, 14.0)"
1769539674.732,382,4,"(2.72, 14.0)"
1769539674.743,382,4,"(12.75, 14.0)"
1769539674.753,382,4,"(5.97, 14.0)"
1769539674.764,382,4,"(10.71, 14.0)"
1769539674.775,382,4,"(0.89, 14.0)"
1769539674.785,382,4,"(4.21, 12.0)"
1769539674.796,382,4,"(-6.41, 12.0)"
1769539674.807,382,4,"(4.62, 12.0)"
1769539674.817,382,4,"(-5.56, 12.0)"
1769539674.828,382,4,"(-8.18, 12.0)"
1769539674.838,382,4,"(-8.4, 12.0)"
1769539674.848,382,4,"(-12.02, 12.0)"
1769539674.858,382,4,"(-6.54, 12.0)"
1769539674.868,382,4,"(2.75, 12.0)"
1769539674.878,382,4,"(-8.28, 12.0)"
1769539674.890,382,4,"(1.33, 12.0)"
1769539674.900,382,4,"(-11.38, 12.0)"
1769539674.910,382,4,"(1.07, 12.0)"
1769539674.923,382,4,"(12.48, 12.0)"
1769539674.934,382,4,"(7.35, 12.0)"
1769539674.945,382,4,"(10.46, 12.0)"
1769539674.955,382,4,"(-7.83, 12.0)"
1769539674.965,382,4,"(6.92, 12.0)"
1769539674.976,382,4,"(-5.16, 12.0)"
1769539674.987,382,4,"(-8.43, 12.0)"
1769539674.998,382,4,"(-6.31, 12.0)"
1769539675.008,382,4,"(-8.8, 12.0)"
1769539675.018,382,4,"(-7.87, 12.0)"
1769539675.029,382,4,"(-12.91, 12.0)"
1769539675.039,382,4,"(-8.81, 12.0)"
1769539675.050,382,4,"(-2.2, 12.0)"
1769539675.061,382,4,"(8.65, 12.0)"
1769539675.071,382,4,"(2.15, 12.0)"
1769539675.081,382,4,"(12.32, 12.0)"
1769539675.092,382,4,"(-0.96, 12.0)"
1769539675.103,382,4,"(8.14, 12.0)"
1769539675.114,382,4,"(4.58, 12.0)"
1769539675.124,382,4,"(7.37, 12.0)"
1769539675.135,382,4,"(-5.78, 12.0)"
1769539675.145,382,4,"(4.85, 12.0)"
1769539675.155,382,4,"(-8.73, 12.0)"
1769539675.167,382,4,"(-12.54, 12.0)"
1769539675.177,382,4,"(-9.56, 14.0)"
1769539675.188,382,4,"(-12.08, 14.0)"
1769539675.199,382,4,"(2.66, 12.0)"
1769539675.210,382,4,"(3.27, 12.0)"
1769539675.221,382,4,"(13.04, 14.0)"
1769539675.231,382,4,"(-2.95, 12.0)"
1769539675.242,382,4,"(9.11, 14.0)"
1769539675.253,382,4,"(6.59, 14.0)"
1769539675.264,382,4,"(11.39, 14.0)"
1769539675.274,382,4,"(6.16, 14.0)"
1769539675.284,382,4,"(9.52, 14.0)"
1769539675.294,382,4,"(-7.66, 14.0)"
1769539675.305,382,4,"(4.45, 12.0)"
1769539675.315,382,4,"(-9.01, 14.0)"
1769539675.326,382,4,"(-8.29, 14.0)"
1769539675.337,382,4,"(-6.12, 14.0)"
1769539675.348,382,4,"(-12.15, 14.0)"
1769539675.359,382,4,"(1.4, 14.0)"
1769539675.369,382,4,"(1.06, 14.0)"
1769539675.380,382,4,"(11.05, 14.0)"
1769539675.390,382,4,"(3.1, 14.0)"
1769539675.401,382,4,"(12.38, 14.0)"
1769539675.411,382,4,"(2.99, 14.0)"
1769539675.422,382,4,"(12.79, 14.0)"
1769539675.432,382,4,"(12.71, 14.0)"
1769539675.442,382,4,"(10.58, 14.0)"
1769539675.453,382,4,"(11.62, 14.0)"
1769539675.463,382,4,"(8.13, 14.0)"
1769539675.473,382,4,"(12.5, 14.0)"
1769539675.483,382,4,"(5.39, 14.0)"
1769539675.494,382,4,"(12.59, 14.0)"
1769539675.505,382,4,"(6.67, 14.0)"
1769539675.516,382,4,"(-5.24, 14.0)"
1769539675.526,382,4,"(4.2, 14.0)"
1769539675.536,382,4,"(-8.14, 14.0)"
1769539675.547,382,4,"(0.46, 14.0)"
1769539675.558,382,4,"(-9.92, 14.0)"
1769539675.568,382,4,"(-8.06, 14.0)"
1769539675.578,382,4,"(-9.71, 14.0)"
1769539675.591,382,4,"(-0.23, 14.0)"
1769539675.600,382,4,"(-9.46, 14.0)"
1769539675.610,382,4,"(2.52, 14.0)"
1769539675.621,382,4,"(12.26, 14.0)"
1769539675.631,382,4,"(10.76, 14.0)"
1769539675.642,382,4,"(1.59, 14.0)"
1769539675.653,382,4,"(13.05, 14.0)"
1769539675.663,382,4,"(6.84, 14.0)"
1769539675.674,382,4,"(12.54, 14.0)"
1769539675.684,382,4,"(5.34, 14.0)"
1769539675.694,382,4,"(12.35, 14.0)"
1769539675.707,382,4,"(6.74, 14.0)"
1769539675.718,382,4,"(-7.78, 14.0)"
1769539675.729,382,4,"(2.83, 12.0)"
1769539675.740,382,4,"(-10.13, 12.0)"
1769539675.751,382,4,"(-0.5, 12.0)"
1769539675.761,382,4,"(8.77, 12.0)"
1769539675.773,382,4,"(2.27, 12.0)"
1769539675.783,382,4,"(11.7, 12.0)"
1769539675.793,382,4,"(-5.53, 12.0)"
1769539675.805,382,4,"(5.72, 12.0)"
1769539675.814,382,4,"(-8.57, 12.0)"
1769539675.825,382,4,"(6.13, 12.0)"
1769539675.835,382,4,"(-7.3, 12.0)"
1769539675.846,382,4,"(7.73, 12.0)"
1769539675.859,382,4,"(-7.93, 12.0)"
1769539675.869,382,4,"(-14.23, 14.0)"
1769539675.880,382,4,"(9.32, 14.0)"
1769539675.891,382,4,"(0.38, 14.0)"
1769539675.901,382,4,"(11.37, 14.0)"
1769539675.911,382,4,"(2.79, 14.0)"
1769539675.922,382,4,"(13.53, 14.0)"
1769539675.933,382,4,"(8.68, 14.0)"
1769539675.944,382,4,"(-6.18, 14.0)"
1769539675.956,382,4,"(6.96, 12.0)"
1769539675.966,382,4,"(-10.37, 12.0)"
1769539675.977,382,4,"(-8.96, 14.0)"
1769539675.987,382,4,"(-15.18, 14.0)"
1769539675.997,382,4,"(-11.64, 14.0)"
1769539676.008,382,4,"(-10.6, 14.0)"
1769539676.019,382,4,"(1.29, 14.0)"
1769539676.030,382,4,"(-13.11, 14.0)"
1769539676.042,382,4,"(11.04, 14.0)"
1769539676.051,382,4,"(7.93, 14.0)"
1769539676.061,382,4,"(8.95, 14.0)"
1769539676.072,382,4,"(6.95, 14.0)"
1769539676.082,382,4,"(12.01, 14.0)"
1769539676.093,382,4,"(9.67, 14.0)"
1769539676.104,382,4,"(8.96, 14.0)"
1769539676.114,382,4,"(6.82, 14.0)"
1769539676.125,382,4,"(5.77, 12.0)"
1769539676.135,382,4,"(-4.66, 12.0)"
1769539676.146,382,4,"(-10.27, 12.0)"
1769539676.157,382,4,"(-6.37, 12.0)"
1769539676.167,382,4,"(-11.25, 12.0)"
1769539676.177,382,4,"(-5.83, 12.0)"
1769539676.188,382,4,"(-11.78, 12.0)"
1769539676.200,382,4,"(-1.52, 12.0)"
1769539676.210,382,4,"(-1.22, 12.0)"
1769539676.220,382,4,"(9.8, 12.0)"
1769539676.230,382,4,"(-1.26, 12.0)"
1769539676.241,382,4,"(9.21, 12.0)"
1769539676.251,382,4,"(-1.23, 12.0)"
1769539676.261,382,4,"(10.63, 12.0)"
1769539676.273,382,4,"(-0.63, 12.0)"
1769539676.283,382,4,"(9.32, 12.0)"
1769539676.294,382,4,"(-5.83, 12.0)"
1769539676.306,382,4,"(6.64, 12.0)"
1769539676.315,382,4,"(-7.57, 12.0)"
1769539676.326,382,4,"(-13.87, 12.0)"
1769539676.336,382,4,"(-5.53, 12.0)"
1769539676.348,382,4,"(-10.66, 12.0)"
1769539676.358,382,4,"(-9.55, 12.0)"
1769539676.371,382,4,"(-11.15, 12.0)"
1769539676.381,382,4,"(10.97, 12.0)"
1769539676.392,382,4,"(6.73, 12.0)"
1769539676.403,382,4,"(10.47, 12.0)"
1769539676.413,382,4,"(6.52, 12.0)"
1769539676.423,382,4,"(6.64, 12.0)"
1769539676.434,382,4,"(8.23, 12.0)"
1769539676.444,382,4,"(-7.16, 12.0)"
1769539676.455,382,4,"(6.87, 12.0)"
1769539676.465,382,4,"(-10.77, 12.0)"
1769539676.475,382,4,"(-5.83, 12.0)"
1769539676.485,382,4,"(-8.22, 12.0)"
1769539676.496,382,4,"(-6.2, 12.0)"
1769539676.506,382,4,"(-11.5, 12.0)"
1769539676.517,382,4,"(-6.21, 12.0)"
1769539676.527,382,4,"(-10.23, 12.0)"
1769539676.539,382,4,"(3.52, 12.0)"
1769539676.549,382,4,"(-0.54, 12.0)"
1769539676.560,382,4,"(10.41, 12.0)"
1769539676.571,382,4,"(0.6, 12.0)"
1769539676.582,382,4,"(11.39, 12.0)"
1769539676.593,382,4,"(-1.89, 12.0)"
1769539676.604,382,4,"(4.56, 12.0)"
1769539676.614,382,4,"(6.26, 12.0)"
1769539676.624,382,4,"(7.01, 12.0)"
1769539676.634,382,4,"(-6.78, 12.0)"
1769539676.644,382,4,"(6.4, 12.0)"
1769539676.655,382,4,"(-7.28, 12.0)"
1769539676.665,382,4,"(-6.28, 14.0)"
1769539676.676,382,4,"(-4.53, 14.0)"
1769539676.687,382,4,"(-11.14, 14.0)"
1769539676.698,382,4,"(-5.96, 14.0)"
1769539676.709,382,4,"(-2.17, 12.0)"
1769539676.719,382,4,"(9.35, 12.0)"
1769539676.730,382,4,"(-0.6, 12.0)"
1769539676.741,382,4,"(10.53, 12.0)"
1769539676.751,382,4,"(0.32, 12.0)"
1769539676.761,382,4,"(11.61, 12.0)"
1769539676.772,382,4,"(8.85, 12.0)"
1769539676.783,382,4,"(8.52, 12.0)"
1769539676.794,382,4,"(-6.72, 12.0)"
1769539676.804,382,4,"(9.37, 12.0)"
1769539676.814,382,4,"(-3.35, 12.0)"
1769539676.826,382,4,"(9.72, 12.0)"
1769539676.836,382,4,"(-3.11, 12.0)"
1769539676.847,382,4,"(-12.16, 12.0)"
1769539676.858,382,4,"(-6.82, 12.0)"
1769539676.868,382,4,"(-12.05, 14.0)"
1769539676.878,382,4,"(-10.21, 14.0)"
1769539676.889,382,4,"(0.2, 12.0)"
1769539676.899,382,4,"(11.9, 12.0)"
1769539676.910,382,4,"(-3.06, 12.0)"
1769539676.921,382,4,"(7.18, 12.0)"
1769539697.446,382,1,"(1.17, 8.0)"
1769539697.455,382,1,"(7.17, 8.0)"
1769539697.466,382,1,"(4.53, 8.0)"
1769539697.477,382,1,"(10.72, 8.0)"
1769539697.488,382,1,"(4.89, 10.0)"
1769539697.498,382,1,"(-7.22, 10.0)"
1769539697.509,382,1,"(5.13, 10.0)"
1769539697.519,382,1,"(-3.46, 10.0)"
1769539697.530,382,1,"(5.0, 8.0)"
1769539697.541,382,1,"(-7.27, 8.0)"
1769539697.551,382,1,"(3.31, 10.0)"
1769539697.562,382,1,"(-12.07, 10.0)"
1769539697.572,382,1,"(1.54, 10.0)"
1769539697.583,382,1,"(3.83, 10.0)"
1769539697.593,382,1,"(1.04, 10.0)"
1769539697.603,382,1,"(5.45, 10.0)"
1769539697.614,382,1,"(3.9, 10.0)"
1769539697.625,382,1,"(3.96, 8.0)"
1769539697.635,382,1,"(8.03, 10.0)"
1769539697.646,382,1,"(4.99, 10.0)"
1769539697.656,382,1,"(14.24, 10.0)"
1769539697.667,382,1,"(9.02, 10.0)"
1769539697.678,382,1,"(6.58, 10.0)"
1769539697.688,382,1,"(1.11, 10.0)"
1769539697.700,382,1,"(-8.01, 10.0)"
1769539697.710,382,1,"(2.98, 10.0)"
1769539697.721,382,1,"(-9.59, 10.0)"
1769539697.731,382,1,"(-0.85, 10.0)"
1769539697.742,382,1,"(-8.4, 10.0)"
1769539697.752,382,1,"(3.87, 10.0)"
1769539697.764,382,1,"(-8.24, 10.0)"
1769539697.774,382,1,"(-0.4, 10.0)"
1769539697.784,382,1,"(0.22, 10.0)"
1769539697.794,382,1,"(5.65, 10.0)"
1769539697.805,382,1,"(3.06, 10.0)"
1769539697.816,382,1,"(7.65, 10.0)"
1769539697.826,382,1,"(6.49, 10.0)"
1769539697.837,382,1,"(8.59, 10.0)"
1769539697.848,382,1,"(8.88, 10.0)"
1769539697.858,382,1,"(-4.97, 10.0)"
1769539697.869,382,1,"(1.54, 10.0)"
1769539697.879,382,1,"(-13.8, 10.0)"
1769539697.890,382,1,"(-4.24, 10.0)"
1769539697.901,382,1,"(-1.95, 10.0)"
1769539697.911,382,1,"(-7.23, 10.0)"
1769539697.922,382,1,"(-10.3, 10.0)"
1769539697.933,382,1,"(1.6, 10.0)"
1769539697.944,382,1,"(-8.05, 10.0)"
1769539697.955,382,1,"(9.02, 10.0)"
1769539697.965,382,1,"(4.61, 10.0)"
1769539697.975,382,1,"(9.12, 10.0)"
1769539697.985,382,1,"(6.3, 10.0)"
1769539697.996,382,1,"(1.67, 10.0)"
1769539698.006,382,1,"(2.11, 8.0)"
1769539698.017,382,1,"(10.2, 10.0)"
1769539698.027,382,1,"(4.33, 8.0)"
1769539698.038,382,1,"(-11.7, 10.0)"
1769539698.049,382,1,"(-5.89, 10.0)"
1769539698.061,382,1,"(-8.71, 10.0)"
1769539698.072,382,1,"(2.59, 10.0)"
1769539698.082,382,1,"(-8.19, 10.0)"
1769539698.093,382,1,"(3.36, 10.0)"
1769539698.104,382,1,"(13.82, 10.0)"
1769539698.115,382,1,"(2.49, 10.0)"
1769539698.126,382,1,"(2.54, 10.0)"
1769539698.137,382,1,"(-11.22, 10.0)"
1769539698.147,382,1,"(4.5, 10.0)"
1769539698.158,382,1,"(-6.23, 10.0)"
1769539698.168,382,1,"(1.2, 10.0)"
1769539698.179,382,1,"(-6.02, 10.0)"
1769539698.189,382,1,"(-3.75, 10.0)"
1769539698.200,382,1,"(-7.46, 10.0)"
1769539698.210,382,1,"(-10.17, 10.0)"
1769539698.221,382,1,"(-10.85, 10.0)"
1769539698.232,382,1,"(1.84, 10.0)"
1769539698.243,382,1,"(-1.23, 10.0)"
1769539698.253,382,1,"(-2.13, 12.0)"
1769539698.263,382,1,"(-9.77, 12.0)"
1769539698.273,382,1,"(-1.38, 12.0)"
1769539698.283,382,1,"(-9.68, 12.0)"
1769539698.293,382,1,"(11.13, 12.0)"
1769539698.303,382,1,"(-0.05, 12.0)"
1769539698.313,382,1,"(2.59, 12.0)"
1769539698.323,382,1,"(3.18, 12.0)"
1769539698.335,382,1,"(10.74, 12.0)"
1769539698.346,382,1,"(4.17, 12.0)"
1769539698.357,382,1,"(-7.03, 12.0)"
1769539698.367,382,1,"(6.81, 12.0)"
1769539698.377,382,1,"(5.01, 10.0)"
1769539698.387,382,1,"(-3.55, 10.0)"
1769539698.399,382,1,"(4.07, 10.0)"
1769539698.409,382,1,"(-3.54, 10.0)"
1769539698.419,382,1,"(-8.45, 10.0)"
1769539698.430,382,1,"(-2.64, 10.0)"
1769539698.442,382,1,"(-10.36, 10.0)"
1769539698.452,382,1,"(11.29, 12.0)"
1769539698.463,382,1,"(-2.34, 12.0)"
1769539698.473,382,1,"(7.15, 10.0)"
1769539698.484,382,1,"(0.41, 10.0)"
1769539698.495,382,1,"(12.1, 10.0)"
1769539698.506,382,1,"(10.61, 10.0)"
1769539698.517,382,1,"(7.65, 10.0)"
1769539698.527,382,1,"(4.46, 10.0)"
1769539698.539,382,1,"(-13.12, 10.0)"
1769539698.549,382,1,"(-2.75, 12.0)"
1769539698.560,382,1,"(-9.12, 12.0)"
1769539698.570,382,1,"(0.68, 10.0)"
1769539698.581,382,1,"(-2.36, 10.0)"
1769539698.591,382,1,"(2.17, 10.0)"
1769539698.601,382,1,"(-9.88, 10.0)"
1769539698.612,382,1,"(1.02, 10.0)"
1769539698.623,382,1,"(1.31, 10.0)"
1769539698.634,382,1,"(8.78, 10.0)"
1769539698.644,382,1,"(2.65, 10.0)"
1769539698.655,382,1,"(9.23, 10.0)"
1769539698.665,382,1,"(8.16, 10.0)"
1769539698.676,382,1,"(7.04, 10.0)"
1769539698.687,382,1,"(2.72, 10.0)"
1769539698.698,382,1,"(-7.0, 10.0)"
1769539698.709,382,1,"(-3.15, 10.0)"
1769539698.719,382,1,"(-7.72, 10.0)"
1769539698.730,382,1,"(0.51, 10.0)"
1769539698.740,382,1,"(-10.42, 10.0)"
1769539698.751,382,1,"(-2.5, 10.0)"
1769539698.762,382,1,"(-8.73, 10.0)"
1769539698.773,382,1,"(-1.17, 10.0)"
1769539698.784,382,1,"(8.79, 10.0)"
1769539698.794,382,1,"(7.18, 10.0)"
1769539698.805,382,1,"(6.1, 8.0)"
1769539698.815,382,1,"(6.88, 8.0)"
1769539698.826,382,1,"(6.47, 8.0)"
1769539698.836,382,1,"(-4.57, 8.0)"
1769539698.847,382,1,"(7.78, 10.0)"
1769539698.858,382,1,"(-4.64, 8.0)"
1769539698.869,382,1,"(-3.26, 10.0)"
1769539698.879,382,1,"(-5.69, 10.0)"
1769539698.890,382,1,"(-8.96, 10.0)"
1769539698.901,382,1,"(-12.37, 10.0)"
1769539698.911,382,1,"(-1.31, 10.0)"
1769539698.921,382,1,"(-7.62, 10.0)"
1769539698.932,382,1,"(-1.44, 8.0)"
1769539698.942,382,1,"(-2.66, 10.0)"
1769539698.953,382,1,"(4.39, 10.0)"
1769539698.963,382,1,"(5.64, 8.0)"
1769539698.974,382,1,"(7.01, 8.0)"
1769539698.984,382,1,"(0.85, 8.0)"
1769539698.994,382,1,"(5.88, 8.0)"
1769539699.005,382,1,"(4.18, 8.0)"
1769539699.015,382,1,"(7.99, 8.0)"
1769539699.026,382,1,"(6.19, 8.0)"
1769539699.037,382,1,"(-1.37, 8.0)"
1769539699.048,382,1,"(-1.26, 8.0)"
1769539699.059,382,1,"(-8.33, 8.0)"
1769539699.069,382,1,"(-1.1, 8.0)"
1769539699.080,382,1,"(-8.69, 8.0)"
1769539699.091,382,1,"(-2.65, 8.0)"
1769539699.101,382,1,"(-8.46, 8.0)"
1769539699.113,382,1,"(6.77, 8.0)"
1769539699.123,382,1,"(7.31, 8.0)"
1769539699.135,382,1,"(4.65, 8.0)"
1769539699.144,382,1,"(4.73, 8.0)"
1769539699.154,382,1,"(7.23, 8.0)"
1769539699.164,382,1,"(6.52, 8.0)"
1769539699.174,382,1,"(8.54, 8.0)"
1769539699.186,382,1,"(-3.81, 8.0)"
1769539699.196,382,1,"(8.73, 8.0)"
1769539699.207,382,1,"(-0.96, 8.0)"
1769539699.217,382,1,"(8.95, 8.0)"
1769539699.228,382,1,"(-2.07, 8.0)"
1769539699.239,382,1,"(-7.09, 8.0)"
1769539699.250,382,1,"(-5.1, 8.0)"
1769539699.261,382,1,"(-11.61, 8.0)"
1769539699.271,382,1,"(-2.17, 8.0)"
1769539699.282,382,1,"(5.36, 8.0)"
1769539699.292,382,1,"(10.76, 8.0)"
1769539699.304,382,1,"(-1.84, 8.0)"
1769539699.314,382,1,"(6.99, 8.0)"
1769539699.325,382,1,"(6.44, 8.0)"
1769539699.335,382,1,"(7.8, 8.0)"
1769539699.347,382,1,"(7.15, 8.0)"
1769539699.358,382,1,"(-2.01, 10.0)"
1769539699.368,382,1,"(0.69, 10.0)"
1769539699.378,382,1,"(-10.24, 10.0)"
1769539699.389,382,1,"(0.5, 10.0)"
1769539699.400,382,1,"(-8.83, 10.0)"
1769539699.410,382,1,"(-5.07, 10.0)"
1769539699.421,382,1,"(-9.44, 10.0)"
1769539699.432,382,1,"(-3.2, 10.0)"
1769539699.442,382,1,"(8.99, 10.0)"
1769539699.454,382,1,"(8.32, 10.0)"
1769539699.464,382,1,"(8.18, 10.0)"
1769539699.475,382,1,"(6.21, 10.0)"
1769539699.485,382,1,"(5.94, 10.0)"
1769539699.496,382,1,"(-3.97, 10.0)"
1769539699.507,382,1,"(8.23, 10.0)"
1769539699.517,382,1,"(-6.76, 10.0)"
1769539699.527,382,1,"(7.47, 10.0)"
1769539699.540,382,1,"(-5.36, 10.0)"
1769539699.550,382,1,"(-4.26, 10.0)"
1769539699.560,382,1,"(-8.04, 10.0)"
1769539699.571,382,1,"(2.15, 10.0)"
1769539699.581,382,1,"(1.66, 10.0)"
1769539699.593,382,1,"(2.02, 10.0)"
1769539699.603,382,1,"(10.49, 10.0)"
1769539699.613,382,1,"(-3.78, 10.0)"
1769539699.624,382,1,"(8.79, 10.0)"
1769539699.634,382,1,"(5.43, 10.0)"
1769539699.644,382,1,"(5.39, 10.0)"
1769539699.655,382,1,"(7.8, 10.0)"
1769539699.666,382,1,"(7.93, 10.0)"
1769539699.676,382,1,"(-3.96, 10.0)"
1769539699.687,382,1,"(5.05, 10.0)"
1769539699.698,382,1,"(-3.58, 10.0)"
1769539699.707,382,1,"(1.1, 10.0)"
1769539699.719,382,1,"(-5.99, 10.0)"
1769539699.729,382,1,"(-8.23, 10.0)"
1769539699.740,382,1,"(-8.8, 10.0)"
1769539699.751,382,1,"(-2.27, 10.0)"
1769539699.762,382,1,"(-13.94, 10.0)"
1769539699.772,382,1,"(-4.75, 10.0)"
1769539699.783,382,1,"(9.64, 10.0)"
1769539699.793,382,1,"(11.3, 10.0)"
1769539699.804,382,1,"(12.26, 10.0)"
1769539699.814,382,1,"(3.28, 10.0)"
1769539699.824,382,1,"(3.89, 10.0)"
1769539699.835,382,1,"(5.48, 10.0)"
1769539699.846,382,1,"(8.51, 10.0)"
1769539699.856,382,1,"(-3.58, 10.0)"
1769539699.867,382,1,"(11.85, 10.0)"
1769539699.878,382,1,"(-11.07, 10.0)"
1769539699.889,382,1,"(-7.32, 10.0)"
1769539699.899,382,1,"(-7.61, 10.0)"
1769539699.910,382,1,"(-1.83, 10.0)"
1769539699.921,382,1,"(-9.24, 10.0)"
1769539699.931,382,1,"(-1.98, 10.0)"
1769539699.942,382,1,"(-12.29, 10.0)"
1769539699.952,382,1,"(4.63, 10.0)"
1769539699.963,382,1,"(5.7, 10.0)"
1769539699.973,382,1,"(7.91, 10.0)"
1769539699.984,382,1,"(9.11, 10.0)"
1769539699.994,382,1,"(2.37, 10.0)"
1769539700.005,382,1,"(6.02, 10.0)"
1769539700.018,382,1,"(9.52, 10.0)"
1769539700.028,382,1,"(-10.29, 10.0)"
1769539700.038,382,1,"(-4.99, 10.0)"
1769539700.051,382,1,"(1.55, 10.0)"
1769539700.061,382,1,"(7.57, 10.0)"
1769539700.071,382,1,"(-5.1, 10.0)"
1769539700.082,382,1,"(-7.21, 10.0)"
1769539700.093,382,1,"(-0.89, 10.0)"
1769539700.103,382,1,"(9.7, 10.0)"
1769539700.113,382,1,"(-4.89, 10.0)"
1769539700.123,382,1,"(8.31, 10.0)"
1769539700.134,382,1,"(5.6, 10.0)"
1769539700.145,382,1,"(7.34, 10.0)"
1769539700.156,382,1,"(-1.26, 10.0)"
1769539700.166,382,1,"(7.11, 10.0)"
1769539700.177,382,1,"(-5.88, 10.0)"
1769539700.187,382,1,"(8.75, 10.0)"
1769539700.200,382,1,"(0.03, 10.0)"
1769539700.210,382,1,"(-0.73, 8.0)"
1769539700.221,382,1,"(-1.68, 8.0)"
1769539700.232,382,1,"(-0.76, 8.0)"
1769539700.243,382,1,"(9.24, 8.0)"
1769539700.253,382,1,"(-1.8, 8.0)"
1769539700.265,382,1,"(7.82, 10.0)"
1769539700.275,382,1,"(6.03, 10.0)"
1769539700.285,382,1,"(5.75, 8.0)"
1769539700.296,382,1,"(-5.7, 8.0)"
1769539700.306,382,1,"(10.45, 10.0)"
1769539700.317,382,1,"(9.3, 10.0)"
1769539700.327,382,1,"(-9.11, 10.0)"
1769539700.338,382,1,"(-2.43, 10.0)"
1769539700.349,382,1,"(-10.5, 10.0)"
1769539700.359,382,1,"(-0.22, 10.0)"
1769539700.370,382,1,"(-5.93, 10.0)"
1769539700.380,382,1,"(-6.57, 10.0)"
1769539700.391,382,1,"(-2.15, 10.0)"
1769539700.403,382,1,"(-4.61, 10.0)"
1769539700.413,382,1,"(-3.26, 10.0)"
1769539700.423,382,1,"(4.56, 10.0)"
1769539700.434,382,1,"(-2.74, 10.0)"
1769539700.444,382,1,"(4.8, 10.0)"
1769539705.950,382,2,"(-0.05, 0.0)"
1769539705.961,382,2,"(-0.16, 0.0)"
1769539705.971,382,2,"(-0.05, 0.0)"
1769539705.982,382,2,"(-0.14, 0.0)"
1769539705.993,382,2,"(-0.2, 0.0)"
1769539706.003,382,2,"(-0.12, 0.0)"
1769539706.013,382,2,"(0.11, 0.0)"
1769539706.023,382,2,"(0.06, 0.0)"
1769539706.034,382,2,"(0.36, 0.0)"
1769539706.045,382,2,"(0.03, 0.0)"
1769539706.055,382,2,"(-0.11, 0.0)"
1769539706.066,382,2,"(0.38, 0.0)"
1769539706.076,382,2,"(0.15, 0.0)"
1769539706.087,382,2,"(-0.0, 0.0)"
1769539706.097,382,2,"(0.31, 0.0)"
1769539706.108,382,2,"(0.09, 0.0)"
1769539706.119,382,2,"(-0.11, 0.0)"
1769539706.130,382,2,"(0.04, 0.0)"
1769539706.140,382,2,"(0.08, 0.0)"
1769539706.151,382,2,"(0.02, 0.0)"
1769539706.161,382,2,"(-0.03, 0.0)"
1769539706.171,382,2,"(-0.05, 0.0)"
1769539706.181,382,2,"(0.23, 0.0)"
1769539706.192,382,2,"(0.21, 0.0)"
1769539706.202,382,2,"(-0.11, 0.0)"
1769539706.213,382,2,"(-0.23, 0.0)"
1769539706.223,382,2,"(-0.12, 0.0)"
1769539706.234,382,2,"(-0.05, 0.0)"
1769539706.244,382,2,"(-0.16, 0.0)"
1769539706.255,382,2,"(0.02, 0.0)"
1769539706.265,382,2,"(0.11, 0.0)"
1769539706.276,382,2,"(0.12, 0.0)"
1769539706.287,382,2,"(-0.25, 0.0)"
1769539706.298,382,2,"(0.02, 0.0)"
1769539706.308,382,2,"(0.08, 0.0)"
1769539706.319,382,2,"(0.41, 0.0)"
1769539706.328,382,2,"(0.18, 0.0)"
1769539706.339,382,2,"(0.06, 0.0)"
1769539706.349,382,2,"(0.18, 0.0)"
1769539706.360,382,2,"(0.31, 0.0)"
1769539706.370,382,2,"(0.15, 0.0)"
1769539706.381,382,2,"(0.05, 0.0)"
1769539706.392,382,2,"(-0.14, 0.0)"
1769539706.403,382,2,"(-0.04, 0.0)"
1769539706.413,382,2,"(-0.18, 0.0)"
1769539706.423,382,2,"(-0.33, 0.0)"
1769539706.434,382,2,"(0.07, 0.0)"
1769539706.444,382,2,"(0.31, 0.0)"
1769539706.454,382,2,"(0.33, 0.0)"
1769539706.464,382,2,"(0.49, 0.0)"
1769539706.475,382,2,"(0.16, 0.0)"
1769539706.486,382,2,"(0.14, 0.0)"
1769539706.496,382,2,"(-0.18, 0.0)"
1769539706.506,382,2,"(-0.03, 0.0)"
1769539706.517,382,2,"(0.02, 0.0)"
1769539706.527,382,2,"(0.02, 0.0)"
1769539706.538,382,2,"(-0.19, 0.0)"
1769539706.548,382,2,"(-0.03, 0.0)"
1769539706.559,382,2,"(0.04, 0.0)"
1769539706.570,382,2,"(0.11, 0.0)"
1769539706.580,382,2,"(0.11, 0.0)"
1769539706.591,382,2,"(0.07, 0.0)"
1769539706.601,382,2,"(-0.08, 0.0)"
1769539706.611,382,2,"(-0.5, 0.0)"
1769539706.622,382,2,"(-0.4, 0.0)"
1769539706.632,382,2,"(-0.08, 0.0)"
1769539706.643,382,2,"(-0.12, 0.0)"
1769539706.654,382,2,"(0.25, 0.0)"
1769539706.664,382,2,"(-0.03, 0.0)"
1769539706.675,382,2,"(-0.05, 0.0)"
1769539706.685,382,2,"(-0.23, 0.0)"
1769539706.696,382,2,"(0.17, 0.0)"
1769539706.707,382,2,"(0.13, 0.0)"
1769539706.717,382,2,"(0.08, 0.0)"
1769539706.727,382,2,"(0.11, 0.0)"
1769539706.739,382,2,"(0.13, 0.0)"
1769539706.750,382,2,"(0.3, 0.0)"
1769539706.760,382,2,"(0.13, 0.0)"
1769539706.771,382,2,"(-0.03, 0.0)"
1769539706.781,382,2,"(0.01, 0.0)"
1769539706.792,382,2,"(-0.05, 0.0)"
1769539706.802,382,2,"(-0.24, 0.0)"
1769539706.813,382,2,"(-0.47, 0.0)"
1769539706.823,382,2,"(0.11, 0.0)"
1769539706.833,382,2,"(-0.02, 0.0)"
1769539706.844,382,2,"(0.08, 0.0)"
1769539706.855,382,2,"(0.17, 0.0)"
1769539706.865,382,2,"(0.19, 0.0)"
1769539706.876,382,2,"(0.08, 0.0)"
1769539706.888,382,2,"(-0.1, 0.0)"
1769539706.897,382,2,"(-0.08, 0.0)"
1769539706.909,382,2,"(0.03, 0.0)"
1769539706.919,382,2,"(0.2, 0.0)"
1769539706.930,382,2,"(0.1, 0.0)"
1769539706.941,382,2,"(0.31, 0.0)"
1769539706.951,382,2,"(0.13, 0.0)"
1769539706.962,382,2,"(-0.14, 0.0)"
1769539706.972,382,2,"(-0.07, 0.0)"
1769539706.983,382,2,"(-0.14, 0.0)"
1769539706.994,382,2,"(0.16, 0.0)"
1769539707.005,382,2,"(0.03, 0.0)"
1769539707.015,382,2,"(0.02, 0.0)"
1769539707.026,382,2,"(-0.02, 0.0)"
1769539707.039,382,2,"(0.34, 0.0)"
1769539707.049,382,2,"(0.32, 0.0)"
1769539707.060,382,2,"(0.12, 0.0)"
1769539707.071,382,2,"(-0.02, 0.0)"
1769539707.081,382,2,"(-0.03, 0.0)"
1769539707.093,382,2,"(0.26, 0.0)"
1769539707.105,382,2,"(0.4, 0.0)"
1769539707.114,382,2,"(0.32, 0.0)"
1769539707.124,382,2,"(-0.14, 0.0)"
1769539707.135,382,2,"(-0.23, 0.0)"
1769539707.145,382,2,"(-0.1, 0.0)"
1769539707.157,382,2,"(-0.05, 0.0)"
1769539707.167,382,2,"(-0.01, 0.0)"
1769539707.177,382,2,"(0.07, 0.0)"
1769539707.187,382,2,"(0.01, 0.0)"
1769539707.197,382,2,"(0.38, 0.0)"
1769539707.208,382,2,"(0.23, 0.0)"
1769539707.219,382,2,"(-0.08, 0.0)"
1769539707.229,382,2,"(-0.13, 0.0)"
1769539707.239,382,2,"(-0.09, 0.0)"
1769539707.250,382,2,"(-0.27, 0.0)"
1769539707.261,382,2,"(-0.21, 0.0)"
1769539707.271,382,2,"(-0.07, 0.0)"
1769539707.281,382,2,"(0.12, 0.0)"
1769539707.292,382,2,"(0.27, 0.0)"
1769539707.302,382,2,"(0.05, 0.0)"
1769539707.313,382,2,"(-0.03, 0.0)"
1769539707.323,382,2,"(-0.22, 0.0)"
1769539707.333,382,2,"(-0.08, 0.0)"
1769539707.344,382,2,"(-0.33, 0.0)"
1769539707.355,382,2,"(-0.15, 0.0)"
1769539707.366,382,2,"(-0.28, 0.0)"
1769539707.376,382,2,"(-0.12, 0.0)"
1769539707.387,382,2,"(0.17, 0.0)"
1769539707.397,382,2,"(0.18, 0.0)"
1769539707.408,382,2,"(0.23, 0.0)"
1769539707.418,382,2,"(0.07, 0.0)"
1769539707.428,382,2,"(0.0, 0.0)"
1769539707.438,382,2,"(-0.08, 0.0)"
1769539707.449,382,2,"(-0.0, 0.0)"
1769539707.460,382,2,"(0.08, 0.0)"
1769539707.470,382,2,"(0.16, 0.0)"
1769539707.481,382,2,"(0.05, 0.0)"
1769539707.491,382,2,"(-0.09, 0.0)"
1769539707.502,382,2,"(0.05, 0.0)"
1769539707.513,382,2,"(0.12, 0.0)"
1769539707.523,382,2,"(0.11, 0.0)"
1769539707.534,382,2,"(0.0, 0.0)"
1769539707.544,382,2,"(0.07, 0.0)"
1769539707.556,382,2,"(0.13, 0.0)"
1769539707.566,382,2,"(0.11, 0.0)"
1769539707.576,382,2,"(0.34, 0.0)"
1769539707.587,382,2,"(0.43, 0.0)"
1769539707.598,382,2,"(0.14, 0.0)"
1769539707.608,382,2,"(-0.01, 0.0)"
1769539707.619,382,2,"(0.05, 0.0)"
1769539707.630,382,2,"(-0.0, 0.0)"
1769539707.641,382,2,"(0.02, 0.0)"
1769539707.651,382,2,"(-0.03, 0.0)"
1769539707.662,382,2,"(0.07, 0.0)"
1769539707.673,382,2,"(-0.01, 0.0)"
1769539707.684,382,2,"(-0.04, 0.0)"
1769539707.694,382,2,"(-0.08, 0.0)"
1769539707.705,382,2,"(-0.1, 0.0)"
1769539707.716,382,2,"(0.02, 0.0)"
1769539707.726,382,2,"(0.08, 0.0)"
1769539707.737,382,2,"(-0.03, 0.0)"
1769539707.748,382,2,"(0.06, 0.0)"
1769539707.758,382,2,"(0.1, 0.0)"
1769539707.768,382,2,"(0.09, 0.0)"
1769539707.780,382,2,"(-0.01, 0.0)"
1769539707.790,382,2,"(-0.19, 0.0)"
1769539707.801,382,2,"(0.22, 0.0)"
1769539707.812,382,2,"(-0.18, 0.0)"
1769539707.822,382,2,"(0.22, 0.0)"
1769539707.832,382,2,"(0.29, 0.0)"
1769539707.843,382,2,"(0.15, 0.0)"
1769539707.853,382,2,"(0.22, 0.0)"
1769539707.863,382,2,"(0.16, 0.0)"
1769539707.873,382,2,"(-0.08, 0.0)"
1769539707.884,382,2,"(0.05, 0.0)"
1769539707.897,382,2,"(0.02, 0.0)"
1769539707.906,382,2,"(0.17, 0.0)"
1769539707.916,382,2,"(-0.01, 0.0)"
1769539707.927,382,2,"(0.07, 0.0)"
1769539707.938,382,2,"(0.07, 0.0)"
1769539707.949,382,2,"(-0.01, 0.0)"
1769539707.959,382,2,"(-0.04, 0.0)"
1769539707.969,382,2,"(-0.36, 0.0)"
1769539707.979,382,2,"(-0.19, 0.0)"
1769539707.989,382,2,"(0.32, 0.0)"
1769539708.000,382,2,"(0.14, 0.0)"
1769539708.011,382,2,"(0.01, 0.0)"
1769539708.022,382,2,"(0.11, 0.0)"
1769539708.032,382,2,"(0.06, 0.0)"
1769539708.043,382,2,"(-0.05, 0.0)"
1769539708.053,382,2,"(-0.08, 0.0)"
1769539708.064,382,2,"(0.39, 0.0)"
1769539708.075,382,2,"(0.52, 0.0)"
1769539708.086,382,2,"(0.32, 0.0)"
1769539708.096,382,2,"(-0.43, 0.0)"
1769539708.106,382,2,"(-0.0, 0.0)"
1769539708.117,382,2,"(0.48, 0.0)"
1769539708.127,382,2,"(0.54, 0.0)"
1769539708.139,382,2,"(0.29, 0.0)"
1769539708.151,382,2,"(-0.17, 0.0)"
1769539708.161,382,2,"(-0.01, 0.0)"
1769539708.171,382,2,"(-0.11, 0.0)"
1769539708.184,382,2,"(-0.19, 0.0)"
1769539708.194,382,2,"(0.06, 0.0)"
1769539708.205,382,2,"(-0.16, 0.0)"
1769539708.217,382,2,"(-0.07, 0.0)"
1769539708.227,382,2,"(-0.05, 0.0)"
1769539708.238,382,2,"(-0.09, 0.0)"
1769539708.248,382,2,"(-0.26, 0.0)"
1769539708.259,382,2,"(0.17, 0.0)"
1769539708.269,382,2,"(0.15, 0.0)"
1769539708.280,382,2,"(-0.13, 0.0)"
1769539708.291,382,2,"(-0.03, 0.0)"
1769539708.301,382,2,"(0.22, 0.0)"
1769539708.311,382,2,"(0.27, 0.0)"
1769539708.322,382,2,"(-0.06, 0.0)"
1769539708.333,382,2,"(-0.17, 0.0)"
1769539708.343,382,2,"(-0.09, 0.0)"
1769539708.353,382,2,"(0.22, 0.0)"
1769539708.364,382,2,"(0.21, 0.0)"
1769539708.375,382,2,"(-0.01, 0.0)"
1769539708.385,382,2,"(0.01, 0.0)"
1769539708.397,382,2,"(-0.06, 0.0)"
1769539708.407,382,2,"(-0.0, 0.0)"
1769539708.418,382,2,"(-0.16, 0.0)"
1769539708.428,382,2,"(-0.07, 0.0)"
1769539708.439,382,2,"(0.05, 0.0)"
1769539708.449,382,2,"(0.18, 0.0)"
1769539708.460,382,2,"(0.12, 0.0)"
1769539708.470,382,2,"(-0.07, 0.0)"
1769539708.480,382,2,"(0.2, 0.0)"
1769539708.491,382,2,"(0.17, 0.0)"
1769539708.501,382,2,"(-0.24, 0.0)"
1769539708.513,382,2,"(-0.12, 0.0)"
1769539708.523,382,2,"(-0.02, 0.0)"
1769539708.533,382,2,"(0.12, 0.0)"
1769539708.543,382,2,"(-0.0, 0.0)"
1769539708.554,382,2,"(0.18, 0.0)"
1769539708.564,382,2,"(0.05, 0.0)"
1769539708.574,382,2,"(0.01, 0.0)"
1769539708.584,382,2,"(0.17, 0.0)"
1769539708.595,382,2,"(-0.09, 0.0)"
1769539708.607,382,2,"(-0.08, 0.0)"
1769539708.617,382,2,"(-0.14, 0.0)"
1769539708.627,382,2,"(-0.1, 0.0)"
1769539708.637,382,2,"(-0.12, 0.0)"
1769539708.647,382,2,"(-0.1, 0.0)"
1769539708.657,382,2,"(-0.08, 0.0)"
1769539708.668,382,2,"(0.02, 0.0)"
1769539708.679,382,2,"(0.04, 0.0)"
1769539708.689,382,2,"(0.09, 0.0)"
1769539708.699,382,2,"(0.03, 0.0)"
1769539708.710,382,2,"(0.07, 0.0)"
1769539708.721,382,2,"(-0.07, 0.0)"
1769539708.731,382,2,"(0.1, 0.0)"
1769539708.743,382,2,"(0.19, 0.0)"
1769539708.753,382,2,"(0.3, 0.0)"
1769539708.764,382,2,"(0.01, 0.0)"
1769539708.775,382,2,"(-0.03, 0.0)"
1769539708.786,382,2,"(0.15, 0.0)"
1769539708.796,382,2,"(-0.06, 0.0)"
1769539708.807,382,2,"(-0.23, 0.0)"
1769539708.817,382,2,"(-0.07, 0.0)"
1769539708.828,382,2,"(0.15, 0.0)"
1769539708.839,382,2,"(0.06, 0.0)"
1769539708.849,382,2,"(0.08, 0.0)"
1769539708.860,382,2,"(0.08, 0.0)"
1769539708.870,382,2,"(0.11, 0.0)"
1769539708.880,382,2,"(0.11, 0.0)"
1769539708.890,382,2,"(-0.01, 0.0)"
1769539708.901,382,2,"(0.06, 0.0)"
1769539708.912,382,2,"(0.08, 0.0)"
1769539708.923,382,2,"(-0.36, 0.0)"
1769539708.933,382,2,"(-0.59, 0.0)"
1769539708.944,382,2,"(-0.25, 0.0)"
1769539713.155,382,3,"(0.07, 0.0)"
1769539713.166,382,3,"(0.17, 0.0)"
1769539713.176,382,3,"(0.15, 0.0)"
1769539713.187,382,3,"(0.04, 0.0)"
1769539713.197,382,3,"(-0.14, 0.0)"
1769539713.208,382,3,"(-0.0, 0.0)"
1769539713.219,382,3,"(-0.13, 0.0)"
1769539713.231,382,3,"(-0.07, 0.0)"
1769539713.241,382,3,"(0.03, 0.0)"
1769539713.252,382,3,"(0.02, 0.0)"
1769539713.262,382,3,"(0.04, 0.0)"
1769539713.272,382,3,"(-0.35, 0.0)"
1769539713.283,382,3,"(0.23, 0.0)"
1769539713.293,382,3,"(0.26, 0.0)"
1769539713.306,382,3,"(-0.16, 0.0)"
1769539713.316,382,3,"(0.22, 0.0)"
1769539713.327,382,3,"(0.0, 0.0)"
1769539713.337,382,3,"(-0.19, 0.0)"
1769539713.347,382,3,"(0.02, 0.0)"
1769539713.357,382,3,"(0.31, 0.0)"
1769539713.368,382,3,"(0.41, 0.0)"
1769539713.378,382,3,"(-0.33, 0.0)"
1769539713.388,382,3,"(-0.6, 0.0)"
1769539713.399,382,3,"(-0.44, 0.0)"
1769539713.410,382,3,"(-0.59, 0.0)"
1769539713.421,382,3,"(-0.43, 0.0)"
1769539713.432,382,3,"(-0.51, 0.0)"
1769539713.443,382,3,"(0.15, 0.0)"
1769539713.453,382,3,"(0.36, 0.0)"
1769539713.463,382,3,"(0.63, 0.0)"
1769539713.475,382,3,"(0.45, 0.0)"
1769539713.485,382,3,"(0.38, 0.0)"
1769539713.496,382,3,"(0.34, 0.0)"
1769539713.506,382,3,"(0.49, 0.0)"
1769539713.517,382,3,"(0.34, 0.0)"
1769539713.527,382,3,"(0.43, 0.0)"
1769539713.537,382,3,"(-0.31, 0.0)"
1769539713.548,382,3,"(0.28, 0.0)"
1769539713.559,382,3,"(-0.52, 0.0)"
1769539713.569,382,3,"(0.26, 0.0)"
1769539713.580,382,3,"(-0.38, 0.0)"
1769539713.590,382,3,"(-0.55, 0.0)"
1769539713.602,382,3,"(-0.2, 0.0)"
1769539713.613,382,3,"(0.11, 0.0)"
1769539713.624,382,3,"(0.63, 0.0)"
1769539713.636,382,3,"(0.46, 0.0)"
1769539713.646,382,3,"(0.55, 0.0)"
1769539713.656,382,3,"(0.31, 0.0)"
1769539713.667,382,3,"(-0.39, 0.0)"
1769539713.678,382,3,"(0.38, 0.0)"
1769539713.688,382,3,"(-0.09, 0.0)"
1769539713.698,382,3,"(0.14, 0.0)"
1769539713.708,382,3,"(-0.36, 0.0)"
1769539713.720,382,3,"(-0.01, 0.0)"
1769539713.730,382,3,"(-0.39, 0.0)"
1769539713.741,382,3,"(-0.53, 0.0)"
1769539713.752,382,3,"(-0.8, 0.0)"
1769539713.761,382,3,"(-1.09, 0.0)"
1769539713.772,382,3,"(-0.95, 0.0)"
1769539713.782,382,3,"(0.75, 0.0)"
1769539713.793,382,3,"(-0.17, 0.0)"
1769539713.804,382,3,"(0.4, 0.0)"
1769539713.814,382,3,"(0.16, 0.0)"
1769539713.825,382,3,"(0.84, 0.0)"
1769539713.835,382,3,"(-0.2, 0.0)"
1769539713.846,382,3,"(0.52, 0.0)"
1769539713.856,382,3,"(0.28, 0.0)"
1769539713.867,382,3,"(0.41, 0.0)"
1769539713.878,382,3,"(-0.45, 0.0)"
1769539713.889,382,3,"(-0.7, 0.0)"
1769539713.900,382,3,"(-0.36, 0.0)"
1769539713.910,382,3,"(-0.77, 0.0)"
1769539713.921,382,3,"(-0.32, 0.0)"
1769539713.931,382,3,"(-0.67, 0.0)"
1769539713.943,382,3,"(0.66, 0.0)"
1769539713.953,382,3,"(0.1, 0.0)"
1769539713.964,382,3,"(0.62, 0.0)"
1769539713.975,382,3,"(0.54, 0.0)"
1769539713.985,382,3,"(0.17, 0.0)"
1769539713.995,382,3,"(0.31, 0.0)"
1769539714.006,382,3,"(0.47, 0.0)"
1769539714.017,382,3,"(0.4, 0.0)"
1769539714.028,382,3,"(-0.73, 0.0)"
1769539714.039,382,3,"(-0.35, 0.0)"
1769539714.049,382,3,"(-0.56, 0.0)"
1769539714.060,382,3,"(-0.41, 0.0)"
1769539714.071,382,3,"(-0.6, 0.0)"
1769539714.081,382,3,"(-0.25, 0.0)"
1769539714.093,382,3,"(-0.57, 0.0)"
1769539714.103,382,3,"(-0.15, 0.0)"
1769539714.113,382,3,"(0.6, 0.0)"
1769539714.125,382,3,"(0.58, 0.0)"
1769539714.135,382,3,"(0.44, 0.0)"
1769539714.146,382,3,"(0.87, 0.0)"
1769539714.156,382,3,"(0.53, 0.0)"
1769539714.167,382,3,"(0.6, 0.0)"
1769539714.177,382,3,"(0.24, 0.0)"
1769539714.188,382,3,"(-0.51, 0.0)"
1769539714.198,382,3,"(-0.31, 0.0)"
1769539714.209,382,3,"(-0.5, 0.0)"
1769539714.220,382,3,"(-0.18, 0.0)"
1769539714.230,382,3,"(-0.42, 0.0)"
1769539714.240,382,3,"(-0.47, 0.0)"
1769539714.251,382,3,"(-0.77, 0.0)"
1769539714.261,382,3,"(-0.22, 0.0)"
1769539714.272,382,3,"(-1.02, 0.0)"
1769539714.283,382,3,"(0.33, 0.0)"
1769539714.293,382,3,"(-0.05, 0.0)"
1769539714.304,382,3,"(0.96, 0.0)"
1769539714.314,382,3,"(1.0, 0.0)"
1769539714.325,382,3,"(0.57, 0.0)"
1769539714.335,382,3,"(0.55, 0.0)"
1769539714.346,382,3,"(0.63, 0.0)"
1769539714.356,382,3,"(0.52, 0.0)"
1769539714.367,382,3,"(0.25, 0.0)"
1769539714.377,382,3,"(-0.37, 0.0)"
1769539714.388,382,3,"(0.4, 0.0)"
1769539714.398,382,3,"(-0.37, 0.0)"
1769539714.409,382,3,"(-0.3, 0.0)"
1769539714.419,382,3,"(-0.11, 0.0)"
1769539714.430,382,3,"(-0.43, 0.0)"
1769539714.440,382,3,"(-0.33, 0.0)"
1769539714.450,382,3,"(-0.23, 0.0)"
1769539714.461,382,3,"(-0.59, 0.0)"
1769539714.471,382,3,"(0.02, 0.0)"
1769539714.482,382,3,"(-0.99, 0.0)"
1769539714.493,382,3,"(-0.51, 0.0)"
1769539714.504,382,3,"(0.32, 0.0)"
1769539714.514,382,3,"(-0.16, 0.0)"
1769539714.525,382,3,"(0.42, 0.0)"
1769539714.535,382,3,"(0.47, 0.0)"
1769539714.546,382,3,"(0.59, 0.0)"
1769539714.556,382,3,"(0.72, 0.0)"
1769539714.566,382,3,"(0.7, 0.0)"
1769539714.577,382,3,"(-0.24, 0.0)"
1769539714.589,382,3,"(0.79, 0.0)"
1769539714.599,382,3,"(-0.08, 0.0)"
1769539714.609,382,3,"(-0.18, 0.0)"
1769539714.620,382,3,"(-0.6, 0.0)"
1769539714.631,382,3,"(-0.3, 0.0)"
1769539714.641,382,3,"(-0.66, 0.0)"
1769539714.651,382,3,"(-0.16, 0.0)"
1769539714.662,382,3,"(-0.41, 0.0)"
1769539714.673,382,3,"(-0.58, 0.0)"
1769539714.683,382,3,"(0.63, 0.0)"
1769539714.694,382,3,"(0.8, 0.0)"
1769539714.705,382,3,"(0.6, 0.0)"
1769539714.715,382,3,"(0.69, 0.0)"
1769539714.726,382,3,"(0.79, 0.0)"
1769539714.737,382,3,"(0.13, 0.0)"
1769539714.748,382,3,"(0.69, 0.0)"
1769539714.758,382,3,"(0.09, 0.0)"
1769539714.769,382,3,"(0.57, 0.0)"
1769539714.779,382,3,"(-0.28, 0.0)"
1769539714.790,382,3,"(-0.82, 0.0)"
1769539714.800,382,3,"(-0.96, 0.0)"
1769539714.811,382,3,"(-0.48, 0.0)"
1769539714.822,382,3,"(-0.91, 0.0)"
1769539714.833,382,3,"(-0.47, 0.0)"
1769539714.844,382,3,"(0.36, 0.0)"
1769539714.856,382,3,"(0.57, 0.0)"
1769539714.866,382,3,"(0.61, 0.0)"
1769539714.877,382,3,"(-0.23, 0.0)"
1769539714.888,382,3,"(-0.22, 0.0)"
1769539714.898,382,3,"(-0.24, 0.0)"
1769539714.910,382,3,"(-0.63, 0.0)"
1769539714.921,382,3,"(-0.73, 0.0)"
1769539714.931,382,3,"(-0.8, 0.0)"
1769539714.942,382,3,"(-0.6, 0.0)"
1769539714.953,382,3,"(-0.45, 0.0)"
1769539714.963,382,3,"(0.49, 0.0)"
1769539714.974,382,3,"(0.73, 0.0)"
1769539714.984,382,3,"(0.62, 0.0)"
1769539714.994,382,3,"(0.57, 0.0)"
1769539715.004,382,3,"(0.4, 0.0)"
1769539715.015,382,3,"(0.48, 0.0)"
1769539715.026,382,3,"(0.46, 0.0)"
1769539715.037,382,3,"(-0.19, 0.0)"
1769539715.047,382,3,"(-0.04, 0.0)"
1769539715.057,382,3,"(0.02, 0.0)"
1769539715.068,382,3,"(0.53, 0.0)"
1769539715.078,382,3,"(-0.25, 0.0)"
1769539715.089,382,3,"(0.81, 0.0)"
1769539715.099,382,3,"(-0.02, 0.0)"
1769539715.110,382,3,"(-0.7, 0.0)"
1769539715.122,382,3,"(-0.75, 0.0)"
1769539715.133,382,3,"(-0.35, 0.0)"
1769539715.143,382,3,"(0.58, 0.0)"
1769539715.154,382,3,"(-0.74, 0.0)"
1769539715.164,382,3,"(0.55, 0.0)"
1769539715.174,382,3,"(0.84, 0.0)"
1769539715.185,382,3,"(0.65, 0.0)"
1769539715.196,382,3,"(-0.18, 0.0)"
1769539715.206,382,3,"(0.65, 0.0)"
1769539715.217,382,3,"(0.07, 0.0)"
1769539715.228,382,3,"(0.63, 0.0)"
1769539715.238,382,3,"(0.12, 0.0)"
1769539715.248,382,3,"(-0.22, 0.0)"
1769539715.258,382,3,"(-0.15, 0.0)"
1769539715.269,382,3,"(-0.79, 0.0)"
1769539715.279,382,3,"(0.06, 0.0)"
1769539715.290,382,3,"(-0.82, 0.0)"
1769539715.301,382,3,"(-1.03, 0.0)"
1769539715.311,382,3,"(-0.43, 0.0)"
1769539715.322,382,3,"(-1.07, 0.0)"
1769539715.332,382,3,"(-0.57, 0.0)"
1769539715.343,382,3,"(0.39, 0.0)"
1769539715.353,382,3,"(-0.19, 0.0)"
1769539715.363,382,3,"(0.85, 0.0)"
1769539715.374,382,3,"(0.59, 0.0)"
1769539715.385,382,3,"(0.77, 0.0)"
1769539715.396,382,3,"(-0.14, 0.0)"
1769539715.407,382,3,"(0.71, 0.0)"
1769539715.417,382,3,"(-0.96, 0.0)"
1769539715.428,382,3,"(1.75, 0.0)"
1769539715.438,382,3,"(0.11, 0.0)"
1769539715.449,382,3,"(-0.33, 0.0)"
1769539715.462,382,3,"(-0.63, 0.0)"
1769539715.473,382,3,"(-0.3, 0.0)"
1769539715.483,382,3,"(0.35, 0.0)"
1769539715.495,382,3,"(0.26, 0.0)"
1769539715.505,382,3,"(0.39, 0.0)"
1769539715.515,382,3,"(0.83, 0.0)"
1769539715.526,382,3,"(0.21, 0.0)"
1769539715.537,382,3,"(0.29, 0.0)"
1769539715.548,382,3,"(-0.76, 0.0)"
1769539715.558,382,3,"(0.43, 0.0)"
1769539715.568,382,3,"(-0.7, 0.0)"
1769539715.579,382,3,"(0.14, 0.0)"
1769539715.590,382,3,"(-0.98, 0.0)"
1769539715.600,382,3,"(0.25, 0.0)"
1769539715.611,382,3,"(-1.04, 0.0)"
1769539715.621,382,3,"(-1.28, 0.0)"
1769539715.632,382,3,"(-0.66, 0.0)"
1769539715.642,382,3,"(0.64, 0.0)"
1769539715.652,382,3,"(-0.93, 0.0)"
1769539715.662,382,3,"(-0.94, 0.0)"
1769539715.673,382,3,"(-0.7, 0.0)"
1769539715.683,382,3,"(0.46, 0.0)"
1769539715.693,382,3,"(0.38, 0.0)"
1769539715.704,382,3,"(0.84, 0.0)"
1769539715.714,382,3,"(0.49, 0.0)"
1769539715.725,382,3,"(1.09, 0.0)"
1769539715.735,382,3,"(0.68, 0.0)"
1769539715.746,382,3,"(1.39, 0.0)"
1769539715.758,382,3,"(0.42, 0.0)"
1769539715.768,382,3,"(1.22, 0.0)"
1769539715.778,382,3,"(0.29, 0.0)"
1769539715.789,382,3,"(0.29, 0.0)"
1769539715.799,382,3,"(-0.98, 0.0)"
1769539715.810,382,3,"(-0.5, 0.0)"
1769539715.821,382,3,"(-1.11, 0.0)"
1769539715.831,382,3,"(-0.71, 0.0)"
1769539715.842,382,3,"(-0.89, 0.0)"
1769539715.852,382,3,"(-1.0, 0.0)"
1769539715.863,382,3,"(-1.32, 0.0)"
1769539715.873,382,3,"(0.35, 0.0)"
1769539715.883,382,3,"(-1.27, 0.0)"
1769539715.894,382,3,"(0.32, 0.0)"
1769539715.905,382,3,"(1.3, 0.0)"
1769539715.915,382,3,"(0.33, 0.0)"
1769539715.926,382,3,"(1.3, 0.0)"
1769539715.936,382,3,"(0.28, 0.0)"
1769539715.947,382,3,"(0.39, 0.0)"
1769539715.957,382,3,"(-1.17, 0.0)"
1769539715.968,382,3,"(0.12, 0.0)"
1769539715.979,382,3,"(-1.58, 0.0)"
1769539715.989,382,3,"(-1.35, 0.0)"
1769539715.999,382,3,"(-1.27, 0.0)"
1769539716.010,382,3,"(0.33, 0.0)"
1769539716.021,382,3,"(-1.53, 0.0)"
1769539716.031,382,3,"(0.27, 0.0)"
1769539716.042,382,3,"(-1.24, 0.0)"
1769539716.052,382,3,"(0.63, 0.0)"
1769539716.063,382,3,"(-1.53, 0.0)"
1769539716.073,382,3,"(0.34, 0.0)"
1769539716.083,382,3,"(-1.2, 0.0)"
1769539716.095,382,3,"(0.61, 0.0)"
1769539716.105,382,3,"(1.31, 0.0)"
1769539716.115,382,3,"(1.18, 0.0)"
1769539716.127,382,3,"(0.56, 0.0)"
1769539716.138,382,3,"(-0.87, 0.0)"
1769539716.149,382,3,"(-1.25, 0.0)"
1769539725.980,382,4,"(0.04, 0.0)"
1769539725.991,382,4,"(0.11, 0.0)"
1769539726.001,382,4,"(-0.1, 0.0)"
1769539726.012,382,4,"(0.19, 0.0)"
1769539726.023,382,4,"(0.33, 0.0)"
1769539726.033,382,4,"(0.45, 0.0)"
1769539726.043,382,4,"(0.03, 0.0)"
1769539726.054,382,4,"(-0.09, 0.0)"
1769539726.064,382,4,"(0.06, 0.0)"
1769539726.075,382,4,"(-0.16, 0.0)"
1769539726.085,382,4,"(0.28, 0.0)"
1769539726.096,382,4,"(0.3, 0.0)"
1769539726.106,382,4,"(0.09, 0.0)"
1769539726.117,382,4,"(-0.13, 0.0)"
1769539726.128,382,4,"(-0.19, 0.0)"
1769539726.138,382,4,"(-0.1, 0.0)"
1769539726.149,382,4,"(-0.03, 0.0)"
1769539726.159,382,4,"(0.04, 0.0)"
1769539726.170,382,4,"(0.33, 0.0)"
1769539726.180,382,4,"(0.28, 0.0)"
1769539726.191,382,4,"(0.16, 0.0)"
1769539726.202,382,4,"(0.02, 0.0)"
1769539726.212,382,4,"(0.06, 0.0)"
1769539726.223,382,4,"(-0.09, 0.0)"
1769539726.233,382,4,"(-0.38, 0.0)"
1769539726.244,382,4,"(0.35, 0.0)"
1769539726.255,382,4,"(0.09, 0.0)"
1769539726.266,382,4,"(0.12, 0.0)"
1769539726.276,382,4,"(-0.07, 0.0)"
1769539726.287,382,4,"(-0.23, 0.0)"
1769539726.298,382,4,"(-0.08, 0.0)"
1769539726.308,382,4,"(-0.07, 0.0)"
1769539726.318,382,4,"(-0.36, 0.0)"
1769539726.329,382,4,"(-0.28, 0.0)"
1769539726.339,382,4,"(0.0, 0.0)"
1769539726.349,382,4,"(0.03, 0.0)"
1769539726.360,382,4,"(-0.03, 0.0)"
1769539726.370,382,4,"(-0.01, 0.0)"
1769539726.381,382,4,"(0.09, 0.0)"
1769539726.392,382,4,"(0.07, 0.0)"
1769539726.403,382,4,"(-0.06, 0.0)"
1769539726.413,382,4,"(0.5, 0.0)"
1769539726.424,382,4,"(0.33, 0.0)"
1769539726.434,382,4,"(0.15, 0.0)"
1769539726.444,382,4,"(0.26, 0.0)"
1769539726.456,382,4,"(-0.4, 0.0)"
1769539726.466,382,4,"(0.14, 0.0)"
1769539726.476,382,4,"(0.08, 0.0)"
1769539726.487,382,4,"(-0.01, 0.0)"
1769539726.498,382,4,"(-0.18, 0.0)"
1769539726.508,382,4,"(-0.06, 0.0)"
1769539726.519,382,4,"(0.09, 0.0)"
1769539726.529,382,4,"(0.29, 0.0)"
1769539726.540,382,4,"(0.21, 0.0)"
1769539726.550,382,4,"(0.01, 0.0)"
1769539726.561,382,4,"(0.05, 0.0)"
1769539726.571,382,4,"(-0.28, 0.0)"
1769539726.581,382,4,"(-0.19, 0.0)"
1769539726.591,382,4,"(0.41, 0.0)"
1769539726.602,382,4,"(0.2, 0.0)"
1769539726.613,382,4,"(-0.13, 0.0)"
1769539726.625,382,4,"(-0.08, 0.0)"
1769539726.636,382,4,"(0.2, 0.0)"
1769539726.646,382,4,"(0.11, 0.0)"
1769539726.658,382,4,"(-0.02, 0.0)"
1769539726.667,382,4,"(0.13, 0.0)"
1769539726.678,382,4,"(0.04, 0.0)"
1769539726.688,382,4,"(-0.21, 0.0)"
1769539726.699,382,4,"(-0.32, 0.0)"
1769539726.711,382,4,"(-0.39, 0.0)"
1769539726.721,382,4,"(0.02, 0.0)"
1769539726.731,382,4,"(-0.16, 0.0)"
1769539726.743,382,4,"(-0.1, 0.0)"
1769539726.752,382,4,"(-0.22, 0.0)"
1769539726.763,382,4,"(-0.09, 0.0)"
1769539726.774,382,4,"(0.1, 0.0)"
1769539726.785,382,4,"(0.05, 0.0)"
1769539726.796,382,4,"(0.01, 0.0)"
1769539726.806,382,4,"(0.05, 0.0)"
1769539726.816,382,4,"(0.25, 0.0)"
1769539726.827,382,4,"(-0.04, 0.0)"
1769539726.837,382,4,"(0.04, 0.0)"
1769539726.848,382,4,"(-0.03, 0.0)"
1769539726.858,382,4,"(0.04, 0.0)"
1769539726.868,382,4,"(0.07, 0.0)"
1769539726.879,382,4,"(0.3, 0.0)"
1769539726.890,382,4,"(0.06, 0.0)"
1769539726.900,382,4,"(0.31, 0.0)"
1769539726.910,382,4,"(0.08, 0.0)"
1769539726.921,382,4,"(-0.27, 0.0)"
1769539726.931,382,4,"(-0.03, 0.0)"
1769539726.943,382,4,"(0.09, 0.0)"
1769539726.953,382,4,"(0.04, 0.0)"
1769539726.963,382,4,"(-0.07, 0.0)"
1769539726.973,382,4,"(-0.03, 0.0)"
1769539726.984,382,4,"(0.02, 0.0)"
1769539726.996,382,4,"(-0.1, 0.0)"
1769539727.006,382,4,"(0.19, 0.0)"
1769539727.017,382,4,"(0.0, 0.0)"
1769539727.027,382,4,"(-0.06, 0.0)"
1769539727.038,382,4,"(-0.12, 0.0)"
1769539727.049,382,4,"(-0.23, 0.0)"
1769539727.060,382,4,"(0.37, 0.0)"
1769539727.071,382,4,"(0.46, 0.0)"
1769539727.081,382,4,"(0.33, 0.0)"
1769539727.092,382,4,"(-0.19, 0.0)"
1769539727.103,382,4,"(0.2, 0.0)"
1769539727.114,382,4,"(0.1, 0.0)"
1769539727.125,382,4,"(0.18, 0.0)"
1769539727.136,382,4,"(0.07, 0.0)"
1769539727.146,382,4,"(0.16, 0.0)"
1769539727.159,382,4,"(0.11, 0.0)"
1769539727.169,382,4,"(-0.08, 0.0)"
1769539727.180,382,4,"(-0.09, 0.0)"
1769539727.192,382,4,"(0.01, 0.0)"
1769539727.201,382,4,"(0.26, 0.0)"
1769539727.212,382,4,"(0.25, 0.0)"
1769539727.223,382,4,"(0.13, 0.0)"
1769539727.233,382,4,"(-0.01, 0.0)"
1769539727.243,382,4,"(0.04, 0.0)"
1769539727.254,382,4,"(0.01, 0.0)"
1769539727.265,382,4,"(0.18, 0.0)"
1769539727.276,382,4,"(0.08, 0.0)"
1769539727.287,382,4,"(-0.1, 0.0)"
1769539727.298,382,4,"(-0.26, 0.0)"
1769539727.309,382,4,"(-0.16, 0.0)"
1769539727.320,382,4,"(0.09, 0.0)"
1769539727.330,382,4,"(0.08, 0.0)"
1769539727.341,382,4,"(0.06, 0.0)"
1769539727.352,382,4,"(-0.11, 0.0)"
1769539727.362,382,4,"(-0.01, 0.0)"
1769539727.373,382,4,"(0.08, 0.0)"
1769539727.384,382,4,"(0.04, 0.0)"
1769539727.394,382,4,"(0.02, 0.0)"
1769539727.407,382,4,"(-0.25, 0.0)"
1769539727.417,382,4,"(-0.1, 0.0)"
1769539727.428,382,4,"(-0.32, 0.0)"
1769539727.440,382,4,"(-0.08, 0.0)"
1769539727.451,382,4,"(0.19, 0.0)"
1769539727.462,382,4,"(-0.02, 0.0)"
1769539727.474,382,4,"(-0.18, 0.0)"
1769539727.483,382,4,"(-0.3, 0.0)"
1769539727.494,382,4,"(-0.17, 0.0)"
1769539727.505,382,4,"(-0.31, 0.0)"
1769539727.515,382,4,"(0.15, 0.0)"
1769539727.526,382,4,"(0.36, 0.0)"
1769539727.537,382,4,"(0.03, 0.0)"
1769539727.547,382,4,"(-0.15, 0.0)"
1769539727.558,382,4,"(-0.22, 0.0)"
1769539727.568,382,4,"(0.36, 0.0)"
1769539727.578,382,4,"(0.06, 0.0)"
1769539727.590,382,4,"(-0.04, 0.0)"
1769539727.600,382,4,"(-0.04, 0.0)"
1769539727.611,382,4,"(-0.16, 0.0)"
1769539727.621,382,4,"(-0.06, 0.0)"
1769539727.631,382,4,"(-0.09, 0.0)"
1769539727.641,382,4,"(-0.06, 0.0)"
1769539727.652,382,4,"(-0.33, 0.0)"
1769539727.662,382,4,"(-0.05, 0.0)"
1769539727.673,382,4,"(0.11, 0.0)"
1769539727.684,382,4,"(0.09, 0.0)"
1769539727.694,382,4,"(0.12, 0.0)"
1769539727.705,382,4,"(-0.17, 0.0)"
1769539727.716,382,4,"(0.04, 0.0)"
1769539727.726,382,4,"(-0.13, 0.0)"
1769539727.737,382,4,"(-0.2, 0.0)"
1769539727.747,382,4,"(-0.37, 0.0)"
1769539727.759,382,4,"(0.2, 0.0)"
1769539727.769,382,4,"(-0.3, 0.0)"
1769539727.780,382,4,"(0.03, 0.0)"
1769539727.791,382,4,"(0.24, 0.0)"
1769539727.803,382,4,"(0.13, 0.0)"
1769539727.813,382,4,"(-0.01, 0.0)"
1769539727.824,382,4,"(0.13, 0.0)"
1769539727.834,382,4,"(0.07, 0.0)"
1769539727.845,382,4,"(0.19, 0.0)"
1769539727.855,382,4,"(0.03, 0.0)"
1769539727.867,382,4,"(0.07, 0.0)"
1769539727.877,382,4,"(0.0, 0.0)"
1769539727.887,382,4,"(0.14, 0.0)"
1769539727.897,382,4,"(0.02, 0.0)"
1769539727.908,382,4,"(-0.01, 0.0)"
1769539727.918,382,4,"(-0.19, 0.0)"
1769539727.928,382,4,"(0.09, 0.0)"
1769539727.939,382,4,"(0.23, 0.0)"
1769539727.950,382,4,"(-0.21, 0.0)"
1769539727.960,382,4,"(-0.02, 0.0)"
1769539727.971,382,4,"(-0.18, 0.0)"
1769539727.982,382,4,"(0.22, 0.0)"
1769539727.992,382,4,"(0.04, 0.0)"
1769539728.002,382,4,"(-0.22, 0.0)"
1769539728.012,382,4,"(-0.13, 0.0)"
1769539728.023,382,4,"(0.19, 0.0)"
1769539728.033,382,4,"(0.1, 0.0)"
1769539728.044,382,4,"(0.19, 0.0)"
1769539728.054,382,4,"(0.2, 0.0)"
1769539728.064,382,4,"(-0.1, 0.0)"
1769539728.074,382,4,"(-0.03, 0.0)"
1769539728.085,382,4,"(0.23, 0.0)"
1769539728.095,382,4,"(0.26, 0.0)"
1769539728.105,382,4,"(-0.21, 0.0)"
1769539728.115,382,4,"(-0.23, 0.0)"
1769539728.126,382,4,"(-0.23, 0.0)"
1769539728.137,382,4,"(0.14, 0.0)"
1769539728.147,382,4,"(0.18, 0.0)"
1769539728.158,382,4,"(-0.34, 0.0)"
1769539728.168,382,4,"(-0.29, 0.0)"
1769539728.178,382,4,"(-0.29, 0.0)"
1769539728.189,382,4,"(-0.11, 0.0)"
1769539728.199,382,4,"(-0.04, 0.0)"
1769539728.210,382,4,"(-0.15, 0.0)"
1769539728.220,382,4,"(0.01, 0.0)"
1769539728.230,382,4,"(0.05, 0.0)"
1769539728.241,382,4,"(-0.07, 0.0)"
1769539728.252,382,4,"(-0.08, 0.0)"
1769539728.262,382,4,"(0.01, 0.0)"
1769539728.273,382,4,"(0.06, 0.0)"
1769539728.284,382,4,"(-0.07, 0.0)"
1769539728.294,382,4,"(-0.14, 0.0)"
1769539728.305,382,4,"(-0.17, 0.0)"
1769539728.316,382,4,"(-0.32, 0.0)"
1769539728.327,382,4,"(0.02, 0.0)"
1769539728.338,382,4,"(-0.15, 0.0)"
1769539728.350,382,4,"(-0.05, 0.0)"
1769539728.361,382,4,"(-0.31, 0.0)"
1769539728.372,382,4,"(0.12, 0.0)"
1769539728.382,382,4,"(0.15, 0.0)"
1769539728.392,382,4,"(0.26, 0.0)"
1769539728.403,382,4,"(-0.25, 0.0)"
1769539728.413,382,4,"(-0.28, 0.0)"
1769539728.425,382,4,"(0.25, 0.0)"
1769539728.435,382,4,"(-0.01, 0.0)"
1769539728.446,382,4,"(0.2, 0.0)"
1769539728.458,382,4,"(-0.12, 0.0)"
1769539728.468,382,4,"(0.05, 0.0)"
1769539728.478,382,4,"(0.25, 0.0)"
1769539728.489,382,4,"(-0.13, 0.0)"
1769539728.500,382,4,"(0.07, 0.0)"
1769539728.510,382,4,"(-0.29, 0.0)"
1769539728.521,382,4,"(-0.23, 0.0)"
1769539728.531,382,4,"(0.32, 0.0)"
1769539728.541,382,4,"(-0.35, 0.0)"
1769539728.553,382,4,"(0.15, 0.0)"
1769539728.563,382,4,"(-0.1, 0.0)"
1769539728.573,382,4,"(-0.06, 0.0)"
1769539728.584,382,4,"(-0.19, 0.0)"
1769539728.595,382,4,"(-0.15, 0.0)"
1769539728.605,382,4,"(0.02, 0.0)"
1769539728.615,382,4,"(-0.32, 0.0)"
1769539728.626,382,4,"(0.32, 0.0)"
1769539728.637,382,4,"(0.35, 0.0)"
1769539728.647,382,4,"(0.34, 0.0)"
1769539728.658,382,4,"(0.09, 0.0)"
1769539728.668,382,4,"(0.16, 0.0)"
1769539728.679,382,4,"(0.16, 0.0)"
1769539728.690,382,4,"(-0.28, 0.0)"
1769539728.700,382,4,"(0.13, 0.0)"
1769539728.710,382,4,"(0.08, 0.0)"
1769539728.721,382,4,"(0.2, 0.0)"
1769539728.731,382,4,"(-0.16, 0.0)"
1769539728.742,382,4,"(-0.08, 0.0)"
1769539728.751,382,4,"(0.04, 0.0)"
1769539728.762,382,4,"(0.26, 0.0)"
1769539728.773,382,4,"(0.42, 0.0)"
1769539728.783,382,4,"(0.47, 0.0)"
1769539728.793,382,4,"(0.3, 0.0)"
1769539728.804,382,4,"(0.15, 0.0)"
1769539728.814,382,4,"(0.19, 0.0)"
1769539728.825,382,4,"(0.14, 0.0)"
1769539728.835,382,4,"(0.06, 0.0)"
1769539728.846,382,4,"(0.03, 0.0)"
1769539728.856,382,4,"(-0.05, 0.0)"
1769539728.867,382,4,"(-0.01, 0.0)"
1769539728.877,382,4,"(0.05, 0.0)"
1769539728.889,382,4,"(0.02, 0.0)"
1769539728.899,382,4,"(0.05, 0.0)"
1769539728.910,382,4,"(-0.05, 0.0)"
1769539728.920,382,4,"(-0.06, 0.0)"
1769539728.931,382,4,"(0.13, 0.0)"
1769539728.943,382,4,"(-0.14, 0.0)"
1769539728.953,382,4,"(0.06, 0.0)"
1769539728.964,382,4,"(-0.13, 0.0)"
1769539728.975,382,4,"(-0.03, 0.0)"
1769539728.985,382,4,"(0.19, 0.0)"
1769539748.236,382,1,"(-19.92, 136.0)"
1769539748.246,382,1,"(-114.09, 136.0)"
1769539748.256,382,1,"(-21.89, 136.0)"
1769539748.267,382,1,"(-113.69, 136.0)"
1769539748.277,382,1,"(-96.07, 136.0)"
1769539748.289,382,1,"(-115.13, 136.0)"
1769539748.302,382,1,"(94.33, 134.0)"
1769539748.312,382,1,"(83.97, 134.0)"
1769539748.323,382,1,"(72.14, 134.0)"
1769539748.335,382,1,"(83.1, 134.0)"
1769539748.346,382,1,"(-58.07, 134.0)"
1769539748.356,382,1,"(-98.16, 134.0)"
1769539748.368,382,1,"(-51.13, 134.0)"
1769539748.378,382,1,"(-35.8, 134.0)"
1769539748.389,382,1,"(83.68, 134.0)"
1769539748.400,382,1,"(-28.88, 132.0)"
1769539748.410,382,1,"(94.82, 134.0)"
1769539748.420,382,1,"(-60.51, 134.0)"
1769539748.431,382,1,"(66.96, 134.0)"
1769539748.441,382,1,"(-41.86, 134.0)"
1769539748.451,382,1,"(-49.23, 134.0)"
1769539748.461,382,1,"(73.7, 134.0)"
1769539748.472,382,1,"(83.24, 134.0)"
1769539748.483,382,1,"(78.29, 134.0)"
1769539748.494,382,1,"(86.05, 134.0)"
1769539748.504,382,1,"(-46.15, 132.0)"
1769539748.514,382,1,"(85.89, 134.0)"
1769539748.525,382,1,"(-49.18, 132.0)"
1769539748.535,382,1,"(-37.36, 134.0)"
1769539748.545,382,1,"(-116.43, 132.0)"
1769539748.556,382,1,"(-13.51, 132.0)"
1769539748.567,382,1,"(-114.13, 132.0)"
1769539748.578,382,1,"(-10.52, 132.0)"
1769539748.589,382,1,"(100.06, 132.0)"
1769539748.599,382,1,"(-9.98, 132.0)"
1769539748.611,382,1,"(99.35, 132.0)"
1769539748.621,382,1,"(100.62, 132.0)"
1769539748.631,382,1,"(79.01, 132.0)"
1769539748.643,382,1,"(-66.3, 132.0)"
1769539748.653,382,1,"(81.53, 132.0)"
1769539748.664,382,1,"(-61.71, 132.0)"
1769539748.675,382,1,"(-98.6, 132.0)"
1769539748.685,382,1,"(-62.01, 132.0)"
1769539748.695,382,1,"(-95.96, 132.0)"
1769539748.706,382,1,"(-66.43, 132.0)"
1769539748.717,382,1,"(-8.32, 132.0)"
1769539748.727,382,1,"(-114.49, 134.0)"
1769539748.737,382,1,"(-5.47, 134.0)"
1769539748.748,382,1,"(-115.84, 136.0)"
1769539748.758,382,1,"(-5.15, 134.0)"
1769539748.769,382,1,"(-13.77, 134.0)"
1769539748.779,382,1,"(-6.94, 136.0)"
1769539748.790,382,1,"(104.06, 136.0)"
1769539748.800,382,1,"(97.35, 136.0)"
1769539748.810,382,1,"(76.03, 136.0)"
1769539748.820,382,1,"(101.63, 136.0)"
1769539748.832,382,1,"(73.74, 136.0)"
1769539748.843,382,1,"(-75.03, 136.0)"
1769539748.853,382,1,"(66.85, 136.0)"
1769539748.863,382,1,"(54.65, 136.0)"
1769539748.873,382,1,"(-58.68, 136.0)"
1769539748.884,382,1,"(-78.53, 136.0)"
1769539748.895,382,1,"(-62.34, 136.0)"
1769539748.905,382,1,"(-110.36, 136.0)"
1769539748.916,382,1,"(-64.93, 136.0)"
1769539748.926,382,1,"(-113.83, 136.0)"
1769539748.937,382,1,"(7.58, 136.0)"
1769539748.947,382,1,"(-114.35, 138.0)"
1769539748.957,382,1,"(-2.15, 136.0)"
1769539748.968,382,1,"(-10.93, 136.0)"
1769539748.978,382,1,"(101.31, 136.0)"
1769539748.989,382,1,"(-7.71, 136.0)"
1769539748.999,382,1,"(-3.3, 136.0)"
1769539749.010,382,1,"(-5.14, 136.0)"
1769539749.021,382,1,"(106.27, 136.0)"
1769539749.030,382,1,"(4.47, 136.0)"
1769539749.041,382,1,"(48.2, 136.0)"
1769539749.051,382,1,"(110.63, 136.0)"
1769539749.062,382,1,"(44.27, 136.0)"
1769539749.073,382,1,"(-72.11, 138.0)"
1769539749.084,382,1,"(41.04, 136.0)"
1769539749.095,382,1,"(-72.31, 138.0)"
1769539749.105,382,1,"(-111.97, 138.0)"
1769539749.115,382,1,"(-67.61, 140.0)"
1769539749.126,382,1,"(8.66, 138.0)"
1769539749.137,382,1,"(-91.96, 140.0)"
1769539749.147,382,1,"(10.85, 138.0)"
1769539749.157,382,1,"(-95.98, 140.0)"
1769539749.168,382,1,"(7.5, 140.0)"
1769539749.180,382,1,"(109.46, 140.0)"
1769539749.190,382,1,"(7.07, 140.0)"
1769539749.201,382,1,"(55.06, 140.0)"
1769539749.211,382,1,"(65.69, 140.0)"
1769539749.221,382,1,"(49.44, 140.0)"
1769539749.231,382,1,"(112.35, 140.0)"
1769539749.242,382,1,"(47.73, 140.0)"
1769539749.253,382,1,"(-68.64, 142.0)"
1769539749.263,382,1,"(50.12, 140.0)"
1769539749.273,382,1,"(-70.44, 142.0)"
1769539749.284,382,1,"(-96.5, 142.0)"
1769539749.294,382,1,"(-95.27, 142.0)"
1769539749.305,382,1,"(-92.85, 144.0)"
1769539749.316,382,1,"(-94.56, 144.0)"
1769539749.326,382,1,"(14.24, 144.0)"
1769539749.337,382,1,"(-94.83, 144.0)"
1769539749.347,382,1,"(15.02, 144.0)"
1769539749.358,382,1,"(-94.81, 144.0)"
1769539749.369,382,1,"(15.76, 144.0)"
1769539749.380,382,1,"(45.12, 144.0)"
1769539749.390,382,1,"(118.65, 144.0)"
1769539749.402,382,1,"(43.74, 144.0)"
1769539749.413,382,1,"(-76.91, 146.0)"
1769539749.424,382,1,"(41.96, 144.0)"
1769539749.434,382,1,"(59.13, 146.0)"
1769539749.444,382,1,"(42.52, 146.0)"
1769539749.454,382,1,"(-76.97, 146.0)"
1769539749.465,382,1,"(20.04, 146.0)"
1769539749.475,382,1,"(-95.18, 148.0)"
1769539749.485,382,1,"(-97.23, 148.0)"
1769539749.496,382,1,"(-95.66, 148.0)"
1769539749.506,382,1,"(14.97, 148.0)"
1769539749.517,382,1,"(-97.45, 148.0)"
1769539749.527,382,1,"(14.2, 148.0)"
1769539749.538,382,1,"(26.21, 148.0)"
1769539749.550,382,1,"(120.65, 148.0)"
1769539749.560,382,1,"(38.74, 148.0)"
1769539749.571,382,1,"(120.12, 150.0)"
1769539749.581,382,1,"(32.73, 148.0)"
1769539749.591,382,1,"(126.48, 150.0)"
1769539749.602,382,1,"(37.14, 150.0)"
1769539749.612,382,1,"(122.43, 150.0)"
1769539749.623,382,1,"(-111.68, 152.0)"
1769539749.633,382,1,"(-92.47, 152.0)"
1769539749.645,382,1,"(-111.67, 152.0)"
1769539749.655,382,1,"(-95.53, 152.0)"
1769539749.665,382,1,"(-103.86, 152.0)"
1769539749.676,382,1,"(-94.03, 152.0)"
1769539749.687,382,1,"(27.47, 152.0)"
1769539749.698,382,1,"(37.59, 154.0)"
1769539749.708,382,1,"(127.31, 154.0)"
1769539749.719,382,1,"(35.19, 154.0)"
1769539749.730,382,1,"(125.41, 156.0)"
1769539749.741,382,1,"(35.12, 154.0)"
1769539749.751,382,1,"(126.75, 156.0)"
1769539749.761,382,1,"(37.78, 154.0)"
1769539749.772,382,1,"(122.92, 156.0)"
1769539749.783,382,1,"(33.24, 156.0)"
1769539749.793,382,1,"(-90.77, 158.0)"
1769539749.803,382,1,"(-112.76, 158.0)"
1769539749.814,382,1,"(-94.57, 158.0)"
1769539749.825,382,1,"(-113.8, 158.0)"
1769539749.835,382,1,"(-96.36, 158.0)"
1769539749.846,382,1,"(31.38, 158.0)"
1769539749.856,382,1,"(-93.86, 158.0)"
1769539749.867,382,1,"(31.25, 158.0)"
1769539749.878,382,1,"(40.53, 158.0)"
1769539749.888,382,1,"(127.54, 160.0)"
1769539749.898,382,1,"(47.43, 160.0)"
1769539749.909,382,1,"(130.45, 160.0)"
1769539749.919,382,1,"(44.51, 160.0)"
1769539749.930,382,1,"(126.45, 160.0)"
1769539749.940,382,1,"(23.34, 158.0)"
1769539749.951,382,1,"(126.96, 160.0)"
1769539749.962,382,1,"(-122.39, 160.0)"
1769539749.973,382,1,"(42.5, 160.0)"
1769539749.983,382,1,"(-112.49, 160.0)"
1769539749.993,382,1,"(-92.29, 160.0)"
1769539750.004,382,1,"(-110.54, 160.0)"
1769539750.014,382,1,"(-88.89, 160.0)"
1769539750.025,382,1,"(-109.38, 160.0)"
1769539750.035,382,1,"(40.89, 160.0)"
1769539750.048,382,1,"(-108.58, 160.0)"
1769539750.058,382,1,"(46.04, 162.0)"
1769539750.068,382,1,"(130.52, 162.0)"
1769539750.080,382,1,"(47.94, 162.0)"
1769539750.089,382,1,"(128.88, 162.0)"
1769539750.099,382,1,"(55.36, 162.0)"
1769539750.110,382,1,"(133.04, 162.0)"
1769539750.121,382,1,"(22.64, 160.0)"
1769539750.132,382,1,"(38.62, 162.0)"
1769539750.141,382,1,"(21.67, 162.0)"
1769539750.153,382,1,"(34.63, 162.0)"
1769539750.163,382,1,"(-122.82, 162.0)"
1769539750.173,382,1,"(41.1, 162.0)"
1769539750.184,382,1,"(25.98, 162.0)"
1769539750.195,382,1,"(-93.91, 162.0)"
1769539750.205,382,1,"(-112.71, 162.0)"
1769539750.215,382,1,"(-91.08, 164.0)"
1769539750.226,382,1,"(-110.6, 162.0)"
1769539750.237,382,1,"(41.25, 162.0)"
1769539750.248,382,1,"(128.43, 162.0)"
1769539750.259,382,1,"(45.29, 162.0)"
1769539750.269,382,1,"(129.47, 164.0)"
1769539750.279,382,1,"(45.4, 162.0)"
1769539750.290,382,1,"(43.77, 162.0)"
1769539750.302,382,1,"(124.05, 164.0)"
1769539750.312,382,1,"(43.2, 162.0)"
1769539750.322,382,1,"(-116.72, 164.0)"
1769539750.333,382,1,"(41.14, 162.0)"
1769539750.343,382,1,"(-117.99, 164.0)"
1769539750.354,382,1,"(-97.5, 164.0)"
1769539750.364,382,1,"(-117.07, 164.0)"
1769539750.375,382,1,"(46.79, 164.0)"
1769539750.385,382,1,"(-107.26, 162.0)"
1769539750.396,382,1,"(43.54, 162.0)"
1769539750.406,382,1,"(-103.36, 162.0)"
1769539750.416,382,1,"(50.65, 162.0)"
1769539750.427,382,1,"(-106.69, 162.0)"
1769539750.437,382,1,"(-99.89, 162.0)"
1769539750.448,382,1,"(45.47, 162.0)"
1769539750.458,382,1,"(124.54, 162.0)"
1769539750.469,382,1,"(44.76, 162.0)"
1769539750.478,382,1,"(123.85, 162.0)"
1769539750.488,382,1,"(48.08, 162.0)"
1769539750.500,382,1,"(127.62, 162.0)"
1769539750.510,382,1,"(39.48, 162.0)"
1769539750.522,382,1,"(-120.2, 164.0)"
1769539750.533,382,1,"(36.84, 162.0)"
1769539750.543,382,1,"(-106.0, 162.0)"
1769539750.553,382,1,"(-97.64, 164.0)"
1769539750.564,382,1,"(-105.24, 162.0)"
1769539750.574,382,1,"(-95.57, 164.0)"
1769539750.585,382,1,"(-106.34, 162.0)"
1769539750.596,382,1,"(48.28, 164.0)"
1769539750.607,382,1,"(-106.02, 162.0)"
1769539750.618,382,1,"(124.24, 164.0)"
1769539750.628,382,1,"(36.46, 162.0)"
1769539750.639,382,1,"(124.97, 164.0)"
1769539750.651,382,1,"(130.97, 164.0)"
1769539750.660,382,1,"(124.18, 164.0)"
1769539750.671,382,1,"(38.41, 162.0)"
1769539750.682,382,1,"(-117.28, 164.0)"
1769539750.693,382,1,"(38.25, 162.0)"
1769539750.703,382,1,"(-119.8, 164.0)"
1769539750.713,382,1,"(-104.86, 164.0)"
1769539750.723,382,1,"(-127.76, 164.0)"
1769539750.734,382,1,"(-111.68, 164.0)"
1769539750.745,382,1,"(-99.15, 164.0)"
1769539750.755,382,1,"(-82.4, 164.0)"
1769539750.766,382,1,"(-97.33, 164.0)"
1769539750.777,382,1,"(74.34, 164.0)"
1769539750.789,382,1,"(25.28, 164.0)"
1769539750.800,382,1,"(129.01, 166.0)"
1769539750.810,382,1,"(30.46, 164.0)"
1769539750.821,382,1,"(125.79, 166.0)"
1769539750.831,382,1,"(38.22, 164.0)"
1769539750.843,382,1,"(-116.95, 166.0)"
1769539750.854,382,1,"(-91.31, 166.0)"
1769539750.867,382,1,"(-115.47, 166.0)"
1769539750.878,382,1,"(51.73, 166.0)"
1769539750.888,382,1,"(129.13, 166.0)"
1769539750.899,382,1,"(123.64, 166.0)"
1769539750.910,382,1,"(131.98, 166.0)"
1769539750.921,382,1,"(11.05, 164.0)"
1769539750.933,382,1,"(-107.42, 166.0)"
1769539750.943,382,1,"(8.65, 164.0)"
1769539750.954,382,1,"(-108.09, 166.0)"
1769539750.964,382,1,"(-128.3, 166.0)"
1769539750.975,382,1,"(-83.5, 166.0)"
1769539750.984,382,1,"(-126.62, 166.0)"
1769539750.995,382,1,"(-83.67, 164.0)"
1769539751.005,382,1,"(-100.1, 164.0)"
1769539751.015,382,1,"(-86.99, 164.0)"
1769539751.026,382,1,"(56.37, 166.0)"
1769539751.037,382,1,"(62.68, 166.0)"
1769539751.047,382,1,"(58.19, 164.0)"
1769539751.058,382,1,"(62.9, 164.0)"
1769539751.068,382,1,"(130.46, 164.0)"
1769539751.079,382,1,"(127.62, 164.0)"
1769539751.090,382,1,"(136.56, 166.0)"
1769539751.100,382,1,"(4.99, 164.0)"
1769539751.111,382,1,"(136.14, 166.0)"
1769539751.121,382,1,"(-134.12, 166.0)"
1769539751.132,382,1,"(22.64, 166.0)"
1769539751.143,382,1,"(-136.07, 166.0)"
1769539751.154,382,1,"(-84.66, 166.0)"
1769539751.164,382,1,"(-132.97, 168.0)"
1769539751.175,382,1,"(-82.25, 166.0)"
1769539751.185,382,1,"(-132.22, 168.0)"
1769539751.196,382,1,"(-82.86, 166.0)"
1769539751.207,382,1,"(133.73, 168.0)"
1769539751.217,382,1,"(68.81, 168.0)"
1769539751.227,382,1,"(135.26, 168.0)"
1769539751.239,382,1,"(9.69, 166.0)"
1769539756.845,382,2,"(90.94, 126.0)"
1769539756.855,382,2,"(65.4, 126.0)"
1769539756.866,382,2,"(92.18, 126.0)"
1769539756.878,382,2,"(-54.09, 126.0)"
1769539756.888,382,2,"(-86.38, 128.0)"
1769539756.898,382,2,"(-62.3, 126.0)"
1769539756.908,382,2,"(-89.65, 126.0)"
1769539756.918,382,2,"(-55.23, 126.0)"
1769539756.929,382,2,"(66.82, 126.0)"
1769539756.940,382,2,"(-67.37, 126.0)"
1769539756.950,382,2,"(-92.12, 126.0)"
1769539756.963,382,2,"(92.2, 126.0)"
1769539756.973,382,2,"(62.57, 126.0)"
1769539756.984,382,2,"(92.61, 126.0)"
1769539756.996,382,2,"(62.31, 126.0)"
1769539757.007,382,2,"(-41.4, 126.0)"
1769539757.017,382,2,"(67.07, 126.0)"
1769539757.028,382,2,"(-35.87, 128.0)"
1769539757.038,382,2,"(-19.12, 126.0)"
1769539757.049,382,2,"(-90.35, 128.0)"
1769539757.061,382,2,"(-17.81, 126.0)"
1769539757.072,382,2,"(90.95, 126.0)"
1769539757.083,382,2,"(94.34, 128.0)"
1769539757.094,382,2,"(90.27, 128.0)"
1769539757.106,382,2,"(76.82, 128.0)"
1769539757.116,382,2,"(63.44, 126.0)"
1769539757.126,382,2,"(-38.42, 128.0)"
1769539757.137,382,2,"(-58.87, 126.0)"
1769539757.147,382,2,"(-38.98, 128.0)"
1769539757.158,382,2,"(-108.54, 128.0)"
1769539757.168,382,2,"(-42.64, 128.0)"
1769539757.179,382,2,"(-64.98, 128.0)"
1769539757.190,382,2,"(-40.39, 128.0)"
1769539757.200,382,2,"(-108.34, 128.0)"
1769539757.210,382,2,"(-89.99, 128.0)"
1769539757.221,382,2,"(-18.6, 128.0)"
1769539757.231,382,2,"(91.67, 128.0)"
1769539757.242,382,2,"(-18.54, 128.0)"
1769539757.252,382,2,"(92.98, 128.0)"
1769539757.264,382,2,"(-18.6, 128.0)"
1769539757.275,382,2,"(90.8, 128.0)"
1769539757.285,382,2,"(74.88, 128.0)"
1769539757.296,382,2,"(62.57, 126.0)"
1769539757.306,382,2,"(-38.26, 128.0)"
1769539757.317,382,2,"(67.5, 128.0)"
1769539757.327,382,2,"(-36.57, 128.0)"
1769539757.338,382,2,"(-111.51, 128.0)"
1769539757.348,382,2,"(-38.42, 128.0)"
1769539757.359,382,2,"(-109.04, 128.0)"
1769539757.369,382,2,"(-44.95, 128.0)"
1769539757.380,382,2,"(-12.24, 128.0)"
1769539757.391,382,2,"(93.71, 128.0)"
1769539757.401,382,2,"(-11.94, 128.0)"
1769539757.412,382,2,"(94.28, 128.0)"
1769539757.423,382,2,"(-16.53, 128.0)"
1769539757.433,382,2,"(93.94, 128.0)"
1769539757.445,382,2,"(76.05, 128.0)"
1769539757.455,382,2,"(62.77, 128.0)"
1769539757.466,382,2,"(-41.33, 128.0)"
1769539757.476,382,2,"(63.1, 128.0)"
1769539757.486,382,2,"(-38.97, 130.0)"
1769539757.497,382,2,"(65.2, 128.0)"
1769539757.507,382,2,"(-38.62, 130.0)"
1769539757.517,382,2,"(66.67, 128.0)"
1769539757.528,382,2,"(-39.31, 130.0)"
1769539757.539,382,2,"(-18.42, 128.0)"
1769539757.549,382,2,"(-91.47, 130.0)"
1769539757.560,382,2,"(-15.53, 128.0)"
1769539757.571,382,2,"(94.56, 130.0)"
1769539757.581,382,2,"(-14.43, 128.0)"
1769539757.593,382,2,"(94.51, 128.0)"
1769539757.603,382,2,"(-18.5, 128.0)"
1769539757.613,382,2,"(91.26, 130.0)"
1769539757.623,382,2,"(88.44, 130.0)"
1769539757.634,382,2,"(64.27, 128.0)"
1769539757.644,382,2,"(92.77, 130.0)"
1769539757.655,382,2,"(61.53, 128.0)"
1769539757.665,382,2,"(-44.96, 130.0)"
1769539757.676,382,2,"(59.11, 128.0)"
1769539757.687,382,2,"(-44.69, 130.0)"
1769539757.698,382,2,"(-64.0, 130.0)"
1769539757.708,382,2,"(-90.12, 130.0)"
1769539757.718,382,2,"(-11.36, 128.0)"
1769539757.729,382,2,"(-91.79, 130.0)"
1769539757.739,382,2,"(-15.04, 128.0)"
1769539757.750,382,2,"(-93.12, 130.0)"
1769539757.760,382,2,"(-14.21, 128.0)"
1769539757.771,382,2,"(-85.69, 130.0)"
1769539757.781,382,2,"(-10.04, 128.0)"
1769539757.791,382,2,"(-4.84, 128.0)"
1769539757.801,382,2,"(97.82, 128.0)"
1769539757.811,382,2,"(-13.64, 128.0)"
1769539757.821,382,2,"(93.73, 130.0)"
1769539757.833,382,2,"(-10.94, 128.0)"
1769539757.843,382,2,"(94.24, 130.0)"
1769539757.854,382,2,"(63.18, 128.0)"
1769539757.864,382,2,"(97.11, 130.0)"
1769539757.875,382,2,"(-62.66, 128.0)"
1769539757.885,382,2,"(75.01, 130.0)"
1769539757.898,382,2,"(-63.01, 130.0)"
1769539757.908,382,2,"(-89.96, 130.0)"
1769539757.918,382,2,"(-63.91, 130.0)"
1769539757.931,382,2,"(-96.03, 130.0)"
1769539757.941,382,2,"(-19.51, 128.0)"
1769539757.951,382,2,"(-6.62, 130.0)"
1769539757.965,382,2,"(95.84, 130.0)"
1769539757.974,382,2,"(61.79, 128.0)"
1769539757.985,382,2,"(-42.97, 130.0)"
1769539757.998,382,2,"(59.64, 128.0)"
1769539758.008,382,2,"(-46.18, 130.0)"
1769539758.020,382,2,"(-109.35, 130.0)"
1769539758.030,382,2,"(98.66, 130.0)"
1769539758.040,382,2,"(-10.73, 130.0)"
1769539758.051,382,2,"(95.1, 130.0)"
1769539758.062,382,2,"(-15.71, 130.0)"
1769539758.073,382,2,"(95.0, 130.0)"
1769539758.083,382,2,"(70.16, 130.0)"
1769539758.095,382,2,"(56.14, 128.0)"
1769539758.105,382,2,"(70.07, 128.0)"
1769539758.116,382,2,"(56.76, 128.0)"
1769539758.127,382,2,"(-48.04, 128.0)"
1769539758.137,382,2,"(-110.38, 128.0)"
1769539758.149,382,2,"(-46.1, 128.0)"
1769539758.159,382,2,"(-110.13, 128.0)"
1769539758.171,382,2,"(-2.36, 128.0)"
1769539758.181,382,2,"(98.11, 128.0)"
1769539758.193,382,2,"(-5.17, 128.0)"
1769539758.203,382,2,"(71.76, 128.0)"
1769539758.214,382,2,"(96.56, 128.0)"
1769539758.225,382,2,"(75.65, 128.0)"
1769539758.235,382,2,"(-64.61, 128.0)"
1769539758.246,382,2,"(71.89, 128.0)"
1769539758.257,382,2,"(-67.79, 128.0)"
1769539758.267,382,2,"(-89.65, 130.0)"
1769539758.278,382,2,"(-69.82, 128.0)"
1769539758.289,382,2,"(2.32, 128.0)"
1769539758.301,382,2,"(-107.03, 128.0)"
1769539758.311,382,2,"(5.37, 128.0)"
1769539758.321,382,2,"(100.45, 128.0)"
1769539758.332,382,2,"(-2.77, 128.0)"
1769539758.342,382,2,"(95.22, 128.0)"
1769539758.354,382,2,"(57.12, 128.0)"
1769539758.364,382,2,"(97.63, 128.0)"
1769539758.374,382,2,"(-71.82, 128.0)"
1769539758.385,382,2,"(68.51, 128.0)"
1769539758.395,382,2,"(-71.06, 128.0)"
1769539758.406,382,2,"(-48.56, 128.0)"
1769539758.417,382,2,"(-68.55, 128.0)"
1769539758.427,382,2,"(-91.35, 128.0)"
1769539758.437,382,2,"(-68.52, 128.0)"
1769539758.448,382,2,"(3.18, 128.0)"
1769539758.458,382,2,"(-70.35, 128.0)"
1769539758.469,382,2,"(1.63, 128.0)"
1769539758.480,382,2,"(-108.35, 128.0)"
1769539758.490,382,2,"(4.12, 128.0)"
1769539758.500,382,2,"(-109.69, 128.0)"
1769539758.511,382,2,"(-7.49, 128.0)"
1769539758.521,382,2,"(92.55, 128.0)"
1769539758.532,382,2,"(89.29, 128.0)"
1769539758.543,382,2,"(80.3, 128.0)"
1769539758.553,382,2,"(93.5, 128.0)"
1769539758.564,382,2,"(74.41, 128.0)"
1769539758.575,382,2,"(-69.79, 128.0)"
1769539758.586,382,2,"(68.45, 128.0)"
1769539758.596,382,2,"(-72.17, 128.0)"
1769539758.607,382,2,"(56.39, 128.0)"
1769539758.618,382,2,"(-87.84, 128.0)"
1769539758.627,382,2,"(-33.33, 128.0)"
1769539758.638,382,2,"(-3.18, 126.0)"
1769539758.648,382,2,"(14.19, 122.0)"
1769539758.658,382,2,"(-8.45, 118.0)"
1769539758.669,382,2,"(-5.22, 112.0)"
1769539758.680,382,2,"(6.78, 108.0)"
1769539758.690,382,2,"(-4.73, 102.0)"
1769539758.701,382,2,"(-0.58, 98.0)"
1769539758.711,382,2,"(3.17, 92.0)"
1769539758.722,382,2,"(6.73, 88.0)"
1769539758.734,382,2,"(-0.54, 82.0)"
1769539758.745,382,2,"(-1.8, 76.0)"
1769539758.755,382,2,"(-3.85, 70.0)"
1769539758.767,382,2,"(2.97, 66.0)"
1769539758.777,382,2,"(0.66, 62.0)"
1769539758.787,382,2,"(1.57, 54.0)"
1769539758.798,382,2,"(1.01, 50.0)"
1769539758.808,382,2,"(2.1, 44.0)"
1769539758.819,382,2,"(-2.49, 40.0)"
1769539758.830,382,2,"(2.47, 34.0)"
1769539758.840,382,2,"(-0.98, 30.0)"
1769539758.850,382,2,"(1.77, 24.0)"
1769539758.861,382,2,"(-1.17, 18.0)"
1769539758.872,382,2,"(1.91, 14.0)"
1769539758.882,382,2,"(1.8, 10.0)"
1769539758.893,382,2,"(2.57, 6.0)"
1769539758.904,382,2,"(1.73, 4.0)"
1769539758.914,382,2,"(2.13, 4.0)"
1769539758.925,382,2,"(0.09, 2.0)"
1769539758.935,382,2,"(-2.67, 2.0)"
1769539758.945,382,2,"(-1.13, 2.0)"
1769539758.956,382,2,"(-0.39, 2.0)"
1769539758.967,382,2,"(-0.68, 2.0)"
1769539758.977,382,2,"(-2.09, 2.0)"
1769539758.988,382,2,"(0.06, 2.0)"
1769539758.999,382,2,"(-1.55, 2.0)"
1769539759.008,382,2,"(0.34, 2.0)"
1769539759.019,382,2,"(-0.36, 2.0)"
1769539759.031,382,2,"(1.79, 2.0)"
1769539759.041,382,2,"(1.81, 2.0)"
1769539759.051,382,2,"(1.35, 2.0)"
1769539759.065,382,2,"(1.21, 0.0)"
1769539759.074,382,2,"(-0.86, 0.0)"
1769539759.085,382,2,"(-0.69, 0.0)"
1769539759.095,382,2,"(-3.06, 0.0)"
1769539759.106,382,2,"(0.3, 0.0)"
1769539759.117,382,2,"(-3.84, 0.0)"
1769539759.127,382,2,"(-1.94, 0.0)"
1769539759.138,382,2,"(2.59, 0.0)"
1769539759.148,382,2,"(0.66, 0.0)"
1769539759.158,382,2,"(-1.78, 0.0)"
1769539759.169,382,2,"(-0.8, 0.0)"
1769539759.180,382,2,"(0.14, 0.0)"
1769539759.189,382,2,"(0.94, 0.0)"
1769539759.200,382,2,"(-0.3, 0.0)"
1769539759.210,382,2,"(0.76, 0.0)"
1769539759.221,382,2,"(3.05, 0.0)"
1769539759.231,382,2,"(3.1, 0.0)"
1769539759.241,382,2,"(1.69, 0.0)"
1769539759.251,382,2,"(1.82, 0.0)"
1769539759.261,382,2,"(2.23, 0.0)"
1769539759.271,382,2,"(2.72, 0.0)"
1769539759.283,382,2,"(0.02, 0.0)"
1769539759.293,382,2,"(0.09, 0.0)"
1769539759.303,382,2,"(-2.82, 2.0)"
1769539759.314,382,2,"(0.99, 2.0)"
1769539759.324,382,2,"(-2.39, 2.0)"
1769539759.336,382,2,"(1.24, 2.0)"
1769539759.346,382,2,"(-1.35, 2.0)"
1769539759.356,382,2,"(-3.52, 2.0)"
1769539759.367,382,2,"(-4.01, 2.0)"
1769539759.377,382,2,"(-4.58, 2.0)"
1769539759.389,382,2,"(-1.35, 2.0)"
1769539759.399,382,2,"(2.74, 2.0)"
1769539759.410,382,2,"(2.38, 2.0)"
1769539759.421,382,2,"(-0.83, 2.0)"
1769539759.431,382,2,"(-0.31, 2.0)"
1769539759.441,382,2,"(1.16, 2.0)"
1769539759.453,382,2,"(-0.5, 2.0)"
1769539759.464,382,2,"(-2.3, 2.0)"
1769539759.475,382,2,"(2.73, 2.0)"
1769539759.485,382,2,"(0.25, 2.0)"
1769539759.496,382,2,"(-1.18, 2.0)"
1769539759.506,382,2,"(-1.63, 2.0)"
1769539759.517,382,2,"(0.09, 2.0)"
1769539759.527,382,2,"(-2.48, 2.0)"
1769539759.539,382,2,"(0.92, 2.0)"
1769539759.550,382,2,"(1.64, 2.0)"
1769539759.561,382,2,"(0.11, 2.0)"
1769539759.571,382,2,"(1.05, 2.0)"
1769539759.582,382,2,"(0.43, 2.0)"
1769539759.592,382,2,"(2.19, 2.0)"
1769539759.602,382,2,"(3.86, 2.0)"
1769539759.613,382,2,"(0.88, 2.0)"
1769539759.624,382,2,"(-2.28, 2.0)"
1769539759.635,382,2,"(1.54, 2.0)"
1769539759.646,382,2,"(0.48, 2.0)"
1769539759.656,382,2,"(-0.94, 2.0)"
1769539759.667,382,2,"(-0.89, 2.0)"
1769539759.677,382,2,"(1.05, 2.0)"
1769539759.688,382,2,"(-1.99, 2.0)"
1769539759.698,382,2,"(4.51, 2.0)"
1769539759.709,382,2,"(3.14, 2.0)"
1769539759.719,382,2,"(2.84, 2.0)"
1769539759.730,382,2,"(3.73, 2.0)"
1769539759.741,382,2,"(0.41, 2.0)"
1769539759.754,382,2,"(2.39, 2.0)"
1769539759.764,382,2,"(0.41, 2.0)"
1769539759.774,382,2,"(-2.69, 2.0)"
1769539759.785,382,2,"(-3.1, 2.0)"
1769539759.796,382,2,"(-3.52, 2.0)"
1769539759.807,382,2,"(0.52, 2.0)"
1769539759.818,382,2,"(-1.4, 2.0)"
1769539759.828,382,2,"(1.97, 2.0)"
1769539759.838,382,2,"(-2.95, 2.0)"
1769539759.850,382,2,"(-0.14, 2.0)"
1769539764.883,382,3,"(1.55, 2.0)"
1769539764.893,382,3,"(-0.58, 2.0)"
1769539764.903,382,3,"(-0.65, 2.0)"
1769539764.914,382,3,"(-4.34, 2.0)"
1769539764.925,382,3,"(-2.21, 2.0)"
1769539764.935,382,3,"(0.72, 2.0)"
1769539764.946,382,3,"(2.79, 2.0)"
1769539764.956,382,3,"(2.75, 2.0)"
1769539764.967,382,3,"(1.25, 2.0)"
1769539764.977,382,3,"(0.57, 2.0)"
1769539764.988,382,3,"(0.51, 2.0)"
1769539764.999,382,3,"(0.18, 2.0)"
1769539765.009,382,3,"(3.33, 2.0)"
1769539765.019,382,3,"(2.81, 2.0)"
1769539765.030,382,3,"(-2.21, 2.0)"
1769539765.041,382,3,"(0.01, 2.0)"
1769539765.051,382,3,"(-2.46, 2.0)"
1769539765.062,382,3,"(0.83, 2.0)"
1769539765.071,382,3,"(-2.37, 2.0)"
1769539765.082,382,3,"(-1.72, 2.0)"
1769539765.093,382,3,"(-0.34, 2.0)"
1769539765.104,382,3,"(1.34, 2.0)"
1769539765.114,382,3,"(-0.59, 2.0)"
1769539765.124,382,3,"(2.16, 2.0)"
1769539765.135,382,3,"(0.4, 2.0)"
1769539765.146,382,3,"(-1.36, 2.0)"
1769539765.156,382,3,"(0.25, 2.0)"
1769539765.167,382,3,"(4.43, 2.0)"
1769539765.178,382,3,"(4.44, 2.0)"
1769539765.189,382,3,"(3.88, 2.0)"
1769539765.199,382,3,"(1.15, 2.0)"
1769539765.210,382,3,"(-0.46, 2.0)"
1769539765.221,382,3,"(-4.04, 2.0)"
1769539765.232,382,3,"(-5.74, 2.0)"
1769539765.242,382,3,"(-3.12, 2.0)"
1769539765.253,382,3,"(-0.23, 2.0)"
1769539765.264,382,3,"(2.77, 2.0)"
1769539765.275,382,3,"(2.68, 2.0)"
1769539765.285,382,3,"(2.89, 2.0)"
1769539765.296,382,3,"(1.12, 2.0)"
1769539765.307,382,3,"(1.9, 2.0)"
1769539765.318,382,3,"(3.1, 2.0)"
1769539765.328,382,3,"(2.15, 2.0)"
1769539765.338,382,3,"(0.73, 2.0)"
1769539765.349,382,3,"(1.5, 2.0)"
1769539765.359,382,3,"(2.79, 2.0)"
1769539765.369,382,3,"(3.47, 2.0)"
1769539765.380,382,3,"(-3.25, 2.0)"
1769539765.391,382,3,"(-5.1, 2.0)"
1769539765.403,382,3,"(-4.36, 2.0)"
1769539765.414,382,3,"(-3.17, 2.0)"
1769539765.425,382,3,"(0.22, 2.0)"
1769539765.435,382,3,"(4.23, 2.0)"
1769539765.445,382,3,"(1.97, 2.0)"
1769539765.455,382,3,"(-1.33, 2.0)"
1769539765.465,382,3,"(-1.89, 2.0)"
1769539765.476,382,3,"(-0.7, 2.0)"
1769539765.487,382,3,"(3.0, 2.0)"
1769539765.498,382,3,"(3.51, 2.0)"
1769539765.508,382,3,"(0.15, 2.0)"
1769539765.518,382,3,"(3.01, 2.0)"
1769539765.529,382,3,"(-1.52, 2.0)"
1769539765.540,382,3,"(-3.09, 2.0)"
1769539765.550,382,3,"(-2.97, 2.0)"
1769539765.561,382,3,"(-0.73, 2.0)"
1769539765.572,382,3,"(-2.28, 2.0)"
1769539765.582,382,3,"(-0.09, 2.0)"
1769539765.593,382,3,"(-2.49, 2.0)"
1769539765.603,382,3,"(1.77, 2.0)"
1769539765.613,382,3,"(-2.41, 2.0)"
1769539765.624,382,3,"(1.81, 2.0)"
1769539765.635,382,3,"(-3.72, 2.0)"
1769539765.646,382,3,"(-0.19, 2.0)"
1769539765.657,382,3,"(3.29, 2.0)"
1769539765.667,382,3,"(-0.87, 2.0)"
1769539765.677,382,3,"(-0.35, 2.0)"
1769539765.689,382,3,"(-2.54, 2.0)"
1769539765.699,382,3,"(-2.06, 2.0)"
1769539765.710,382,3,"(-0.78, 2.0)"
1769539765.721,382,3,"(-1.12, 2.0)"
1769539765.731,382,3,"(-2.23, 2.0)"
1769539765.743,382,3,"(-0.71, 2.0)"
1769539765.753,382,3,"(-1.86, 2.0)"
1769539765.763,382,3,"(-0.38, 2.0)"
1769539765.774,382,3,"(-1.57, 2.0)"
1769539765.784,382,3,"(2.3, 2.0)"
1769539765.795,382,3,"(2.02, 2.0)"
1769539765.805,382,3,"(2.04, 2.0)"
1769539765.815,382,3,"(0.4, 2.0)"
1769539765.825,382,3,"(0.79, 2.0)"
1769539765.836,382,3,"(0.59, 2.0)"
1769539765.847,382,3,"(2.66, 2.0)"
1769539765.858,382,3,"(0.67, 2.0)"
1769539765.869,382,3,"(-1.66, 2.0)"
1769539765.880,382,3,"(-0.76, 2.0)"
1769539765.891,382,3,"(-3.37, 2.0)"
1769539765.901,382,3,"(-1.96, 0.0)"
1769539765.912,382,3,"(-0.91, 0.0)"
1769539765.922,382,3,"(1.11, 0.0)"
1769539765.933,382,3,"(-1.44, 0.0)"
1769539765.946,382,3,"(2.14, 0.0)"
1769539765.956,382,3,"(2.88, 0.0)"
1769539765.967,382,3,"(2.83, 0.0)"
1769539765.978,382,3,"(1.47, 0.0)"
1769539765.989,382,3,"(-1.85, 0.0)"
1769539765.999,382,3,"(1.55, 0.0)"
1769539766.011,382,3,"(-0.41, 0.0)"
1769539766.021,382,3,"(1.2, 0.0)"
1769539766.034,382,3,"(4.79, 2.0)"
1769539766.045,382,3,"(-3.75, 2.0)"
1769539766.055,382,3,"(0.12, 2.0)"
1769539766.065,382,3,"(2.56, 2.0)"
1769539766.076,382,3,"(4.75, 2.0)"
1769539766.087,382,3,"(2.71, 2.0)"
1769539766.098,382,3,"(0.19, 2.0)"
1769539766.109,382,3,"(-2.04, 2.0)"
1769539766.119,382,3,"(-0.64, 2.0)"
1769539766.129,382,3,"(-1.52, 2.0)"
1769539766.139,382,3,"(-1.16, 2.0)"
1769539766.149,382,3,"(-0.58, 2.0)"
1769539766.160,382,3,"(0.24, 2.0)"
1769539766.171,382,3,"(-0.42, 2.0)"
1769539766.181,382,3,"(-1.41, 2.0)"
1769539766.192,382,3,"(-1.9, 2.0)"
1769539766.203,382,3,"(-2.06, 2.0)"
1769539766.213,382,3,"(-0.79, 2.0)"
1769539766.223,382,3,"(-1.29, 2.0)"
1769539766.234,382,3,"(-1.88, 2.0)"
1769539766.244,382,3,"(-1.88, 2.0)"
1769539766.255,382,3,"(0.53, 2.0)"
1769539766.266,382,3,"(-0.49, 2.0)"
1769539766.277,382,3,"(0.62, 2.0)"
1769539766.287,382,3,"(-1.18, 2.0)"
1769539766.298,382,3,"(3.21, 2.0)"
1769539766.307,382,3,"(0.66, 2.0)"
1769539766.318,382,3,"(0.44, 2.0)"
1769539766.329,382,3,"(-2.21, 2.0)"
1769539766.339,382,3,"(1.76, 0.0)"
1769539766.349,382,3,"(3.8, 2.0)"
1769539766.360,382,3,"(-0.55, 2.0)"
1769539766.370,382,3,"(-1.86, 0.0)"
1769539766.384,382,3,"(-0.19, 0.0)"
1769539766.395,382,3,"(0.39, 0.0)"
1769539766.405,382,3,"(-1.87, 2.0)"
1769539766.416,382,3,"(0.46, 2.0)"
1769539766.426,382,3,"(4.17, 2.0)"
1769539766.436,382,3,"(-0.28, 2.0)"
1769539766.447,382,3,"(-2.24, 2.0)"
1769539766.457,382,3,"(0.54, 2.0)"
1769539766.468,382,3,"(-1.36, 2.0)"
1769539766.479,382,3,"(-2.07, 2.0)"
1769539766.489,382,3,"(-3.97, 2.0)"
1769539766.499,382,3,"(-1.39, 2.0)"
1769539766.510,382,3,"(-0.97, 2.0)"
1769539766.520,382,3,"(-2.01, 2.0)"
1769539766.530,382,3,"(-2.23, 2.0)"
1769539766.541,382,3,"(-0.87, 2.0)"
1769539766.551,382,3,"(-1.83, 2.0)"
1769539766.562,382,3,"(-1.71, 2.0)"
1769539766.572,382,3,"(-1.85, 2.0)"
1769539766.584,382,3,"(-1.91, 2.0)"
1769539766.594,382,3,"(1.81, 2.0)"
1769539766.606,382,3,"(1.41, 2.0)"
1769539766.616,382,3,"(0.45, 2.0)"
1769539766.626,382,3,"(2.57, 2.0)"
1769539766.637,382,3,"(1.87, 2.0)"
1769539766.647,382,3,"(-0.04, 2.0)"
1769539766.657,382,3,"(-0.19, 2.0)"
1769539766.668,382,3,"(0.94, 0.0)"
1769539766.679,382,3,"(1.71, 0.0)"
1769539766.689,382,3,"(0.24, 0.0)"
1769539766.702,382,3,"(-0.7, 0.0)"
1769539766.712,382,3,"(-3.88, 0.0)"
1769539766.723,382,3,"(-2.74, 0.0)"
1769539766.734,382,3,"(0.49, 0.0)"
1769539766.745,382,3,"(0.77, 0.0)"
1769539766.755,382,3,"(0.89, 0.0)"
1769539766.767,382,3,"(1.45, 0.0)"
1769539766.779,382,3,"(-3.72, 0.0)"
1769539766.789,382,3,"(-2.08, 0.0)"
1769539766.800,382,3,"(-0.28, 0.0)"
1769539766.810,382,3,"(-2.98, 0.0)"
1769539766.821,382,3,"(-5.43, 2.0)"
1769539766.831,382,3,"(-2.24, 2.0)"
1769539766.842,382,3,"(-2.23, 2.0)"
1769539766.853,382,3,"(0.68, 2.0)"
1769539766.863,382,3,"(-1.41, 2.0)"
1769539766.874,382,3,"(-0.08, 2.0)"
1769539766.885,382,3,"(0.89, 2.0)"
1769539766.896,382,3,"(3.39, 2.0)"
1769539766.906,382,3,"(3.36, 2.0)"
1769539766.917,382,3,"(4.72, 2.0)"
1769539766.928,382,3,"(4.54, 2.0)"
1769539766.939,382,3,"(-0.73, 2.0)"
1769539766.949,382,3,"(0.53, 2.0)"
1769539766.960,382,3,"(0.07, 2.0)"
1769539766.971,382,3,"(-3.11, 2.0)"
1769539766.982,382,3,"(-4.35, 2.0)"
1769539766.993,382,3,"(-2.23, 2.0)"
1769539767.004,382,3,"(-1.18, 2.0)"
1769539767.014,382,3,"(1.2, 2.0)"
1769539767.024,382,3,"(2.42, 2.0)"
1769539767.035,382,3,"(2.12, 2.0)"
1769539767.046,382,3,"(1.58, 2.0)"
1769539767.057,382,3,"(2.63, 2.0)"
1769539767.067,382,3,"(2.54, 2.0)"
1769539767.077,382,3,"(1.76, 2.0)"
1769539767.088,382,3,"(0.69, 2.0)"
1769539767.098,382,3,"(2.02, 2.0)"
1769539767.108,382,3,"(-0.59, 2.0)"
1769539767.119,382,3,"(-0.28, 2.0)"
1769539767.130,382,3,"(1.36, 2.0)"
1769539767.141,382,3,"(-2.17, 2.0)"
1769539767.152,382,3,"(-0.34, 2.0)"
1769539767.163,382,3,"(-1.92, 2.0)"
1769539767.174,382,3,"(0.81, 2.0)"
1769539767.184,382,3,"(3.7, 2.0)"
1769539767.195,382,3,"(2.17, 2.0)"
1769539767.205,382,3,"(0.87, 2.0)"
1769539767.216,382,3,"(1.61, 2.0)"
1769539767.226,382,3,"(2.54, 2.0)"
1769539767.237,382,3,"(1.4, 2.0)"
1769539767.248,382,3,"(1.38, 2.0)"
1769539767.258,382,3,"(-0.41, 2.0)"
1769539767.268,382,3,"(2.55, 2.0)"
1769539767.278,382,3,"(-0.31, 2.0)"
1769539767.289,382,3,"(-1.52, 2.0)"
1769539767.300,382,3,"(-3.51, 2.0)"
1769539767.310,382,3,"(-2.31, 2.0)"
1769539767.321,382,3,"(-2.67, 2.0)"
1769539767.331,382,3,"(-1.57, 2.0)"
1769539767.343,382,3,"(-1.6, 2.0)"
1769539767.353,382,3,"(0.86, 2.0)"
1769539767.365,382,3,"(-1.61, 2.0)"
1769539767.375,382,3,"(2.15, 2.0)"
1769539767.385,382,3,"(3.84, 2.0)"
1769539767.395,382,3,"(1.1, 2.0)"
1769539767.406,382,3,"(1.52, 2.0)"
1769539767.416,382,3,"(2.18, 2.0)"
1769539767.426,382,3,"(0.03, 2.0)"
1769539767.437,382,3,"(5.0, 2.0)"
1769539767.447,382,3,"(-0.04, 2.0)"
1769539767.457,382,3,"(-0.74, 2.0)"
1769539767.468,382,3,"(-5.05, 2.0)"
1769539767.478,382,3,"(2.68, 2.0)"
1769539767.489,382,3,"(-0.35, 2.0)"
1769539767.499,382,3,"(0.81, 2.0)"
1769539767.511,382,3,"(1.28, 2.0)"
1769539767.521,382,3,"(-0.1, 2.0)"
1769539767.531,382,3,"(0.98, 2.0)"
1769539767.542,382,3,"(3.01, 2.0)"
1769539767.552,382,3,"(-2.3, 2.0)"
1769539767.563,382,3,"(0.17, 2.0)"
1769539767.574,382,3,"(2.29, 2.0)"
1769539767.585,382,3,"(-0.34, 2.0)"
1769539767.596,382,3,"(0.54, 2.0)"
1769539767.606,382,3,"(-1.89, 2.0)"
1769539767.617,382,3,"(1.24, 2.0)"
1769539767.627,382,3,"(-0.85, 2.0)"
1769539767.639,382,3,"(-2.94, 2.0)"
1769539767.649,382,3,"(-0.69, 2.0)"
1769539767.661,382,3,"(-2.8, 2.0)"
1769539767.671,382,3,"(-0.1, 2.0)"
1769539767.681,382,3,"(-2.6, 2.0)"
1769539767.694,382,3,"(0.93, 2.0)"
1769539767.705,382,3,"(2.8, 2.0)"
1769539767.715,382,3,"(0.16, 2.0)"
1769539767.726,382,3,"(-0.59, 2.0)"
1769539767.737,382,3,"(-2.68, 2.0)"
1769539767.748,382,3,"(2.28, 2.0)"
1769539767.759,382,3,"(0.11, 2.0)"
1769539767.769,382,3,"(1.81, 2.0)"
1769539767.780,382,3,"(-0.45, 2.0)"
1769539767.791,382,3,"(2.83, 2.0)"
1769539767.802,382,3,"(-3.66, 2.0)"
1769539767.813,382,3,"(-2.6, 2.0)"
1769539767.823,382,3,"(-0.18, 2.0)"
1769539767.833,382,3,"(1.07, 2.0)"
1769539767.845,382,3,"(1.21, 2.0)"
1769539767.855,382,3,"(0.73, 2.0)"
1769539767.865,382,3,"(1.32, 2.0)"
1769539767.876,382,3,"(0.31, 2.0)"
1769539767.886,382,3,"(2.56, 2.0)"
1769539772.817,382,4,"(0.26, 2.0)"
1769539772.828,382,4,"(-0.04, 2.0)"
1769539772.839,382,4,"(-2.77, 2.0)"
1769539772.850,382,4,"(-0.97, 2.0)"
1769539772.860,382,4,"(-0.87, 2.0)"
1769539772.871,382,4,"(3.43, 2.0)"
1769539772.881,382,4,"(-1.44, 2.0)"
1769539772.891,382,4,"(2.55, 2.0)"
1769539772.902,382,4,"(2.37, 2.0)"
1769539772.913,382,4,"(3.13, 2.0)"
1769539772.922,382,4,"(3.25, 2.0)"
1769539772.933,382,4,"(1.23, 2.0)"
1769539772.944,382,4,"(-3.53, 2.0)"
1769539772.955,382,4,"(-5.68, 2.0)"
1769539772.965,382,4,"(1.48, 2.0)"
1769539772.976,382,4,"(-0.65, 2.0)"
1769539772.987,382,4,"(-2.15, 2.0)"
1769539772.998,382,4,"(-2.91, 2.0)"
1769539773.008,382,4,"(-1.59, 2.0)"
1769539773.018,382,4,"(-3.79, 2.0)"
1769539773.029,382,4,"(-5.18, 2.0)"
1769539773.039,382,4,"(-2.36, 2.0)"
1769539773.050,382,4,"(2.55, 2.0)"
1769539773.061,382,4,"(-1.21, 2.0)"
1769539773.072,382,4,"(2.62, 2.0)"
1769539773.083,382,4,"(1.13, 2.0)"
1769539773.093,382,4,"(3.16, 2.0)"
1769539773.104,382,4,"(1.19, 2.0)"
1769539773.114,382,4,"(0.04, 2.0)"
1769539773.124,382,4,"(-1.01, 2.0)"
1769539773.135,382,4,"(1.11, 2.0)"
1769539773.145,382,4,"(0.96, 2.0)"
1769539773.156,382,4,"(-0.98, 2.0)"
1769539773.167,382,4,"(0.63, 2.0)"
1769539773.178,382,4,"(1.82, 2.0)"
1769539773.188,382,4,"(0.86, 2.0)"
1769539773.199,382,4,"(0.57, 2.0)"
1769539773.209,382,4,"(2.5, 2.0)"
1769539773.221,382,4,"(2.09, 2.0)"
1769539773.231,382,4,"(2.27, 2.0)"
1769539773.242,382,4,"(-1.76, 2.0)"
1769539773.253,382,4,"(2.14, 2.0)"
1769539773.264,382,4,"(2.92, 2.0)"
1769539773.273,382,4,"(1.63, 2.0)"
1769539773.284,382,4,"(-2.21, 2.0)"
1769539773.295,382,4,"(-1.49, 2.0)"
1769539773.305,382,4,"(-1.1, 2.0)"
1769539773.316,382,4,"(-2.19, 2.0)"
1769539773.327,382,4,"(-2.25, 2.0)"
1769539773.337,382,4,"(-3.04, 2.0)"
1769539773.349,382,4,"(-2.78, 2.0)"
1769539773.358,382,4,"(-2.97, 2.0)"
1769539773.368,382,4,"(-2.15, 2.0)"
1769539773.379,382,4,"(-1.68, 2.0)"
1769539773.389,382,4,"(-1.35, 2.0)"
1769539773.400,382,4,"(-1.17, 2.0)"
1769539773.410,382,4,"(3.27, 2.0)"
1769539773.421,382,4,"(-1.14, 2.0)"
1769539773.431,382,4,"(0.31, 2.0)"
1769539773.441,382,4,"(-0.71, 2.0)"
1769539773.452,382,4,"(1.33, 2.0)"
1769539773.463,382,4,"(-0.22, 2.0)"
1769539773.473,382,4,"(1.57, 2.0)"
1769539773.484,382,4,"(-1.08, 2.0)"
1769539773.494,382,4,"(1.98, 2.0)"
1769539773.505,382,4,"(-0.32, 2.0)"
1769539773.515,382,4,"(3.67, 2.0)"
1769539773.526,382,4,"(-0.84, 2.0)"
1769539773.537,382,4,"(-0.39, 2.0)"
1769539773.548,382,4,"(-0.07, 2.0)"
1769539773.558,382,4,"(0.7, 2.0)"
1769539773.569,382,4,"(-2.24, 2.0)"
1769539773.579,382,4,"(-0.71, 2.0)"
1769539773.589,382,4,"(-0.75, 2.0)"
1769539773.600,382,4,"(0.16, 2.0)"
1769539773.610,382,4,"(2.18, 0.0)"
1769539773.621,382,4,"(-0.49, 0.0)"
1769539773.631,382,4,"(-1.51, 0.0)"
1769539773.642,382,4,"(1.42, 0.0)"
1769539773.653,382,4,"(3.53, 0.0)"
1769539773.666,382,4,"(0.73, 0.0)"
1769539773.677,382,4,"(-1.5, 0.0)"
1769539773.688,382,4,"(0.13, 0.0)"
1769539773.697,382,4,"(0.92, 0.0)"
1769539773.708,382,4,"(-0.69, 0.0)"
1769539773.718,382,4,"(-0.93, 0.0)"
1769539773.729,382,4,"(-0.34, 0.0)"
1769539773.739,382,4,"(-0.54, 0.0)"
1769539773.749,382,4,"(-1.03, 0.0)"
1769539773.760,382,4,"(-3.44, 0.0)"
1769539773.771,382,4,"(0.49, 0.0)"
1769539773.782,382,4,"(1.41, 0.0)"
1769539773.791,382,4,"(3.21, 0.0)"
1769539773.802,382,4,"(0.62, 0.0)"
1769539773.813,382,4,"(1.89, 0.0)"
1769539773.823,382,4,"(0.92, 0.0)"
1769539773.834,382,4,"(2.37, 0.0)"
1769539773.845,382,4,"(0.7, 0.0)"
1769539773.855,382,4,"(0.45, 0.0)"
1769539773.866,382,4,"(-3.25, 0.0)"
1769539773.876,382,4,"(-2.66, 0.0)"
1769539773.887,382,4,"(-1.34, 0.0)"
1769539773.898,382,4,"(2.12, 0.0)"
1769539773.909,382,4,"(-1.29, 0.0)"
1769539773.919,382,4,"(-1.03, 0.0)"
1769539773.930,382,4,"(-0.75, 0.0)"
1769539773.940,382,4,"(0.98, 0.0)"
1769539773.951,382,4,"(1.87, 0.0)"
1769539773.962,382,4,"(0.91, 0.0)"
1769539773.973,382,4,"(1.06, 0.0)"
1769539773.983,382,4,"(0.82, 0.0)"
1769539773.993,382,4,"(0.03, 0.0)"
1769539774.004,382,4,"(-1.97, 0.0)"
1769539774.014,382,4,"(2.0, 0.0)"
1769539774.024,382,4,"(-3.37, 0.0)"
1769539774.035,382,4,"(0.44, 0.0)"
1769539774.046,382,4,"(-2.47, 0.0)"
1769539774.056,382,4,"(0.47, 0.0)"
1769539774.067,382,4,"(-0.09, 0.0)"
1769539774.078,382,4,"(0.77, 0.0)"
1769539774.088,382,4,"(-2.71, 0.0)"
1769539774.099,382,4,"(-1.06, 0.0)"
1769539774.110,382,4,"(1.25, 0.0)"
1769539774.121,382,4,"(0.98, 0.0)"
1769539774.132,382,4,"(3.25, 0.0)"
1769539774.142,382,4,"(2.28, 0.0)"
1769539774.153,382,4,"(2.89, 0.0)"
1769539774.164,382,4,"(-0.62, 0.0)"
1769539774.174,382,4,"(0.82, 0.0)"
1769539774.185,382,4,"(-1.99, 0.0)"
1769539774.196,382,4,"(-1.62, 0.0)"
1769539774.208,382,4,"(-2.62, 0.0)"
1769539774.218,382,4,"(-0.98, 0.0)"
1769539774.228,382,4,"(2.27, 0.0)"
1769539774.239,382,4,"(1.39, 2.0)"
1769539774.249,382,4,"(-3.08, 2.0)"
1769539774.260,382,4,"(0.0, 2.0)"
1769539774.271,382,4,"(2.29, 2.0)"
1769539774.281,382,4,"(1.5, 2.0)"
1769539774.291,382,4,"(1.97, 2.0)"
1769539774.301,382,4,"(1.6, 2.0)"
1769539774.312,382,4,"(0.62, 0.0)"
1769539774.323,382,4,"(-2.7, 2.0)"
1769539774.334,382,4,"(2.33, 2.0)"
1769539774.345,382,4,"(-0.56, 2.0)"
1769539774.355,382,4,"(1.68, 2.0)"
1769539774.366,382,4,"(-1.99, 2.0)"
1769539774.376,382,4,"(-3.46, 2.0)"
1769539774.387,382,4,"(-4.48, 2.0)"
1769539774.397,382,4,"(-1.8, 2.0)"
1769539774.408,382,4,"(-1.06, 2.0)"
1769539774.418,382,4,"(0.03, 2.0)"
1769539774.429,382,4,"(-4.34, 2.0)"
1769539774.439,382,4,"(0.45, 2.0)"
1769539774.449,382,4,"(-0.32, 2.0)"
1769539774.460,382,4,"(2.02, 2.0)"
1769539774.471,382,4,"(1.59, 2.0)"
1769539774.481,382,4,"(0.78, 2.0)"
1769539774.493,382,4,"(1.84, 2.0)"
1769539774.503,382,4,"(1.13, 2.0)"
1769539774.514,382,4,"(0.92, 2.0)"
1769539774.524,382,4,"(-0.28, 2.0)"
1769539774.535,382,4,"(-0.7, 2.0)"
1769539774.546,382,4,"(-1.98, 2.0)"
1769539774.558,382,4,"(0.17, 2.0)"
1769539774.568,382,4,"(-0.7, 2.0)"
1769539774.578,382,4,"(-1.98, 2.0)"
1769539774.588,382,4,"(-2.07, 2.0)"
1769539774.600,382,4,"(-0.49, 2.0)"
1769539774.610,382,4,"(3.24, 2.0)"
1769539774.620,382,4,"(2.11, 2.0)"
1769539774.633,382,4,"(2.12, 2.0)"
1769539774.644,382,4,"(-1.83, 2.0)"
1769539774.655,382,4,"(-3.98, 2.0)"
1769539774.666,382,4,"(0.83, 2.0)"
1769539774.677,382,4,"(-2.31, 2.0)"
1769539774.689,382,4,"(3.03, 2.0)"
1769539774.699,382,4,"(-2.1, 2.0)"
1769539774.710,382,4,"(-0.53, 2.0)"
1769539774.721,382,4,"(-0.63, 2.0)"
1769539774.732,382,4,"(2.46, 2.0)"
1769539774.743,382,4,"(1.51, 2.0)"
1769539774.753,382,4,"(2.06, 2.0)"
1769539774.763,382,4,"(0.75, 2.0)"
1769539774.773,382,4,"(-2.58, 2.0)"
1769539774.784,382,4,"(-1.44, 2.0)"
1769539774.794,382,4,"(-2.76, 2.0)"
1769539774.805,382,4,"(0.41, 2.0)"
1769539774.815,382,4,"(0.37, 2.0)"
1769539774.826,382,4,"(-1.09, 2.0)"
1769539774.837,382,4,"(-3.6, 2.0)"
1769539774.849,382,4,"(-1.14, 2.0)"
1769539774.859,382,4,"(-2.31, 2.0)"
1769539774.869,382,4,"(1.35, 2.0)"
1769539774.879,382,4,"(-1.19, 2.0)"
1769539774.891,382,4,"(0.38, 2.0)"
1769539774.901,382,4,"(-0.65, 2.0)"
1769539774.912,382,4,"(2.38, 2.0)"
1769539774.923,382,4,"(2.35, 2.0)"
1769539774.933,382,4,"(0.11, 2.0)"
1769539774.944,382,4,"(-1.24, 2.0)"
1769539774.955,382,4,"(-2.38, 2.0)"
1769539774.965,382,4,"(-0.54, 2.0)"
1769539774.976,382,4,"(-2.1, 2.0)"
1769539774.987,382,4,"(-1.64, 2.0)"
1769539774.997,382,4,"(-2.27, 2.0)"
1769539775.007,382,4,"(-1.23, 2.0)"
1769539775.018,382,4,"(-4.15, 2.0)"
1769539775.028,382,4,"(1.11, 2.0)"
1769539775.039,382,4,"(-1.32, 2.0)"
1769539775.050,382,4,"(1.16, 2.0)"
1769539775.060,382,4,"(0.99, 2.0)"
1769539775.071,382,4,"(1.51, 2.0)"
1769539775.081,382,4,"(2.01, 2.0)"
1769539775.091,382,4,"(2.7, 2.0)"
1769539775.102,382,4,"(0.29, 2.0)"
1769539775.113,382,4,"(0.89, 2.0)"
1769539775.123,382,4,"(-1.87, 2.0)"
1769539775.134,382,4,"(2.58, 2.0)"
1769539775.145,382,4,"(-0.21, 2.0)"
1769539775.155,382,4,"(-2.52, 2.0)"
1769539775.165,382,4,"(-1.6, 2.0)"
1769539775.176,382,4,"(-2.8, 2.0)"
1769539775.187,382,4,"(0.45, 2.0)"
1769539775.199,382,4,"(-0.05, 2.0)"
1769539775.209,382,4,"(2.09, 2.0)"
1769539775.221,382,4,"(1.55, 2.0)"
1769539775.232,382,4,"(3.89, 2.0)"
1769539775.243,382,4,"(2.73, 2.0)"
1769539775.253,382,4,"(-0.72, 2.0)"
1769539775.264,382,4,"(1.73, 2.0)"
1769539775.275,382,4,"(-1.71, 2.0)"
1769539775.286,382,4,"(-0.88, 2.0)"
1769539775.296,382,4,"(-2.42, 2.0)"
1769539775.306,382,4,"(-4.1, 2.0)"
1769539775.316,382,4,"(-2.8, 2.0)"
1769539775.327,382,4,"(-1.61, 2.0)"
1769539775.337,382,4,"(-0.68, 2.0)"
1769539775.348,382,4,"(0.24, 2.0)"
1769539775.358,382,4,"(-0.67, 2.0)"
1769539775.370,382,4,"(1.48, 2.0)"
1769539775.380,382,4,"(1.29, 2.0)"
1769539775.391,382,4,"(2.41, 2.0)"
1769539775.402,382,4,"(-1.35, 2.0)"
1769539775.411,382,4,"(0.89, 2.0)"
1769539775.422,382,4,"(1.82, 2.0)"
1769539775.432,382,4,"(1.17, 2.0)"
1769539775.442,382,4,"(-1.49, 2.0)"
1769539775.453,382,4,"(1.49, 2.0)"
1769539775.463,382,4,"(-1.27, 2.0)"
1769539775.474,382,4,"(0.13, 2.0)"
1769539775.484,382,4,"(1.3, 2.0)"
1769539775.495,382,4,"(-1.8, 2.0)"
1769539775.505,382,4,"(-0.11, 2.0)"
1769539775.515,382,4,"(-2.24, 2.0)"
1769539775.526,382,4,"(-2.49, 2.0)"
1769539775.537,382,4,"(-1.8, 2.0)"
1769539775.548,382,4,"(2.58, 2.0)"
1769539775.558,382,4,"(-0.8, 2.0)"
1769539775.569,382,4,"(2.29, 2.0)"
1769539775.580,382,4,"(2.12, 2.0)"
1769539775.591,382,4,"(2.56, 2.0)"
1769539775.602,382,4,"(3.22, 2.0)"
1769539775.612,382,4,"(3.22, 2.0)"
1769539775.623,382,4,"(1.27, 2.0)"
1769539775.634,382,4,"(-0.03, 2.0)"
1769539775.645,382,4,"(-0.89, 2.0)"
1769539775.656,382,4,"(-2.34, 2.0)"
1769539775.666,382,4,"(-1.81, 2.0)"
1769539775.677,382,4,"(-0.14, 2.0)"
1769539775.688,382,4,"(1.76, 2.0)"
1769539775.698,382,4,"(-1.17, 2.0)"
1769539775.709,382,4,"(1.12, 2.0)"
1769539775.719,382,4,"(2.3, 2.0)"
1769539775.731,382,4,"(1.23, 2.0)"
1769539775.742,382,4,"(2.46, 2.0)"
1769539775.753,382,4,"(0.28, 2.0)"
1769539775.763,382,4,"(1.75, 2.0)"
1769539775.774,382,4,"(-1.98, 2.0)"
1769539775.784,382,4,"(-0.28, 2.0)"
1769539775.794,382,4,"(-0.36, 2.0)"
1769539775.805,382,4,"(-0.95, 2.0)"
