timestamp,session_id,level_number,value
1775251923.018,live_session,1,0.0
1775251923.028,live_session,1,0.0
1775251923.039,live_session,1,0.0
1775251923.049,live_session,1,0.0
1775251923.059,live_session,1,0.0
1775251923.070,live_session,1,0.0
1775251923.081,live_session,1,0.0
1775251923.091,live_session,1,0.0
1775251923.102,live_session,1,0.0
1775251923.112,live_session,1,0.0
1775251923.124,live_session,1,0.0
1775251923.134,live_session,1,0.0
1775251923.144,live_session,1,0.0
1775251923.155,live_session,1,0.0
1775251923.165,live_session,1,0.0
1775251923.176,live_session,1,0.0
1775251923.186,live_session,1,0.0
1775251923.197,live_session,1,0.0
1775251923.208,live_session,1,0.0
1775251923.218,live_session,1,0.0
1775251923.229,live_session,1,0.0
1775251923.240,live_session,1,0.0
1775251923.250,live_session,1,0.0
1775251923.260,live_session,1,0.0
1775251923.271,live_session,1,0.0
1775251923.281,live_session,1,0.0
1775251923.292,live_session,1,0.0
1775251923.302,live_session,1,0.0
1775251923.313,live_session,1,0.0
1775251923.323,live_session,1,0.0
1775251923.333,live_session,1,0.0
1775251923.344,live_session,1,0.0
1775251923.354,live_session,1,0.0
1775251923.365,live_session,1,0.0
1775251923.375,live_session,1,0.0
1775251923.386,live_session,1,0.0
1775251923.397,live_session,1,0.0
1775251923.407,live_session,1,0.0
1775251923.418,live_session,1,0.0
1775251923.429,live_session,1,0.0
1775251923.440,live_session,1,0.0
1775251923.450,live_session,1,0.0
1775251923.460,live_session,1,0.0
1775251923.471,live_session,1,0.0
1775251923.482,live_session,1,0.0
1775251923.492,live_session,1,0.0
1775251923.503,live_session,1,0.0
1775251923.513,live_session,1,0.0
1775251923.524,live_session,1,0.0
1775251923.534,live_session,1,0.0
1775251923.721,live_session,1,0.0
1775251923.781,live_session,1,0.0
1775251923.842,live_session,1,0.0
1775251923.905,live_session,1,0.0
1775251923.965,live_session,1,0.0
1775251924.026,live_session,1,0.0
1775251924.091,live_session,1,0.0
1775251924.182,live_session,1,0.0
1775251924.250,live_session,1,0.0
1775251924.311,live_session,1,0.0
1775251924.378,live_session,1,0.0
1775251924.449,live_session,1,0.0
1775251924.512,live_session,1,0.0
1775251924.576,live_session,1,0.0
1775251924.641,live_session,1,0.0
1775251924.708,live_session,1,0.0
1775251924.771,live_session,1,0.0
1775251924.829,live_session,1,0.0
1775251924.894,live_session,1,0.0
1775251924.957,live_session,1,0.0
1775251925.014,live_session,1,0.0
1775251925.075,live_session,1,0.0
1775251925.133,live_session,1,0.0
1775251925.192,live_session,1,0.0
1775251925.250,live_session,1,532.7275971722996
1775251925.305,live_session,1,527.7969221519893
1775251925.316,live_session,1,255.4647107886469
1775251925.327,live_session,1,537.6382881416544
1775251925.337,live_session,1,762.5414153770271
1775251925.347,live_session,1,885.3945764823133
1775251925.358,live_session,1,881.7369951111834
1775251925.368,live_session,1,752.2969169113912
1775251925.379,live_session,1,522.8466115959077
1775251925.389,live_session,1,260.92903531482847
1775251925.399,live_session,1,542.5286479574024
1775251925.410,live_session,1,765.8841115019502
1775251925.421,live_session,1,886.5240587460303
1775251925.431,live_session,1,880.4283770493058
1775251925.442,live_session,1,748.8107519638668
1775251925.453,live_session,1,517.8770154071418
1775251925.463,live_session,1,266.3925873433782
1775251925.473,live_session,1,547.3983309539578
1775251925.484,live_session,1,769.1903433606496
1775251925.494,live_session,1,887.608549543219
1775251925.505,live_session,1,879.0751983823205
1775251925.516,live_session,1,745.2893295473731
1775251925.526,live_session,1,512.8884848519442
1775251925.537,live_session,1,271.8549806937354
1775251925.548,live_session,1,552.2469929272397
1775251925.558,live_session,1,888.6479722187554
1775251925.569,live_session,1,877.6775547570319
1775251925.579,live_session,1,741.7328985668112
1775251925.590,live_session,1,507.8813725349042
1775251925.600,live_session,1,277.31582926723956
1775251925.611,live_session,1,557.0742911589969
1775251925.622,live_session,1,557.0742911589969
1775251925.632,live_session,1,775.6924820950026
1775251925.643,live_session,1,889.6422533030666
1775251925.653,live_session,1,738.1417104015956
1775251925.664,live_session,1,738.1417104015956
1775251925.674,live_session,1,502.8560323740286
1775251925.684,live_session,1,282.7747470744181
1775251925.695,live_session,1,778.8879293796118
1775251925.706,live_session,1,890.5913225173258
1775251925.716,live_session,1,874.7492709263789
1775251925.727,live_session,1,734.5160188878854
1775251925.738,live_session,1,497.8128195757239
1775251925.748,live_session,1,288.23134826227056
1775251925.759,live_session,1,566.663433099319
1775251925.769,live_session,1,782.0459932483949
1775251925.780,live_session,1,891.4951127784195
1775251925.790,live_session,1,873.2188377010684
1775251925.801,live_session,1,873.2188377010684
1775251925.815,live_session,1,730.8560803006417
1775251925.826,live_session,1,492.75209060968956
1775251925.915,live_session,1,0.0
1775251925.926,live_session,1,0.0
1775251925.937,live_session,1,0.0
1775251925.947,live_session,1,0.0
1775251925.957,live_session,1,0.0
1775251925.968,live_session,1,0.0
1775251925.978,live_session,1,0.0
1775251925.989,live_session,1,0.0
1775251925.999,live_session,1,0.0
1775251926.010,live_session,1,0.0
1775251926.020,live_session,1,0.0
1775251926.030,live_session,1,0.0
1775251926.041,live_session,1,0.0
1775251926.051,live_session,1,0.0
1775251926.062,live_session,1,0.0
1775251926.073,live_session,1,0.0
1775251926.083,live_session,1,0.0
1775251926.094,live_session,1,0.0
1775251926.105,live_session,1,0.0
1775251926.115,live_session,1,0.0
1775251926.126,live_session,1,0.0
1775251926.136,live_session,1,0.0
1775251926.147,live_session,1,0.0
1775251926.157,live_session,1,0.0
1775251926.168,live_session,1,0.0
1775251926.178,live_session,1,0.0
1775251926.189,live_session,1,0.0
1775251926.200,live_session,1,0.0
1775251926.210,live_session,1,0.0
1775251926.220,live_session,1,0.0
1775251926.231,live_session,1,0.0
1775251926.241,live_session,1,0.0
1775251926.252,live_session,1,0.0
1775251926.262,live_session,1,0.0
1775251926.273,live_session,1,0.0
1775251926.283,live_session,1,0.0
1775251926.294,live_session,1,0.0
1775251926.304,live_session,1,0.0
1775251926.315,live_session,1,0.0
1775251926.326,live_session,1,0.0
1775251926.336,live_session,1,0.0
1775251926.347,live_session,1,0.0
1775251926.357,live_session,1,0.0
1775251926.368,live_session,1,0.0
1775251926.378,live_session,1,0.0
1775251926.389,live_session,1,0.0
1775251926.400,live_session,1,0.0
1775251926.411,live_session,1,0.0
1775251926.422,live_session,1,0.0
1775251926.433,live_session,1,0.0
1775251926.508,live_session,1,0.0
1775251926.567,live_session,1,0.0
1775251926.624,live_session,1,0.0
1775251926.690,live_session,1,0.0
1775251926.756,live_session,1,0.0
1775251926.816,live_session,1,0.0
1775251926.875,live_session,1,0.0
1775251926.958,live_session,1,0.0
1775251927.013,live_session,1,0.0
1775251927.085,live_session,1,0.0
1775251927.142,live_session,1,0.0
1775251927.201,live_session,1,0.0
1775251927.261,live_session,1,0.0
1775251927.323,live_session,1,0.0
1775251927.384,live_session,1,0.0
1775251927.440,live_session,1,0.0
1775251927.496,live_session,1,0.0
1775251927.552,live_session,1,0.0
1775251927.608,live_session,1,0.0
1775251927.666,live_session,1,0.0
1775251927.727,live_session,1,0.0
1775251927.795,live_session,1,0.0
1775251927.855,live_session,1,0.0
1775251927.913,live_session,1,0.0
1775251927.990,live_session,1,0.0
1775251928.060,live_session,1,0.0
1775251928.129,live_session,1,0.0
1775251928.191,live_session,1,0.0
1775251928.256,live_session,1,0.0
1775251928.341,live_session,1,0.0
1775251928.399,live_session,1,0.0
1775251928.456,live_session,1,0.0
1775251928.515,live_session,1,0.0
1775251928.575,live_session,1,0.0
1775251928.633,live_session,1,0.0
1775251928.692,live_session,1,0.0
1775251928.749,live_session,1,0.0
1775251928.808,live_session,1,0.0
1775251928.868,live_session,1,0.0
1775251928.925,live_session,1,0.0
1775251928.987,live_session,1,0.0
1775251929.042,live_session,1,0.0
1775251929.101,live_session,1,0.0
1775251929.159,live_session,1,0.0
1775251929.219,live_session,1,0.0
1775251929.277,live_session,1,0.0
1775251929.344,live_session,1,0.0
1775251929.401,live_session,1,0.0
1775251929.477,live_session,1,0.0
1775251929.577,live_session,1,0.0
1775251929.645,live_session,1,0.0
1775251929.709,live_session,1,0.0
1775251929.777,live_session,1,0.0
1775251929.834,live_session,1,0.0
1775251929.899,live_session,1,0.0
1775251929.955,live_session,1,0.0
1775251930.045,live_session,1,0.0
1775251930.104,live_session,1,0.0
1775251930.160,live_session,1,0.0
1775251930.224,live_session,1,0.0
1775251930.290,live_session,1,0.0
1775251930.361,live_session,1,0.0
1775251930.422,live_session,1,0.0
1775251930.531,live_session,1,0.0
1775251930.600,live_session,1,0.0
1775251930.670,live_session,1,0.0
1775251930.735,live_session,1,0.0
1775251930.797,live_session,1,0.0
1775251930.889,live_session,1,0.0
1775251930.980,live_session,1,0.0
1775251931.036,live_session,1,0.0
1775251931.132,live_session,1,0.0
1775251931.218,live_session,1,0.0
1775251931.297,live_session,1,0.0
1775251931.356,live_session,1,0.0
1775251931.435,live_session,1,0.0
1775251931.514,live_session,1,0.0
1775251931.580,live_session,1,0.0
1775251931.637,live_session,1,0.0
1775251931.695,live_session,1,0.0
1775251931.753,live_session,1,0.0
1775251931.822,live_session,1,0.0
1775251931.878,live_session,1,0.0
1775251931.937,live_session,1,0.0
1775251931.997,live_session,1,0.0
1775251932.057,live_session,1,0.0
1775251932.128,live_session,1,0.0
1775251932.188,live_session,1,0.0
1775251932.242,live_session,1,0.0
1775251932.321,live_session,1,0.0
1775251932.375,live_session,1,0.0
1775251932.451,live_session,1,0.0
1775251932.509,live_session,1,0.0
1775251932.573,live_session,1,0.0
1775251932.626,live_session,1,0.0
1775251932.680,live_session,1,0.0
1775251932.748,live_session,1,0.0
1775251932.814,live_session,1,0.0
1775251932.883,live_session,1,0.0
1775251932.945,live_session,1,0.0
1775251933.001,live_session,1,0.0
1775251933.060,live_session,1,0.0
1775251933.124,live_session,1,0.0
1775251933.183,live_session,1,0.0
1775251933.240,live_session,1,0.0
1775251933.301,live_session,1,0.0
1775251933.356,live_session,1,0.0
1775251933.419,live_session,1,0.0
1775251933.490,live_session,1,0.0
1775251933.552,live_session,1,0.0
1775251933.610,live_session,1,0.0
1775251933.670,live_session,1,0.0
1775251933.755,live_session,1,0.0
1775251933.812,live_session,1,0.0
1775251933.875,live_session,1,487.67420318372103
1775251933.934,live_session,1,723.4344990905515
1775251933.945,live_session,1,482.5795162184264
1775251933.955,live_session,1,304.5833961996124
1775251933.966,live_session,1,580.8784381074447
1775251933.976,live_session,1,791.293665450044
1775251933.987,live_session,1,893.9341870452589
1775251933.998,live_session,1,868.3636802114145
1775251934.008,live_session,1,719.6733810477506
1775251934.018,live_session,1,477.4683898218477
1775251934.029,live_session,1,310.02687606392726
1775251934.039,live_session,1,585.5704430519406
1775251934.050,live_session,1,794.29999009872
1775251934.060,live_session,1,894.656254738024
1775251934.071,live_session,1,866.6577230860444
1775251934.082,live_session,1,715.8790650544306
1775251934.092,live_session,1,472.3411852640271
1775251934.103,live_session,1,315.4661130451253
1775251934.113,live_session,1,590.2387288515787
1775251934.124,live_session,1,797.2678419599982
1775251934.135,live_session,1,895.3327561557862
1775251934.146,live_session,1,864.9081787074888
1775251934.156,live_session,1,712.0518193044529
1775251934.167,live_session,1,467.1982649514647
1775251934.177,live_session,1,320.9007226813028
1775251934.188,live_session,1,594.882965537644
1775251934.198,live_session,1,800.1970112570359
1775251934.209,live_session,1,895.9636434813568
1775251934.220,live_session,1,863.1151707388933
1775251934.230,live_session,1,708.1919143192481
1775251934.241,live_session,1,462.03999240149165
1775251934.251,live_session,1,326.33032083763516
1775251934.261,live_session,1,599.5028248412889
1775251934.272,live_session,1,803.0872909471916
1775251934.283,live_session,1,896.5488721216908
1775251934.293,live_session,1,861.2788259155429
1775251934.304,live_session,1,704.2996229287016
1775251934.314,live_session,1,456.8667322165823
1775251934.325,live_session,1,331.7545237335248
1775251934.335,live_session,1,604.0979802167333
1775251934.345,live_session,1,805.9384767366602
1775251934.355,live_session,1,897.088400711039
1775251934.366,live_session,1,859.399274035904
1775251934.377,live_session,1,700.3752202518688
1775251934.387,live_session,1,451.6788500585829
1775251934.398,live_session,1,337.1729479697275
1775251934.408,live_session,1,608.6681068643462
1775251934.419,live_session,1,808.7503670949133
1775251934.430,live_session,1,897.5821911138707
1775251934.441,live_session,1,0.0
1775251934.451,live_session,1,0.0
1775251934.517,live_session,1,0.0
1775251934.527,live_session,1,0.0
1775251934.538,live_session,1,0.0
1775251934.548,live_session,1,0.0
1775251934.558,live_session,1,0.0
1775251934.568,live_session,1,0.0
1775251934.579,live_session,1,0.0
1775251934.590,live_session,1,0.0
1775251934.601,live_session,1,0.0
1775251934.611,live_session,1,0.0
1775251934.622,live_session,1,0.0
1775251934.632,live_session,1,0.0
1775251934.642,live_session,1,0.0
1775251934.653,live_session,1,0.0
1775251934.664,live_session,1,0.0
1775251934.674,live_session,1,0.0
1775251934.685,live_session,1,0.0
1775251934.695,live_session,1,0.0
1775251934.705,live_session,1,0.0
1775251934.716,live_session,1,0.0
1775251934.726,live_session,1,0.0
1775251934.737,live_session,1,0.0
1775251934.747,live_session,1,0.0
1775251934.758,live_session,1,0.0
1775251934.768,live_session,1,0.0
1775251934.779,live_session,1,0.0
1775251934.789,live_session,1,0.0
1775251934.800,live_session,1,0.0
1775251934.810,live_session,1,0.0
1775251934.821,live_session,1,0.0
1775251934.832,live_session,1,0.0
1775251934.842,live_session,1,0.0
1775251934.853,live_session,1,0.0
1775251934.865,live_session,1,0.0
1775251934.876,live_session,1,0.0
1775251934.887,live_session,1,0.0
1775251934.897,live_session,1,0.0
1775251934.908,live_session,1,0.0
1775251934.919,live_session,1,0.0
1775251934.929,live_session,1,0.0
1775251934.940,live_session,1,0.0
1775251934.950,live_session,1,0.0
1775251934.961,live_session,1,0.0
1775251934.971,live_session,1,0.0
1775251934.981,live_session,1,0.0
1775251934.992,live_session,1,0.0
1775251935.003,live_session,1,0.0
1775251935.013,live_session,1,0.0
1775251935.023,live_session,1,0.0
1775251935.034,live_session,1,0.0
1775251935.094,live_session,1,0.0
1775251935.156,live_session,1,0.0
1775251935.213,live_session,1,0.0
1775251935.276,live_session,1,0.0
1775251935.334,live_session,1,0.0
1775251935.401,live_session,1,0.0
1775251935.476,live_session,1,0.0
1775251935.628,live_session,1,0.0
1775251935.687,live_session,1,0.0
1775251935.748,live_session,1,342.5852105554524
1775251935.805,live_session,1,692.4311928445791
1775251935.815,live_session,1,441.26068761240793
1775251935.826,live_session,1,347.990928935433
1775251935.837,live_session,1,617.731983645923
1775251935.847,live_session,1,814.255469297313
1775251935.857,live_session,1,898.4324209849062
1775251935.867,live_session,1,853.5027197974653
1775251935.878,live_session,1,688.4121296222665
1775251935.888,live_session,1,436.0311437118057
1775251935.898,live_session,1,353.3897210169671
1775251935.909,live_session,1,622.2250931173648
1775251935.920,live_session,1,816.948292024005
1775251935.930,live_session,1,898.7888003562631
1775251935.941,live_session,1,851.4516986153262
1775251935.952,live_session,1,684.3620780902676
1775251935.962,live_session,1,430.78845056120997
1775251935.973,live_session,1,358.7812051969247
1775251935.983,live_session,1,626.6918925812151
1775251935.994,live_session,1,819.6010411120766
1775251936.005,live_session,1,899.0993213516581
1775251936.024,live_session,1,680.281324518607
1775251936.034,live_session,1,425.53297873020097
1775251936.045,live_session,1,364.1650003887204
1775251936.055,live_session,1,631.1320663104317
1775251936.065,live_session,1,822.2135290571117
1775251936.076,live_session,1,899.363962022518
1775251936.086,live_session,1,847.2222668937469
1775251936.097,live_session,1,676.1701573474234
1775251936.107,live_session,1,420.26509969159554
1775251936.118,live_session,1,369.54072604925005
1775251936.128,live_session,1,635.5453004599599
1775251936.139,live_session,1,824.7855712004753
1775251936.149,live_session,1,899.5827036632311
1775251936.160,live_session,1,845.0441553034713
1775251936.170,live_session,1,672.0288671665812
1775251936.181,live_session,1,414.9851857951895
1775251936.191,live_session,1,374.90800220578876
1775251936.202,live_session,1,639.9312830889178
1775251936.213,live_session,1,827.316985742365
1775251936.224,live_session,1,899.7555308124694
1775251936.235,live_session,1,842.8239841730605
1775251936.245,live_session,1,667.8577466951322
1775251936.264,live_session,1,409.69361024143967
1775251936.277,live_session,1,380.26644948284826
1775251936.288,live_session,1,644.2897041826434
1775251936.299,live_session,1,829.8075937546618
1775251936.309,live_session,1,899.8824312542815
1775251936.320,live_session,1,840.5619104309978
1775251936.330,live_session,1,663.6570907606233
1775251936.340,live_session,1,404.39074705508403
1775251936.404,live_session,1,659.4271962782586
1775251936.414,live_session,1,399.0769710587052
1775251936.425,live_session,1,390.9553430436091
1775251936.435,live_session,1,652.9226314681957
1775251936.445,live_session,1,834.6656889120944
1775251936.456,live_session,1,899.998419383657
1775251936.466,live_session,1,835.9126976235721
1775251936.477,live_session,1,655.1683622299129
1775251936.487,live_session,1,393.7526578462364
1775251936.498,live_session,1,396.28503380363435
1775251936.509,live_session,1,657.1965274583279
1775251936.519,live_session,1,837.0328326722118
1775251936.530,live_session,1,899.9874988728247
1775251936.541,live_session,1,833.5258871787843
1775251936.551,live_session,1,650.8808896429965
1775251936.561,live_session,1,388.4181837564138
1775251936.572,live_session,1,401.60438469023063
1775251936.583,live_session,1,661.4416415529709
1775251936.593,live_session,1,839.3584831569709
1775251936.604,live_session,1,899.9306352583546
1775251936.615,live_session,1,831.0978313402674
1775251936.625,live_session,1,646.5650815691806
1775251936.635,live_session,1,383.073925846175
1775251936.646,live_session,1,406.91301971541446
1775251936.657,live_session,1,665.6576736944814
1775251936.667,live_session,1,841.6424759822852
1775251936.677,live_session,1,899.827832559541
1775251936.688,live_session,1,828.6287017304314
1775251936.699,live_session,1,642.2212430629745
1775251936.709,live_session,1,377.7202618640083
1775251936.720,live_session,1,412.21056364863205
1775251936.730,live_session,1,669.8443258808184
1775251936.740,live_session,1,843.8846497085586
1775251936.751,live_session,1,899.6790980427926
1775251936.761,live_session,1,826.1186728749062
1775251936.772,live_session,1,637.8496811601642
1775251936.783,live_session,1,372.3575702232518
1775251936.793,live_session,1,417.496642043282
1775251936.804,live_session,1,674.001302186605
1775251936.814,live_session,1,846.0848458520975
1775251936.825,live_session,1,899.4844422211199
1775251936.835,live_session,1,823.5679221902051
1775251936.846,live_session,1,633.4507048561103
1775251936.856,live_session,1,366.98622997534613
1775251936.867,live_session,1,422.770881263182
1775251936.877,live_session,1,678.128308784047
1775251936.888,live_session,1,848.2429088963115
1775251936.898,live_session,1,899.2438788533918
1775251936.909,live_session,1,820.9766299711849
1775251936.919,live_session,1,629.024625083907
1775251936.982,live_session,1,818.3449793783022
1775251936.992,live_session,1,624.5717546924047
1775251937.003,live_session,1,356.21912289356396
1775251937.014,live_session,1,433.2823518444999
1775251937.024,live_session,1,686.2912481550909
1775251937.035,live_session,1,898.6251007384695
1775251937.046,live_session,1,898.6251007384695
1775251937.056,live_session,1,815.6731564246666
1775251937.067,live_session,1,350.82411711173444
1775251937.078,live_session,1,438.5188402230401
1775251937.088,live_session,1,690.3266039471815
1775251937.099,live_session,1,690.3266039471815
1775251937.109,live_session,1,854.4627890030276
1775251937.120,live_session,1,898.2469297284043
1775251937.130,live_session,1,812.9613499628931
1775251937.140,live_session,1,615.5869028928709
1775251937.152,live_session,1,345.42198477305624
1775251937.168,live_session,1,443.7420035135917
1775251937.183,live_session,1,694.3308361086873
1775251937.194,live_session,1,856.4508242064265
1775251937.205,live_session,1,897.8229386434501
1775251937.215,live_session,1,810.2097516717532
1775251937.226,live_session,1,611.0555565616341
1775251937.236,live_session,1,340.013107716759
1775251937.247,live_session,1,448.9514725270043
1775251937.257,live_session,1,698.303661608237
1775251937.267,live_session,1,858.3959936114586
1775251937.278,live_session,1,897.3531574525929
1775251937.288,live_session,1,807.4185560426266
1775251937.299,live_session,1,606.4986897197986
1775251937.309,live_session,1,334.59786825880985
1775251937.319,live_session,1,454.1468790420811
1775251937.330,live_session,1,702.2447996343781
1775251937.340,live_session,1,860.2981597276032
1775251937.351,live_session,1,896.8376193614034
1775251937.362,live_session,1,804.5879603657542
1775251937.372,live_session,1,601.9166244606444
1775251937.383,live_session,1,329.17664916488974
1775251937.393,live_session,1,459.3278558316056
1775251937.403,live_session,1,706.1539716154255
1775251937.414,live_session,1,862.1571881039437
1775251937.425,live_session,1,896.2763608096901
1775251937.435,live_session,1,801.7181647162921
1775251937.446,live_session,1,597.3096846585527
1775251937.457,live_session,1,323.7498336233386
1775251937.467,live_session,1,464.49403668829837
1775251937.478,live_session,1,710.0309012391522
1775251937.489,live_session,1,863.9729473386706
1775251937.499,live_session,1,895.6694214689236
1775251937.510,live_session,1,798.8093719401709
1775251937.582,live_session,1,795.8617876397872
1775251937.593,live_session,1,588.022485691165
1775251937.604,live_session,1,312.88094790153366
1775251937.614,live_session,1,474.7805510289131
1775251937.625,live_session,1,717.6869395799815
1775251937.636,live_session,1,867.4741480770634
1775251937.646,live_session,1,894.3186752473835
1775251937.657,live_session,1,792.8756201593867
1775251937.667,live_session,1,583.3428829734864
1775251937.678,live_session,1,307.4396459673433
1775251937.689,live_session,1,479.90015743057006
1775251937.699,live_session,1,721.4655071449076
1775251937.709,live_session,1,869.1593421051695
1775251937.720,live_session,1,893.5749638414777
1775251937.730,live_session,1,789.8510805704118
1775251937.741,live_session,1,578.6397185617052
1775251937.751,live_session,1,301.9942840233649
1775251937.762,live_session,1,485.0035137862227
1775251937.772,live_session,1,725.2107500863704
1775251937.783,live_session,1,870.8007720580107
1775251937.793,live_session,1,892.7857625895165
1775251937.803,live_session,1,786.7883826565675
1775251937.814,live_session,1,573.9133248898609
1775251937.824,live_session,1,296.5452469644288
1775251937.834,live_session,1,490.0902593750412
1775251937.845,live_session,1,728.9224036791481
1775251937.856,live_session,1,872.3983219142993
1775251937.866,live_session,1,891.9511272746571
1775251937.877,live_session,1,783.6877428987059
1775251937.887,live_session,1,569.1640360339086
1775251937.898,live_session,1,291.0929199451338
1775251937.908,live_session,1,495.1600346502956
1775251937.918,live_session,1,732.6002055722172
1775251937.929,live_session,1,873.9518787543277
1775251937.940,live_session,1,891.0711168914753
1775251937.950,live_session,1,780.5493804595249
1775251937.960,live_session,1,564.3921876881043
1775251937.971,live_session,1,285.6376883526231
1775251937.982,live_session,1,500.2124812647695
1775251937.992,live_session,1,736.2438958072959
1775251938.003,live_session,1,875.4613327679483
1775251938.013,live_session,1,890.1457936417953
1775251938.024,live_session,1,777.3735171680765
1775251938.034,live_session,1,559.5981171412784
1775251938.045,live_session,1,280.17993777934396
1775251938.056,live_session,1,505.2472420960893
1775251938.066,live_session,1,739.8532168372183
1775251938.077,live_session,1,876.9265772623368
1775251938.088,live_session,1,889.1752229302937
1775251938.099,live_session,1,774.1603775040879
1775251938.175,live_session,1,770.9101885820942
1775251938.185,live_session,1,549.944666429596
1775251938.196,live_session,1,269.25842292324876
1775251938.206,live_session,1,515.2622841953523
1775251938.217,live_session,1,746.967733257566
1775251938.227,live_session,1,879.7240265537594
1775251938.238,live_session,1,887.0986167268258
1775251938.248,live_session,1,767.6231801353848
1775251938.259,live_session,1,545.0859686001495
1775251938.272,live_session,1,263.79543060649314
1775251938.282,live_session,1,520.241857569501
1775251938.293,live_session,1,750.4724257722197
1775251938.303,live_session,1,881.0560336185249
1775251938.314,live_session,1,885.9927280157349
1775251938.324,live_session,1,764.2995844997668
1775251938.334,live_session,1,540.2064131922716
1775251938.345,live_session,1,258.3314631865253
1775251938.355,live_session,1,525.2023294229421
1775251938.366,live_session,1,753.941743365718
1775251938.377,live_session,1,882.3434357134972
1775251938.387,live_session,1,884.8418853941979
1775251938.398,live_session,1,760.9396365971404
1775251938.408,live_session,1,535.3063451078569
1775251938.419,live_session,1,252.86690687326754
1775251938.430,live_session,1,530.1433491343594
1775251938.440,live_session,1,757.3754408160868
1775251938.451,live_session,1,883.5861418411605
1775251938.461,live_session,1,883.6461702072897
1775251938.472,live_session,1,757.5435739188961
1775251938.482,live_session,1,530.3861106986988
1775251938.493,live_session,1,252.59785208173307
1775251938.504,live_session,1,535.0645674573736
1775251938.514,live_session,1,760.7732754190922
1775251938.525,live_session,1,884.7840641632462
1775251938.536,live_session,1,882.4056669718157
1775251938.546,live_session,1,754.1116365091268
1775251938.557,live_session,1,525.4460577420077
1775251938.567,live_session,1,258.0624274126061
1775251938.578,live_session,1,539.9656365452277
1775251938.588,live_session,1,764.1350070053963
1775251938.599,live_session,1,885.9371180069421
1775251938.609,live_session,1,881.1204633703368
1775251938.620,live_session,1,750.6440669476611
1775251938.630,live_session,1,520.4865354158303
1775251938.641,live_session,1,263.5264328664602
1775251938.651,live_session,1,544.8462099753747
1775251938.662,live_session,1,767.4603979575328
1775251938.672,live_session,1,887.0452218708774
1775251938.683,live_session,1,879.790650244973
1775251938.693,live_session,1,747.1411103329172
1775251938.762,live_session,1,743.6030142645778
1775251938.773,live_session,1,743.6030142645778
1775251938.783,live_session,1,510.5104862231955
1775251938.794,live_session,1,274.4511893602484
1775251938.804,live_session,1,554.5444914402204
1775251938.815,live_session,1,774.0012203493868
1775251938.825,live_session,1,889.1262695455285
1775251938.836,live_session,1,876.9975745501138
1775251938.847,live_session,1,505.4946644943951
1775251938.857,live_session,1,505.4946644943951
1775251938.868,live_session,1,279.91116820499315
1775251938.879,live_session,1,777.2161894637803
1775251938.889,live_session,1,890.0990662614323
1775251938.900,live_session,1,875.5345094037478
1775251938.910,live_session,1,736.4224065669899
1775251938.921,live_session,1,500.4607836215807
1775251938.932,live_session,1,285.36903283692124
1775251938.942,live_session,1,564.1566698836259
1775251938.953,live_session,1,780.3938933260366
1775251938.963,live_session,1,780.3938933260366
1775251938.973,live_session,1,891.0266188183484
1775251938.984,live_session,1,732.7804024850468
1775251938.995,live_session,1,495.4091994148423
1775251939.005,live_session,1,495.4091994148423
1775251939.016,live_session,1,290.8243974774742
1775251939.027,live_session,1,568.929620242614
1775251939.037,live_session,1,783.5341073263315
1775251939.048,live_session,1,891.9088616540263
1775251939.058,live_session,1,729.1042740082441
1775251939.069,live_session,1,729.1042740082441
1775251939.080,live_session,1,490.3402689355962
1775251939.090,live_session,1,296.2768765248004
1775251939.101,live_session,1,573.680027680975
1775251939.112,live_session,1,892.745732408845
1775251939.122,live_session,1,870.8804550894544
1775251939.133,live_session,1,725.3942809765822
1775251939.143,live_session,1,485.2543504713459
1775251939.154,live_session,1,301.7260845810108
1775251939.164,live_session,1,578.4075564253878
1775251939.174,live_session,1,789.7011805669198
1775251939.185,live_session,1,893.5371719302211
1775251939.195,live_session,1,869.2411828746947
1775251939.205,live_session,1,869.2411828746947
1775251939.216,live_session,1,721.6506856237108
1775251939.226,live_session,1,480.1518035103577
1775251939.237,live_session,1,307.17163647942016
1775251939.248,live_session,1,583.1118723196672
1775251939.258,live_session,1,894.2831242767895
1775251939.269,live_session,1,867.5581407999142
1775251939.280,live_session,1,717.873752558395
1775251939.345,live_session,1,865.8314478276724
1775251939.356,live_session,1,714.0637487458112
1775251939.366,live_session,1,469.8982679025048
1775251939.376,live_session,1,318.05023245544265
1775251939.387,live_session,1,592.4495371603643
1775251939.398,live_session,1,798.6651544206917
1775251939.408,live_session,1,895.6383597596327
1775251939.418,live_session,1,864.0612260059077
1775251939.429,live_session,1,710.2209434886769
1775251939.440,live_session,1,464.74800400688525
1775251939.450,live_session,1,323.4825076006329
1775251939.463,live_session,1,597.0822260920829
1775251939.474,live_session,1,801.575861924836
1775251939.484,live_session,1,896.2475471037202
1775251939.495,live_session,1,862.2476004593102
1775251939.506,live_session,1,706.3456084082165
1775251939.517,live_session,1,459.5825610657903
1775251939.528,live_session,1,328.90958877752684
1775251939.538,live_session,1,601.6903821909218
1775251939.549,live_session,1,804.4475823607186
1775251939.559,live_session,1,896.8110556953962
1775251939.569,live_session,1,860.3906993804788
1775251939.580,live_session,1,0.0
1775251939.590,live_session,1,0.0
1775251939.600,live_session,1,0.0
1775251939.611,live_session,1,0.0
1775251939.622,live_session,1,0.0
1775251939.632,live_session,1,0.0
1775251939.643,live_session,1,0.0
1775251939.653,live_session,1,0.0
1775251939.664,live_session,1,0.0
1775251939.674,live_session,1,0.0
1775251939.684,live_session,1,0.0
1775251939.695,live_session,1,0.0
1775251939.705,live_session,1,0.0
1775251939.716,live_session,1,0.0
1775251939.726,live_session,1,0.0
1775251939.736,live_session,1,0.0
1775251939.747,live_session,1,0.0
1775251939.757,live_session,1,0.0
1775251939.768,live_session,1,0.0
1775251939.779,live_session,1,0.0
1775251939.790,live_session,1,0.0
1775251939.801,live_session,1,0.0
1775251939.811,live_session,1,0.0
1775251939.822,live_session,1,0.0
1775251939.832,live_session,1,0.0
1775251939.842,live_session,1,0.0
1775251939.853,live_session,1,0.0
1775251939.863,live_session,1,0.0
1775251939.921,live_session,1,0.0
1775251939.932,live_session,1,0.0
1775251939.942,live_session,1,0.0
1775251939.953,live_session,1,0.0
1775251939.963,live_session,1,0.0
1775251939.974,live_session,1,0.0
1775251939.984,live_session,1,0.0
1775251939.995,live_session,1,0.0
1775251940.005,live_session,1,0.0
1775251940.015,live_session,1,0.0
1775251940.026,live_session,1,0.0
1775251940.036,live_session,1,0.0
1775251940.047,live_session,1,0.0
1775251940.057,live_session,1,0.0
1775251940.068,live_session,1,0.0
1775251940.079,live_session,1,0.0
1775251940.089,live_session,1,0.0
1775251940.099,live_session,1,0.0
1775251940.110,live_session,1,0.0
1775251940.121,live_session,1,0.0
1775251940.131,live_session,1,0.0
1775251940.141,live_session,1,0.0
1775251940.152,live_session,1,0.0
1775251940.162,live_session,1,0.0
1775251940.173,live_session,1,0.0
1775251940.183,live_session,1,0.0
1775251940.193,live_session,1,0.0
1775251940.204,live_session,1,0.0
1775251940.214,live_session,1,0.0
1775251940.225,live_session,1,0.0
1775251940.235,live_session,1,0.0
1775251940.246,live_session,1,0.0
1775251940.256,live_session,1,0.0
1775251940.266,live_session,1,0.0
1775251940.277,live_session,1,0.0
1775251940.287,live_session,1,0.0
1775251940.297,live_session,1,0.0
1775251940.308,live_session,1,0.0
1775251940.318,live_session,1,0.0
1775251940.328,live_session,1,0.0
1775251940.338,live_session,1,0.0
1775251940.349,live_session,1,0.0
1775251940.359,live_session,1,0.0
1775251940.370,live_session,1,0.0
1775251940.380,live_session,1,0.0
1775251940.391,live_session,1,0.0
1775251940.401,live_session,1,0.0
1775251940.412,live_session,1,0.0
1775251940.422,live_session,1,0.0
1775251940.432,live_session,1,0.0
1775251940.495,live_session,1,0.0
1775251940.556,live_session,1,0.0
1775251940.615,live_session,1,0.0
1775251940.685,live_session,1,0.0
1775251940.758,live_session,1,0.0
1775251940.818,live_session,1,0.0
1775251940.878,live_session,1,0.0
1775251940.942,live_session,1,0.0
1775251941.003,live_session,1,0.0
1775251941.059,live_session,1,0.0
1775251941.118,live_session,1,0.0
1775251941.180,live_session,1,0.0
1775251941.242,live_session,1,0.0
1775251941.302,live_session,1,0.0
1775251941.367,live_session,1,334.3310923834345
1775251941.427,live_session,1,449.2075995314661
1775251941.437,live_session,1,339.7466352099058
1775251941.448,live_session,1,610.8317947727918
1775251941.458,live_session,1,810.0732528698501
1775251941.469,live_session,1,897.800880531003
1775251941.479,live_session,1,856.5475986814649
1775251941.490,live_session,1,694.5271748124019
1775251941.500,live_session,1,443.99881427223767
1775251941.511,live_session,1,345.15583446981674
1775251941.522,live_session,1,615.3644051128335
1775251941.532,live_session,1,812.826805303508
1775251941.543,live_session,1,898.227126811088
1775251941.553,live_session,1,854.5616707033894
1775251941.564,live_session,1,690.5244823456383
1775251941.575,live_session,1,438.77631658370103
1775251941.585,live_session,1,350.55830782442604
1775251941.595,live_session,1,619.871190379688
1775251941.606,live_session,1,815.5405754178283
1775251941.617,live_session,1,898.6075544160157
1775251941.627,live_session,1,852.5330104580933
1775251941.638,live_session,1,686.4906522616407
1775251941.648,live_session,1,433.5404756079597
1775251941.659,live_session,1,355.9536734103999
1775251941.669,live_session,1,624.3518320199937
1775251941.680,live_session,1,818.2143713952426
1775251941.690,live_session,1,898.9421364559998
1775251941.701,live_session,1,850.4617613374849
1775251941.711,live_session,1,682.4259696838519
1775251941.722,live_session,1,428.29166143026134
1775251941.733,live_session,1,361.3415498668034
1775251941.743,live_session,1,628.8060133283009
1775251941.754,live_session,1,820.8480042436764
1775251941.765,live_session,1,899.2308492817589
1775251941.775,live_session,1,848.3480697437847
1775251941.786,live_session,1,678.3307219164636
1775251941.797,live_session,1,423.0302450528394
1775251941.807,live_session,1,366.72155636205616
1775251941.818,live_session,1,633.2334194694567
1775251941.829,live_session,1,823.4412878099083
1775251941.839,live_session,1,899.4736724861876
1775251941.850,live_session,1,846.1920850791765
1775251941.860,live_session,1,674.2051984241084
1775251941.871,live_session,1,417.7565983686892
1775251941.882,live_session,1,372.0933126208507
1775251941.892,live_session,1,637.6337375008595
1775251941.903,live_session,1,825.9940387927275
1775251941.913,live_session,1,899.6705889057997
1775251941.924,live_session,1,843.9939597352482
1775251941.935,live_session,1,670.0496908113997
1775251941.946,live_session,1,412.4710941352816
1775251942.058,live_session,1,899.926648961771
1775251942.072,live_session,1,839.4719114579592
1775251942.083,live_session,1,661.6499002194612
1775251942.104,live_session,1,388.15528613367326
1775251942.115,live_session,1,650.6690623623532
1775251942.126,live_session,1,833.4073062794206
1775251942.137,live_session,1,899.9857744990225
1775251942.147,live_session,1,837.1483081567965
1775251942.157,live_session,1,657.4062109631112
1775251942.168,live_session,1,396.54717612764136
1775251942.178,live_session,1,393.4902507589056
1775251942.189,live_session,1,654.9579371510739
1775251942.199,live_session,1,835.7961514059023
1775251942.209,live_session,1,835.7961514059023
1775251942.220,live_session,1,899.9989570545214
1775251942.231,live_session,1,834.7832034181158
1775251942.242,live_session,1,391.21798563802355
1775251942.253,live_session,1,398.8150730545194
1775251942.263,live_session,1,659.2181882747129
1775251942.273,live_session,1,838.1435906694395
1775251942.284,live_session,1,899.9661956964843
1775251942.294,live_session,1,899.9661956964843
1775251942.305,live_session,1,648.8327442931025
1775251942.315,live_session,1,385.87881342943297
1775251942.326,live_session,1,385.87881342943297
1775251942.336,live_session,1,404.1293766457952
1775251942.347,live_session,1,663.4495146056959
1775251942.358,live_session,1,840.449458145848
1775251942.369,live_session,1,0.0
1775251942.379,live_session,1,0.0
1775251942.390,live_session,1,0.0
1775251942.401,live_session,1,0.0
1775251942.411,live_session,1,0.0
1775251942.422,live_session,1,0.0
1775251942.433,live_session,1,0.0
1775251942.443,live_session,1,0.0
1775251942.454,live_session,1,0.0
1775251942.465,live_session,1,0.0
1775251942.475,live_session,1,0.0
1775251942.486,live_session,1,0.0
1775251942.497,live_session,1,0.0
1775251942.507,live_session,1,0.0
1775251942.518,live_session,1,0.0
1775251942.529,live_session,1,0.0
1775251942.539,live_session,1,0.0
1775251942.550,live_session,1,0.0
1775251942.560,live_session,1,0.0
1775251942.571,live_session,1,0.0
1775251942.581,live_session,1,0.0
1775251942.591,live_session,1,0.0
1775251942.667,live_session,1,0.0
1775251942.677,live_session,1,0.0
1775251942.688,live_session,1,0.0
1775251942.699,live_session,1,0.0
1775251942.710,live_session,1,0.0
1775251942.720,live_session,1,0.0
1775251942.731,live_session,1,0.0
1775251942.742,live_session,1,0.0
1775251942.753,live_session,1,0.0
1775251942.764,live_session,1,0.0
1775251942.774,live_session,1,0.0
1775251942.785,live_session,1,0.0
1775251942.795,live_session,1,0.0
1775251942.806,live_session,1,0.0
1775251942.817,live_session,1,0.0
1775251942.827,live_session,1,0.0
1775251942.837,live_session,1,0.0
1775251942.848,live_session,1,0.0
1775251942.858,live_session,1,0.0
1775251942.869,live_session,1,0.0
1775251942.880,live_session,1,0.0
1775251942.890,live_session,1,0.0
1775251942.901,live_session,1,0.0
1775251942.911,live_session,1,0.0
1775251942.922,live_session,1,0.0
1775251942.932,live_session,1,0.0
1775251942.943,live_session,1,0.0
1775251942.953,live_session,1,0.0
1775251942.964,live_session,1,0.0
1775251942.974,live_session,1,0.0
1775251942.985,live_session,1,0.0
1775251942.996,live_session,1,0.0
1775251943.006,live_session,1,0.0
1775251943.017,live_session,1,0.0
1775251943.027,live_session,1,0.0
1775251943.038,live_session,1,0.0
1775251943.048,live_session,1,0.0
1775251943.059,live_session,1,0.0
1775251943.069,live_session,1,0.0
1775251943.080,live_session,1,0.0
1775251943.091,live_session,1,0.0
1775251943.101,live_session,1,0.0
1775251943.112,live_session,1,0.0
1775251943.123,live_session,1,0.0
1775251943.133,live_session,1,0.0
1775251943.143,live_session,1,0.0
1775251943.154,live_session,1,0.0
1775251943.164,live_session,1,0.0
1775251943.175,live_session,1,0.0
1775251943.185,live_session,1,0.0
1775251943.252,live_session,1,0.0
1775251943.322,live_session,1,0.0
1775251943.392,live_session,1,0.0
1775251943.505,live_session,1,0.0
1775251943.563,live_session,1,0.0
1775251943.621,live_session,1,0.0
1775251943.678,live_session,1,0.0
1775251943.743,live_session,1,0.0
1775251943.801,live_session,1,0.0
1775251943.861,live_session,1,0.0
1775251943.920,live_session,1,0.0
1775251943.977,live_session,1,0.0
1775251944.037,live_session,1,0.0
1775251944.094,live_session,1,0.0
1775251944.150,live_session,1,0.0
1775251944.206,live_session,1,0.0
1775251944.265,live_session,1,0.0
1775251944.323,live_session,1,829.929161241169
1775251944.383,live_session,1,842.713590849365
1775251944.394,live_session,1,899.7628537497864
1775251944.404,live_session,1,827.4405669014442
1775251944.414,live_session,1,640.1465167448042
1775251944.425,live_session,1,375.17203409025797
1775251944.436,live_session,1,414.7249259604764
1775251944.446,live_session,1,671.824198623
1775251944.457,live_session,1,844.9358287441687
1775251944.468,live_session,1,899.5922875339562
1775251944.478,live_session,1,824.9111572970331
1775251944.488,live_session,1,635.7618838627247
1775251944.499,live_session,1,369.8051837475713
1775251944.509,live_session,1,420.00542275806237
1775251944.520,live_session,1,675.9669643610512
1775251944.531,live_session,1,847.1160147556908
1775251944.541,live_session,1,899.3758061492349
1775251944.552,live_session,1,822.34111121434
1775251944.562,live_session,1,631.3499841512981
1775251944.573,live_session,1,364.42986520821506
1775251944.583,live_session,1,425.2739030526077
1775251944.594,live_session,1,680.0796214517459
1775251944.605,live_session,1,849.2539947817183
1775251944.615,live_session,1,899.1134248971888
1775251944.626,live_session,1,819.7306103120793
1775251944.636,live_session,1,626.9111294570848
1775251944.647,live_session,1,359.0464584161379
1775251944.657,live_session,1,430.52999445181774
1775251944.668,live_session,1,684.1618791999078
1775251944.678,live_session,1,851.3496177032866
1775251944.689,live_session,1,898.805162323727
1775251944.700,live_session,1,817.0798391084361
1775251944.711,live_session,1,622.4456335319057
1775251944.722,live_session,1,353.6553438869905
1775251944.732,live_session,1,435.7733254390829
1775251944.743,live_session,1,688.2134490590784
1775251944.754,live_session,1,898.4510402177905
1775251944.765,live_session,1,898.4510402177905
1775251944.775,live_session,1,814.388984968023
1775251944.791,live_session,1,617.9538120106648
1775251944.802,live_session,1,348.25690268123014
1775251944.812,live_session,1,441.00352539973846
1775251944.823,live_session,1,692.234044651913
1775251944.834,live_session,1,855.4132027373047
1775251944.844,live_session,1,898.0510836098124
1775251944.855,live_session,1,811.6582380886376
1775251944.866,live_session,1,613.4359823890405
1775251944.877,live_session,1,342.85151637718604
1775251944.887,live_session,1,446.22022464726103
1775251944.898,live_session,1,696.223381790423
1775251944.908,live_session,1,857.3808776231406
1775251944.970,live_session,1,700.1811784960626
1775251944.980,live_session,1,859.3056209715917
1775251944.991,live_session,1,897.1137832060797
1775251945.002,live_session,1,806.0778409892005
1775251945.012,live_session,1,604.3235779964423
1775251945.023,live_session,1,332.02143721506116
1775251945.034,live_session,1,456.6116470542337
1775251945.044,live_session,1,704.1071550196607
1775251945.054,live_session,1,861.1872967359134
1775251945.066,live_session,1,896.5765056615833
1775251945.076,live_session,1,803.2285852086767
1775251945.087,live_session,1,599.7296473180702
1775251945.097,live_session,1,326.5975098600865
1775251945.108,live_session,1,461.7856357161783
1775251945.119,live_session,1,708.0010338611934
1775251945.129,live_session,1,863.0257719135099
1775251945.140,live_session,1,895.9935261128787
1775251945.151,live_session,1,595.110996678992
1775251945.161,live_session,1,321.1681683589323
1775251945.172,live_session,1,466.9446547218952
1775251945.182,live_session,1,711.8625397893995
1775251945.193,live_session,1,864.8209165553347
1775251945.204,live_session,1,895.364885766743
1775251945.215,live_session,1,797.4129661423317
1775251945.225,live_session,1,590.4679525395557
1775251945.236,live_session,1,315.733796474055
1775251945.246,live_session,1,472.0883394161482
1775251945.257,live_session,1,715.6913998612341
1775251945.267,live_session,1,866.5726037750766
1775251945.278,live_session,1,894.6906290573977
1775251945.288,live_session,1,794.4470139222464
1775251945.298,live_session,1,585.8008430843162
1775251945.309,live_session,1,310.2947783234739
1775251945.320,live_session,1,477.2163262275774
1775251945.330,live_session,1,719.4873434411613
1775251945.341,live_session,1,868.2807097581269
1775251945.351,live_session,1,893.9708036433684
1775251945.362,live_session,1,791.442578522671
1775251945.372,live_session,1,581.1099981988386
1775251945.382,live_session,1,304.8514983536209
1775251945.393,live_session,1,0.0
1775251945.403,live_session,1,0.0
1775251945.414,live_session,1,0.0
1775251945.425,live_session,1,0.0
1775251945.435,live_session,1,0.0
1775251945.446,live_session,1,0.0
1775251945.456,live_session,1,0.0
1775251945.467,live_session,1,0.0
1775251945.477,live_session,1,0.0
1775251945.488,live_session,1,0.0
1775251945.549,live_session,1,0.0
1775251945.559,live_session,1,0.0
1775251945.570,live_session,1,0.0
1775251945.580,live_session,1,0.0
1775251945.591,live_session,1,0.0
1775251945.602,live_session,1,0.0
1775251945.612,live_session,1,0.0
1775251945.623,live_session,1,0.0
1775251945.633,live_session,1,0.0
1775251945.644,live_session,1,0.0
1775251945.654,live_session,1,0.0
1775251945.665,live_session,1,0.0
1775251945.675,live_session,1,0.0
1775251945.691,live_session,1,0.0
1775251945.705,live_session,1,0.0
1775251945.717,live_session,1,0.0
1775251945.728,live_session,1,0.0
1775251945.738,live_session,1,0.0
1775251945.749,live_session,1,0.0
1775251945.760,live_session,1,0.0
1775251945.770,live_session,1,0.0
1775251945.781,live_session,1,0.0
1775251945.791,live_session,1,0.0
1775251945.802,live_session,1,0.0
1775251945.813,live_session,1,0.0
1775251945.824,live_session,1,0.0
1775251945.835,live_session,1,0.0
1775251945.845,live_session,1,0.0
1775251945.856,live_session,1,0.0
1775251945.867,live_session,1,0.0
1775251945.878,live_session,1,0.0
1775251945.888,live_session,1,0.0
1775251945.899,live_session,1,0.0
1775251945.909,live_session,1,0.0
1775251945.920,live_session,1,0.0
1775251945.930,live_session,1,0.0
1775251945.941,live_session,1,0.0
1775251945.951,live_session,1,0.0
1775251945.962,live_session,1,0.0
1775251945.972,live_session,1,0.0
1775251945.983,live_session,1,0.0
1775251945.993,live_session,1,0.0
1775251946.004,live_session,1,0.0
1775251946.015,live_session,1,0.0
1775251946.025,live_session,1,0.0
1775251946.036,live_session,1,0.0
1775251946.047,live_session,1,0.0
1775251946.057,live_session,1,0.0
1775251946.068,live_session,1,0.0
1775251946.078,live_session,1,0.0
1775251946.149,live_session,1,0.0
1775251946.220,live_session,1,0.0
1775251946.278,live_session,1,0.0
1775251946.342,live_session,1,0.0
1775251946.399,live_session,1,0.0
1775251946.459,live_session,1,0.0
1775251946.518,live_session,1,0.0
1775251946.579,live_session,1,0.0
1775251946.634,live_session,1,0.0
1775251946.692,live_session,1,0.0
1775251946.753,live_session,1,0.0
1775251946.814,live_session,1,0.0
1775251946.876,live_session,1,0.0
1775251946.948,live_session,1,482.32825269439695
1775251947.011,live_session,1,299.4043413121659
1775251947.021,live_session,1,487.42375749001553
1775251947.032,live_session,1,726.9794102353064
1775251947.042,live_session,1,871.5656981665303
1775251947.053,live_session,1,892.3946534364411
1775251947.063,live_session,1,785.3191103408672
1775251947.074,live_session,1,571.6584300444576
1775251947.084,live_session,1,293.9536922208224
1775251947.095,live_session,1,492.5024804485755
1775251947.106,live_session,1,730.6750038873377
1775251947.117,live_session,1,873.1423483988592
1775251947.128,live_session,1,891.5384400506586
1775251947.138,live_session,1,782.2005103840912
1775251947.149,live_session,1,566.8983748412879
1775251947.159,live_session,1,288.4999363481324
1775251947.170,live_session,1,497.5640625904109
1775251947.180,live_session,1,734.3366219605193
1775251947.191,live_session,1,874.674953024861
1775251947.201,live_session,1,890.6368807665482
1775251947.212,live_session,1,779.0442928681367
1775251947.223,live_session,1,562.1159202921264
1775251947.233,live_session,1,283.0434591822349
1775251947.244,live_session,1,502.6081461474213
1775251947.255,live_session,1,737.9640056404915
1775251947.265,live_session,1,876.1634037153552
1775251947.276,live_session,1,889.6900393090767
1775251947.286,live_session,1,775.8506808841074
1775251947.297,live_session,1,557.3114044354819
1775251947.307,live_session,1,277.5846464036182
1775251947.318,live_session,1,507.63437458835926
1775251947.328,live_session,1,741.5568985326852
1775251947.339,live_session,1,877.6075952620961
1775251947.349,live_session,1,888.697982603893
1775251947.360,live_session,1,772.6199001662621
1775251947.370,live_session,1,552.4851668692243
1775251947.381,live_session,1,272.1238838578587
1775251947.392,live_session,1,512.642392644032
1775251947.402,live_session,1,745.1150466804465
1775251947.413,live_session,1,879.00742558521
1775251947.424,live_session,1,887.6607807725983
1775251947.434,live_session,1,769.3521790760598
1775251947.445,live_session,1,547.63754872658
1775251947.456,live_session,1,266.66155752834845
1775251947.466,live_session,1,517.6318463324122
1775251947.477,live_session,1,748.6381985829861
1775251947.488,live_session,1,880.3627957404098
1775251947.499,live_session,1,886.5785071277887
1775251947.509,live_session,1,766.0477485860171
1775251947.520,live_session,1,542.76889265202
1775251947.530,live_session,1,261.1980535090125
1775251947.608,live_session,1,255.7337579770185
1775251947.619,live_session,1,527.5536512650449
1775251947.629,live_session,1,755.5785200350515
1775251947.640,live_session,1,882.9397754895939
1775251947.650,live_session,1,884.2790535716722
1775251947.661,live_session,1,759.3296962536335
1775251947.671,live_session,1,532.9698446958396
1775251947.682,live_session,1,250.26905716548083
1775251947.692,live_session,1,0.0
1775251947.702,live_session,1,0.0
1775251947.713,live_session,1,0.0
1775251947.724,live_session,1,0.0
1775251947.734,live_session,1,0.0
1775251947.745,live_session,1,0.0
1775251947.756,live_session,1,0.0
1775251947.766,live_session,1,0.0
1775251947.776,live_session,1,0.0
1775251947.787,live_session,1,0.0
1775251947.798,live_session,1,0.0
1775251947.808,live_session,1,0.0
1775251947.819,live_session,1,0.0
1775251947.829,live_session,1,0.0
1775251947.840,live_session,1,0.0
1775251947.850,live_session,1,0.0
1775251947.861,live_session,1,0.0
1775251947.872,live_session,1,0.0
1775251947.882,live_session,1,0.0
1775251947.893,live_session,1,0.0
1775251947.903,live_session,1,0.0
1775251947.914,live_session,1,0.0
1775251947.925,live_session,1,0.0
1775251947.935,live_session,1,0.0
1775251947.946,live_session,1,0.0
1775251947.957,live_session,1,0.0
1775251947.967,live_session,1,0.0
1775251947.977,live_session,1,0.0
1775251947.988,live_session,1,0.0
1775251947.999,live_session,1,0.0
1775251948.009,live_session,1,0.0
1775251948.020,live_session,1,0.0
1775251948.030,live_session,1,0.0
1775251948.041,live_session,1,0.0
1775251948.051,live_session,1,0.0
1775251948.062,live_session,1,0.0
1775251948.072,live_session,1,0.0
1775251948.083,live_session,1,0.0
1775251948.093,live_session,1,0.0
1775251948.104,live_session,1,0.0
1775251948.114,live_session,1,0.0
1775251948.125,live_session,1,0.0
1775251948.202,live_session,1,0.0
1775251948.213,live_session,1,0.0
1775251948.223,live_session,1,0.0
1775251948.235,live_session,1,0.0
1775251948.245,live_session,1,0.0
1775251948.256,live_session,1,0.0
1775251948.267,live_session,1,0.0
1775251948.277,live_session,1,0.0
1775251948.287,live_session,1,0.0
1775251948.298,live_session,1,0.0
1775251948.309,live_session,1,0.0
1775251948.319,live_session,1,0.0
1775251948.330,live_session,1,0.0
1775251948.341,live_session,1,0.0
1775251948.351,live_session,1,0.0
1775251948.361,live_session,1,0.0
1775251948.372,live_session,1,0.0
1775251948.382,live_session,1,0.0
1775251948.393,live_session,1,0.0
1775251948.404,live_session,1,0.0
1775251948.414,live_session,1,0.0
1775251948.425,live_session,1,0.0
1775251948.435,live_session,1,0.0
1775251948.445,live_session,1,0.0
1775251948.456,live_session,1,0.0
1775251948.466,live_session,1,0.0
1775251948.477,live_session,1,0.0
1775251948.487,live_session,1,0.0
1775251948.498,live_session,1,0.0
1775251948.509,live_session,1,0.0
1775251948.519,live_session,1,0.0
1775251948.530,live_session,1,0.0
1775251948.540,live_session,1,0.0
1775251948.551,live_session,1,0.0
1775251948.561,live_session,1,0.0
1775251948.572,live_session,1,0.0
1775251948.582,live_session,1,0.0
1775251948.593,live_session,1,0.0
1775251948.604,live_session,1,0.0
1775251948.614,live_session,1,0.0
1775251948.625,live_session,1,0.0
1775251948.636,live_session,1,0.0
1775251948.646,live_session,1,0.0
1775251948.657,live_session,1,0.0
1775251948.668,live_session,1,0.0
1775251948.678,live_session,1,0.0
1775251948.689,live_session,1,0.0
1775251948.700,live_session,1,0.0
1775251948.710,live_session,1,0.0
1775251948.721,live_session,1,0.0
1775251948.795,live_session,1,0.0
1775251948.856,live_session,1,0.0
1775251948.957,live_session,1,0.0
1775251949.016,live_session,1,0.0
1775251949.074,live_session,1,0.0
1775251949.141,live_session,1,0.0
1775251949.197,live_session,1,0.0
1775251949.254,live_session,1,0.0
1775251949.318,live_session,1,0.0
1775251949.382,live_session,1,0.0
1775251949.446,live_session,1,0.0
1775251949.506,live_session,1,0.0
1775251949.562,live_session,1,0.0
1775251949.629,live_session,1,0.0
1775251949.685,live_session,1,0.0
1775251949.749,live_session,1,0.0
1775251949.806,live_session,1,0.0
1775251949.865,live_session,1,0.0
1775251949.920,live_session,1,0.0
1775251949.983,live_session,1,0.0
1775251950.043,live_session,1,0.0
1775251950.108,live_session,1,0.0
1775251950.165,live_session,1,0.0
1775251950.249,live_session,1,0.0
1775251950.303,live_session,1,0.0
1775251950.370,live_session,1,0.0
1775251950.433,live_session,1,0.0
1775251950.490,live_session,1,0.0
1775251950.546,live_session,1,0.0
1775251950.607,live_session,1,0.0
1775251950.662,live_session,1,0.0
1775251950.719,live_session,1,0.0
1775251950.778,live_session,1,0.0
1775251950.843,live_session,1,0.0
1775251950.898,live_session,1,0.0
1775251950.957,live_session,1,0.0
1775251951.014,live_session,1,0.0
1775251951.075,live_session,1,0.0
1775251951.141,live_session,1,0.0
1775251951.204,live_session,1,0.0
1775251951.257,live_session,1,0.0
1775251951.322,live_session,1,0.0
1775251951.405,live_session,1,0.0
1775251951.460,live_session,1,0.0
1775251951.514,live_session,1,0.0
1775251951.569,live_session,1,0.0
1775251951.666,live_session,1,0.0
1775251951.721,live_session,1,0.0
1775251951.778,live_session,1,0.0
1775251951.842,live_session,1,0.0
1775251951.899,live_session,1,0.0
1775251951.958,live_session,1,0.0
1775251952.031,live_session,1,0.0
1775251952.091,live_session,1,0.0
1775251952.149,live_session,1,0.0
1775251952.209,live_session,1,0.0
1775251952.266,live_session,1,0.0
1775251952.329,live_session,1,0.0
1775251952.390,live_session,1,0.0
1775251952.447,live_session,1,0.0
1775251952.506,live_session,1,0.0
1775251952.565,live_session,1,0.0
1775251952.628,live_session,1,0.0
1775251952.690,live_session,1,0.0
1775251952.746,live_session,1,0.0
1775251952.804,live_session,1,0.0
1775251952.859,live_session,1,0.0
1775251952.922,live_session,1,0.0
1775251953.000,live_session,1,0.0
1775251953.053,live_session,1,0.0
1775251953.110,live_session,1,0.0
1775251953.167,live_session,1,0.0
1775251953.226,live_session,1,0.0
1775251953.285,live_session,1,0.0
1775251953.342,live_session,1,0.0
1775251953.410,live_session,1,0.0
1775251953.467,live_session,1,0.0
1775251953.523,live_session,1,0.0
1775251953.582,live_session,1,0.0
1775251953.643,live_session,1,0.0
1775251953.702,live_session,1,0.0
1775251953.765,live_session,1,0.0
1775251953.821,live_session,1,0.0
1775251953.878,live_session,1,0.0
1775251953.937,live_session,1,0.0
1775251953.996,live_session,1,0.0
1775251954.059,live_session,1,0.0
1775251954.122,live_session,1,0.0
1775251954.179,live_session,1,0.0
1775251954.249,live_session,1,0.0
1775251954.326,live_session,1,0.0
1775251954.389,live_session,1,0.0
1775251954.446,live_session,1,0.0
1775251954.504,live_session,1,0.0
1775251954.565,live_session,1,0.0
1775251954.632,live_session,1,0.0
1775251954.697,live_session,1,0.0
1775251954.762,live_session,1,0.0
1775251954.817,live_session,1,0.0
1775251954.875,live_session,1,0.0
1775251954.932,live_session,1,0.0
1775251954.990,live_session,1,0.0
1775251955.052,live_session,1,0.0
1775251955.119,live_session,1,0.0
1775251955.175,live_session,1,0.0
1775251955.230,live_session,1,0.0
1775251955.287,live_session,1,0.0
1775251955.343,live_session,1,0.0
1775251955.400,live_session,1,0.0
1775251955.459,live_session,1,0.0
1775251955.517,live_session,1,0.0
1775251955.572,live_session,1,0.0
1775251955.634,live_session,1,0.0
1775251955.697,live_session,1,0.0
1775251955.784,live_session,1,0.0
1775251955.839,live_session,1,0.0
1775251955.900,live_session,1,0.0
1775251955.960,live_session,1,0.0
1775251956.021,live_session,1,0.0
1775251956.083,live_session,1,0.0
1775251956.142,live_session,1,0.0
1775251956.205,live_session,1,0.0
1775251956.271,live_session,1,0.0
1775251956.350,live_session,1,0.0
1775251956.453,live_session,1,0.0
1775251956.514,live_session,1,0.0
1775251956.577,live_session,1,0.0
1775251956.637,live_session,1,0.0
1775251956.709,live_session,1,0.0
1775251956.765,live_session,1,0.0
1775251956.827,live_session,1,0.0
1775251956.885,live_session,1,0.0
1775251956.947,live_session,1,0.0
1775251957.004,live_session,1,0.0
1775251957.072,live_session,1,0.0
1775251957.127,live_session,1,0.0
1775251957.193,live_session,1,0.0
1775251957.273,live_session,1,532.4853012057907
1775251957.329,live_session,1,255.1956626638399
1775251957.340,live_session,1,537.3969842218007
1775251957.350,live_session,1,762.3759006710001
1775251957.360,live_session,1,885.3378059272943
1775251957.371,live_session,1,881.8002720536853
1775251957.381,live_session,1,752.4676425454597
1775251957.391,live_session,1,523.0907934583995
1775251957.402,live_session,1,260.66001524783877
1775251957.412,live_session,1,542.2883531403031
1775251957.423,live_session,1,765.7203860254078
1775251957.434,live_session,1,886.469501301267
1775251957.444,live_session,1,880.4938503397567
1775251957.455,live_session,1,748.983219877972
1775251957.465,live_session,1,518.1221385837052
1775251957.476,live_session,1,266.1236143493689
1775251957.486,live_session,1,547.159062224388
1775251957.497,live_session,1,769.0284186862118
1775251957.507,live_session,1,887.5562090650001
1775251957.517,live_session,1,879.1428633928681
1775251957.528,live_session,1,745.4635275509545
1775251957.539,live_session,1,513.1345320165221
1775251957.549,live_session,1,271.5860737845419
1775251957.559,live_session,1,552.0087671974459
1775251957.570,live_session,1,772.2997648315499
1775251957.580,live_session,1,888.5978524066664
1775251957.591,live_session,1,877.7474067049071
1775251957.601,live_session,1,741.9088143470217
1775251957.611,live_session,1,508.128326296131
1775251957.622,live_session,1,277.0470074500243
1775251957.632,live_session,1,556.8371252675025
1775251957.643,live_session,1,775.5341932326747
1775251957.653,live_session,1,889.5943576997302
1775251957.664,live_session,1,876.3075789110188
1775251957.674,live_session,1,738.3193315241708
1775251957.685,live_session,1,503.10387527645764
1775251957.696,live_session,1,282.50602935032896
1775251957.706,live_session,1,561.6437951514476
1775251957.717,live_session,1,778.7314752702986
1775251957.727,live_session,1,890.5456545081504
1775251957.737,live_session,1,874.8234817826336
1775251957.748,live_session,1,734.6953327980219
1775251957.758,live_session,1,498.0615341010616
1775251957.769,live_session,1,287.962753625098
1775251957.780,live_session,1,566.4284370991581
1775251957.790,live_session,1,781.8913849507517
1775251957.800,live_session,1,891.4516755913603
1775251957.811,live_session,1,873.295220220274
1775251957.821,live_session,1,731.0370743238848
1775251957.832,live_session,1,493.00165917803326
1775251957.843,live_session,1,293.41679457637673
1775251957.901,live_session,1,727.3448146786525
1775251957.911,live_session,1,487.9246081548015
1775251957.922,live_session,1,298.86776669587596
1775251957.932,live_session,1,575.9302859942983
1775251957.943,live_session,1,788.0981964892176
1775251957.953,live_session,1,893.1276376255418
1775251957.964,live_session,1,870.1066389964718
1775251957.975,live_session,1,723.6188148425256
1775251957.985,live_session,1,482.830739892855
1775251957.996,live_session,1,304.315284692221
1775251958.006,live_session,1,580.6468213219978
1775251958.017,live_session,1,0.0
1775251958.027,live_session,1,0.0
1775251958.039,live_session,1,0.0
1775251958.049,live_session,1,0.0
1775251958.059,live_session,1,0.0
1775251958.070,live_session,1,0.0
1775251958.080,live_session,1,0.0
1775251958.091,live_session,1,0.0
1775251958.101,live_session,1,0.0
1775251958.112,live_session,1,0.0
1775251958.122,live_session,1,0.0
1775251958.133,live_session,1,0.0
1775251958.144,live_session,1,0.0
1775251958.154,live_session,1,0.0
1775251958.165,live_session,1,0.0
1775251958.175,live_session,1,0.0
1775251958.186,live_session,1,0.0
1775251958.196,live_session,1,0.0
1775251958.207,live_session,1,0.0
1775251958.217,live_session,1,0.0
1775251958.228,live_session,1,0.0
1775251958.239,live_session,1,0.0
1775251958.250,live_session,1,0.0
1775251958.260,live_session,1,0.0
1775251958.270,live_session,1,0.0
1775251958.281,live_session,1,0.0
1775251958.291,live_session,1,0.0
1775251958.302,live_session,1,0.0
1775251958.312,live_session,1,0.0
1775251958.322,live_session,1,0.0
1775251958.333,live_session,1,0.0
1775251958.343,live_session,1,0.0
1775251958.354,live_session,1,0.0
1775251958.364,live_session,1,0.0
1775251958.375,live_session,1,0.0
1775251958.386,live_session,1,0.0
1775251958.396,live_session,1,0.0
1775251958.407,live_session,1,0.0
1775251958.417,live_session,1,0.0
1775251958.482,live_session,1,0.0
1775251958.493,live_session,1,0.0
1775251958.503,live_session,1,0.0
1775251958.514,live_session,1,0.0
1775251958.524,live_session,1,0.0
1775251958.535,live_session,1,0.0
1775251958.546,live_session,1,0.0
1775251958.556,live_session,1,0.0
1775251958.567,live_session,1,0.0
1775251958.577,live_session,1,0.0
1775251958.588,live_session,1,0.0
1775251958.599,live_session,1,0.0
1775251958.609,live_session,1,0.0
1775251958.619,live_session,1,0.0
1775251958.630,live_session,1,0.0
1775251958.641,live_session,1,0.0
1775251958.651,live_session,1,0.0
1775251958.662,live_session,1,0.0
1775251958.672,live_session,1,0.0
1775251958.683,live_session,1,0.0
1775251958.693,live_session,1,0.0
1775251958.704,live_session,1,0.0
1775251958.714,live_session,1,0.0
1775251958.725,live_session,1,0.0
1775251958.735,live_session,1,0.0
1775251958.746,live_session,1,0.0
1775251958.756,live_session,1,0.0
1775251958.767,live_session,1,0.0
1775251958.783,live_session,1,0.0
1775251958.794,live_session,1,0.0
1775251958.805,live_session,1,0.0
1775251958.815,live_session,1,0.0
1775251958.826,live_session,1,0.0
1775251958.836,live_session,1,0.0
1775251958.846,live_session,1,0.0
1775251958.857,live_session,1,0.0
1775251958.868,live_session,1,0.0
1775251958.879,live_session,1,0.0
1775251958.890,live_session,1,0.0
1775251958.900,live_session,1,0.0
1775251958.911,live_session,1,0.0
1775251958.922,live_session,1,0.0
1775251958.932,live_session,1,0.0
1775251958.943,live_session,1,0.0
1775251958.953,live_session,1,0.0
1775251958.964,live_session,1,0.0
1775251958.974,live_session,1,0.0
1775251958.985,live_session,1,0.0
1775251958.995,live_session,1,0.0
1775251959.006,live_session,1,0.0
1775251959.071,live_session,1,0.0
1775251959.132,live_session,1,0.0
1775251959.195,live_session,1,0.0
1775251959.256,live_session,1,0.0
1775251959.313,live_session,1,0.0
1775251959.371,live_session,1,0.0
1775251959.438,live_session,1,0.0
1775251959.498,live_session,1,0.0
1775251959.566,live_session,1,0.0
1775251959.632,live_session,1,0.0
1775251959.714,live_session,1,0.0
1775251959.772,live_session,1,0.0
1775251959.829,live_session,1,0.0
1775251959.894,live_session,1,0.0
1775251959.960,live_session,1,0.0
1775251960.021,live_session,1,0.0
1775251960.077,live_session,1,0.0
1775251960.139,live_session,1,0.0
1775251960.197,live_session,1,0.0
1775251960.257,live_session,1,0.0
1775251960.318,live_session,1,0.0
1775251960.397,live_session,1,0.0
1775251960.458,live_session,1,791.1446596308147
1775251960.516,live_session,1,309.75896351818506
1775251960.526,live_session,1,585.3399855214748
1775251960.537,live_session,1,794.1528730134194
1775251960.547,live_session,1,894.6217699621659
1775251960.558,live_session,1,866.7427367383594
1775251960.569,live_session,1,716.0666504240712
1775251960.579,live_session,1,472.5939930167913
1775251960.590,live_session,1,315.1984183979057
1775251960.600,live_session,1,590.0094468655352
1775251960.611,live_session,1,797.1226240073129
1775251960.622,live_session,1,895.3005159724264
1775251960.632,live_session,1,712.2410196518146
1775251960.643,live_session,1,467.4518379672402
1775251960.653,live_session,1,467.4518379672402
1775251960.664,live_session,1,320.6332648540819
1775251960.674,live_session,1,594.6548753023753
1775251960.685,live_session,1,895.9336501693311
1775251960.696,live_session,1,863.2044645127146
1775251960.706,live_session,1,863.2044645127146
1775251960.717,live_session,1,708.3827162710725
1775251960.728,live_session,1,462.2943127569629
1775251960.739,live_session,1,326.0631187351501
1775251960.750,live_session,1,599.2759424789107
1775251960.760,live_session,1,802.945901918124
1775251960.771,live_session,1,896.5211278010195
1775251960.782,live_session,1,861.3702503583077
1775251960.792,live_session,1,704.4920129985242
1775251960.803,live_session,1,331.4875962424372
1775251960.813,live_session,1,331.4875962424372
1775251960.824,live_session,1,805.7990172279553
1775251960.834,live_session,1,805.7990172279553
1775251960.844,live_session,1,897.0629073427762
1775251960.855,live_session,1,859.4928226854541
1775251960.866,live_session,1,451.9346111134722
1775251960.876,live_session,1,451.9346111134722
1775251960.887,live_session,1,608.4436882714582
1775251960.897,live_session,1,608.4436882714582
1775251960.908,live_session,1,808.6128469639963
1775251960.918,live_session,1,897.5589504999671
1775251960.929,live_session,1,857.5723141964818
1775251960.940,live_session,1,446.7331669356438
1775251960.950,live_session,1,342.31888886816967
1775251960.961,live_session,1,342.31888886816967
1775251960.972,live_session,1,811.3871922361586
1775251960.982,live_session,1,811.3871922361586
1775251960.993,live_session,1,898.009222210745
1775251961.003,live_session,1,855.6088606388023
1775251961.014,live_session,1,692.6282652318923
1775251961.025,live_session,1,441.5178170561012
1775251961.036,live_session,1,617.5100922717754
1775251961.106,live_session,1,353.1240804298836
1775251961.116,live_session,1,622.004488923466
1775251961.127,live_session,1,816.8166477967671
1775251961.137,live_session,1,898.7723272242531
1775251961.152,live_session,1,851.5536764746022
1775251961.163,live_session,1,431.0468756962124
1775251961.173,live_session,1,358.5159333367421
1775251961.184,live_session,1,626.4725911605448
1775251961.195,live_session,1,626.4725911605448
1775251961.206,live_session,1,0.0
1775251961.216,live_session,1,0.0
1775251961.227,live_session,1,0.0
1775251961.237,live_session,1,0.0
1775251961.247,live_session,1,0.0
1775251961.258,live_session,1,0.0
1775251961.268,live_session,1,0.0
1775251961.279,live_session,1,0.0
1775251961.290,live_session,1,0.0
1775251961.300,live_session,1,0.0
1775251961.311,live_session,1,0.0
1775251961.322,live_session,1,0.0
1775251961.333,live_session,1,0.0
1775251961.344,live_session,1,0.0
1775251961.354,live_session,1,0.0
1775251961.364,live_session,1,0.0
1775251961.374,live_session,1,0.0
1775251961.385,live_session,1,0.0
1775251961.395,live_session,1,0.0
1775251961.406,live_session,1,0.0
1775251961.416,live_session,1,0.0
1775251961.427,live_session,1,0.0
1775251961.438,live_session,1,0.0
1775251961.448,live_session,1,0.0
1775251961.459,live_session,1,0.0
1775251961.469,live_session,1,0.0
1775251961.480,live_session,1,0.0
1775251961.490,live_session,1,0.0
1775251961.501,live_session,1,0.0
1775251961.511,live_session,1,0.0
1775251961.522,live_session,1,0.0
1775251961.532,live_session,1,0.0
1775251961.543,live_session,1,0.0
1775251961.554,live_session,1,0.0
1775251961.564,live_session,1,0.0
1775251961.575,live_session,1,0.0
1775251961.585,live_session,1,0.0
1775251961.595,live_session,1,0.0
1775251961.606,live_session,1,0.0
1775251961.616,live_session,1,0.0
1775251961.627,live_session,1,0.0
1775251961.689,live_session,1,0.0
1775251961.699,live_session,1,0.0
1775251961.710,live_session,1,0.0
1775251961.720,live_session,1,0.0
1775251961.730,live_session,1,0.0
1775251961.741,live_session,1,0.0
1775251961.752,live_session,1,0.0
1775251961.762,live_session,1,0.0
1775251961.772,live_session,1,0.0
1775251961.783,live_session,1,0.0
1775251961.794,live_session,1,0.0
1775251961.804,live_session,1,0.0
1775251961.815,live_session,1,0.0
1775251961.826,live_session,1,0.0
1775251961.836,live_session,1,0.0
1775251961.847,live_session,1,0.0
1775251961.858,live_session,1,0.0
1775251961.868,live_session,1,0.0
1775251961.879,live_session,1,0.0
1775251961.889,live_session,1,0.0
1775251961.900,live_session,1,0.0
1775251961.910,live_session,1,0.0
1775251961.920,live_session,1,0.0
1775251961.931,live_session,1,0.0
1775251961.941,live_session,1,0.0
1775251961.952,live_session,1,0.0
1775251961.962,live_session,1,0.0
1775251961.973,live_session,1,0.0
1775251961.983,live_session,1,0.0
1775251961.994,live_session,1,0.0
1775251962.004,live_session,1,0.0
1775251962.015,live_session,1,0.0
1775251962.025,live_session,1,0.0
1775251962.036,live_session,1,0.0
1775251962.047,live_session,1,0.0
1775251962.057,live_session,1,0.0
1775251962.068,live_session,1,0.0
1775251962.078,live_session,1,0.0
1775251962.089,live_session,1,0.0
1775251962.100,live_session,1,0.0
1775251962.110,live_session,1,0.0
1775251962.121,live_session,1,0.0
1775251962.131,live_session,1,0.0
1775251962.142,live_session,1,0.0
1775251962.152,live_session,1,0.0
1775251962.163,live_session,1,0.0
1775251962.173,live_session,1,0.0
1775251962.183,live_session,1,0.0
1775251962.194,live_session,1,0.0
1775251962.205,live_session,1,0.0
1775251962.266,live_session,1,0.0
1775251962.326,live_session,1,0.0
1775251962.382,live_session,1,0.0
1775251962.483,live_session,1,0.0
1775251962.570,live_session,1,0.0
1775251962.647,live_session,1,0.0
1775251962.722,live_session,1,0.0
1775251962.790,live_session,1,0.0
1775251962.854,live_session,1,0.0
1775251962.942,live_session,1,0.0
1775251963.006,live_session,1,0.0
1775251963.067,live_session,1,0.0
1775251963.124,live_session,1,0.0
1775251963.186,live_session,1,0.0
1775251963.246,live_session,1,0.0
1775251963.306,live_session,1,0.0
1775251963.369,live_session,1,0.0
1775251963.440,live_session,1,0.0
1775251963.506,live_session,1,0.0
1775251963.573,live_session,1,0.0
1775251963.632,live_session,1,0.0
1775251963.689,live_session,1,0.0
1775251963.751,live_session,1,0.0
1775251963.812,live_session,1,0.0
1775251963.868,live_session,1,0.0
1775251963.953,live_session,1,0.0
1775251964.011,live_session,1,0.0
1775251964.081,live_session,1,0.0
1775251964.137,live_session,1,0.0
1775251964.196,live_session,1,0.0
1775251964.254,live_session,1,0.0
1775251964.322,live_session,1,0.0
1775251964.388,live_session,1,0.0
1775251964.452,live_session,1,0.0
1775251964.513,live_session,1,0.0
1775251964.571,live_session,1,0.0
1775251964.638,live_session,1,0.0
1775251964.702,live_session,1,0.0
1775251964.757,live_session,1,0.0
1775251964.814,live_session,1,0.0
1775251964.870,live_session,1,0.0
1775251964.935,live_session,1,0.0
1775251964.994,live_session,1,0.0
1775251965.060,live_session,1,0.0
1775251965.126,live_session,1,0.0
1775251965.200,live_session,1,0.0
1775251965.265,live_session,1,0.0
1775251965.345,live_session,1,0.0
1775251965.403,live_session,1,0.0
1775251965.460,live_session,1,0.0
1775251965.533,live_session,1,0.0
1775251965.624,live_session,1,0.0
1775251965.680,live_session,1,0.0
1775251965.739,live_session,1,0.0
1775251965.794,live_session,1,0.0
1775251965.864,live_session,1,0.0
1775251965.925,live_session,1,0.0
1775251965.981,live_session,1,0.0
1775251966.036,live_session,1,0.0
1775251966.097,live_session,1,0.0
1775251966.157,live_session,1,0.0
1775251966.217,live_session,1,0.0
1775251966.272,live_session,1,0.0
1775251966.329,live_session,1,0.0
1775251966.389,live_session,1,0.0
1775251966.455,live_session,1,0.0
1775251966.515,live_session,1,0.0
1775251966.586,live_session,1,0.0
1775251966.642,live_session,1,0.0
1775251966.717,live_session,1,0.0
1775251966.770,live_session,1,0.0
1775251966.828,live_session,1,0.0
1775251966.886,live_session,1,0.0
1775251966.944,live_session,1,0.0
1775251966.999,live_session,1,0.0
1775251967.058,live_session,1,0.0
1775251967.117,live_session,1,0.0
1775251967.173,live_session,1,0.0
1775251967.233,live_session,1,0.0
1775251967.292,live_session,1,0.0
1775251967.348,live_session,1,0.0
1775251967.409,live_session,1,0.0
1775251967.476,live_session,1,0.0
1775251967.532,live_session,1,0.0
1775251967.589,live_session,1,0.0
1775251967.650,live_session,1,0.0
1775251967.708,live_session,1,0.0
1775251967.778,live_session,1,0.0
1775251967.841,live_session,1,0.0
1775251967.962,live_session,1,0.0
1775251968.022,live_session,1,0.0
1775251968.082,live_session,1,0.0
1775251968.150,live_session,1,0.0
1775251968.214,live_session,1,0.0
1775251968.272,live_session,1,0.0
1775251968.333,live_session,1,0.0
1775251968.398,live_session,1,0.0
1775251968.459,live_session,1,0.0
1775251968.520,live_session,1,0.0
1775251968.575,live_session,1,0.0
1775251968.634,live_session,1,0.0
1775251968.697,live_session,1,0.0
1775251968.754,live_session,1,0.0
1775251968.811,live_session,1,0.0
1775251968.882,live_session,1,0.0
1775251968.936,live_session,1,0.0
1775251969.003,live_session,1,0.0
1775251969.063,live_session,1,0.0
1775251969.120,live_session,1,0.0
1775251969.182,live_session,1,0.0
1775251969.242,live_session,1,0.0
1775251969.306,live_session,1,0.0
1775251969.362,live_session,1,0.0
1775251969.424,live_session,1,0.0
1775251969.481,live_session,1,0.0
1775251969.569,live_session,1,0.0
1775251969.628,live_session,1,0.0
1775251969.693,live_session,1,0.0
1775251969.754,live_session,1,0.0
1775251969.813,live_session,1,0.0
1775251969.868,live_session,1,0.0
1775251969.927,live_session,1,0.0
1775251969.984,live_session,1,0.0
1775251970.051,live_session,1,0.0
1775251970.110,live_session,1,0.0
1775251970.166,live_session,1,0.0
1775251970.225,live_session,1,0.0
1775251970.289,live_session,1,849.4622325008963
1775251970.350,live_session,1,899.3520066327316
1775251970.360,live_session,1,847.3284167038526
1775251970.371,live_session,1,676.3732773150672
1775251970.381,live_session,1,420.52474745408483
1775251970.392,live_session,1,369.2762478661601
1775251970.402,live_session,1,635.328650995253
1775251970.412,live_session,1,824.6598866181267
1775251970.423,live_session,1,899.5730084919729
1775251970.433,live_session,1,845.1523799080952
1775251970.444,live_session,1,672.2334634011208
1775251970.454,live_session,1,415.24541736365745
1775251970.465,live_session,1,374.6439489167909
1775251970.476,live_session,1,639.7159826194977
1775251970.486,live_session,1,827.1933056637188
1775251970.497,live_session,1,899.7480965450249
1775251970.508,live_session,1,842.9342759225578
1775251970.518,live_session,1,668.0638047350806
1775251970.529,live_session,1,409.9544072219236
1775251970.540,live_session,1,380.0028397520366
1775251970.550,live_session,1,644.0757679266064
1775251970.561,live_session,1,899.8772584161287
1775251970.572,live_session,1,840.6742615296116
1775251970.583,live_session,1,663.8645960411691
1775251970.593,live_session,1,404.6520910136563
1775251970.604,live_session,1,385.352541589109
1775251970.614,live_session,1,385.352541589109
1775251970.625,live_session,1,832.1375742062936
1775251970.636,live_session,1,899.9604849757284
1775251970.647,live_session,1,899.9604849757284
1775251970.657,live_session,1,838.3724964739831
1775251970.668,live_session,1,399.338843522776
1775251970.678,live_session,1,390.6926762947266
1775251970.689,live_session,1,390.6926762947266
1775251970.699,live_session,1,652.7114689064368
1775251970.710,live_session,1,834.5480742272598
1775251970.720,live_session,1,899.9977703411162
1775251970.731,live_session,1,655.378717889074
1775251970.742,live_session,1,394.0150403058597
1775251970.752,live_session,1,396.02286641184185
1775251970.762,live_session,1,656.9867741814112
1775251970.773,live_session,1,836.9172566031922
1775251970.784,live_session,1,899.9891118768484
1775251970.795,live_session,1,833.6443680974105
1775251970.805,live_session,1,651.0926482387022
1775251970.816,live_session,1,388.6810576655953
1775251970.827,live_session,1,401.34273518632125
1775251970.838,live_session,1,661.2333123868998
1775251970.848,live_session,1,839.244953873037
1775251970.859,live_session,1,899.9345101949319
1775251970.869,live_session,1,0.0
1775251970.962,live_session,1,0.0
1775251970.972,live_session,1,0.0
1775251970.983,live_session,1,0.0
1775251970.993,live_session,1,0.0
1775251971.004,live_session,1,0.0
1775251971.014,live_session,1,0.0
1775251971.025,live_session,1,0.0
1775251971.035,live_session,1,0.0
1775251971.046,live_session,1,0.0
1775251971.056,live_session,1,0.0
1775251971.067,live_session,1,0.0
1775251971.077,live_session,1,0.0
1775251971.087,live_session,1,0.0
1775251971.098,live_session,1,0.0
1775251971.108,live_session,1,0.0
1775251971.119,live_session,1,0.0
1775251971.129,live_session,1,0.0
1775251971.139,live_session,1,0.0
1775251971.150,live_session,1,0.0
1775251971.160,live_session,1,0.0
1775251971.171,live_session,1,0.0
1775251971.181,live_session,1,0.0
1775251971.192,live_session,1,0.0
1775251971.202,live_session,1,0.0
1775251971.213,live_session,1,0.0
1775251971.224,live_session,1,0.0
1775251971.234,live_session,1,0.0
1775251971.245,live_session,1,0.0
1775251971.256,live_session,1,0.0
1775251971.266,live_session,1,0.0
1775251971.277,live_session,1,0.0
1775251971.288,live_session,1,0.0
1775251971.298,live_session,1,0.0
1775251971.309,live_session,1,0.0
1775251971.319,live_session,1,0.0
1775251971.330,live_session,1,0.0
1775251971.340,live_session,1,0.0
1775251971.351,live_session,1,0.0
1775251971.361,live_session,1,0.0
1775251971.371,live_session,1,0.0
1775251971.382,live_session,1,0.0
1775251971.393,live_session,1,0.0
1775251971.403,live_session,1,0.0
1775251971.414,live_session,1,0.0
1775251971.425,live_session,1,0.0
1775251971.436,live_session,1,0.0
1775251971.446,live_session,1,0.0
1775251971.457,live_session,1,0.0
1775251971.468,live_session,1,0.0
1775251971.478,live_session,1,0.0
1775251971.556,live_session,1,0.0
1775251971.618,live_session,1,0.0
1775251971.677,live_session,1,0.0
1775251971.750,live_session,1,0.0
1775251971.805,live_session,1,0.0
1775251971.871,live_session,1,0.0
1775251971.931,live_session,1,0.0
1775251971.998,live_session,1,0.0
1775251972.068,live_session,1,0.0
1775251972.141,live_session,1,0.0
1775251972.198,live_session,1,0.0
1775251972.258,live_session,1,0.0
1775251972.315,live_session,1,0.0
1775251972.379,live_session,1,0.0
1775251972.472,live_session,1,665.4507833645991
1775251972.527,live_session,1,411.95000536513714
1775251972.538,live_session,1,669.6388890107665
1775251972.548,live_session,1,843.7752379233497
1775251972.559,live_session,1,899.6874958629423
1775251972.569,live_session,1,826.2432082457633
1775251972.580,live_session,1,638.0655583676787
1775251972.591,live_session,1,372.62180686434044
1775251972.601,live_session,1,417.2366570151877
1775251972.612,live_session,1,673.7973332972905
1775251972.622,live_session,1,845.9775044894902
1775251972.633,live_session,1,899.4951006725973
1775251972.643,live_session,1,823.6944582963172
1775251972.654,live_session,1,633.6679245448231
1775251972.665,live_session,1,367.2508835477897
1775251972.675,live_session,1,422.51148786702527
1775251972.686,live_session,1,677.9258222926151
1775251972.696,live_session,1,848.1376455435227
1775251972.707,live_session,1,899.256797182826
1775251972.717,live_session,1,821.1051578685942
1775251972.728,live_session,1,629.2431719000673
1775251972.738,live_session,1,361.871672580317
1775251972.749,live_session,1,427.77412507947844
1775251972.759,live_session,1,682.0240641825162
1775251972.769,live_session,1,850.2555084000732
1775251972.780,live_session,1,898.9726022376473
1775251972.791,live_session,1,818.475489982265
1775251972.801,live_session,1,624.7916131884558
1775251972.811,live_session,1,624.7916131884558
1775251972.822,live_session,1,356.48455418099945
1775251972.833,live_session,1,433.0241966732596
1775251972.844,live_session,1,686.0917692907274
1775251972.854,live_session,1,852.3309433621198
1775251972.864,live_session,1,815.8056405102952
1775251972.875,live_session,1,620.3135630597681
1775251972.886,live_session,1,620.3135630597681
1775251972.896,live_session,1,438.26133155725734
1775251972.907,live_session,1,690.1286500994152
1775251972.917,live_session,1,690.1286500994152
1775251972.927,live_session,1,854.3638037315744
1775251972.938,live_session,1,898.266621574467
1775251972.949,live_session,1,813.0957981658083
1775251972.960,live_session,1,615.8093380362784
1775251972.970,live_session,1,345.6881187308308
1775251972.981,live_session,1,694.1344212695022
1775251972.991,live_session,1,694.1344212695022
1775251973.002,live_session,1,856.3539458196508
1775251973.013,live_session,1,897.8448857573371
1775251973.023,live_session,1,0.0
1775251973.033,live_session,1,0.0
1775251973.044,live_session,1,0.0
1775251973.103,live_session,1,0.0
1775251973.114,live_session,1,0.0
1775251973.125,live_session,1,0.0
1775251973.136,live_session,1,0.0
1775251973.147,live_session,1,0.0
1775251973.157,live_session,1,0.0
1775251973.167,live_session,1,0.0
1775251973.178,live_session,1,0.0
1775251973.189,live_session,1,0.0
1775251973.199,live_session,1,0.0
1775251973.210,live_session,1,0.0
1775251973.220,live_session,1,0.0
1775251973.231,live_session,1,0.0
1775251973.242,live_session,1,0.0
1775251973.252,live_session,1,0.0
1775251973.262,live_session,1,0.0
1775251973.273,live_session,1,0.0
1775251973.284,live_session,1,0.0
1775251973.294,live_session,1,0.0
1775251973.304,live_session,1,0.0
1775251973.315,live_session,1,0.0
1775251973.326,live_session,1,0.0
1775251973.336,live_session,1,0.0
1775251973.347,live_session,1,0.0
1775251973.357,live_session,1,0.0
1775251973.368,live_session,1,0.0
1775251973.378,live_session,1,0.0
1775251973.388,live_session,1,0.0
1775251973.399,live_session,1,0.0
1775251973.409,live_session,1,0.0
1775251973.420,live_session,1,0.0
1775251973.431,live_session,1,0.0
1775251973.441,live_session,1,0.0
1775251973.452,live_session,1,0.0
1775251973.463,live_session,1,0.0
1775251973.473,live_session,1,0.0
1775251973.484,live_session,1,0.0
1775251973.495,live_session,1,0.0
1775251973.505,live_session,1,0.0
1775251973.516,live_session,1,0.0
1775251973.526,live_session,1,0.0
1775251973.536,live_session,1,0.0
1775251973.547,live_session,1,0.0
1775251973.557,live_session,1,0.0
1775251973.567,live_session,1,0.0
1775251973.578,live_session,1,0.0
1775251973.589,live_session,1,0.0
1775251973.599,live_session,1,0.0
1775251973.610,live_session,1,0.0
1775251973.620,live_session,1,0.0
1775251973.690,live_session,1,0.0
1775251973.757,live_session,1,0.0
1775251973.819,live_session,1,0.0
1775251973.879,live_session,1,0.0
1775251973.937,live_session,1,0.0
1775251973.995,live_session,1,0.0
1775251974.056,live_session,1,0.0
1775251974.116,live_session,1,0.0
1775251974.179,live_session,1,0.0
1775251974.235,live_session,1,0.0
1775251974.293,live_session,1,0.0
1775251974.351,live_session,1,0.0
1775251974.419,live_session,1,0.0
1775251974.480,live_session,1,698.1087996608352
1775251974.536,live_session,1,334.8646296436067
1775251974.547,live_session,1,453.8914189124539
1775251974.558,live_session,1,702.0515043521985
1775251974.568,live_session,1,860.205515503762
1775251974.578,live_session,1,896.8640721977754
1775251974.589,live_session,1,804.7282433493237
1775251974.599,live_session,1,602.1428064364084
1775251974.609,live_session,1,329.4436959906868
1775251974.620,live_session,1,459.0731147264057
1775251974.631,live_session,1,705.9622566611705
1775251974.641,live_session,1,862.066670859076
1775251974.652,live_session,1,896.3050637822446
1775251974.662,live_session,1,801.8603729780989
1775251974.673,live_session,1,597.5370837205542
1775251974.684,live_session,1,324.01714701444996
1775251974.694,live_session,1,464.24003261340636
1775251974.705,live_session,1,709.8407801638216
1775251974.715,live_session,1,863.8845634708131
1775251974.726,live_session,1,895.7003725488479
1775251974.737,live_session,1,798.9534954285012
1775251974.747,live_session,1,592.9067960210925
1775251974.757,live_session,1,318.5853662799684
1775251974.767,live_session,1,469.39180735990266
1775251974.778,live_session,1,713.6868007142527
1775251974.789,live_session,1,865.6590648447659
1775251974.799,live_session,1,895.0500412390099
1775251974.810,live_session,1,796.0078161675231
1775251974.821,live_session,1,588.2522706209138
1775251974.831,live_session,1,313.14873772211115
1775251974.842,live_session,1,474.528074822705
1775251974.852,live_session,1,717.5000464639727
1775251974.863,live_session,1,867.3900495537519
1775251974.873,live_session,1,894.3541158201363
1775251974.884,live_session,1,793.0235434047804
1775251974.895,live_session,1,583.5738365161042
1775251974.905,live_session,1,307.70764561840605
1775251974.916,live_session,1,479.6484719547258
1775251974.926,live_session,1,721.2802478811141
1775251974.937,live_session,1,869.0773952464797
1775251974.947,live_session,1,893.6126454823632
1775251974.958,live_session,1,790.0008880777959
1775251974.968,live_session,1,578.8718243926893
1775251974.979,live_session,1,302.26247456187826
1775251974.989,live_session,1,484.7526368306412
1775251975.000,live_session,1,725.027137769483
1775251975.011,live_session,1,870.7209826561971
1775251975.023,live_session,1,892.825682635081
1775251975.034,live_session,1,786.9400638370895
1775251975.048,live_session,1,0.0
1775251975.060,live_session,1,0.0
1775251975.123,live_session,1,0.0
1775251975.133,live_session,1,0.0
1775251975.143,live_session,1,0.0
1775251975.154,live_session,1,0.0
1775251975.164,live_session,1,0.0
1775251975.175,live_session,1,0.0
1775251975.185,live_session,1,0.0
1775251975.195,live_session,1,0.0
1775251975.206,live_session,1,0.0
1775251975.216,live_session,1,0.0
1775251975.227,live_session,1,0.0
1775251975.237,live_session,1,0.0
1775251975.248,live_session,1,0.0
1775251975.258,live_session,1,0.0
1775251975.268,live_session,1,0.0
1775251975.279,live_session,1,0.0
1775251975.290,live_session,1,0.0
1775251975.300,live_session,1,0.0
1775251975.311,live_session,1,0.0
1775251975.321,live_session,1,0.0
1775251975.332,live_session,1,0.0
1775251975.342,live_session,1,0.0
1775251975.353,live_session,1,0.0
1775251975.363,live_session,1,0.0
1775251975.374,live_session,1,0.0
1775251975.385,live_session,1,0.0
1775251975.395,live_session,1,0.0
1775251975.406,live_session,1,0.0
1775251975.417,live_session,1,0.0
1775251975.427,live_session,1,0.0
1775251975.438,live_session,1,0.0
1775251975.448,live_session,1,0.0
1775251975.459,live_session,1,0.0
1775251975.470,live_session,1,0.0
1775251975.480,live_session,1,0.0
1775251975.491,live_session,1,0.0
1775251975.502,live_session,1,0.0
1775251975.512,live_session,1,0.0
1775251975.523,live_session,1,0.0
1775251975.534,live_session,1,0.0
1775251975.544,live_session,1,0.0
1775251975.555,live_session,1,0.0
1775251975.566,live_session,1,0.0
1775251975.576,live_session,1,0.0
1775251975.587,live_session,1,0.0
1775251975.598,live_session,1,0.0
1775251975.609,live_session,1,0.0
1775251975.619,live_session,1,0.0
1775251975.630,live_session,1,0.0
1775251975.640,live_session,1,0.0
1775251975.711,live_session,1,0.0
1775251975.773,live_session,1,0.0
1775251975.847,live_session,1,0.0
1775251975.905,live_session,1,0.0
1775251975.964,live_session,1,0.0
1775251976.028,live_session,1,0.0
1775251976.097,live_session,1,0.0
1775251976.152,live_session,1,0.0
1775251976.223,live_session,1,0.0
1775251976.280,live_session,1,0.0
1775251976.340,live_session,1,0.0
1775251976.402,live_session,1,0.0
1775251976.480,live_session,1,0.0
1775251976.534,live_session,1,0.0
1775251976.598,live_session,1,0.0
1775251976.657,live_session,1,0.0
1775251976.715,live_session,1,0.0
1775251976.774,live_session,1,0.0
1775251976.841,live_session,1,0.0
1775251976.908,live_session,1,0.0
1775251976.966,live_session,1,0.0
1775251977.025,live_session,1,0.0
1775251977.083,live_session,1,489.8402086724727
1775251977.146,live_session,1,291.3614353768142
1775251977.156,live_session,1,494.91082787508833
1775251977.167,live_session,1,732.4199259666536
1775251977.177,live_session,1,873.8764210326488
1775251977.187,live_session,1,891.115505123367
1775251977.198,live_session,1,780.7047766907749
1775251977.209,live_session,1,564.6276516285036
1775251977.220,live_session,1,285.90633776705545
1775251977.230,live_session,1,499.96413603162017
1775251977.241,live_session,1,736.0653017305834
1775251977.251,live_session,1,875.3880489633515
1775251977.261,live_session,1,890.1924113395106
1775251977.272,live_session,1,777.5307545143255
1775251977.282,live_session,1,559.8346672691861
1775251977.293,live_session,1,280.44870218756637
1775251977.303,live_session,1,504.9997759587983
1775251977.314,live_session,1,739.6763209129324
1775251977.325,live_session,1,876.8554725547455
1775251977.336,live_session,1,889.2240667987509
1775251977.347,live_session,1,774.3194448513194
1775251977.357,live_session,1,555.0197828483238
1775251977.368,live_session,1,274.9889144007154
1775251977.378,live_session,1,510.0173917221971
1775251977.389,live_session,1,743.2527282758244
1775251977.400,live_session,1,878.2785880848447
1775251977.410,live_session,1,888.2105399466408
1775251977.420,live_session,1,771.0710746869416
1775251977.431,live_session,1,550.1833386966682
1775251977.442,live_session,1,269.52736032099557
1775251977.452,live_session,1,515.016628661394
1775251977.463,live_session,1,746.7942710278533
1775251977.473,live_session,1,879.6572949634927
1775251977.484,live_session,1,887.1519024223568
1775251977.494,live_session,1,767.7858736259269
1775251977.505,live_session,1,545.3256766688787
1775251977.515,live_session,1,264.064425987747
1775251977.526,live_session,1,519.9971334150378
1775251977.536,live_session,1,750.3006988419493
1775251977.547,live_session,1,880.9914957394723
1775251977.557,live_session,1,886.0482290536355
1775251977.568,live_session,1,764.4640738763297
1775251977.578,live_session,1,540.4471401193588
1775251977.589,live_session,1,258.60049753787024
1775251977.599,live_session,1,524.9585539458255
1775251977.610,live_session,1,753.7717638730746
1775251977.621,live_session,1,882.2810961073934
1775251977.631,live_session,1,761.1059102331124
1775251977.642,live_session,1,535.5480738779868
1775251977.652,live_session,1,253.13596117853305
1775251977.663,live_session,1,0.0
1775251977.725,live_session,1,0.0
1775251977.736,live_session,1,0.0
1775251977.753,live_session,1,0.0
1775251977.764,live_session,1,0.0
1775251977.774,live_session,1,0.0
1775251977.786,live_session,1,0.0
1775251977.805,live_session,1,0.0
1775251977.815,live_session,1,0.0
1775251977.826,live_session,1,0.0
1775251977.837,live_session,1,0.0
1775251977.848,live_session,1,0.0
1775251977.858,live_session,1,0.0
1775251977.869,live_session,1,0.0
1775251977.879,live_session,1,0.0
1775251977.889,live_session,1,0.0
1775251977.900,live_session,1,0.0
1775251977.910,live_session,1,0.0
1775251977.921,live_session,1,0.0
1775251977.932,live_session,1,0.0
1775251977.942,live_session,1,0.0
1775251977.953,live_session,1,0.0
1775251977.963,live_session,1,0.0
1775251977.974,live_session,1,0.0
1775251977.985,live_session,1,0.0
1775251977.995,live_session,1,0.0
1775251978.006,live_session,1,0.0
1775251978.016,live_session,1,0.0
1775251978.027,live_session,1,0.0
1775251978.037,live_session,1,0.0
1775251978.048,live_session,1,0.0
1775251978.058,live_session,1,0.0
1775251978.069,live_session,1,0.0
1775251978.080,live_session,1,0.0
1775251978.090,live_session,1,0.0
1775251978.100,live_session,1,0.0
1775251978.111,live_session,1,0.0
1775251978.122,live_session,1,0.0
1775251978.133,live_session,1,0.0
1775251978.143,live_session,1,0.0
1775251978.154,live_session,1,0.0
1775251978.164,live_session,1,0.0
1775251978.174,live_session,1,0.0
1775251978.185,live_session,1,0.0
1775251978.195,live_session,1,0.0
1775251978.206,live_session,1,0.0
1775251978.216,live_session,1,0.0
1775251978.227,live_session,1,0.0
1775251978.237,live_session,1,0.0
1775251978.248,live_session,1,0.0
1775251978.258,live_session,1,0.0
1775251978.321,live_session,1,0.0
1775251978.379,live_session,1,0.0
1775251978.441,live_session,1,0.0
1775251978.512,live_session,1,0.0
1775251978.575,live_session,1,0.0
1775251978.645,live_session,1,0.0
1775251978.701,live_session,1,0.0
1775251978.766,live_session,1,0.0
1775251978.826,live_session,1,0.0
1775251978.890,live_session,1,0.0
1775251978.959,live_session,1,0.0
1775251979.026,live_session,1,0.0
1775251979.082,live_session,1,0.0
1775251979.158,live_session,1,0.0
1775251979.214,live_session,1,0.0
1775251979.275,live_session,1,0.0
1775251979.337,live_session,1,0.0
1775251979.398,live_session,1,0.0
1775251979.458,live_session,1,0.0
1775251979.519,live_session,1,0.0
1775251979.583,live_session,1,0.0
1775251979.639,live_session,1,0.0
1775251979.698,live_session,1,0.0
1775251979.756,live_session,1,0.0
1775251979.815,live_session,1,0.0
1775251979.881,live_session,1,0.0
1775251979.941,live_session,1,0.0
1775251979.999,live_session,1,0.0
1775251980.062,live_session,1,0.0
1775251980.154,live_session,1,0.0
1775251980.213,live_session,1,0.0
1775251980.274,live_session,1,0.0
1775251980.336,live_session,1,0.0
1775251980.396,live_session,1,0.0
1775251980.461,live_session,1,0.0
1775252020.098,live_session,1,0.0
1775252020.109,live_session,1,0.0
1775252020.119,live_session,1,0.0
1775252020.129,live_session,1,0.0
1775252020.140,live_session,1,0.0
1775252020.151,live_session,1,0.0
1775252020.161,live_session,1,0.0
1775252020.171,live_session,1,0.0
1775252020.182,live_session,1,0.0
1775252020.193,live_session,1,0.0
1775252020.204,live_session,1,0.0
1775252020.214,live_session,1,0.0
1775252020.225,live_session,1,0.0
1775252020.236,live_session,1,0.0
1775252020.246,live_session,1,0.0
1775252020.256,live_session,1,0.0
1775252020.267,live_session,1,0.0
1775252020.277,live_session,1,0.0
1775252020.288,live_session,1,0.0
1775252020.298,live_session,1,0.0
1775252020.309,live_session,1,0.0
1775252020.320,live_session,1,0.0
1775252020.330,live_session,1,0.0
1775252020.340,live_session,1,0.0
1775252020.350,live_session,1,0.0
1775252020.361,live_session,1,0.0
1775252020.372,live_session,1,0.0
1775252020.383,live_session,1,0.0
1775252020.393,live_session,1,0.0
1775252020.404,live_session,1,0.0
1775252020.415,live_session,1,0.0
1775252020.425,live_session,1,0.0
1775252020.436,live_session,1,0.0
1775252020.446,live_session,1,0.0
1775252020.457,live_session,1,0.0
1775252020.467,live_session,1,0.0
1775252020.479,live_session,1,0.0
1775252020.489,live_session,1,0.0
1775252020.500,live_session,1,0.0
1775252020.510,live_session,1,0.0
1775252020.524,live_session,1,0.0
1775252020.537,live_session,1,0.0
1775252020.548,live_session,1,0.0
1775252020.558,live_session,1,0.0
1775252020.569,live_session,1,0.0
1775252020.580,live_session,1,0.0
1775252020.591,live_session,1,0.0
1775252020.602,live_session,1,0.0
1775252020.612,live_session,1,0.0
1775252020.623,live_session,1,0.0
1775252020.708,live_session,1,0.0
1775252020.767,live_session,1,0.0
1775252020.825,live_session,1,0.0
1775252020.883,live_session,1,0.0
1775252020.942,live_session,1,0.0
1775252021.000,live_session,1,0.0
1775252021.065,live_session,1,0.0
1775252021.122,live_session,1,0.0
1775252021.183,live_session,1,0.0
1775252021.243,live_session,1,0.0
1775252021.302,live_session,1,0.0
1775252021.361,live_session,1,0.0
1775252021.421,live_session,1,0.0
1775252021.483,live_session,1,532.7275971722996
1775252021.546,live_session,1,255.4647107886469
1775252021.556,live_session,1,537.6382881416544
1775252021.567,live_session,1,762.5414153770271
1775252021.577,live_session,1,885.3945764823133
1775252021.588,live_session,1,881.7369951111834
1775252021.599,live_session,1,752.2969169113912
1775252021.609,live_session,1,522.8466115959077
1775252021.620,live_session,1,260.92903531482847
1775252021.631,live_session,1,542.5286479574024
1775252021.641,live_session,1,765.8841115019502
1775252021.651,live_session,1,886.5240587460303
1775252021.662,live_session,1,880.4283770493058
1775252021.673,live_session,1,748.8107519638668
1775252021.683,live_session,1,517.8770154071418
1775252021.694,live_session,1,266.3925873433782
1775252021.704,live_session,1,547.3983309539578
1775252021.714,live_session,1,769.1903433606496
1775252021.725,live_session,1,887.608549543219
1775252021.735,live_session,1,879.0751983823205
1775252021.745,live_session,1,745.2893295473731
1775252021.756,live_session,1,512.8884848519442
1775252021.766,live_session,1,271.8549806937354
1775252021.776,live_session,1,552.2469929272397
1775252021.787,live_session,1,0.0
1775252021.797,live_session,1,0.0
1775252021.807,live_session,1,0.0
1775252021.818,live_session,1,0.0
1775252021.829,live_session,1,0.0
1775252021.839,live_session,1,0.0
1775252021.850,live_session,1,0.0
1775252021.861,live_session,1,0.0
1775252021.871,live_session,1,0.0
1775252021.882,live_session,1,0.0
1775252021.892,live_session,1,0.0
1775252021.903,live_session,1,0.0
1775252021.914,live_session,1,0.0
1775252021.925,live_session,1,0.0
1775252021.936,live_session,1,0.0
1775252021.946,live_session,1,0.0
1775252021.957,live_session,1,0.0
1775252021.967,live_session,1,0.0
1775252021.978,live_session,1,0.0
1775252021.988,live_session,1,0.0
1775252021.998,live_session,1,0.0
1775252022.009,live_session,1,0.0
1775252022.019,live_session,1,0.0
1775252022.030,live_session,1,0.0
1775252022.041,live_session,1,0.0
1775252022.051,live_session,1,0.0
1775252022.062,live_session,1,0.0
1775252022.122,live_session,1,0.0
1775252022.133,live_session,1,0.0
1775252022.143,live_session,1,0.0
1775252022.154,live_session,1,0.0
1775252022.164,live_session,1,0.0
1775252022.175,live_session,1,0.0
1775252022.186,live_session,1,0.0
1775252022.196,live_session,1,0.0
1775252022.207,live_session,1,0.0
1775252022.218,live_session,1,0.0
1775252022.228,live_session,1,0.0
1775252022.238,live_session,1,0.0
1775252022.249,live_session,1,0.0
1775252022.259,live_session,1,0.0
1775252022.270,live_session,1,0.0
1775252022.280,live_session,1,0.0
1775252022.291,live_session,1,0.0
1775252022.302,live_session,1,0.0
1775252022.313,live_session,1,0.0
1775252022.324,live_session,1,0.0
1775252022.334,live_session,1,0.0
1775252022.344,live_session,1,0.0
1775252022.355,live_session,1,0.0
1775252022.365,live_session,1,0.0
1775252022.376,live_session,1,0.0
1775252022.387,live_session,1,0.0
1775252022.398,live_session,1,0.0
1775252022.409,live_session,1,0.0
1775252022.420,live_session,1,0.0
1775252022.430,live_session,1,0.0
1775252022.441,live_session,1,0.0
1775252022.452,live_session,1,0.0
1775252022.463,live_session,1,0.0
1775252022.473,live_session,1,0.0
1775252022.484,live_session,1,0.0
1775252022.496,live_session,1,0.0
1775252022.507,live_session,1,0.0
1775252022.518,live_session,1,0.0
1775252022.529,live_session,1,0.0
1775252022.540,live_session,1,0.0
1775252022.550,live_session,1,0.0
1775252022.561,live_session,1,0.0
1775252022.571,live_session,1,0.0
1775252022.582,live_session,1,0.0
1775252022.592,live_session,1,0.0
1775252022.603,live_session,1,0.0
1775252022.613,live_session,1,0.0
1775252022.624,live_session,1,0.0
1775252022.634,live_session,1,0.0
1775252022.645,live_session,1,0.0
1775252022.704,live_session,1,0.0
1775252022.763,live_session,1,0.0
1775252022.822,live_session,1,0.0
1775252022.887,live_session,1,0.0
1775252022.948,live_session,1,0.0
1775252023.009,live_session,1,0.0
1775252023.066,live_session,1,0.0
1775252023.125,live_session,1,0.0
1775252023.185,live_session,1,0.0
1775252023.243,live_session,1,0.0
1775252023.303,live_session,1,0.0
1775252023.370,live_session,1,0.0
1775252023.442,live_session,1,0.0
1775252023.512,live_session,1,741.7328985668112
1775252023.570,live_session,1,876.2355449631643
1775252023.580,live_session,1,738.1417104015956
1775252023.591,live_session,1,502.8560323740286
1775252023.601,live_session,1,282.7747470744181
1775252023.612,live_session,1,561.8798844410318
1775252023.622,live_session,1,778.8879293796118
1775252023.633,live_session,1,890.5913225173258
1775252023.644,live_session,1,874.7492709263789
1775252023.654,live_session,1,734.5160188878854
1775252023.665,live_session,1,497.8128195757239
1775252023.676,live_session,1,288.23134826227056
1775252023.686,live_session,1,566.663433099319
1775252023.697,live_session,1,782.0459932483949
1775252023.707,live_session,1,891.4951127784195
1775252023.717,live_session,1,873.2188377010684
1775252023.728,live_session,1,730.8560803006417
1775252023.739,live_session,1,492.75209060968956
1775252023.749,live_session,1,293.68524714154256
1775252023.760,live_session,1,571.4245990180148
1775252023.770,live_session,1,785.1664504797426
1775252023.781,live_session,1,0.0
1775252023.791,live_session,1,0.0
1775252023.802,live_session,1,0.0
1775252023.812,live_session,1,0.0
1775252023.822,live_session,1,0.0
1775252023.832,live_session,1,0.0
1775252023.843,live_session,1,0.0
1775252023.853,live_session,1,0.0
1775252023.864,live_session,1,0.0
1775252023.874,live_session,1,0.0
1775252023.885,live_session,1,0.0
1775252023.895,live_session,1,0.0
1775252023.906,live_session,1,0.0
1775252023.916,live_session,1,0.0
1775252023.927,live_session,1,0.0
1775252023.937,live_session,1,0.0
1775252023.947,live_session,1,0.0
1775252023.958,live_session,1,0.0
1775252023.969,live_session,1,0.0
1775252023.979,live_session,1,0.0
1775252023.990,live_session,1,0.0
1775252024.001,live_session,1,0.0
1775252024.011,live_session,1,0.0
1775252024.021,live_session,1,0.0
1775252024.032,live_session,1,0.0
1775252024.042,live_session,1,0.0
1775252024.053,live_session,1,0.0
1775252024.064,live_session,1,0.0
1775252024.075,live_session,1,0.0
1775252024.085,live_session,1,0.0
1775252024.145,live_session,1,0.0
1775252024.156,live_session,1,0.0
1775252024.167,live_session,1,0.0
1775252024.177,live_session,1,0.0
1775252024.188,live_session,1,0.0
1775252024.198,live_session,1,0.0
1775252024.209,live_session,1,0.0
1775252024.219,live_session,1,0.0
1775252024.230,live_session,1,0.0
1775252024.241,live_session,1,0.0
1775252024.251,live_session,1,0.0
1775252024.261,live_session,1,0.0
1775252024.272,live_session,1,0.0
1775252024.282,live_session,1,0.0
1775252024.293,live_session,1,0.0
1775252024.303,live_session,1,0.0
1775252024.314,live_session,1,0.0
1775252024.324,live_session,1,0.0
1775252024.335,live_session,1,0.0
1775252024.345,live_session,1,0.0
1775252024.356,live_session,1,0.0
1775252024.366,live_session,1,0.0
1775252024.377,live_session,1,0.0
1775252024.388,live_session,1,0.0
1775252024.398,live_session,1,0.0
1775252024.409,live_session,1,0.0
1775252024.419,live_session,1,0.0
1775252024.429,live_session,1,0.0
1775252024.440,live_session,1,0.0
1775252024.450,live_session,1,0.0
1775252024.461,live_session,1,0.0
1775252024.471,live_session,1,0.0
1775252024.482,live_session,1,0.0
1775252024.493,live_session,1,0.0
1775252024.504,live_session,1,0.0
1775252024.514,live_session,1,0.0
1775252024.525,live_session,1,0.0
1775252024.535,live_session,1,0.0
1775252024.546,live_session,1,0.0
1775252024.557,live_session,1,0.0
1775252024.567,live_session,1,0.0
1775252024.578,live_session,1,0.0
1775252024.588,live_session,1,0.0
1775252024.599,live_session,1,0.0
1775252024.609,live_session,1,0.0
1775252024.619,live_session,1,0.0
1775252024.630,live_session,1,0.0
1775252024.641,live_session,1,0.0
1775252024.652,live_session,1,0.0
1775252024.665,live_session,1,0.0
1775252024.743,live_session,1,0.0
1775252024.804,live_session,1,0.0
1775252024.870,live_session,1,0.0
1775252024.939,live_session,1,0.0
1775252025.011,live_session,1,0.0
1775252025.074,live_session,1,0.0
1775252025.136,live_session,1,0.0
1775252025.196,live_session,1,0.0
1775252025.257,live_session,1,0.0
1775252025.315,live_session,1,0.0
1775252025.379,live_session,1,0.0
1775252025.439,live_session,1,0.0
1775252025.503,live_session,1,0.0
1775252025.558,live_session,1,0.0
1775252025.625,live_session,1,0.0
1775252025.686,live_session,1,0.0
1775252025.746,live_session,1,0.0
1775252025.802,live_session,1,0.0
1775252025.863,live_session,1,0.0
1775252025.922,live_session,1,0.0
1775252025.982,live_session,1,0.0
1775252026.065,live_session,1,0.0
1775252026.122,live_session,1,0.0
1775252026.181,live_session,1,0.0
1775252026.241,live_session,1,0.0
1775252026.298,live_session,1,0.0
1775252026.359,live_session,1,0.0
1775252026.417,live_session,1,0.0
1775252026.483,live_session,1,0.0
1775252026.544,live_session,1,576.1630456633552
1775252026.604,live_session,1,482.5795162184264
1775252026.614,live_session,1,304.5833961996124
1775252026.625,live_session,1,580.8784381074447
1775252026.636,live_session,1,791.293665450044
1775252026.646,live_session,1,893.9341870452589
1775252026.657,live_session,1,868.3636802114145
1775252026.667,live_session,1,719.6733810477506
1775252026.678,live_session,1,477.4683898218477
1775252026.688,live_session,1,310.02687606392726
1775252026.699,live_session,1,585.5704430519406
1775252026.710,live_session,1,794.29999009872
1775252026.720,live_session,1,894.656254738024
1775252026.731,live_session,1,866.6577230860444
1775252026.742,live_session,1,472.3411852640271
1775252026.752,live_session,1,472.3411852640271
1775252026.763,live_session,1,590.2387288515787
1775252026.774,live_session,1,797.2678419599982
1775252026.784,live_session,1,895.3327561557862
1775252026.795,live_session,1,0.0
1775252026.806,live_session,1,0.0
1775252026.816,live_session,1,0.0
1775252026.827,live_session,1,0.0
1775252026.837,live_session,1,0.0
1775252026.848,live_session,1,0.0
1775252026.858,live_session,1,0.0
1775252026.869,live_session,1,0.0
1775252026.879,live_session,1,0.0
1775252026.890,live_session,1,0.0
1775252026.901,live_session,1,0.0
1775252026.912,live_session,1,0.0
1775252026.923,live_session,1,0.0
1775252026.933,live_session,1,0.0
1775252026.944,live_session,1,0.0
1775252026.955,live_session,1,0.0
1775252026.965,live_session,1,0.0
1775252026.976,live_session,1,0.0
1775252026.986,live_session,1,0.0
1775252026.997,live_session,1,0.0
1775252027.008,live_session,1,0.0
1775252027.018,live_session,1,0.0
1775252027.029,live_session,1,0.0
1775252027.039,live_session,1,0.0
1775252027.050,live_session,1,0.0
1775252027.060,live_session,1,0.0
1775252027.071,live_session,1,0.0
1775252027.082,live_session,1,0.0
1775252027.093,live_session,1,0.0
1775252027.103,live_session,1,0.0
1775252027.113,live_session,1,0.0
1775252027.124,live_session,1,0.0
1775252027.184,live_session,1,0.0
1775252027.194,live_session,1,0.0
1775252027.205,live_session,1,0.0
1775252027.216,live_session,1,0.0
1775252027.226,live_session,1,0.0
1775252027.239,live_session,1,0.0
1775252027.250,live_session,1,0.0
1775252027.261,live_session,1,0.0
1775252027.273,live_session,1,0.0
1775252027.284,live_session,1,0.0
1775252027.295,live_session,1,0.0
1775252027.306,live_session,1,0.0
1775252027.316,live_session,1,0.0
1775252027.327,live_session,1,0.0
1775252027.337,live_session,1,0.0
1775252027.348,live_session,1,0.0
1775252027.358,live_session,1,0.0
1775252027.369,live_session,1,0.0
1775252027.379,live_session,1,0.0
1775252027.390,live_session,1,0.0
1775252027.401,live_session,1,0.0
1775252027.411,live_session,1,0.0
1775252027.422,live_session,1,0.0
1775252027.433,live_session,1,0.0
1775252027.443,live_session,1,0.0
1775252027.454,live_session,1,0.0
1775252027.464,live_session,1,0.0
1775252027.474,live_session,1,0.0
1775252027.485,live_session,1,0.0
1775252027.495,live_session,1,0.0
1775252027.506,live_session,1,0.0
1775252027.516,live_session,1,0.0
1775252027.527,live_session,1,0.0
1775252027.537,live_session,1,0.0
1775252027.547,live_session,1,0.0
1775252027.558,live_session,1,0.0
1775252027.569,live_session,1,0.0
1775252027.579,live_session,1,0.0
1775252027.589,live_session,1,0.0
1775252027.600,live_session,1,0.0
1775252027.610,live_session,1,0.0
1775252027.621,live_session,1,0.0
1775252027.631,live_session,1,0.0
1775252027.641,live_session,1,0.0
1775252027.652,live_session,1,0.0
1775252027.662,live_session,1,0.0
1775252027.672,live_session,1,0.0
1775252027.683,live_session,1,0.0
1775252027.693,live_session,1,0.0
1775252027.703,live_session,1,0.0
1775252027.765,live_session,1,0.0
1775252027.822,live_session,1,0.0
1775252027.880,live_session,1,0.0
1775252027.942,live_session,1,0.0
1775252028.001,live_session,1,0.0
1775252028.059,live_session,1,0.0
1775252028.125,live_session,1,0.0
1775252028.185,live_session,1,0.0
1775252028.249,live_session,1,0.0
1775252028.317,live_session,1,0.0
1775252028.377,live_session,1,0.0
1775252028.441,live_session,1,0.0
1775252028.496,live_session,1,0.0
1775252028.550,live_session,1,0.0
1775252028.629,live_session,1,0.0
1775252028.684,live_session,1,0.0
1775252028.744,live_session,1,0.0
1775252028.800,live_session,1,0.0
1775252028.856,live_session,1,0.0
1775252028.916,live_session,1,0.0
1775252028.974,live_session,1,0.0
1775252029.043,live_session,1,0.0
1775252029.102,live_session,1,0.0
1775252029.159,live_session,1,0.0
1775252029.218,live_session,1,0.0
1775252029.277,live_session,1,0.0
1775252029.341,live_session,1,0.0
1775252029.395,live_session,1,0.0
1775252029.453,live_session,1,0.0
1775252029.509,live_session,1,0.0
1775252029.565,live_session,1,0.0
1775252029.623,live_session,1,0.0
1775252029.684,live_session,1,0.0
1775252029.739,live_session,1,0.0
1775252029.794,live_session,1,0.0
1775252029.874,live_session,1,0.0
1775252029.942,live_session,1,0.0
1775252029.998,live_session,1,0.0
1775252030.056,live_session,1,0.0
1775252030.113,live_session,1,0.0
1775252030.170,live_session,1,0.0
1775252030.228,live_session,1,0.0
1775252030.288,live_session,1,0.0
1775252030.346,live_session,1,0.0
1775252030.405,live_session,1,0.0
1775252030.462,live_session,1,0.0
1775252030.526,live_session,1,0.0
1775252030.580,live_session,1,0.0
1775252030.638,live_session,1,0.0
1775252030.693,live_session,1,0.0
1775252030.753,live_session,1,0.0
1775252030.808,live_session,1,0.0
1775252030.864,live_session,1,0.0
1775252030.921,live_session,1,0.0
1775252030.980,live_session,1,0.0
1775252031.040,live_session,1,0.0
1775252031.095,live_session,1,0.0
1775252031.151,live_session,1,0.0
1775252031.207,live_session,1,0.0
1775252031.288,live_session,1,0.0
1775252031.343,live_session,1,0.0
1775252031.401,live_session,1,0.0
1775252031.461,live_session,1,0.0
1775252031.521,live_session,1,0.0
1775252031.577,live_session,1,0.0
1775252031.638,live_session,1,0.0
1775252031.694,live_session,1,0.0
1775252031.753,live_session,1,0.0
1775252031.810,live_session,1,0.0
1775252031.866,live_session,1,0.0
1775252031.922,live_session,1,0.0
1775252031.979,live_session,1,0.0
1775252032.035,live_session,1,0.0
1775252032.097,live_session,1,0.0
1775252032.157,live_session,1,0.0
1775252032.212,live_session,1,0.0
1775252032.271,live_session,1,0.0
1775252032.340,live_session,1,0.0
1775252032.399,live_session,1,0.0
1775252032.464,live_session,1,0.0
1775252032.560,live_session,1,0.0
1775252032.614,live_session,1,0.0
1775252032.677,live_session,1,0.0
1775252032.741,live_session,1,0.0
1775252032.800,live_session,1,0.0
1775252032.859,live_session,1,0.0
1775252032.919,live_session,1,0.0
1775252033.090,live_session,1,0.0
1775252033.146,live_session,1,0.0
1775252033.212,live_session,1,0.0
1775252033.269,live_session,1,0.0
1775252033.326,live_session,1,0.0
1775252033.383,live_session,1,0.0
1775252033.451,live_session,1,0.0
1775252033.519,live_session,1,0.0
1775252033.575,live_session,1,0.0
1775252033.634,live_session,1,0.0
1775252033.690,live_session,1,0.0
1775252033.746,live_session,1,0.0
1775252033.807,live_session,1,0.0
1775252033.865,live_session,1,0.0
1775252033.924,live_session,1,0.0
1775252034.014,live_session,1,0.0
1775252034.085,live_session,1,0.0
1775252034.141,live_session,1,0.0
1775252034.197,live_session,1,0.0
1775252034.251,live_session,1,0.0
1775252034.308,live_session,1,0.0
1775252034.363,live_session,1,0.0
1775252034.421,live_session,1,0.0
1775252034.477,live_session,1,0.0
1775252034.538,live_session,1,0.0
1775252034.596,live_session,1,0.0
1775252034.654,live_session,1,0.0
1775252034.711,live_session,1,0.0
1775252034.769,live_session,1,0.0
1775252034.828,live_session,1,0.0
1775252034.885,live_session,1,0.0
1775252034.945,live_session,1,0.0
1775252035.002,live_session,1,0.0
1775252035.059,live_session,1,0.0
1775252035.118,live_session,1,0.0
1775252035.172,live_session,1,0.0
1775252035.238,live_session,1,0.0
1775252035.297,live_session,1,0.0
1775252035.370,live_session,1,0.0
1775252035.424,live_session,1,0.0
1775252035.485,live_session,1,0.0
1775252035.541,live_session,1,0.0
1775252035.599,live_session,1,0.0
1775252035.656,live_session,1,0.0
1775252035.715,live_session,1,0.0
1775252035.770,live_session,1,0.0
1775252035.826,live_session,1,0.0
1775252035.883,live_session,1,0.0
1775252035.941,live_session,1,0.0
1775252035.998,live_session,1,0.0
1775252036.057,live_session,1,0.0
1775252036.125,live_session,1,0.0
1775252036.183,live_session,1,0.0
1775252036.242,live_session,1,0.0
1775252036.302,live_session,1,0.0
1775252036.358,live_session,1,0.0
1775252036.415,live_session,1,0.0
1775252036.473,live_session,1,0.0
1775252036.532,live_session,1,0.0
1775252036.587,live_session,1,0.0
1775252036.647,live_session,1,0.0
1775252036.705,live_session,1,0.0
1775252036.779,live_session,1,0.0
1775252036.837,live_session,1,0.0
1775252036.938,live_session,1,0.0
1775252036.995,live_session,1,0.0
1775252037.052,live_session,1,0.0
1775252037.111,live_session,1,0.0
1775252037.170,live_session,1,0.0
1775252037.243,live_session,1,0.0
1775252037.308,live_session,1,0.0
1775252037.364,live_session,1,0.0
1775252037.423,live_session,1,0.0
1775252037.486,live_session,1,0.0
1775252037.551,live_session,1,0.0
1775252037.610,live_session,1,0.0
1775252037.670,live_session,1,0.0
1775252037.727,live_session,1,0.0
1775252037.799,live_session,1,0.0
1775252037.868,live_session,1,0.0
1775252037.997,live_session,1,0.0
1775252038.065,live_session,1,0.0
1775252038.125,live_session,1,0.0
1775252038.186,live_session,1,0.0
1775252038.276,live_session,1,0.0
1775252038.335,live_session,1,0.0
1775252038.399,live_session,1,0.0
1775252038.464,live_session,1,0.0
1775252038.539,live_session,1,0.0
1775252038.623,live_session,1,0.0
1775252038.681,live_session,1,0.0
1775252038.738,live_session,1,0.0
1775252038.794,live_session,1,0.0
1775252038.850,live_session,1,0.0
1775252038.914,live_session,1,0.0
1775252038.977,live_session,1,0.0
1775252039.041,live_session,1,0.0
1775252039.098,live_session,1,0.0
1775252039.152,live_session,1,0.0
1775252039.225,live_session,1,0.0
1775252039.281,live_session,1,0.0
1775252039.379,live_session,1,0.0
1775252039.438,live_session,1,0.0
1775252039.494,live_session,1,0.0
1775252039.553,live_session,1,0.0
1775252039.612,live_session,1,0.0
1775252039.672,live_session,1,0.0
1775252039.737,live_session,1,0.0
1775252039.797,live_session,1,0.0
1775252039.855,live_session,1,0.0
1775252039.913,live_session,1,0.0
1775252039.968,live_session,1,0.0
1775252040.034,live_session,1,0.0
1775252040.102,live_session,1,0.0
1775252040.162,live_session,1,0.0
1775252040.222,live_session,1,0.0
1775252040.286,live_session,1,0.0
1775252040.350,live_session,1,0.0
1775252040.413,live_session,1,0.0
1775252040.475,live_session,1,0.0
1775252040.562,live_session,1,0.0
1775252040.631,live_session,1,0.0
1775252040.699,live_session,1,0.0
1775252040.765,live_session,1,0.0
1775252040.828,live_session,1,0.0
1775252040.888,live_session,1,0.0
1775252040.950,live_session,1,0.0
1775252041.009,live_session,1,0.0
1775252041.073,live_session,1,0.0
1775252041.134,live_session,1,0.0
1775252041.192,live_session,1,0.0
1775252041.256,live_session,1,0.0
1775252041.348,live_session,1,0.0
1775252041.405,live_session,1,0.0
1775252041.467,live_session,1,0.0
1775252041.523,live_session,1,0.0
1775252041.585,live_session,1,0.0
1775252041.642,live_session,1,0.0
1775252041.702,live_session,1,0.0
1775252041.778,live_session,1,0.0
1775252041.838,live_session,1,0.0
1775252041.896,live_session,1,0.0
1775252041.953,live_session,1,0.0
1775252042.013,live_session,1,0.0
1775252042.073,live_session,1,0.0
1775252042.132,live_session,1,0.0
1775252042.191,live_session,1,0.0
1775252042.254,live_session,1,0.0
1775252042.315,live_session,1,0.0
1775252042.377,live_session,1,0.0
1775252042.440,live_session,1,0.0
1775252042.508,live_session,1,0.0
1775252042.572,live_session,1,0.0
1775252042.635,live_session,1,0.0
1775252042.693,live_session,1,0.0
1775252042.752,live_session,1,0.0
1775252042.812,live_session,1,0.0
1775252042.884,live_session,1,0.0
1775252042.945,live_session,1,0.0
1775252043.011,live_session,1,0.0
1775252043.111,live_session,1,0.0
1775252043.175,live_session,1,0.0
1775252043.244,live_session,1,0.0
1775252043.327,live_session,1,0.0
1775252043.405,live_session,1,0.0
1775252043.462,live_session,1,0.0
1775252043.529,live_session,1,0.0
1775252043.584,live_session,1,0.0
1775252043.646,live_session,1,0.0
1775252043.704,live_session,1,0.0
1775252043.774,live_session,1,0.0
1775252043.839,live_session,1,0.0
1775252043.897,live_session,1,0.0
1775252043.956,live_session,1,0.0
1775252044.015,live_session,1,0.0
1775252044.076,live_session,1,0.0
1775252044.135,live_session,1,0.0
1775252044.222,live_session,1,0.0
1775252044.279,live_session,1,0.0
1775252044.351,live_session,1,0.0
1775252044.413,live_session,1,0.0
1775252044.475,live_session,1,0.0
1775252044.544,live_session,1,0.0
1775252044.604,live_session,1,0.0
1775252044.667,live_session,1,0.0
1775252044.731,live_session,1,0.0
1775252044.792,live_session,1,0.0
1775252044.875,live_session,1,0.0
1775252044.937,live_session,1,0.0
1775252044.998,live_session,1,0.0
1775252045.062,live_session,1,0.0
1775252045.129,live_session,1,0.0
1775252045.194,live_session,1,0.0
1775252045.259,live_session,1,0.0
1775252045.330,live_session,1,0.0
1775252055.743,live_session,1,0.0
1775252055.755,live_session,1,0.0
1775252055.765,live_session,1,0.0
1775252055.776,live_session,1,0.0
1775252055.788,live_session,1,0.0
1775252055.799,live_session,1,0.0
1775252055.809,live_session,1,0.0
1775252055.820,live_session,1,0.0
1775252055.831,live_session,1,0.0
1775252055.841,live_session,1,0.0
1775252055.852,live_session,1,0.0
1775252055.862,live_session,1,0.0
1775252055.873,live_session,1,0.0
1775252055.883,live_session,1,0.0
1775252055.894,live_session,1,0.0
1775252055.904,live_session,1,0.0
1775252055.915,live_session,1,0.0
1775252055.925,live_session,1,0.0
1775252055.936,live_session,1,0.0
1775252055.947,live_session,1,0.0
1775252055.957,live_session,1,0.0
1775252055.968,live_session,1,0.0
1775252055.978,live_session,1,0.0
1775252055.989,live_session,1,0.0
1775252055.999,live_session,1,0.0
1775252056.010,live_session,1,0.0
1775252056.020,live_session,1,0.0
1775252056.031,live_session,1,0.0
1775252056.041,live_session,1,0.0
1775252056.052,live_session,1,0.0
1775252056.063,live_session,1,0.0
1775252056.073,live_session,1,0.0
1775252056.084,live_session,1,0.0
1775252056.094,live_session,1,0.0
1775252056.105,live_session,1,0.0
1775252056.115,live_session,1,0.0
1775252056.125,live_session,1,0.0
1775252056.136,live_session,1,0.0
1775252056.146,live_session,1,0.0
1775252056.157,live_session,1,0.0
1775252056.167,live_session,1,0.0
1775252056.178,live_session,1,0.0
1775252056.188,live_session,1,0.0
1775252056.199,live_session,1,0.0
1775252056.209,live_session,1,0.0
1775252056.220,live_session,1,0.0
1775252056.230,live_session,1,0.0
1775252056.241,live_session,1,0.0
1775252056.251,live_session,1,0.0
1775252056.262,live_session,1,0.0
1775252056.368,live_session,1,0.0
1775252056.435,live_session,1,0.0
1775252056.507,live_session,1,0.0
1775252056.576,live_session,1,0.0
1775252056.643,live_session,1,0.0
1775252056.710,live_session,1,0.0
1775252056.772,live_session,1,0.0
1775252056.839,live_session,1,0.0
1775252056.910,live_session,1,0.0
1775252056.972,live_session,1,0.0
1775252057.029,live_session,1,0.0
1775252057.092,live_session,1,0.0
1775252057.151,live_session,1,0.0
1775252057.286,live_session,1,0.0
1775252057.365,live_session,1,0.0
1775252057.423,live_session,1,0.0
1775252057.506,live_session,1,527.7969221519893
1775252057.563,live_session,1,0.0
1775252057.574,live_session,1,0.0
1775252057.584,live_session,1,0.0
1775252057.595,live_session,1,0.0
1775252057.605,live_session,1,0.0
1775252057.615,live_session,1,0.0
1775252057.626,live_session,1,0.0
1775252057.636,live_session,1,0.0
1775252057.646,live_session,1,0.0
1775252057.657,live_session,1,0.0
1775252057.667,live_session,1,0.0
1775252057.677,live_session,1,0.0
1775252057.688,live_session,1,0.0
1775252057.698,live_session,1,0.0
1775252057.709,live_session,1,0.0
1775252057.719,live_session,1,0.0
1775252057.730,live_session,1,0.0
1775252057.740,live_session,1,0.0
1775252057.750,live_session,1,0.0
1775252057.761,live_session,1,0.0
1775252057.771,live_session,1,0.0
1775252057.782,live_session,1,0.0
1775252057.793,live_session,1,0.0
1775252057.803,live_session,1,0.0
1775252057.814,live_session,1,0.0
1775252057.824,live_session,1,0.0
1775252057.835,live_session,1,0.0
1775252057.845,live_session,1,0.0
1775252057.855,live_session,1,0.0
1775252057.866,live_session,1,0.0
1775252057.877,live_session,1,0.0
1775252057.887,live_session,1,0.0
1775252057.897,live_session,1,0.0
1775252057.908,live_session,1,0.0
1775252057.919,live_session,1,0.0
1775252057.929,live_session,1,0.0
1775252057.939,live_session,1,0.0
1775252057.950,live_session,1,0.0
1775252057.960,live_session,1,0.0
1775252057.971,live_session,1,0.0
1775252057.982,live_session,1,0.0
1775252057.992,live_session,1,0.0
1775252058.003,live_session,1,0.0
1775252058.013,live_session,1,0.0
1775252058.024,live_session,1,0.0
1775252058.034,live_session,1,0.0
1775252058.044,live_session,1,0.0
1775252058.055,live_session,1,0.0
1775252058.065,live_session,1,0.0
1775252058.075,live_session,1,0.0
1775252058.136,live_session,1,0.0
1775252058.195,live_session,1,0.0
1775252058.257,live_session,1,0.0
1775252058.315,live_session,1,0.0
1775252058.379,live_session,1,0.0
1775252058.442,live_session,1,0.0
1775252058.500,live_session,1,0.0
1775252058.567,live_session,1,0.0
1775252058.648,live_session,1,0.0
1775252058.704,live_session,1,0.0
1775252058.764,live_session,1,0.0
1775252058.824,live_session,1,0.0
1775252058.885,live_session,1,0.0
1775252058.949,live_session,1,0.0
1775252059.008,live_session,1,0.0
1775252059.066,live_session,1,0.0
1775252059.125,live_session,1,0.0
1775252059.181,live_session,1,0.0
1775252059.238,live_session,1,0.0
1775252059.297,live_session,1,0.0
1775252059.354,live_session,1,0.0
1775252059.419,live_session,1,0.0
1775252059.478,live_session,1,0.0
1775252059.539,live_session,1,0.0
1775252059.597,live_session,1,0.0
1775252059.657,live_session,1,0.0
1775252059.715,live_session,1,0.0
1775252059.779,live_session,1,0.0
1775252059.838,live_session,1,0.0
1775252059.911,live_session,1,0.0
1775252060.005,live_session,1,0.0
1775252060.062,live_session,1,0.0
1775252060.124,live_session,1,0.0
1775252060.178,live_session,1,260.92903531482847
1775252060.235,live_session,1,748.8107519638668
1775252060.246,live_session,1,517.8770154071418
1775252060.256,live_session,1,0.0
1775252060.267,live_session,1,0.0
1775252060.278,live_session,1,0.0
1775252060.288,live_session,1,0.0
1775252060.299,live_session,1,0.0
1775252060.309,live_session,1,0.0
1775252060.320,live_session,1,0.0
1775252060.330,live_session,1,0.0
1775252060.340,live_session,1,0.0
1775252060.351,live_session,1,0.0
1775252060.361,live_session,1,0.0
1775252060.372,live_session,1,0.0
1775252060.383,live_session,1,0.0
1775252060.393,live_session,1,0.0
1775252060.404,live_session,1,0.0
1775252060.414,live_session,1,0.0
1775252060.425,live_session,1,0.0
1775252060.435,live_session,1,0.0
1775252060.446,live_session,1,0.0
1775252060.456,live_session,1,0.0
1775252060.467,live_session,1,0.0
1775252060.477,live_session,1,0.0
1775252060.488,live_session,1,0.0
1775252060.498,live_session,1,0.0
1775252060.509,live_session,1,0.0
1775252060.520,live_session,1,0.0
1775252060.530,live_session,1,0.0
1775252060.541,live_session,1,0.0
1775252060.552,live_session,1,0.0
1775252060.562,live_session,1,0.0
1775252060.573,live_session,1,0.0
1775252060.584,live_session,1,0.0
1775252060.595,live_session,1,0.0
1775252060.606,live_session,1,0.0
1775252060.616,live_session,1,0.0
1775252060.626,live_session,1,0.0
1775252060.637,live_session,1,0.0
1775252060.647,live_session,1,0.0
1775252060.658,live_session,1,0.0
1775252060.668,live_session,1,0.0
1775252060.679,live_session,1,0.0
1775252060.690,live_session,1,0.0
1775252060.701,live_session,1,0.0
1775252060.711,live_session,1,0.0
1775252060.721,live_session,1,0.0
1775252060.732,live_session,1,0.0
1775252060.742,live_session,1,0.0
1775252060.753,live_session,1,0.0
1775252060.823,live_session,1,0.0
1775252060.834,live_session,1,0.0
1775252060.844,live_session,1,0.0
1775252060.854,live_session,1,0.0
1775252060.865,live_session,1,0.0
1775252060.875,live_session,1,0.0
1775252060.886,live_session,1,0.0
1775252060.896,live_session,1,0.0
1775252060.906,live_session,1,0.0
1775252060.917,live_session,1,0.0
1775252060.927,live_session,1,0.0
1775252060.937,live_session,1,0.0
1775252060.948,live_session,1,0.0
1775252060.958,live_session,1,0.0
1775252060.968,live_session,1,0.0
1775252060.979,live_session,1,0.0
1775252060.989,live_session,1,0.0
1775252061.000,live_session,1,0.0
1775252061.011,live_session,1,0.0
1775252061.021,live_session,1,0.0
1775252061.032,live_session,1,0.0
1775252061.042,live_session,1,0.0
1775252061.052,live_session,1,0.0
1775252061.063,live_session,1,0.0
1775252061.074,live_session,1,0.0
1775252061.084,live_session,1,0.0
1775252061.094,live_session,1,0.0
1775252061.105,live_session,1,0.0
1775252061.115,live_session,1,0.0
1775252061.126,live_session,1,0.0
1775252061.136,live_session,1,0.0
1775252061.146,live_session,1,0.0
1775252061.157,live_session,1,0.0
1775252061.168,live_session,1,0.0
1775252061.179,live_session,1,0.0
1775252061.189,live_session,1,0.0
1775252061.200,live_session,1,0.0
1775252061.211,live_session,1,0.0
1775252061.221,live_session,1,0.0
1775252061.232,live_session,1,0.0
1775252061.242,live_session,1,0.0
1775252061.253,live_session,1,0.0
1775252061.263,live_session,1,0.0
1775252061.275,live_session,1,0.0
1775252061.289,live_session,1,0.0
1775252061.302,live_session,1,0.0
1775252061.312,live_session,1,0.0
1775252061.323,live_session,1,0.0
1775252061.334,live_session,1,0.0
1775252061.345,live_session,1,0.0
1775252061.413,live_session,1,0.0
1775252061.476,live_session,1,0.0
1775252061.536,live_session,1,0.0
1775252061.597,live_session,1,0.0
1775252061.658,live_session,1,0.0
1775252061.730,live_session,1,0.0
1775252061.795,live_session,1,0.0
1775252061.853,live_session,1,0.0
1775252061.914,live_session,1,0.0
1775252061.972,live_session,1,0.0
1775252062.029,live_session,1,0.0
1775252062.087,live_session,1,0.0
1775252062.149,live_session,1,0.0
1775252062.206,live_session,1,0.0
1775252062.261,live_session,1,0.0
1775252062.318,live_session,1,0.0
1775252062.399,live_session,1,0.0
1775252062.456,live_session,1,0.0
1775252062.512,live_session,1,0.0
1775252062.566,live_session,1,0.0
1775252062.634,live_session,1,0.0
1775252062.698,live_session,1,0.0
1775252062.772,live_session,1,0.0
1775252062.840,live_session,1,0.0
1775252062.896,live_session,1,0.0
1775252062.954,live_session,1,0.0
1775252063.008,live_session,1,0.0
1775252063.071,live_session,1,0.0
1775252063.127,live_session,1,0.0
1775252063.193,live_session,1,0.0
1775252063.255,live_session,1,0.0
1775252063.311,live_session,1,0.0
1775252063.368,live_session,1,0.0
1775252063.432,live_session,1,0.0
1775252063.497,live_session,1,0.0
1775252063.554,live_session,1,0.0
1775252063.615,live_session,1,0.0
1775252063.674,live_session,1,0.0
1775252063.733,live_session,1,0.0
1775252063.796,live_session,1,0.0
1775252063.862,live_session,1,0.0
1775252063.920,live_session,1,0.0
1775252063.975,live_session,1,0.0
1775252064.033,live_session,1,0.0
1775252064.109,live_session,1,0.0
1775252064.168,live_session,1,0.0
1775252064.226,live_session,1,0.0
1775252064.283,live_session,1,0.0
1775252064.342,live_session,1,0.0
1775252064.401,live_session,1,0.0
1775252064.461,live_session,1,0.0
1775252064.517,live_session,1,0.0
1775252064.575,live_session,1,0.0
1775252064.635,live_session,1,0.0
1775252064.690,live_session,1,0.0
1775252064.749,live_session,1,0.0
1775252064.805,live_session,1,0.0
1775252064.864,live_session,1,0.0
1775252064.922,live_session,1,0.0
1775252064.975,live_session,1,0.0
1775252065.034,live_session,1,0.0
1775252065.090,live_session,1,0.0
1775252065.168,live_session,1,0.0
1775252065.224,live_session,1,0.0
1775252065.278,live_session,1,0.0
1775252065.335,live_session,1,0.0
1775252065.395,live_session,1,0.0
1775252065.456,live_session,1,0.0
1775252065.512,live_session,1,0.0
1775252065.572,live_session,1,0.0
1775252065.630,live_session,1,0.0
1775252065.688,live_session,1,0.0
1775252065.744,live_session,1,0.0
1775252065.806,live_session,1,0.0
1775252065.864,live_session,1,0.0
1775252065.921,live_session,1,0.0
1775252065.982,live_session,1,0.0
1775252066.039,live_session,1,0.0
1775252066.096,live_session,1,0.0
1775252066.153,live_session,1,0.0
1775252066.207,live_session,1,0.0
1775252066.263,live_session,1,0.0
1775252066.318,live_session,1,0.0
1775252066.380,live_session,1,0.0
1775252066.439,live_session,1,0.0
1775252066.497,live_session,1,0.0
1775252066.559,live_session,1,0.0
1775252066.626,live_session,1,0.0
1775252066.686,live_session,1,0.0
1775252066.742,live_session,1,0.0
1775252066.801,live_session,1,0.0
1775252066.874,live_session,1,0.0
1775252066.933,live_session,1,0.0
1775252066.988,live_session,1,0.0
1775252067.046,live_session,1,0.0
1775252067.104,live_session,1,0.0
1775252067.162,live_session,1,0.0
1775252067.310,live_session,1,0.0
1775252067.367,live_session,1,0.0
1775252067.422,live_session,1,0.0
1775252067.481,live_session,1,0.0
1775252067.539,live_session,1,0.0
1775252067.598,live_session,1,0.0
1775252067.669,live_session,1,0.0
1775252067.747,live_session,1,0.0
1775252067.802,live_session,1,0.0
1775252067.856,live_session,1,0.0
1775252067.914,live_session,1,0.0
1775252067.972,live_session,1,0.0
1775252068.056,live_session,1,0.0
1775252068.112,live_session,1,0.0
1775252068.168,live_session,1,0.0
1775252068.225,live_session,1,0.0
1775252068.282,live_session,1,0.0
1775252068.338,live_session,1,0.0
1775252068.394,live_session,1,0.0
1775252068.450,live_session,1,0.0
1775252068.510,live_session,1,0.0
1775252068.567,live_session,1,0.0
1775252068.621,live_session,1,0.0
1775252068.679,live_session,1,0.0
1775252068.739,live_session,1,0.0
1775252068.796,live_session,1,0.0
1775252068.851,live_session,1,0.0
1775252068.908,live_session,1,0.0
1775252068.966,live_session,1,0.0
1775252069.023,live_session,1,0.0
1775252069.080,live_session,1,0.0
1775252069.139,live_session,1,0.0
1775252069.196,live_session,1,0.0
1775252069.255,live_session,1,0.0
1775252069.339,live_session,1,0.0
1775252069.397,live_session,1,0.0
1775252069.454,live_session,1,0.0
1775252069.511,live_session,1,0.0
1775252069.567,live_session,1,0.0
1775252069.622,live_session,1,0.0
1775252069.679,live_session,1,0.0
1775252069.735,live_session,1,0.0
1775252069.797,live_session,1,0.0
1775252069.867,live_session,1,0.0
1775252069.924,live_session,1,0.0
1775252069.980,live_session,1,0.0
1775252070.039,live_session,1,0.0
1775252070.097,live_session,1,0.0
1775252070.153,live_session,1,0.0
1775252070.230,live_session,1,0.0
1775252070.286,live_session,1,0.0
1775252070.352,live_session,1,0.0
1775252070.412,live_session,1,0.0
1775252070.472,live_session,1,0.0
1775252070.528,live_session,1,0.0
1775252070.588,live_session,1,0.0
1775252070.647,live_session,1,0.0
1775252070.705,live_session,1,0.0
1775252070.762,live_session,1,0.0
1775252070.859,live_session,1,0.0
1775252070.915,live_session,1,0.0
1775252070.973,live_session,1,0.0
1775252071.028,live_session,1,0.0
1775252071.086,live_session,1,0.0
1775252071.143,live_session,1,0.0
1775252071.198,live_session,1,0.0
1775252071.272,live_session,1,0.0
1775252071.329,live_session,1,0.0
1775252071.384,live_session,1,0.0
1775252071.445,live_session,1,0.0
1775252071.503,live_session,1,0.0
1775252071.559,live_session,1,0.0
1775252071.619,live_session,1,0.0
1775252071.675,live_session,1,0.0
1775252071.733,live_session,1,0.0
1775252071.788,live_session,1,0.0
1775252071.847,live_session,1,0.0
1775252071.902,live_session,1,0.0
1775252071.960,live_session,1,0.0
1775252072.018,live_session,1,0.0
1775252072.092,live_session,1,0.0
1775252072.163,live_session,1,0.0
1775252072.219,live_session,1,0.0
1775252072.275,live_session,1,0.0
1775252072.331,live_session,1,0.0
1775252072.389,live_session,1,0.0
1775252072.445,live_session,1,0.0
1775252072.516,live_session,1,0.0
1775252072.580,live_session,1,0.0
1775252072.636,live_session,1,0.0
1775252072.696,live_session,1,0.0
1775252072.752,live_session,1,0.0
1775252072.808,live_session,1,0.0
1775252072.870,live_session,1,0.0
1775252072.931,live_session,1,0.0
1775252072.988,live_session,1,0.0
1775252073.056,live_session,1,0.0
1775252073.110,live_session,1,0.0
1775252073.167,live_session,1,0.0
1775252073.226,live_session,1,0.0
1775252073.283,live_session,1,0.0
1775252073.341,live_session,1,0.0
1775252073.420,live_session,1,0.0
1775252073.477,live_session,1,0.0
1775252073.535,live_session,1,0.0
1775252073.594,live_session,1,0.0
1775252073.651,live_session,1,0.0
1775252073.711,live_session,1,0.0
1775252073.770,live_session,1,0.0
1775252073.828,live_session,1,0.0
1775252073.888,live_session,1,0.0
1775252073.946,live_session,1,0.0
1775252074.008,live_session,1,0.0
1775252074.069,live_session,1,0.0
1775252074.126,live_session,1,0.0
1775252074.186,live_session,1,0.0
1775252074.245,live_session,1,0.0
1775252074.299,live_session,1,0.0
1775252074.389,live_session,1,0.0
1775252074.622,live_session,1,0.0
1775252074.790,live_session,1,0.0
1775252074.967,live_session,1,0.0
1775252075.154,live_session,1,0.0
1775252075.464,live_session,1,0.0
1775252075.631,live_session,1,0.0
1775252075.710,live_session,1,0.0
1775252075.777,live_session,1,0.0
1775252075.837,live_session,1,0.0
1775252075.895,live_session,1,0.0
1775252075.955,live_session,1,0.0
1775252076.015,live_session,1,0.0
1775252076.074,live_session,1,0.0
1775252076.135,live_session,1,0.0
1775252076.193,live_session,1,0.0
1775252076.248,live_session,1,0.0
1775252076.304,live_session,1,0.0
1775252076.360,live_session,1,0.0
1775252076.417,live_session,1,0.0
1775252076.474,live_session,1,0.0
1775252076.539,live_session,1,0.0
1775252076.603,live_session,1,0.0
1775252076.669,live_session,1,0.0
1775252076.726,live_session,1,0.0
1775252076.788,live_session,1,0.0
1775252076.890,live_session,1,0.0
1775252076.946,live_session,1,0.0
1775252077.003,live_session,1,0.0
1775252077.060,live_session,1,0.0
1775252077.125,live_session,1,0.0
1775252077.184,live_session,1,0.0
1775252077.241,live_session,1,0.0
1775252077.303,live_session,1,0.0
1775252077.479,live_session,1,0.0
1775252077.656,live_session,1,0.0
1775252077.795,live_session,1,0.0
1775252077.981,live_session,1,0.0
1775252078.144,live_session,1,0.0
1775252078.294,live_session,1,0.0
1775252078.449,live_session,1,0.0
1775252078.636,live_session,1,0.0
1775252078.792,live_session,1,0.0
1775252078.962,live_session,1,0.0
1775252079.109,live_session,1,0.0
1775252079.189,live_session,1,0.0
1775252079.252,live_session,1,0.0
1775252079.310,live_session,1,0.0
1775252079.373,live_session,1,0.0
1775252079.433,live_session,1,0.0
1775252079.494,live_session,1,0.0
1775252079.549,live_session,1,0.0
1775252079.609,live_session,1,0.0
1775252079.667,live_session,1,0.0
1775252079.726,live_session,1,0.0
1775252079.786,live_session,1,0.0
1775252079.845,live_session,1,0.0
1775252079.919,live_session,1,0.0
1775252079.982,live_session,1,0.0
1775252080.041,live_session,1,0.0
1775252080.098,live_session,1,0.0
1775252080.162,live_session,1,0.0
1775252080.220,live_session,1,0.0
1775252080.276,live_session,1,0.0
1775252080.334,live_session,1,0.0
1775252080.420,live_session,1,0.0
1775252080.476,live_session,1,0.0
1775252080.537,live_session,1,0.0
1775252080.628,live_session,1,0.0
1775252080.688,live_session,1,0.0
1775252080.746,live_session,1,0.0
1775252080.813,live_session,1,0.0
1775252080.871,live_session,1,0.0
1775252080.931,live_session,1,0.0
1775252080.987,live_session,1,0.0
1775252081.047,live_session,1,0.0
1775252081.123,live_session,1,0.0
1775252081.186,live_session,1,0.0
1775252081.248,live_session,1,0.0
1775252081.310,live_session,1,0.0
1775252081.370,live_session,1,0.0
1775252081.427,live_session,1,0.0
1775252081.491,live_session,1,0.0
1775252081.547,live_session,1,0.0
1775252081.602,live_session,1,0.0
1775252081.660,live_session,1,0.0
1775252081.719,live_session,1,0.0
1775252081.783,live_session,1,0.0
1775252081.839,live_session,1,0.0
1775252081.898,live_session,1,0.0
1775252081.968,live_session,1,0.0
1775252082.034,live_session,1,0.0
1775252082.092,live_session,1,0.0
1775252082.149,live_session,1,0.0
1775252082.206,live_session,1,0.0
1775252082.265,live_session,1,0.0
1775252082.322,live_session,1,0.0
1775252082.377,live_session,1,0.0
1775252082.438,live_session,1,0.0
1775252082.514,live_session,1,0.0
1775252082.605,live_session,1,0.0
1775252082.681,live_session,1,0.0
1775252082.760,live_session,1,0.0
1775252082.837,live_session,1,0.0
1775252082.893,live_session,1,0.0
1775252082.958,live_session,1,0.0
1775252083.018,live_session,1,0.0
1775252083.090,live_session,1,0.0
1775252083.147,live_session,1,0.0
1775252083.218,live_session,1,0.0
1775252083.305,live_session,1,0.0
1775252083.363,live_session,1,0.0
1775252083.424,live_session,1,0.0
1775252083.480,live_session,1,0.0
1775252083.541,live_session,1,0.0
1775252083.629,live_session,1,0.0
1775252083.684,live_session,1,0.0
1775252083.747,live_session,1,0.0
1775252083.812,live_session,1,0.0
1775252083.872,live_session,1,0.0
1775252083.930,live_session,1,0.0
1775252083.988,live_session,1,0.0
1775252084.046,live_session,1,0.0
1775252084.111,live_session,1,0.0
1775252084.167,live_session,1,0.0
1775252084.226,live_session,1,0.0
1775252084.282,live_session,1,0.0
1775252084.337,live_session,1,0.0
1775252084.403,live_session,1,0.0
1775252084.466,live_session,1,0.0
1775252084.523,live_session,1,0.0
1775252084.580,live_session,1,0.0
1775252084.638,live_session,1,0.0
1775252084.700,live_session,1,0.0
1775252084.758,live_session,1,0.0
1775252084.815,live_session,1,0.0
1775252084.905,live_session,1,0.0
1775252084.962,live_session,1,0.0
1775252085.026,live_session,1,0.0
1775252085.088,live_session,1,0.0
1775252085.158,live_session,1,0.0
1775252085.235,live_session,1,0.0
1775252085.314,live_session,1,0.0
1775252085.374,live_session,1,0.0
1775252085.436,live_session,1,0.0
1775252085.498,live_session,1,0.0
1775252085.559,live_session,1,0.0
1775252085.620,live_session,1,0.0
1775252085.681,live_session,1,0.0
1775252085.738,live_session,1,0.0
1775252085.793,live_session,1,0.0
1775252085.850,live_session,1,0.0
1775252085.908,live_session,1,0.0
1775252085.968,live_session,1,0.0
1775252086.031,live_session,1,0.0
1775252086.087,live_session,1,0.0
1775252086.145,live_session,1,0.0
1775252086.201,live_session,1,0.0
1775252086.281,live_session,1,0.0
1775252086.337,live_session,1,0.0
1775252086.399,live_session,1,0.0
1775252086.458,live_session,1,0.0
1775252086.517,live_session,1,0.0
1775252086.572,live_session,1,0.0
1775252086.627,live_session,1,0.0
1775252086.686,live_session,1,0.0
1775252086.749,live_session,1,0.0
1775252086.817,live_session,1,0.0
1775252086.873,live_session,1,0.0
1775252086.928,live_session,1,0.0
1775252086.986,live_session,1,0.0
1775252087.045,live_session,1,0.0
1775252087.102,live_session,1,0.0
1775252087.157,live_session,1,0.0
1775252087.216,live_session,1,0.0
1775252087.272,live_session,1,0.0
1775252087.329,live_session,1,0.0
1775252087.388,live_session,1,0.0
1775252087.444,live_session,1,0.0
1775252087.517,live_session,1,0.0
1775252087.574,live_session,1,0.0
1775252087.677,live_session,1,0.0
1775252087.731,live_session,1,0.0
1775252087.788,live_session,1,0.0
1775252087.848,live_session,1,0.0
1775252087.903,live_session,1,0.0
1775252087.961,live_session,1,0.0
1775252088.017,live_session,1,0.0
1775252088.072,live_session,1,0.0
1775252088.127,live_session,1,0.0
1775252088.184,live_session,1,0.0
1775252088.240,live_session,1,0.0
1775252088.299,live_session,1,0.0
1775252088.357,live_session,1,0.0
1775252088.418,live_session,1,0.0
1775252088.483,live_session,1,0.0
1775252088.539,live_session,1,0.0
1775252088.599,live_session,1,0.0
1775252088.655,live_session,1,0.0
1775252088.713,live_session,1,0.0
1775252088.768,live_session,1,0.0
1775252088.822,live_session,1,0.0
1775252088.878,live_session,1,0.0
1775252088.963,live_session,1,0.0
1775252089.019,live_session,1,0.0
1775252089.078,live_session,1,0.0
1775252089.139,live_session,1,0.0
1775252089.197,live_session,1,0.0
1775252089.257,live_session,1,0.0
1775252089.314,live_session,1,0.0
1775252089.371,live_session,1,0.0
1775252089.431,live_session,1,0.0
1775252089.490,live_session,1,0.0
1775252089.545,live_session,1,0.0
1775252089.602,live_session,1,0.0
1775252089.659,live_session,1,0.0
1775252089.721,live_session,1,0.0
1775252089.778,live_session,1,0.0
1775252089.835,live_session,1,0.0
1775252089.890,live_session,1,0.0
1775252089.948,live_session,1,0.0
1775252090.007,live_session,1,0.0
1775252090.067,live_session,1,0.0
1775252090.124,live_session,1,0.0
1775252090.180,live_session,1,0.0
1775252090.258,live_session,1,0.0
1775252090.311,live_session,1,0.0
1775252090.368,live_session,1,0.0
1775252090.425,live_session,1,0.0
1775252090.483,live_session,1,0.0
1775252090.544,live_session,1,0.0
1775252090.599,live_session,1,0.0
1775252090.656,live_session,1,0.0
1775252090.713,live_session,1,0.0
1775252090.768,live_session,1,0.0
1775252090.824,live_session,1,0.0
1775252090.879,live_session,1,0.0
1775252090.940,live_session,1,0.0
1775252090.997,live_session,1,0.0
1775252091.052,live_session,1,0.0
1775252091.107,live_session,1,0.0
1775252091.165,live_session,1,0.0
1775252091.242,live_session,1,0.0
1775252091.296,live_session,1,0.0
1775252091.353,live_session,1,0.0
1775252091.408,live_session,1,0.0
1775252091.467,live_session,1,0.0
1775252091.532,live_session,1,0.0
1775252091.592,live_session,1,0.0
1775252091.691,live_session,1,0.0
1775252091.777,live_session,1,0.0
1775252091.853,live_session,1,0.0
1775252091.918,live_session,1,0.0
1775252092.004,live_session,1,0.0
1775252092.063,live_session,1,0.0
1775252092.121,live_session,1,0.0
1775252092.182,live_session,1,0.0
1775252092.241,live_session,1,0.0
1775252092.300,live_session,1,0.0
1775252092.358,live_session,1,0.0
1775252092.415,live_session,1,0.0
1775252092.473,live_session,1,0.0
1775252092.529,live_session,1,0.0
1775252092.591,live_session,1,0.0
1775252092.662,live_session,1,0.0
1775252092.733,live_session,1,0.0
1775252092.811,live_session,1,0.0
1775252092.890,live_session,1,0.0
1775252092.953,live_session,1,0.0
1775252093.019,live_session,1,0.0
1775252093.094,live_session,1,0.0
1775252093.166,live_session,1,0.0
1775252093.241,live_session,1,0.0
1775252093.334,live_session,1,0.0
1775252093.390,live_session,1,0.0
1775252093.470,live_session,1,0.0
1775252093.541,live_session,1,0.0
1775252093.601,live_session,1,0.0
1775252093.669,live_session,1,0.0
1775252093.728,live_session,1,0.0
1775252093.789,live_session,1,0.0
1775252093.857,live_session,1,0.0
1775252093.917,live_session,1,0.0
1775252093.980,live_session,1,0.0
1775252094.050,live_session,1,0.0
1775252094.113,live_session,1,0.0
1775252094.178,live_session,1,0.0
1775252094.242,live_session,1,0.0
1775252094.314,live_session,1,0.0
1775252094.389,live_session,1,0.0
1775252094.447,live_session,1,0.0
1775252094.502,live_session,1,0.0
1775252094.568,live_session,1,0.0
1775252094.636,live_session,1,0.0
1775252094.692,live_session,1,0.0
1775252094.752,live_session,1,0.0
1775252094.874,live_session,1,0.0
1775252094.933,live_session,1,0.0
1775252094.988,live_session,1,0.0
1775252095.042,live_session,1,0.0
1775252095.099,live_session,1,0.0
1775252095.157,live_session,1,0.0
1775252095.215,live_session,1,0.0
1775252095.278,live_session,1,0.0
1775252095.339,live_session,1,0.0
1775252095.399,live_session,1,0.0
1775252095.460,live_session,1,547.3983309539578
1775252095.520,live_session,1,512.8884848519442
1775252095.530,live_session,1,271.8549806937354
1775252095.541,live_session,1,552.2469929272397
1775252095.552,live_session,1,772.4598772585509
1775252095.562,live_session,1,0.0
1775252095.573,live_session,1,0.0
1775252095.584,live_session,1,0.0
1775252095.594,live_session,1,0.0
1775252095.605,live_session,1,0.0
1775252095.616,live_session,1,0.0
1775252095.626,live_session,1,0.0
1775252095.637,live_session,1,0.0
1775252095.647,live_session,1,0.0
1775252095.658,live_session,1,0.0
1775252095.668,live_session,1,0.0
1775252095.679,live_session,1,0.0
1775252095.690,live_session,1,0.0
1775252095.700,live_session,1,0.0
1775252095.711,live_session,1,0.0
1775252095.722,live_session,1,0.0
1775252095.733,live_session,1,0.0
1775252095.743,live_session,1,0.0
1775252095.754,live_session,1,0.0
1775252095.765,live_session,1,0.0
1775252095.776,live_session,1,0.0
1775252095.787,live_session,1,0.0
1775252095.797,live_session,1,0.0
1775252095.808,live_session,1,0.0
1775252095.818,live_session,1,0.0
1775252095.829,live_session,1,0.0
1775252095.839,live_session,1,0.0
1775252095.850,live_session,1,0.0
1775252095.860,live_session,1,0.0
1775252095.871,live_session,1,0.0
1775252095.882,live_session,1,0.0
1775252095.892,live_session,1,0.0
1775252095.903,live_session,1,0.0
1775252095.914,live_session,1,0.0
1775252095.925,live_session,1,0.0
1775252095.935,live_session,1,0.0
1775252095.945,live_session,1,888.6479722187554
1775252095.956,live_session,1,877.6775547570319
1775252095.966,live_session,1,741.7328985668112
1775252095.977,live_session,1,507.8813725349042
1775252095.988,live_session,1,277.31582926723956
1775252095.998,live_session,1,557.0742911589969
1775252096.009,live_session,1,775.6924820950026
1775252096.020,live_session,1,889.6422533030666
1775252096.030,live_session,1,876.2355449631643
1775252096.041,live_session,1,738.1417104015956
1775252096.113,live_session,1,874.7492709263789
1775252096.124,live_session,1,734.5160188878854
1775252096.134,live_session,1,497.8128195757239
1775252096.146,live_session,1,288.23134826227056
1775252096.157,live_session,1,566.663433099319
1775252096.168,live_session,1,782.0459932483949
1775252096.179,live_session,1,891.4951127784195
1775252096.190,live_session,1,873.2188377010684
1775252096.200,live_session,1,730.8560803006417
1775252096.210,live_session,1,492.75209060968956
1775252096.221,live_session,1,293.68524714154256
1775252096.231,live_session,1,571.4245990180148
1775252096.241,live_session,1,785.1664504797426
1775252096.252,live_session,1,892.3535602036886
1775252096.262,live_session,1,871.6443534629324
1775252096.273,live_session,1,727.1621533355133
1775252096.284,live_session,1,487.67420318372103
1775252096.294,live_session,1,299.136058213987
1775252096.305,live_session,1,576.1630456633552
1775252096.316,live_session,1,788.2490805101972
1775252096.327,live_session,1,893.1666041154448
1775252096.338,live_session,1,870.0259295013303
1775252096.348,live_session,1,723.4344990905515
1775252096.359,live_session,1,482.5795162184264
1775252096.369,live_session,1,304.5833961996124
1775252096.380,live_session,1,580.8784381074447
1775252096.390,live_session,1,791.293665450044
1775252096.405,live_session,1,868.3636802114145
1775252096.416,live_session,1,719.6733810477506
1775252096.427,live_session,1,719.6733810477506
1775252096.438,live_session,1,477.4683898218477
1775252096.449,live_session,1,310.02687606392726
1775252096.459,live_session,1,585.5704430519406
1775252096.470,live_session,1,794.29999009872
1775252096.480,live_session,1,894.656254738024
1775252096.490,live_session,1,866.6577230860444
1775252096.501,live_session,1,715.8790650544306
1775252096.511,live_session,1,472.3411852640271
1775252096.521,live_session,1,315.4661130451253
1775252096.532,live_session,1,590.2387288515787
1775252096.542,live_session,1,797.2678419599982
1775252096.553,live_session,1,895.3327561557862
1775252096.564,live_session,1,864.9081787074888
1775252096.574,live_session,1,712.0518193044529
1775252096.585,live_session,1,467.1982649514647
1775252096.596,live_session,1,320.9007226813028
1775252096.606,live_session,1,594.882965537644
1775252096.617,live_session,1,800.1970112570359
1775252096.627,live_session,1,895.9636434813568
1775252096.638,live_session,1,863.1151707388933
1775252096.707,live_session,1,861.2788259155429
1775252096.717,live_session,1,704.2996229287016
1775252096.727,live_session,1,456.8667322165823
1775252096.738,live_session,1,331.7545237335248
1775252096.748,live_session,1,604.0979802167333
1775252096.758,live_session,1,805.9384767366602
1775252096.768,live_session,1,897.088400711039
1775252096.779,live_session,1,859.399274035904
1775252096.790,live_session,1,700.3752202518688
1775252096.800,live_session,1,451.6788500585829
1775252096.811,live_session,1,337.1729479697275
1775252096.821,live_session,1,608.6681068643462
1775252096.832,live_session,1,808.7503670949133
1775252096.842,live_session,1,897.5821911138707
1775252096.853,live_session,1,857.4766479524499
1775252096.863,live_session,1,696.4189836775291
1775252096.874,live_session,1,446.47671262286525
1775252096.884,live_session,1,342.5852105554524
1775252096.895,live_session,1,613.2128817536043
1775252096.905,live_session,1,811.5227632689434
1775252096.916,live_session,1,898.030208427571
1775252096.926,live_session,1,855.5110835622701
1775252096.937,live_session,1,692.4311928445791
1775252096.947,live_session,1,441.26068761240793
1775252096.957,live_session,1,347.990928935433
1775252096.968,live_session,1,617.731983645923
1775252096.979,live_session,1,814.255469297313
1775252096.989,live_session,1,898.4324209849062
1775252097.000,live_session,1,853.5027197974653
1775252097.010,live_session,1,688.4121296222665
1775252097.021,live_session,1,436.0311437118057
1775252097.031,live_session,1,353.3897210169671
1775252097.042,live_session,1,622.2250931173648
1775252097.052,live_session,1,816.948292024005
1775252097.063,live_session,1,898.7888003562631
1775252097.073,live_session,1,851.4516986153262
1775252097.083,live_session,1,684.3620780902676
1775252097.094,live_session,1,430.78845056120997
1775252097.104,live_session,1,358.7812051969247
1775252097.115,live_session,1,626.6918925812151
1775252097.125,live_session,1,819.6010411120766
1775252097.136,live_session,1,899.0993213516581
1775252097.147,live_session,1,849.358164988301
1775252097.157,live_session,1,680.281324518607
1775252097.167,live_session,1,425.53297873020097
1775252097.178,live_session,1,364.1650003887204
1775252097.188,live_session,1,631.1320663104317
1775252097.199,live_session,1,822.2135290571117
1775252097.209,live_session,1,899.363962022518
1775252097.222,live_session,1,899.363962022518
1775252097.314,live_session,1,845.0441553034713
1775252097.324,live_session,1,672.0288671665812
1775252097.335,live_session,1,414.9851857951895
1775252097.345,live_session,1,374.90800220578876
1775252097.355,live_session,1,639.9312830889178
1775252097.366,live_session,1,827.316985742365
1775252097.376,live_session,1,899.7555308124694
1775252097.387,live_session,1,842.8239841730605
1775252097.397,live_session,1,667.8577466951322
1775252097.407,live_session,1,409.69361024143967
1775252097.418,live_session,1,380.26644948284826
1775252097.428,live_session,1,644.2897041826434
1775252097.439,live_session,1,899.8824312542815
1775252097.449,live_session,1,899.8824312542815
1775252097.460,live_session,1,840.5619104309978
1775252097.471,live_session,1,404.39074705508403
1775252097.482,live_session,1,404.39074705508403
1775252097.492,live_session,1,385.6156891289926
1775252097.504,live_session,1,648.6202556746092
1775252097.514,live_session,1,832.2572191935767
1775252097.525,live_session,1,838.2580939675713
1775252097.535,live_session,1,838.2580939675713
1775252097.546,live_session,1,659.4271962782586
1775252097.557,live_session,1,390.9553430436091
1775252097.567,live_session,1,390.9553430436091
1775252097.578,live_session,1,652.9226314681957
1775252097.589,live_session,1,899.998419383657
1775252097.599,live_session,1,899.998419383657
1775252097.609,live_session,1,835.9126976235721
1775252097.620,live_session,1,655.1683622299129
1775252097.630,live_session,1,393.7526578462364
1775252097.641,live_session,1,396.28503380363435
1775252097.651,live_session,1,837.0328326722118
1775252097.661,live_session,1,837.0328326722118
1775252097.672,live_session,1,899.9874988728247
1775252097.683,live_session,1,833.5258871787843
1775252097.693,live_session,1,650.8808896429965
1775252097.704,live_session,1,401.60438469023063
1775252097.715,live_session,1,661.4416415529709
1775252097.725,live_session,1,839.3584831569709
1775252097.736,live_session,1,899.9306352583546
1775252097.747,live_session,1,831.0978313402674
1775252097.757,live_session,1,646.5650815691806
1775252097.768,live_session,1,0.0
1775252097.778,live_session,1,0.0
1775252097.789,live_session,1,0.0
1775252097.799,live_session,1,0.0
1775252097.809,live_session,1,0.0
1775252097.820,live_session,1,0.0
1775252097.831,live_session,1,0.0
1775252097.896,live_session,1,0.0
1775252097.907,live_session,1,0.0
1775252097.918,live_session,1,0.0
1775252097.928,live_session,1,0.0
1775252097.939,live_session,1,0.0
1775252097.949,live_session,1,0.0
1775252097.960,live_session,1,0.0
1775252097.970,live_session,1,0.0
1775252097.981,live_session,1,0.0
1775252097.992,live_session,1,0.0
1775252098.002,live_session,1,0.0
1775252098.012,live_session,1,0.0
1775252098.023,live_session,1,0.0
1775252098.033,live_session,1,0.0
1775252098.044,live_session,1,0.0
1775252098.055,live_session,1,0.0
1775252098.065,live_session,1,0.0
1775252098.076,live_session,1,0.0
1775252098.086,live_session,1,0.0
1775252098.097,live_session,1,0.0
1775252098.107,live_session,1,0.0
1775252098.118,live_session,1,0.0
1775252098.128,live_session,1,0.0
1775252098.139,live_session,1,0.0
1775252098.149,live_session,1,0.0
1775252098.159,live_session,1,0.0
1775252098.170,live_session,1,0.0
1775252098.180,live_session,1,0.0
1775252098.191,live_session,1,0.0
1775252098.201,live_session,1,0.0
1775252098.212,live_session,1,0.0
1775252098.222,live_session,1,0.0
1775252098.233,live_session,1,0.0
1775252098.243,live_session,1,0.0
1775252098.254,live_session,1,0.0
1775252098.264,live_session,1,0.0
1775252098.275,live_session,1,0.0
1775252098.286,live_session,1,0.0
1775252098.297,live_session,1,0.0
1775252098.307,live_session,1,0.0
1775252098.317,live_session,1,0.0
1775252098.328,live_session,1,0.0
1775252098.338,live_session,1,0.0
1775252098.349,live_session,1,0.0
1775252098.359,live_session,1,0.0
1775252098.369,live_session,1,0.0
1775252098.380,live_session,1,0.0
1775252098.391,live_session,1,0.0
1775252098.401,live_session,1,0.0
1775252098.412,live_session,1,0.0
1775252098.476,live_session,1,0.0
1775252098.566,live_session,1,0.0
1775252098.624,live_session,1,0.0
1775252098.681,live_session,1,0.0
1775252098.743,live_session,1,0.0
1775252098.801,live_session,1,0.0
1775252098.856,live_session,1,0.0
1775252098.911,live_session,1,0.0
1775252098.970,live_session,1,0.0
1775252099.026,live_session,1,0.0
1775252099.085,live_session,1,0.0
1775252099.146,live_session,1,0.0
1775252099.203,live_session,1,0.0
1775252099.264,live_session,1,0.0
1775252099.321,live_session,1,0.0
1775252099.379,live_session,1,0.0
1775252099.442,live_session,1,0.0
1775252099.504,live_session,1,665.6576736944814
1775252099.564,live_session,1,412.21056364863205
1775252099.575,live_session,1,669.8443258808184
1775252099.585,live_session,1,0.0
1775252099.596,live_session,1,0.0
1775252099.607,live_session,1,0.0
1775252099.617,live_session,1,0.0
1775252099.628,live_session,1,0.0
1775252099.638,live_session,1,0.0
1775252099.649,live_session,1,0.0
1775252099.659,live_session,1,0.0
1775252099.670,live_session,1,0.0
1775252099.680,live_session,1,0.0
1775252099.691,live_session,1,0.0
1775252099.701,live_session,1,0.0
1775252099.712,live_session,1,0.0
1775252099.723,live_session,1,0.0
1775252099.733,live_session,1,0.0
1775252099.744,live_session,1,0.0
1775252099.755,live_session,1,0.0
1775252099.765,live_session,1,0.0
1775252099.776,live_session,1,0.0
1775252099.786,live_session,1,0.0
1775252099.797,live_session,1,0.0
1775252099.807,live_session,1,0.0
1775252099.817,live_session,1,0.0
1775252099.828,live_session,1,0.0
1775252099.839,live_session,1,0.0
1775252099.849,live_session,1,0.0
1775252099.860,live_session,1,0.0
1775252099.870,live_session,1,0.0
1775252099.881,live_session,1,0.0
1775252099.892,live_session,1,0.0
1775252099.902,live_session,1,0.0
1775252099.913,live_session,1,0.0
1775252099.924,live_session,1,0.0
1775252099.935,live_session,1,0.0
1775252099.945,live_session,1,0.0
1775252099.956,live_session,1,0.0
1775252099.967,live_session,1,0.0
1775252099.977,live_session,1,0.0
1775252099.988,live_session,1,0.0
1775252099.998,live_session,1,0.0
1775252100.008,live_session,1,0.0
1775252100.019,live_session,1,0.0
1775252100.030,live_session,1,0.0
1775252100.041,live_session,1,0.0
1775252100.051,live_session,1,0.0
1775252100.062,live_session,1,0.0
1775252100.072,live_session,1,0.0
1775252100.083,live_session,1,0.0
1775252100.140,live_session,1,0.0
1775252100.151,live_session,1,0.0
1775252100.161,live_session,1,0.0
1775252100.172,live_session,1,0.0
1775252100.183,live_session,1,0.0
1775252100.193,live_session,1,0.0
1775252100.204,live_session,1,0.0
1775252100.214,live_session,1,0.0
1775252100.225,live_session,1,0.0
1775252100.236,live_session,1,0.0
1775252100.246,live_session,1,0.0
1775252100.257,live_session,1,0.0
1775252100.267,live_session,1,0.0
1775252100.278,live_session,1,0.0
1775252100.288,live_session,1,0.0
1775252100.299,live_session,1,0.0
1775252100.309,live_session,1,0.0
1775252100.320,live_session,1,0.0
1775252100.331,live_session,1,0.0
1775252100.341,live_session,1,0.0
1775252100.352,live_session,1,0.0
1775252100.362,live_session,1,0.0
1775252100.373,live_session,1,0.0
1775252100.383,live_session,1,0.0
1775252100.394,live_session,1,0.0
1775252100.404,live_session,1,0.0
1775252100.415,live_session,1,0.0
1775252100.425,live_session,1,0.0
1775252100.436,live_session,1,0.0
1775252100.446,live_session,1,0.0
1775252100.457,live_session,1,0.0
1775252100.468,live_session,1,0.0
1775252100.478,live_session,1,0.0
1775252100.489,live_session,1,0.0
1775252100.500,live_session,1,0.0
1775252100.515,live_session,1,0.0
1775252100.526,live_session,1,0.0
1775252100.537,live_session,1,0.0
1775252100.548,live_session,1,0.0
1775252100.558,live_session,1,0.0
1775252100.569,live_session,1,0.0
1775252100.580,live_session,1,0.0
1775252100.590,live_session,1,0.0
1775252100.601,live_session,1,0.0
1775252100.611,live_session,1,0.0
1775252100.622,live_session,1,0.0
1775252100.633,live_session,1,0.0
1775252100.643,live_session,1,0.0
1775252100.654,live_session,1,0.0
1775252100.664,live_session,1,0.0
1775252100.726,live_session,1,0.0
1775252100.791,live_session,1,0.0
1775252100.851,live_session,1,0.0
1775252100.912,live_session,1,0.0
1775252100.972,live_session,1,0.0
1775252101.027,live_session,1,0.0
1775252101.087,live_session,1,0.0
1775252101.145,live_session,1,0.0
1775252101.212,live_session,1,0.0
1775252101.271,live_session,1,0.0
1775252101.329,live_session,1,0.0
1775252101.405,live_session,1,0.0
1775252101.462,live_session,1,0.0
1775252101.518,live_session,1,0.0
1775252101.578,live_session,1,0.0
1775252101.640,live_session,1,0.0
1775252101.700,live_session,1,0.0
1775252101.757,live_session,1,0.0
1775252101.821,live_session,1,0.0
1775252101.882,live_session,1,0.0
1775252101.944,live_session,1,0.0
1775252102.006,live_session,1,0.0
1775252102.064,live_session,1,0.0
1775252102.123,live_session,1,0.0
1775252102.186,live_session,1,0.0
1775252102.243,live_session,1,0.0
1775252102.298,live_session,1,0.0
1775252102.355,live_session,1,843.8846497085586
1775252102.425,live_session,1,674.001302186605
1775252102.436,live_session,1,846.0848458520975
1775252102.446,live_session,1,899.4844422211199
1775252102.457,live_session,1,0.0
1775252102.467,live_session,1,0.0
1775252102.478,live_session,1,0.0
1775252102.489,live_session,1,0.0
1775252102.499,live_session,1,0.0
1775252102.510,live_session,1,0.0
1775252102.520,live_session,1,0.0
1775252102.531,live_session,1,0.0
1775252102.541,live_session,1,0.0
1775252102.552,live_session,1,0.0
1775252102.563,live_session,1,0.0
1775252102.573,live_session,1,0.0
1775252102.584,live_session,1,0.0
1775252102.594,live_session,1,0.0
1775252102.605,live_session,1,0.0
1775252102.616,live_session,1,0.0
1775252102.626,live_session,1,0.0
1775252102.637,live_session,1,0.0
1775252102.647,live_session,1,0.0
1775252102.658,live_session,1,0.0
1775252102.668,live_session,1,0.0
1775252102.679,live_session,1,0.0
1775252102.690,live_session,1,0.0
1775252102.700,live_session,1,0.0
1775252102.711,live_session,1,0.0
1775252102.722,live_session,1,0.0
1775252102.732,live_session,1,0.0
1775252102.743,live_session,1,0.0
1775252102.754,live_session,1,0.0
1775252102.765,live_session,1,0.0
1775252102.775,live_session,1,0.0
1775252102.786,live_session,1,823.5679221902051
1775252102.796,live_session,1,633.4507048561103
1775252102.807,live_session,1,633.4507048561103
1775252102.817,live_session,1,422.770881263182
1775252102.828,live_session,1,678.128308784047
1775252102.839,live_session,1,848.2429088963115
1775252102.849,live_session,1,899.2438788533918
1775252102.860,live_session,1,820.9766299711849
1775252102.870,live_session,1,629.024625083907
1775252102.881,live_session,1,361.6066207830419
1775252102.891,live_session,1,0.0
1775252102.902,live_session,1,0.0
1775252102.912,live_session,1,0.0
1775252102.923,live_session,1,0.0
1775252102.933,live_session,1,0.0
1775252102.943,live_session,1,0.0
1775252103.002,live_session,1,0.0
1775252103.013,live_session,1,0.0
1775252103.023,live_session,1,0.0
1775252103.033,live_session,1,0.0
1775252103.044,live_session,1,0.0
1775252103.054,live_session,1,0.0
1775252103.064,live_session,1,0.0
1775252103.075,live_session,1,0.0
1775252103.085,live_session,1,0.0
1775252103.096,live_session,1,0.0
1775252103.106,live_session,1,0.0
1775252103.117,live_session,1,0.0
1775252103.128,live_session,1,0.0
1775252103.138,live_session,1,0.0
1775252103.148,live_session,1,0.0
1775252103.158,live_session,1,0.0
1775252103.169,live_session,1,0.0
1775252103.179,live_session,1,0.0
1775252103.190,live_session,1,0.0
1775252103.200,live_session,1,0.0
1775252103.211,live_session,1,0.0
1775252103.221,live_session,1,0.0
1775252103.232,live_session,1,0.0
1775252103.243,live_session,1,0.0
1775252103.253,live_session,1,0.0
1775252103.264,live_session,1,0.0
1775252103.274,live_session,1,0.0
1775252103.285,live_session,1,0.0
1775252103.295,live_session,1,0.0
1775252103.305,live_session,1,0.0
1775252103.316,live_session,1,0.0
1775252103.326,live_session,1,0.0
1775252103.337,live_session,1,0.0
1775252103.347,live_session,1,0.0
1775252103.358,live_session,1,0.0
1775252103.368,live_session,1,0.0
1775252103.378,live_session,1,0.0
1775252103.389,live_session,1,0.0
1775252103.400,live_session,1,0.0
1775252103.410,live_session,1,0.0
1775252103.421,live_session,1,0.0
1775252103.432,live_session,1,0.0
1775252103.443,live_session,1,0.0
1775252103.454,live_session,1,0.0
1775252103.464,live_session,1,0.0
1775252103.475,live_session,1,0.0
1775252103.485,live_session,1,0.0
1775252103.495,live_session,1,0.0
1775252103.506,live_session,1,0.0
1775252103.516,live_session,1,0.0
1775252103.581,live_session,1,0.0
1775252103.642,live_session,1,0.0
1775252103.701,live_session,1,0.0
1775252103.761,live_session,1,0.0
1775252103.819,live_session,1,0.0
1775252103.878,live_session,1,0.0
1775252103.938,live_session,1,0.0
1775252103.997,live_session,1,0.0
1775252104.057,live_session,1,0.0
1775252104.122,live_session,1,0.0
1775252104.235,live_session,1,0.0
1775252104.297,live_session,1,0.0
1775252104.355,live_session,1,0.0
1775252104.414,live_session,1,624.5717546924047
1775252104.479,live_session,1,0.0
1775252104.489,live_session,1,0.0
1775252104.500,live_session,1,0.0
1775252104.510,live_session,1,0.0
1775252104.520,live_session,1,0.0
1775252104.531,live_session,1,0.0
1775252104.542,live_session,1,898.6251007384695
1775252104.552,live_session,1,815.6731564246666
1775252104.562,live_session,1,620.0924084240963
1775252104.573,live_session,1,350.82411711173444
1775252104.583,live_session,1,438.5188402230401
1775252104.594,live_session,1,690.3266039471815
1775252104.604,live_session,1,854.4627890030276
1775252104.615,live_session,1,898.2469297284043
1775252104.626,live_session,1,812.9613499628931
1775252104.636,live_session,1,615.5869028928709
1775252104.647,live_session,1,0.0
1775252104.657,live_session,1,0.0
1775252104.668,live_session,1,0.0
1775252104.678,live_session,1,0.0
1775252104.689,live_session,1,0.0
1775252104.699,live_session,1,0.0
1775252104.710,live_session,1,0.0
1775252104.720,live_session,1,0.0
1775252104.731,live_session,1,0.0
1775252104.741,live_session,1,0.0
1775252104.752,live_session,1,0.0
1775252104.763,live_session,1,0.0
1775252104.773,live_session,1,0.0
1775252104.784,live_session,1,0.0
1775252104.794,live_session,1,0.0
1775252104.805,live_session,1,0.0
1775252104.815,live_session,1,0.0
1775252104.826,live_session,1,0.0
1775252104.837,live_session,1,0.0
1775252104.847,live_session,1,0.0
1775252104.858,live_session,1,0.0
1775252104.868,live_session,1,0.0
1775252104.879,live_session,1,0.0
1775252104.889,live_session,1,0.0
1775252104.900,live_session,1,0.0
1775252104.910,live_session,1,0.0
1775252104.921,live_session,1,0.0
1775252104.931,live_session,1,0.0
1775252104.942,live_session,1,0.0
1775252104.952,live_session,1,0.0
1775252104.963,live_session,1,0.0
1775252104.973,live_session,1,0.0
1775252104.984,live_session,1,0.0
1775252104.994,live_session,1,0.0
1775252105.056,live_session,1,0.0
1775252105.066,live_session,1,0.0
1775252105.077,live_session,1,0.0
1775252105.087,live_session,1,0.0
1775252105.097,live_session,1,0.0
1775252105.108,live_session,1,0.0
1775252105.119,live_session,1,0.0
1775252105.129,live_session,1,0.0
1775252105.139,live_session,1,0.0
1775252105.150,live_session,1,0.0
1775252105.161,live_session,1,0.0
1775252105.171,live_session,1,0.0
1775252105.182,live_session,1,0.0
1775252105.192,live_session,1,0.0
1775252105.203,live_session,1,0.0
1775252105.213,live_session,1,0.0
1775252105.224,live_session,1,0.0
1775252105.234,live_session,1,0.0
1775252105.245,live_session,1,0.0
1775252105.255,live_session,1,0.0
1775252105.266,live_session,1,0.0
1775252105.276,live_session,1,0.0
1775252105.287,live_session,1,0.0
1775252105.297,live_session,1,0.0
1775252105.308,live_session,1,0.0
1775252105.318,live_session,1,0.0
1775252105.328,live_session,1,0.0
1775252105.339,live_session,1,0.0
1775252105.349,live_session,1,0.0
1775252105.359,live_session,1,0.0
1775252105.370,live_session,1,0.0
1775252105.381,live_session,1,0.0
1775252105.391,live_session,1,0.0
1775252105.402,live_session,1,0.0
1775252105.412,live_session,1,0.0
1775252105.423,live_session,1,0.0
1775252105.436,live_session,1,0.0
1775252105.447,live_session,1,0.0
1775252105.457,live_session,1,0.0
1775252105.468,live_session,1,0.0
1775252105.479,live_session,1,0.0
1775252105.489,live_session,1,0.0
1775252105.500,live_session,1,0.0
1775252105.511,live_session,1,0.0
1775252105.521,live_session,1,0.0
1775252105.532,live_session,1,0.0
1775252105.542,live_session,1,0.0
1775252105.552,live_session,1,0.0
1775252105.563,live_session,1,0.0
1775252105.573,live_session,1,0.0
1775252105.638,live_session,1,0.0
1775252105.695,live_session,1,0.0
1775252105.758,live_session,1,0.0
1775252105.817,live_session,1,0.0
1775252105.877,live_session,1,0.0
1775252105.936,live_session,1,0.0
1775252106.005,live_session,1,0.0
1775252106.067,live_session,1,0.0
1775252106.150,live_session,1,0.0
1775252106.214,live_session,1,0.0
1775252106.275,live_session,1,0.0
1775252106.331,live_session,1,0.0
1775252106.387,live_session,1,0.0
1775252106.443,live_session,1,0.0
1775252106.513,live_session,1,0.0
1775252106.568,live_session,1,0.0
1775252106.629,live_session,1,0.0
1775252106.690,live_session,1,0.0
1775252106.745,live_session,1,0.0
1775252106.800,live_session,1,0.0
1775252106.898,live_session,1,0.0
1775252106.953,live_session,1,0.0
1775252107.011,live_session,1,0.0
1775252107.068,live_session,1,0.0
1775252107.126,live_session,1,0.0
1775252107.189,live_session,1,0.0
1775252107.245,live_session,1,0.0
1775252107.303,live_session,1,0.0
1775252107.359,live_session,1,0.0
1775252107.415,live_session,1,0.0
1775252107.478,live_session,1,0.0
1775252107.537,live_session,1,0.0
1775252107.599,live_session,1,0.0
1775252107.658,live_session,1,0.0
1775252107.717,live_session,1,0.0
1775252107.782,live_session,1,0.0
1775252107.838,live_session,1,0.0
1775252107.895,live_session,1,0.0
1775252107.952,live_session,1,0.0
1775252108.008,live_session,1,0.0
1775252108.066,live_session,1,0.0
1775252108.132,live_session,1,0.0
1775252108.202,live_session,1,0.0
1775252108.260,live_session,1,0.0
1775252108.316,live_session,1,0.0
1775252108.378,live_session,1,0.0
1775252108.440,live_session,1,0.0
1775252108.521,live_session,1,0.0
1775252108.605,live_session,1,0.0
1775252108.676,live_session,1,0.0
1775252108.738,live_session,1,0.0
1775252108.795,live_session,1,0.0
1775252108.853,live_session,1,0.0
1775252108.911,live_session,1,0.0
1775252108.977,live_session,1,0.0
1775252109.033,live_session,1,0.0
1775252109.090,live_session,1,0.0
1775252109.148,live_session,1,0.0
1775252109.202,live_session,1,0.0
1775252109.267,live_session,1,0.0
1775252109.329,live_session,1,0.0
1775252109.384,live_session,1,0.0
1775252109.440,live_session,1,0.0
1775252109.529,live_session,1,0.0
1775252109.587,live_session,1,0.0
1775252109.653,live_session,1,0.0
1775252109.711,live_session,1,0.0
1775252109.767,live_session,1,0.0
1775252109.826,live_session,1,0.0
1775252109.884,live_session,1,0.0
1775252109.947,live_session,1,0.0
1775252110.006,live_session,1,0.0
1775252110.062,live_session,1,0.0
1775252110.118,live_session,1,0.0
1775252110.181,live_session,1,0.0
1775252110.240,live_session,1,0.0
1775252110.304,live_session,1,0.0
1775252110.361,live_session,1,0.0
1775252110.419,live_session,1,0.0
1775252110.477,live_session,1,0.0
1775252110.537,live_session,1,0.0
1775252110.590,live_session,1,0.0
1775252110.652,live_session,1,0.0
1775252110.713,live_session,1,0.0
1775252110.771,live_session,1,0.0
1775252110.827,live_session,1,0.0
1775252110.883,live_session,1,0.0
1775252110.949,live_session,1,0.0
1775252111.026,live_session,1,0.0
1775252111.085,live_session,1,0.0
1775252111.139,live_session,1,0.0
1775252111.197,live_session,1,0.0
1775252111.257,live_session,1,0.0
1775252111.322,live_session,1,0.0
1775252111.385,live_session,1,0.0
1775252111.445,live_session,1,0.0
1775252111.506,live_session,1,0.0
1775252111.561,live_session,1,0.0
1775252111.619,live_session,1,0.0
1775252111.676,live_session,1,0.0
1775252111.747,live_session,1,0.0
1775252111.807,live_session,1,0.0
1775252111.864,live_session,1,0.0
1775252111.919,live_session,1,0.0
1775252111.977,live_session,1,0.0
1775252112.041,live_session,1,0.0
1775252112.101,live_session,1,0.0
1775252112.158,live_session,1,0.0
1775252112.216,live_session,1,0.0
1775252112.273,live_session,1,0.0
1775252112.352,live_session,1,0.0
1775252112.407,live_session,1,0.0
1775252112.466,live_session,1,0.0
1775252112.524,live_session,1,0.0
1775252112.584,live_session,1,0.0
1775252112.644,live_session,1,0.0
1775252112.708,live_session,1,0.0
1775252112.769,live_session,1,0.0
1775252112.849,live_session,1,0.0
1775252112.906,live_session,1,0.0
1775252112.965,live_session,1,0.0
1775252113.022,live_session,1,0.0
1775252113.094,live_session,1,0.0
1775252113.151,live_session,1,0.0
1775252113.215,live_session,1,0.0
1775252113.279,live_session,1,0.0
1775252113.341,live_session,1,0.0
1775252113.400,live_session,1,0.0
1775252113.458,live_session,1,0.0
1775252113.516,live_session,1,0.0
1775252113.572,live_session,1,0.0
1775252113.634,live_session,1,0.0
1775252113.692,live_session,1,0.0
1775252113.773,live_session,1,0.0
1775252113.829,live_session,1,0.0
1775252113.886,live_session,1,0.0
1775252113.943,live_session,1,0.0
1775252114.003,live_session,1,0.0
1775252114.062,live_session,1,0.0
1775252114.122,live_session,1,0.0
1775252114.185,live_session,1,0.0
1775252114.244,live_session,1,0.0
1775252114.302,live_session,1,0.0
1775252114.365,live_session,1,0.0
1775252114.427,live_session,1,0.0
1775252114.482,live_session,1,0.0
1775252114.540,live_session,1,0.0
1775252114.601,live_session,1,0.0
1775252114.663,live_session,1,0.0
1775252114.732,live_session,1,0.0
1775252114.790,live_session,1,0.0
1775252114.852,live_session,1,0.0
1775252114.911,live_session,1,0.0
1775252114.971,live_session,1,0.0
1775252115.038,live_session,1,0.0
1775252115.116,live_session,1,0.0
1775252115.175,live_session,1,0.0
1775252115.234,live_session,1,0.0
1775252115.306,live_session,1,0.0
1775252115.365,live_session,1,0.0
1775252115.424,live_session,1,0.0
1775252115.495,live_session,1,0.0
1775252115.554,live_session,1,0.0
1775252115.612,live_session,1,0.0
1775252115.672,live_session,1,0.0
1775252115.729,live_session,1,0.0
1775252115.787,live_session,1,0.0
1775252115.847,live_session,1,0.0
1775252115.909,live_session,1,0.0
1775252115.970,live_session,1,0.0
1775252116.027,live_session,1,0.0
1775252116.085,live_session,1,0.0
1775252116.142,live_session,1,0.0
1775252116.213,live_session,1,0.0
1775252116.270,live_session,1,0.0
1775252116.325,live_session,1,0.0
1775252116.423,live_session,1,0.0
1775252116.479,live_session,1,0.0
1775252116.552,live_session,1,0.0
1775252116.610,live_session,1,0.0
1775252116.666,live_session,1,0.0
1775252116.724,live_session,1,0.0
1775252116.781,live_session,1,0.0
1775252116.840,live_session,1,0.0
1775252116.902,live_session,1,0.0
1775252116.963,live_session,1,0.0
1775252117.017,live_session,1,0.0
1775252117.078,live_session,1,0.0
1775252117.141,live_session,1,0.0
1775252117.201,live_session,1,0.0
1775252117.256,live_session,1,0.0
1775252117.311,live_session,1,0.0
1775252117.370,live_session,1,0.0
1775252117.435,live_session,1,0.0
1775252117.493,live_session,1,0.0
1775252117.551,live_session,1,0.0
1775252117.610,live_session,1,0.0
1775252117.668,live_session,1,0.0
1775252117.727,live_session,1,0.0
1775252117.803,live_session,1,0.0
1775252117.864,live_session,1,0.0
1775252117.924,live_session,1,0.0
1775252117.983,live_session,1,0.0
1775252118.044,live_session,1,0.0
1775252118.103,live_session,1,0.0
1775252118.165,live_session,1,0.0
1775252118.222,live_session,1,0.0
1775252118.283,live_session,1,0.0
1775252118.340,live_session,1,0.0
1775252118.401,live_session,1,0.0
1775252118.470,live_session,1,443.7420035135917
1775252118.529,live_session,1,611.0555565616341
1775252118.539,live_session,1,340.013107716759
1775252118.550,live_session,1,448.9514725270043
1775252118.560,live_session,1,698.303661608237
1775252118.571,live_session,1,0.0
1775252118.581,live_session,1,0.0
1775252118.592,live_session,1,0.0
1775252118.602,live_session,1,0.0
1775252118.613,live_session,1,0.0
1775252118.624,live_session,1,858.3959936114586
1775252118.634,live_session,1,897.3531574525929
1775252118.645,live_session,1,807.4185560426266
1775252118.656,live_session,1,606.4986897197986
1775252118.666,live_session,1,334.59786825880985
1775252118.677,live_session,1,454.1468790420811
1775252118.687,live_session,1,702.2447996343781
1775252118.698,live_session,1,860.2981597276032
1775252118.708,live_session,1,896.8376193614034
1775252118.719,live_session,1,804.5879603657542
1775252118.730,live_session,1,0.0
1775252118.740,live_session,1,0.0
1775252118.751,live_session,1,0.0
1775252118.761,live_session,1,0.0
1775252118.772,live_session,1,0.0
1775252118.782,live_session,1,0.0
1775252118.793,live_session,1,0.0
1775252118.804,live_session,1,0.0
1775252118.814,live_session,1,0.0
1775252118.825,live_session,1,0.0
1775252118.835,live_session,1,0.0
1775252118.846,live_session,1,0.0
1775252118.857,live_session,1,0.0
1775252118.867,live_session,1,0.0
1775252118.878,live_session,1,0.0
1775252118.889,live_session,1,0.0
1775252118.899,live_session,1,0.0
1775252118.910,live_session,1,0.0
1775252118.920,live_session,1,0.0
1775252118.930,live_session,1,0.0
1775252118.941,live_session,1,0.0
1775252118.952,live_session,1,0.0
1775252118.962,live_session,1,0.0
1775252118.973,live_session,1,0.0
1775252118.983,live_session,1,0.0
1775252118.994,live_session,1,0.0
1775252119.004,live_session,1,0.0
1775252119.015,live_session,1,0.0
1775252119.026,live_session,1,0.0
1775252119.038,live_session,1,0.0
1775252119.049,live_session,1,0.0
1775252119.107,live_session,1,0.0
1775252119.117,live_session,1,0.0
1775252119.128,live_session,1,0.0
1775252119.138,live_session,1,0.0
1775252119.149,live_session,1,0.0
1775252119.159,live_session,1,0.0
1775252119.169,live_session,1,0.0
1775252119.180,live_session,1,0.0
1775252119.191,live_session,1,0.0
1775252119.203,live_session,1,0.0
1775252119.214,live_session,1,0.0
1775252119.224,live_session,1,0.0
1775252119.235,live_session,1,0.0
1775252119.245,live_session,1,0.0
1775252119.256,live_session,1,0.0
1775252119.266,live_session,1,0.0
1775252119.276,live_session,1,0.0
1775252119.287,live_session,1,0.0
1775252119.297,live_session,1,0.0
1775252119.308,live_session,1,0.0
1775252119.319,live_session,1,0.0
1775252119.329,live_session,1,0.0
1775252119.340,live_session,1,0.0
1775252119.350,live_session,1,0.0
1775252119.361,live_session,1,0.0
1775252119.372,live_session,1,0.0
1775252119.383,live_session,1,0.0
1775252119.393,live_session,1,0.0
1775252119.404,live_session,1,0.0
1775252119.414,live_session,1,0.0
1775252119.425,live_session,1,0.0
1775252119.435,live_session,1,0.0
1775252119.446,live_session,1,0.0
1775252119.456,live_session,1,0.0
1775252119.467,live_session,1,0.0
1775252119.477,live_session,1,0.0
1775252119.488,live_session,1,0.0
1775252119.498,live_session,1,0.0
1775252119.509,live_session,1,0.0
1775252119.519,live_session,1,0.0
1775252119.530,live_session,1,0.0
1775252119.541,live_session,1,0.0
1775252119.551,live_session,1,0.0
1775252119.561,live_session,1,0.0
1775252119.572,live_session,1,0.0
1775252119.583,live_session,1,0.0
1775252119.594,live_session,1,0.0
1775252119.604,live_session,1,0.0
1775252119.615,live_session,1,0.0
1775252119.625,live_session,1,0.0
1775252119.685,live_session,1,0.0
1775252119.745,live_session,1,0.0
1775252119.810,live_session,1,0.0
1775252119.864,live_session,1,0.0
1775252119.923,live_session,1,0.0
1775252119.983,live_session,1,0.0
1775252120.041,live_session,1,0.0
1775252120.101,live_session,1,0.0
1775252120.164,live_session,1,0.0
1775252120.224,live_session,1,0.0
1775252120.278,live_session,1,0.0
1775252120.339,live_session,1,0.0
1775252120.398,live_session,1,0.0
1775252120.453,live_session,1,0.0
1775252120.514,live_session,1,0.0
1775252120.597,live_session,1,0.0
1775252120.652,live_session,1,0.0
1775252120.717,live_session,1,0.0
1775252120.777,live_session,1,0.0
1775252120.836,live_session,1,0.0
1775252120.895,live_session,1,0.0
1775252120.951,live_session,1,0.0
1775252121.006,live_session,1,0.0
1775252121.071,live_session,1,0.0
1775252121.142,live_session,1,0.0
1775252121.209,live_session,1,0.0
1775252121.264,live_session,1,0.0
1775252121.326,live_session,1,0.0
1775252121.387,live_session,1,0.0
1775252121.454,live_session,1,0.0
1775252121.514,live_session,1,0.0
1775252121.575,live_session,1,0.0
1775252121.632,live_session,1,0.0
1775252121.690,live_session,1,0.0
1775252121.748,live_session,1,0.0
1775252121.811,live_session,1,0.0
1775252121.892,live_session,1,0.0
1775252121.954,live_session,1,0.0
1775252122.019,live_session,1,0.0
1775252122.075,live_session,1,0.0
1775252122.133,live_session,1,0.0
1775252122.195,live_session,1,0.0
1775252122.252,live_session,1,0.0
1775252122.314,live_session,1,0.0
1775252122.371,live_session,1,0.0
1775252122.439,live_session,1,0.0
1775252122.496,live_session,1,0.0
1775252122.557,live_session,1,0.0
1775252122.617,live_session,1,0.0
1775252122.676,live_session,1,0.0
1775252122.734,live_session,1,0.0
1775252122.791,live_session,1,0.0
1775252122.852,live_session,1,0.0
1775252122.911,live_session,1,0.0
1775252122.967,live_session,1,0.0
1775252123.027,live_session,1,0.0
1775252123.088,live_session,1,601.9166244606444
1775252123.145,live_session,1,801.7181647162921
1775252123.156,live_session,1,597.3096846585527
1775252123.166,live_session,1,323.7498336233386
1775252123.177,live_session,1,464.49403668829837
1775252123.188,live_session,1,0.0
1775252123.198,live_session,1,0.0
1775252123.209,live_session,1,0.0
1775252123.219,live_session,1,0.0
1775252123.230,live_session,1,0.0
1775252123.240,live_session,1,0.0
1775252123.251,live_session,1,0.0
1775252123.262,live_session,1,0.0
1775252123.272,live_session,1,0.0
1775252123.283,live_session,1,0.0
1775252123.294,live_session,1,0.0
1775252123.304,live_session,1,0.0
1775252123.315,live_session,1,0.0
1775252123.326,live_session,1,0.0
1775252123.337,live_session,1,0.0
1775252123.347,live_session,1,0.0
1775252123.358,live_session,1,0.0
1775252123.369,live_session,1,0.0
1775252123.379,live_session,1,0.0
1775252123.390,live_session,1,0.0
1775252123.400,live_session,1,0.0
1775252123.411,live_session,1,0.0
1775252123.421,live_session,1,0.0
1775252123.432,live_session,1,0.0
1775252123.443,live_session,1,0.0
1775252123.453,live_session,1,0.0
1775252123.464,live_session,1,0.0
1775252123.475,live_session,1,0.0
1775252123.485,live_session,1,0.0
1775252123.496,live_session,1,0.0
1775252123.507,live_session,1,0.0
1775252123.517,live_session,1,710.0309012391522
1775252123.528,live_session,1,863.9729473386706
1775252123.539,live_session,1,895.6694214689236
1775252123.549,live_session,1,798.8093719401709
1775252123.559,live_session,1,592.6781959461139
1775252123.570,live_session,1,318.3178052180795
1775252123.581,live_session,1,469.6450564506846
1775252123.592,live_session,1,713.8753144722998
1775252123.602,live_session,1,865.7453090883583
1775252123.612,live_session,1,895.0168442394377
1775252123.622,live_session,1,0.0
1775252123.633,live_session,1,0.0
1775252123.644,live_session,1,0.0
1775252123.654,live_session,1,0.0
1775252123.665,live_session,1,0.0
1775252123.727,live_session,1,0.0
1775252123.738,live_session,1,0.0
1775252123.749,live_session,1,0.0
1775252123.759,live_session,1,0.0
1775252123.770,live_session,1,0.0
1775252123.781,live_session,1,0.0
1775252123.792,live_session,1,0.0
1775252123.803,live_session,1,0.0
1775252123.814,live_session,1,0.0
1775252123.825,live_session,1,0.0
1775252123.836,live_session,1,0.0
1775252123.846,live_session,1,0.0
1775252123.857,live_session,1,0.0
1775252123.867,live_session,1,0.0
1775252123.878,live_session,1,0.0
1775252123.889,live_session,1,0.0
1775252123.900,live_session,1,0.0
1775252123.910,live_session,1,0.0
1775252123.921,live_session,1,0.0
1775252123.931,live_session,1,0.0
1775252123.942,live_session,1,0.0
1775252123.953,live_session,1,0.0
1775252123.963,live_session,1,0.0
1775252123.974,live_session,1,0.0
1775252123.985,live_session,1,0.0
1775252123.995,live_session,1,0.0
1775252124.006,live_session,1,0.0
1775252124.017,live_session,1,0.0
1775252124.027,live_session,1,0.0
1775252124.038,live_session,1,0.0
1775252124.049,live_session,1,0.0
1775252124.059,live_session,1,0.0
1775252124.070,live_session,1,0.0
1775252124.080,live_session,1,0.0
1775252124.091,live_session,1,0.0
1775252124.102,live_session,1,0.0
1775252124.113,live_session,1,0.0
1775252124.124,live_session,1,0.0
1775252124.134,live_session,1,0.0
1775252124.145,live_session,1,0.0
1775252124.156,live_session,1,0.0
1775252124.166,live_session,1,0.0
1775252124.177,live_session,1,0.0
1775252124.187,live_session,1,0.0
1775252124.198,live_session,1,0.0
1775252124.208,live_session,1,0.0
1775252124.219,live_session,1,0.0
1775252124.230,live_session,1,0.0
1775252124.240,live_session,1,0.0
1775252124.251,live_session,1,0.0
1775252124.320,live_session,1,0.0
1775252124.385,live_session,1,0.0
1775252124.455,live_session,1,0.0
1775252124.540,live_session,1,0.0
1775252124.595,live_session,1,0.0
1775252124.657,live_session,1,0.0
1775252124.717,live_session,1,0.0
1775252124.774,live_session,1,0.0
1775252124.832,live_session,1,0.0
1775252124.892,live_session,1,0.0
1775252124.950,live_session,1,0.0
1775252125.011,live_session,1,0.0
1775252125.072,live_session,1,0.0
1775252125.129,live_session,1,0.0
1775252125.186,live_session,1,0.0
1775252125.250,live_session,1,0.0
1775252125.308,live_session,1,0.0
1775252125.366,live_session,1,0.0
1775252125.423,live_session,1,0.0
1775252125.484,live_session,1,0.0
1775252125.537,live_session,1,0.0
1775252125.593,live_session,1,0.0
1775252125.655,live_session,1,0.0
1775252125.718,live_session,1,0.0
1775252125.806,live_session,1,0.0
1775252125.863,live_session,1,0.0
1775252125.921,live_session,1,0.0
1775252125.978,live_session,1,0.0
1775252126.039,live_session,1,0.0
1775252126.105,live_session,1,0.0
1775252126.164,live_session,1,0.0
1775252126.222,live_session,1,0.0
1775252126.280,live_session,1,0.0
1775252126.342,live_session,1,0.0
1775252126.405,live_session,1,0.0
1775252126.466,live_session,1,0.0
1775252126.520,live_session,1,0.0
1775252126.577,live_session,1,0.0
1775252126.632,live_session,1,0.0
1775252126.691,live_session,1,0.0
1775252126.749,live_session,1,0.0
1775252126.812,live_session,1,0.0
1775252126.869,live_session,1,0.0
1775252126.927,live_session,1,0.0
1775252126.983,live_session,1,0.0
1775252127.045,live_session,1,0.0
1775252127.124,live_session,1,0.0
1775252127.179,live_session,1,0.0
1775252127.247,live_session,1,0.0
1775252127.310,live_session,1,0.0
1775252127.368,live_session,1,0.0
1775252127.430,live_session,1,0.0
1775252127.491,live_session,1,0.0
1775252127.557,live_session,1,0.0
1775252127.615,live_session,1,0.0
1775252127.671,live_session,1,0.0
1775252127.726,live_session,1,0.0
1775252127.784,live_session,1,0.0
1775252127.840,live_session,1,0.0
1775252127.906,live_session,1,0.0
1775252127.967,live_session,1,0.0
1775252128.023,live_session,1,0.0
1775252128.084,live_session,1,0.0
1775252128.140,live_session,1,0.0
1775252128.201,live_session,1,0.0
1775252128.262,live_session,1,0.0
1775252128.318,live_session,1,0.0
1775252128.397,live_session,1,0.0
1775252128.466,live_session,1,0.0
1775252128.531,live_session,1,0.0
1775252128.592,live_session,1,0.0
1775252128.648,live_session,1,0.0
1775252128.704,live_session,1,0.0
1775252128.761,live_session,1,0.0
1775252128.820,live_session,1,0.0
1775252128.882,live_session,1,0.0
1775252128.942,live_session,1,0.0
1775252128.998,live_session,1,0.0
1775252129.056,live_session,1,0.0
1775252129.112,live_session,1,0.0
1775252129.170,live_session,1,0.0
1775252129.226,live_session,1,0.0
1775252129.282,live_session,1,0.0
1775252129.337,live_session,1,0.0
1775252129.406,live_session,1,0.0
1775252129.463,live_session,1,0.0
1775252129.523,live_session,1,0.0
1775252129.579,live_session,1,0.0
1775252129.634,live_session,1,0.0
1775252129.715,live_session,1,0.0
1775252129.770,live_session,1,0.0
1775252129.836,live_session,1,0.0
1775252129.891,live_session,1,0.0
1775252129.947,live_session,1,0.0
1775252130.007,live_session,1,0.0
1775252130.062,live_session,1,0.0
1775252130.119,live_session,1,0.0
1775252130.180,live_session,1,0.0
1775252130.237,live_session,1,0.0
1775252130.292,live_session,1,0.0
1775252130.349,live_session,1,0.0
1775252130.410,live_session,1,0.0
1775252130.487,live_session,1,0.0
1775252130.548,live_session,1,0.0
1775252130.609,live_session,1,0.0
1775252130.669,live_session,1,0.0
1775252130.724,live_session,1,0.0
1775252130.783,live_session,1,0.0
1775252240.667,live_session,1,0.0
1775252240.678,live_session,1,0.0
1775252240.689,live_session,1,0.0
1775252240.699,live_session,1,0.0
1775252240.710,live_session,1,0.0
1775252240.721,live_session,1,0.0
1775252240.731,live_session,1,0.0
1775252240.745,live_session,1,0.0
1775252240.756,live_session,1,0.0
1775252240.768,live_session,1,0.0
1775252240.779,live_session,1,0.0
1775252240.789,live_session,1,0.0
1775252240.800,live_session,1,0.0
1775252240.810,live_session,1,0.0
1775252240.821,live_session,1,0.0
1775252240.833,live_session,1,0.0
1775252240.843,live_session,1,0.0
1775252240.854,live_session,1,0.0
1775252240.865,live_session,1,0.0
1775252240.875,live_session,1,0.0
1775252240.885,live_session,1,0.0
1775252240.896,live_session,1,0.0
1775252240.906,live_session,1,0.0
1775252240.916,live_session,1,0.0
1775252240.927,live_session,1,0.0
1775252240.937,live_session,1,0.0
1775252240.947,live_session,1,0.0
1775252240.957,live_session,1,0.0
1775252240.968,live_session,1,0.0
1775252240.978,live_session,1,0.0
1775252240.989,live_session,1,0.0
1775252240.999,live_session,1,0.0
1775252241.009,live_session,1,0.0
1775252241.020,live_session,1,532.7275971722996
1775252241.031,live_session,1,884.2201825873284
1775252241.042,live_session,1,883.0009600708269
1775252241.052,live_session,1,755.7475779771488
1775252241.062,live_session,1,527.7969221519893
1775252241.073,live_session,1,255.4647107886469
1775252241.084,live_session,1,537.6382881416544
1775252241.094,live_session,1,762.5414153770271
1775252241.104,live_session,1,885.3945764823133
1775252241.115,live_session,1,0.0
1775252241.125,live_session,1,0.0
1775252241.136,live_session,1,0.0
1775252241.147,live_session,1,0.0
1775252241.157,live_session,1,0.0
1775252241.168,live_session,1,0.0
1775252241.178,live_session,1,0.0
1775252241.189,live_session,1,0.0
1775252241.279,live_session,1,0.0
1775252241.290,live_session,1,0.0
1775252241.300,live_session,1,0.0
1775252241.311,live_session,1,0.0
1775252241.321,live_session,1,0.0
1775252241.332,live_session,1,0.0
1775252241.342,live_session,1,0.0
1775252241.352,live_session,1,0.0
1775252241.363,live_session,1,0.0
1775252241.374,live_session,1,0.0
1775252241.384,live_session,1,0.0
1775252241.394,live_session,1,0.0
1775252241.405,live_session,1,0.0
1775252241.415,live_session,1,0.0
1775252241.426,live_session,1,0.0
1775252241.436,live_session,1,0.0
1775252241.447,live_session,1,0.0
1775252241.457,live_session,1,0.0
1775252241.468,live_session,1,0.0
1775252241.479,live_session,1,0.0
1775252241.490,live_session,1,0.0
1775252241.500,live_session,1,0.0
1775252241.511,live_session,1,0.0
1775252241.522,live_session,1,0.0
1775252241.532,live_session,1,0.0
1775252241.543,live_session,1,0.0
1775252241.553,live_session,1,0.0
1775252241.564,live_session,1,0.0
1775252241.575,live_session,1,0.0
1775252241.585,live_session,1,0.0
1775252241.595,live_session,1,0.0
1775252241.606,live_session,1,0.0
1775252241.616,live_session,1,0.0
1775252241.627,live_session,1,0.0
1775252241.637,live_session,1,0.0
1775252241.647,live_session,1,0.0
1775252241.658,live_session,1,0.0
1775252241.668,live_session,1,0.0
1775252241.678,live_session,1,0.0
1775252241.689,live_session,1,0.0
1775252241.699,live_session,1,0.0
1775252241.710,live_session,1,0.0
1775252241.720,live_session,1,0.0
1775252241.731,live_session,1,0.0
1775252241.741,live_session,1,0.0
1775252241.752,live_session,1,0.0
1775252241.762,live_session,1,0.0
1775252241.773,live_session,1,0.0
1775252241.783,live_session,1,0.0
1775252241.794,live_session,1,0.0
1775252241.871,live_session,1,0.0
1775252241.928,live_session,1,0.0
1775252241.986,live_session,1,0.0
1775252242.062,live_session,1,0.0
1775252242.123,live_session,1,0.0
1775252242.186,live_session,1,0.0
1775252242.248,live_session,1,0.0
1775252242.311,live_session,1,0.0
1775252242.373,live_session,1,0.0
1775252242.434,live_session,1,0.0
1775252242.497,live_session,1,0.0
1775252242.554,live_session,1,0.0
1775252242.617,live_session,1,0.0
1775252242.675,live_session,1,0.0
1775252242.738,live_session,1,0.0
1775252242.798,live_session,1,0.0
1775252242.860,live_session,1,0.0
1775252242.924,live_session,1,0.0
1775252242.984,live_session,1,0.0
1775252243.042,live_session,1,0.0
1775252243.105,live_session,1,0.0
1775252243.163,live_session,1,0.0
1775252243.226,live_session,1,0.0
1775252243.282,live_session,1,0.0
1775252243.342,live_session,1,0.0
1775252243.397,live_session,1,0.0
1775252243.541,live_session,1,0.0
1775252243.604,live_session,1,0.0
1775252243.667,live_session,1,0.0
1775252243.726,live_session,1,0.0
1775252243.789,live_session,1,0.0
1775252243.848,live_session,1,0.0
1775252243.911,live_session,1,0.0
1775252243.971,live_session,1,0.0
1775252244.031,live_session,1,0.0
1775252244.089,live_session,1,0.0
1775252244.151,live_session,1,0.0
1775252244.211,live_session,1,0.0
1775252244.268,live_session,1,0.0
1775252244.326,live_session,1,0.0
1775252244.394,live_session,1,769.1903433606496
1775252244.469,live_session,1,0.0
1775252244.480,live_session,1,0.0
1775252244.490,live_session,1,0.0
1775252244.500,live_session,1,0.0
1775252244.511,live_session,1,0.0
1775252244.522,live_session,1,0.0
1775252244.533,live_session,1,0.0
1775252244.543,live_session,1,0.0
1775252244.554,live_session,1,0.0
1775252244.565,live_session,1,0.0
1775252244.575,live_session,1,0.0
1775252244.586,live_session,1,0.0
1775252244.596,live_session,1,0.0
1775252244.606,live_session,1,0.0
1775252244.617,live_session,1,0.0
1775252244.627,live_session,1,0.0
1775252244.638,live_session,1,0.0
1775252244.648,live_session,1,0.0
1775252244.659,live_session,1,0.0
1775252244.669,live_session,1,0.0
1775252244.679,live_session,1,0.0
1775252244.689,live_session,1,0.0
1775252244.700,live_session,1,0.0
1775252244.711,live_session,1,0.0
1775252244.721,live_session,1,0.0
1775252244.731,live_session,1,0.0
1775252244.741,live_session,1,0.0
1775252244.752,live_session,1,0.0
1775252244.763,live_session,1,0.0
1775252244.774,live_session,1,0.0
1775252244.785,live_session,1,0.0
1775252244.796,live_session,1,0.0
1775252244.806,live_session,1,0.0
1775252244.817,live_session,1,0.0
1775252244.828,live_session,1,0.0
1775252244.838,live_session,1,0.0
1775252244.850,live_session,1,0.0
1775252244.861,live_session,1,0.0
1775252244.871,live_session,1,0.0
1775252244.882,live_session,1,0.0
1775252244.892,live_session,1,0.0
1775252244.903,live_session,1,0.0
1775252244.913,live_session,1,0.0
1775252244.924,live_session,1,0.0
1775252244.935,live_session,1,0.0
1775252244.945,live_session,1,0.0
1775252244.955,live_session,1,0.0
1775252244.966,live_session,1,0.0
1775252244.976,live_session,1,0.0
1775252244.987,live_session,1,0.0
1775252245.046,live_session,1,0.0
1775252245.102,live_session,1,0.0
1775252245.165,live_session,1,0.0
1775252245.226,live_session,1,0.0
1775252245.294,live_session,1,0.0
1775252245.413,live_session,1,0.0
1775252245.509,live_session,1,0.0
1775252245.577,live_session,1,0.0
1775252245.643,live_session,1,0.0
1775252245.717,live_session,1,0.0
1775252245.781,live_session,1,0.0
1775252245.841,live_session,1,0.0
1775252245.909,live_session,1,0.0
1775252245.964,live_session,1,0.0
1775252246.022,live_session,1,0.0
1775252246.085,live_session,1,0.0
1775252246.147,live_session,1,0.0
1775252246.206,live_session,1,0.0
1775252246.266,live_session,1,0.0
1775252246.362,live_session,1,557.0742911589969
1775252246.435,live_session,1,0.0
1775252246.445,live_session,1,0.0
1775252246.456,live_session,1,0.0
1775252246.467,live_session,1,0.0
1775252246.477,live_session,1,0.0
1775252246.488,live_session,1,0.0
1775252246.498,live_session,1,0.0
1775252246.508,live_session,1,0.0
1775252246.519,live_session,1,0.0
1775252246.530,live_session,1,0.0
1775252246.540,live_session,1,0.0
1775252246.551,live_session,1,0.0
1775252246.562,live_session,1,0.0
1775252246.572,live_session,1,0.0
1775252246.583,live_session,1,0.0
1775252246.593,live_session,1,0.0
1775252246.604,live_session,1,0.0
1775252246.614,live_session,1,0.0
1775252246.625,live_session,1,0.0
1775252246.636,live_session,1,0.0
1775252246.646,live_session,1,0.0
1775252246.657,live_session,1,0.0
1775252246.668,live_session,1,0.0
1775252246.679,live_session,1,0.0
1775252246.689,live_session,1,0.0
1775252246.700,live_session,1,0.0
1775252246.711,live_session,1,0.0
1775252246.722,live_session,1,0.0
1775252246.732,live_session,1,0.0
1775252246.742,live_session,1,0.0
1775252246.753,live_session,1,0.0
1775252246.764,live_session,1,0.0
1775252246.775,live_session,1,0.0
1775252246.785,live_session,1,0.0
1775252246.796,live_session,1,0.0
1775252246.807,live_session,1,0.0
1775252246.817,live_session,1,0.0
1775252246.828,live_session,1,0.0
1775252246.838,live_session,1,0.0
1775252246.849,live_session,1,0.0
1775252246.859,live_session,1,0.0
1775252246.870,live_session,1,0.0
1775252246.880,live_session,1,0.0
1775252246.891,live_session,1,0.0
1775252246.901,live_session,1,0.0
1775252246.911,live_session,1,0.0
1775252246.922,live_session,1,0.0
1775252246.932,live_session,1,0.0
1775252246.943,live_session,1,0.0
1775252246.954,live_session,1,0.0
1775252247.012,live_session,1,0.0
1775252247.073,live_session,1,0.0
1775252247.130,live_session,1,0.0
1775252247.188,live_session,1,0.0
1775252247.251,live_session,1,0.0
1775252247.318,live_session,1,0.0
1775252247.395,live_session,1,0.0
1775252247.496,live_session,1,0.0
1775252247.577,live_session,1,0.0
1775252247.633,live_session,1,0.0
1775252247.691,live_session,1,0.0
1775252247.760,live_session,1,0.0
1775252247.867,live_session,1,0.0
1775252247.924,live_session,1,0.0
1775252247.982,live_session,1,0.0
1775252248.046,live_session,1,0.0
1775252248.108,live_session,1,0.0
1775252248.178,live_session,1,0.0
1775252248.236,live_session,1,0.0
1775252248.305,live_session,1,0.0
1775252248.371,live_session,1,0.0
1775252248.435,live_session,1,0.0
1775252248.494,live_session,1,0.0
1775252248.574,live_session,1,0.0
1775252248.636,live_session,1,0.0
1775252248.696,live_session,1,0.0
1775252248.763,live_session,1,0.0
1775252248.827,live_session,1,0.0
1775252248.888,live_session,1,0.0
1775252248.947,live_session,1,0.0
1775252249.008,live_session,1,0.0
1775252249.067,live_session,1,0.0
1775252249.134,live_session,1,0.0
1775252249.211,live_session,1,0.0
1775252249.267,live_session,1,0.0
1775252249.327,live_session,1,0.0
1775252249.395,live_session,1,0.0
1775252249.465,live_session,1,0.0
1775252249.521,live_session,1,0.0
1775252249.578,live_session,1,0.0
1775252249.639,live_session,1,0.0
1775252249.696,live_session,1,0.0
1775252249.764,live_session,1,0.0
1775252249.822,live_session,1,0.0
1775252249.878,live_session,1,0.0
1775252249.939,live_session,1,0.0
1775252249.997,live_session,1,0.0
1775252250.053,live_session,1,0.0
1775252250.110,live_session,1,0.0
1775252250.168,live_session,1,0.0
1775252250.229,live_session,1,0.0
1775252250.284,live_session,1,0.0
1775252250.343,live_session,1,0.0
1775252250.404,live_session,1,0.0
1775252250.465,live_session,1,0.0
1775252250.553,live_session,1,0.0
1775252250.607,live_session,1,0.0
1775252250.664,live_session,1,0.0
1775252250.721,live_session,1,0.0
1775252250.777,live_session,1,0.0
1775252250.833,live_session,1,0.0
1775252250.891,live_session,1,0.0
1775252250.947,live_session,1,0.0
1775252251.003,live_session,1,0.0
1775252251.060,live_session,1,0.0
1775252251.117,live_session,1,0.0
1775252251.172,live_session,1,0.0
1775252251.229,live_session,1,0.0
1775252251.287,live_session,1,0.0
1775252251.346,live_session,1,0.0
1775252251.403,live_session,1,0.0
1775252251.465,live_session,1,0.0
1775252251.526,live_session,1,0.0
1775252251.584,live_session,1,0.0
1775252251.641,live_session,1,0.0
1775252251.698,live_session,1,0.0
1775252251.753,live_session,1,0.0
1775252251.808,live_session,1,0.0
1775252251.866,live_session,1,0.0
1775252251.923,live_session,1,0.0
1775252252.009,live_session,1,0.0
1775252252.064,live_session,1,0.0
1775252252.119,live_session,1,0.0
1775252252.176,live_session,1,0.0
1775252252.233,live_session,1,0.0
1775252252.291,live_session,1,0.0
1775252252.350,live_session,1,0.0
1775252252.497,live_session,1,0.0
1775252252.552,live_session,1,0.0
1775252252.610,live_session,1,0.0
1775252252.671,live_session,1,0.0
1775252252.734,live_session,1,0.0
1775252252.789,live_session,1,0.0
1775252252.846,live_session,1,0.0
1775252252.899,live_session,1,0.0
1775252252.956,live_session,1,0.0
1775252253.012,live_session,1,0.0
1775252253.069,live_session,1,0.0
1775252253.123,live_session,1,0.0
1775252253.182,live_session,1,0.0
1775252253.239,live_session,1,0.0
1775252253.326,live_session,1,0.0
1775252253.382,live_session,1,0.0
1775252253.438,live_session,1,0.0
1775252253.496,live_session,1,0.0
1775252253.549,live_session,1,0.0
1775252253.606,live_session,1,0.0
1775252253.664,live_session,1,0.0
1775252253.718,live_session,1,0.0
1775252253.779,live_session,1,0.0
1775252253.837,live_session,1,0.0
1775252253.898,live_session,1,0.0
1775252253.954,live_session,1,0.0
1775252254.011,live_session,1,0.0
1775252254.069,live_session,1,0.0
1775252254.126,live_session,1,0.0
1775252254.182,live_session,1,0.0
1775252254.239,live_session,1,0.0
1775252254.301,live_session,1,0.0
1775252254.359,live_session,1,0.0
1775252254.420,live_session,1,0.0
1775252254.479,live_session,1,0.0
1775252254.539,live_session,1,0.0
1775252254.596,live_session,1,0.0
1775252254.654,live_session,1,0.0
1775252254.737,live_session,1,0.0
1775252254.793,live_session,1,0.0
1775252254.850,live_session,1,0.0
1775252254.903,live_session,1,0.0
1775252254.962,live_session,1,0.0
1775252255.018,live_session,1,0.0
1775252255.077,live_session,1,0.0
1775252255.132,live_session,1,0.0
1775252255.190,live_session,1,0.0
1775252255.246,live_session,1,0.0
1775252255.304,live_session,1,0.0
1775252255.358,live_session,1,0.0
1775252255.419,live_session,1,0.0
1775252255.483,live_session,1,0.0
1775252255.542,live_session,1,0.0
1775252255.600,live_session,1,0.0
1775252255.669,live_session,1,0.0
1775252255.723,live_session,1,0.0
1775252255.778,live_session,1,0.0
1775252255.835,live_session,1,0.0
1775252255.893,live_session,1,0.0
1775252255.951,live_session,1,0.0
1775252256.011,live_session,1,0.0
1775252256.089,live_session,1,0.0
1775252256.147,live_session,1,0.0
1775252256.212,live_session,1,0.0
1775252256.272,live_session,1,0.0
1775252256.331,live_session,1,0.0
1775252256.397,live_session,1,0.0
1775252256.475,live_session,1,0.0
1775252256.534,live_session,1,0.0
1775252256.595,live_session,1,0.0
1775252256.653,live_session,1,0.0
1775252256.720,live_session,1,0.0
1775252256.797,live_session,1,0.0
1775252256.865,live_session,1,0.0
1775252256.941,live_session,1,0.0
1775252257.043,live_session,1,0.0
1775252257.097,live_session,1,0.0
1775252257.153,live_session,1,0.0
1775252257.210,live_session,1,0.0
1775252257.266,live_session,1,0.0
1775252257.321,live_session,1,0.0
1775252257.381,live_session,1,0.0
1775252257.439,live_session,1,0.0
1775252257.517,live_session,1,0.0
1775252257.571,live_session,1,0.0
1775252257.629,live_session,1,0.0
1775252257.684,live_session,1,0.0
1775252257.744,live_session,1,0.0
1775252257.806,live_session,1,0.0
1775252257.860,live_session,1,0.0
1775252257.920,live_session,1,0.0
1775252257.977,live_session,1,0.0
1775252258.038,live_session,1,0.0
1775252258.093,live_session,1,0.0
1775252258.150,live_session,1,0.0
1775252258.223,live_session,1,0.0
1775252258.283,live_session,1,0.0
1775252258.343,live_session,1,0.0
1775252258.400,live_session,1,0.0
1775252258.460,live_session,1,0.0
1775252258.517,live_session,1,0.0
1775252258.578,live_session,1,0.0
1775252258.634,live_session,1,0.0
1775252258.692,live_session,1,0.0
1775252258.747,live_session,1,0.0
1775252258.808,live_session,1,0.0
1775252258.863,live_session,1,0.0
1775252258.956,live_session,1,0.0
1775252259.019,live_session,1,0.0
1775252259.073,live_session,1,0.0
1775252259.133,live_session,1,0.0
1775252259.190,live_session,1,0.0
1775252259.247,live_session,1,0.0
1775252259.310,live_session,1,0.0
1775252259.368,live_session,1,0.0
1775252259.426,live_session,1,0.0
1775252259.485,live_session,1,0.0
1775252259.540,live_session,1,0.0
1775252259.597,live_session,1,0.0
1775252259.655,live_session,1,0.0
1775252259.718,live_session,1,0.0
1775252259.779,live_session,1,0.0
1775252259.835,live_session,1,0.0
1775252259.893,live_session,1,0.0
1775252259.949,live_session,1,0.0
1775252260.006,live_session,1,0.0
1775252260.065,live_session,1,0.0
1775252260.126,live_session,1,0.0
1775252260.181,live_session,1,0.0
1775252260.239,live_session,1,0.0
1775252260.314,live_session,1,0.0
1775252260.367,live_session,1,0.0
1775252260.426,live_session,1,0.0
1775252260.491,live_session,1,0.0
1775252260.549,live_session,1,0.0
1775252260.610,live_session,1,0.0
1775252260.671,live_session,1,0.0
1775252260.729,live_session,1,0.0
1775252260.787,live_session,1,0.0
1775252260.851,live_session,1,0.0
1775252260.990,live_session,1,0.0
1775252261.087,live_session,1,0.0
1775252261.157,live_session,1,0.0
1775252261.220,live_session,1,0.0
1775252261.285,live_session,1,0.0
1775252261.349,live_session,1,0.0
1775252261.411,live_session,1,0.0
1775252261.481,live_session,1,0.0
1775252261.576,live_session,1,0.0
1775252261.689,live_session,1,0.0
1775252261.745,live_session,1,0.0
1775252261.801,live_session,1,0.0
1775252261.895,live_session,1,0.0
1775252261.956,live_session,1,0.0
1775252262.031,live_session,1,0.0
1775252262.087,live_session,1,0.0
1775252262.149,live_session,1,0.0
1775252262.205,live_session,1,0.0
1775252262.264,live_session,1,0.0
1775252262.323,live_session,1,0.0
1775252262.381,live_session,1,0.0
1775252262.442,live_session,1,0.0
1775252262.516,live_session,1,0.0
1775252262.573,live_session,1,0.0
1775252262.631,live_session,1,0.0
1775252262.691,live_session,1,0.0
1775252262.756,live_session,1,561.8798844410318
1775252262.815,live_session,1,497.8128195757239
1775252262.825,live_session,1,0.0
1775252262.836,live_session,1,0.0
1775252262.846,live_session,1,0.0
1775252262.858,live_session,1,0.0
1775252262.869,live_session,1,0.0
1775252262.880,live_session,1,0.0
1775252262.891,live_session,1,0.0
1775252262.901,live_session,1,0.0
1775252262.912,live_session,1,0.0
1775252262.922,live_session,1,0.0
1775252262.933,live_session,1,0.0
1775252262.944,live_session,1,0.0
1775252262.954,live_session,1,0.0
1775252262.965,live_session,1,0.0
1775252262.976,live_session,1,0.0
1775252262.986,live_session,1,0.0
1775252262.997,live_session,1,0.0
1775252263.008,live_session,1,0.0
1775252263.018,live_session,1,0.0
1775252263.029,live_session,1,0.0
1775252263.040,live_session,1,0.0
1775252263.050,live_session,1,0.0
1775252263.061,live_session,1,0.0
1775252263.072,live_session,1,0.0
1775252263.082,live_session,1,0.0
1775252263.093,live_session,1,0.0
1775252263.103,live_session,1,0.0
1775252263.113,live_session,1,0.0
1775252263.124,live_session,1,0.0
1775252263.134,live_session,1,0.0
1775252263.145,live_session,1,0.0
1775252263.155,live_session,1,0.0
1775252263.165,live_session,1,0.0
1775252263.176,live_session,1,0.0
1775252263.187,live_session,1,0.0
1775252263.197,live_session,1,0.0
1775252263.207,live_session,1,0.0
1775252263.218,live_session,1,0.0
1775252263.229,live_session,1,0.0
1775252263.239,live_session,1,0.0
1775252263.250,live_session,1,0.0
1775252263.260,live_session,1,0.0
1775252263.271,live_session,1,0.0
1775252263.281,live_session,1,0.0
1775252263.292,live_session,1,0.0
1775252263.302,live_session,1,0.0
1775252263.318,live_session,1,0.0
1775252263.329,live_session,1,0.0
1775252263.340,live_session,1,0.0
1775252263.418,live_session,1,0.0
1775252263.428,live_session,1,0.0
1775252263.439,live_session,1,0.0
1775252263.449,live_session,1,0.0
1775252263.460,live_session,1,0.0
1775252263.470,live_session,1,0.0
1775252263.481,live_session,1,0.0
1775252263.491,live_session,1,0.0
1775252263.502,live_session,1,0.0
1775252263.512,live_session,1,0.0
1775252263.523,live_session,1,0.0
1775252263.533,live_session,1,0.0
1775252263.544,live_session,1,0.0
1775252263.554,live_session,1,0.0
1775252263.565,live_session,1,0.0
1775252263.575,live_session,1,0.0
1775252263.585,live_session,1,0.0
1775252263.596,live_session,1,0.0
1775252263.606,live_session,1,0.0
1775252263.617,live_session,1,0.0
1775252263.627,live_session,1,0.0
1775252263.638,live_session,1,0.0
1775252263.648,live_session,1,0.0
1775252263.659,live_session,1,0.0
1775252263.669,live_session,1,0.0
1775252263.680,live_session,1,0.0
1775252263.691,live_session,1,0.0
1775252263.701,live_session,1,0.0
1775252263.712,live_session,1,0.0
1775252263.722,live_session,1,0.0
1775252263.733,live_session,1,0.0
1775252263.744,live_session,1,0.0
1775252263.754,live_session,1,0.0
1775252263.765,live_session,1,0.0
1775252263.775,live_session,1,0.0
1775252263.786,live_session,1,0.0
1775252263.796,live_session,1,0.0
1775252263.807,live_session,1,0.0
1775252263.818,live_session,1,0.0
1775252263.828,live_session,1,0.0
1775252263.839,live_session,1,0.0
1775252263.850,live_session,1,0.0
1775252263.861,live_session,1,0.0
1775252263.872,live_session,1,0.0
1775252263.882,live_session,1,0.0
1775252263.893,live_session,1,0.0
1775252263.904,live_session,1,0.0
1775252263.915,live_session,1,0.0
1775252263.925,live_session,1,0.0
1775252263.936,live_session,1,0.0
1775252263.998,live_session,1,0.0
1775252264.066,live_session,1,0.0
1775252264.124,live_session,1,0.0
1775252264.182,live_session,1,0.0
1775252264.244,live_session,1,0.0
1775252264.299,live_session,1,0.0
1775252264.365,live_session,1,0.0
1775252264.424,live_session,1,0.0
1775252264.488,live_session,1,0.0
1775252264.545,live_session,1,0.0
1775252264.606,live_session,1,0.0
1775252264.665,live_session,1,0.0
1775252264.731,live_session,1,0.0
1775252264.796,live_session,1,0.0
1775252264.855,live_session,1,0.0
1775252264.911,live_session,1,0.0
1775252264.972,live_session,1,0.0
1775252265.030,live_session,1,0.0
1775252265.090,live_session,1,0.0
1775252265.154,live_session,1,891.4951127784195
1775252265.215,live_session,1,785.1664504797426
1775252265.226,live_session,1,0.0
1775252265.236,live_session,1,0.0
1775252265.246,live_session,1,0.0
1775252265.257,live_session,1,0.0
1775252265.267,live_session,1,0.0
1775252265.278,live_session,1,0.0
1775252265.288,live_session,1,0.0
1775252265.299,live_session,1,0.0
1775252265.310,live_session,1,0.0
1775252265.320,live_session,1,0.0
1775252265.330,live_session,1,0.0
1775252265.341,live_session,1,0.0
1775252265.352,live_session,1,0.0
1775252265.362,live_session,1,0.0
1775252265.372,live_session,1,0.0
1775252265.383,live_session,1,0.0
1775252265.393,live_session,1,0.0
1775252265.404,live_session,1,0.0
1775252265.415,live_session,1,0.0
1775252265.425,live_session,1,0.0
1775252265.436,live_session,1,0.0
1775252265.447,live_session,1,0.0
1775252265.457,live_session,1,0.0
1775252265.468,live_session,1,0.0
1775252265.478,live_session,1,0.0
1775252265.489,live_session,1,0.0
1775252265.499,live_session,1,0.0
1775252265.510,live_session,1,0.0
1775252265.520,live_session,1,0.0
1775252265.531,live_session,1,0.0
1775252265.541,live_session,1,0.0
1775252265.551,live_session,1,0.0
1775252265.562,live_session,1,0.0
1775252265.572,live_session,1,0.0
1775252265.583,live_session,1,0.0
1775252265.593,live_session,1,0.0
1775252265.603,live_session,1,0.0
1775252265.614,live_session,1,0.0
1775252265.624,live_session,1,0.0
1775252265.635,live_session,1,0.0
1775252265.646,live_session,1,0.0
1775252265.656,live_session,1,0.0
1775252265.667,live_session,1,0.0
1775252265.678,live_session,1,0.0
1775252265.688,live_session,1,0.0
1775252265.698,live_session,1,0.0
1775252265.709,live_session,1,0.0
1775252265.719,live_session,1,0.0
1775252265.729,live_session,1,0.0
1775252265.804,live_session,1,0.0
1775252265.815,live_session,1,0.0
1775252265.825,live_session,1,0.0
1775252265.835,live_session,1,0.0
1775252265.846,live_session,1,0.0
1775252265.856,live_session,1,0.0
1775252265.867,live_session,1,0.0
1775252265.878,live_session,1,0.0
1775252265.888,live_session,1,0.0
1775252265.898,live_session,1,0.0
1775252265.909,live_session,1,0.0
1775252265.920,live_session,1,0.0
1775252265.930,live_session,1,0.0
1775252265.941,live_session,1,0.0
1775252265.951,live_session,1,0.0
1775252265.965,live_session,1,0.0
1775252265.978,live_session,1,0.0
1775252265.988,live_session,1,0.0
1775252265.999,live_session,1,0.0
1775252266.010,live_session,1,0.0
1775252266.020,live_session,1,0.0
1775252266.031,live_session,1,0.0
1775252266.042,live_session,1,0.0
1775252266.052,live_session,1,0.0
1775252266.064,live_session,1,0.0
1775252266.074,live_session,1,0.0
1775252266.085,live_session,1,0.0
1775252266.095,live_session,1,0.0
1775252266.106,live_session,1,0.0
1775252266.117,live_session,1,0.0
1775252266.127,live_session,1,0.0
1775252266.138,live_session,1,0.0
1775252266.149,live_session,1,0.0
1775252266.159,live_session,1,0.0
1775252266.170,live_session,1,0.0
1775252266.180,live_session,1,0.0
1775252266.191,live_session,1,0.0
1775252266.202,live_session,1,0.0
1775252266.212,live_session,1,0.0
1775252266.222,live_session,1,0.0
1775252266.233,live_session,1,0.0
1775252266.243,live_session,1,0.0
1775252266.254,live_session,1,0.0
1775252266.264,live_session,1,0.0
1775252266.275,live_session,1,0.0
1775252266.285,live_session,1,0.0
1775252266.296,live_session,1,0.0
1775252266.306,live_session,1,0.0
1775252266.317,live_session,1,0.0
1775252266.328,live_session,1,0.0
1775252266.387,live_session,1,0.0
1775252266.467,live_session,1,0.0
1775252266.538,live_session,1,0.0
1775252266.606,live_session,1,0.0
1775252266.681,live_session,1,0.0
1775252266.744,live_session,1,0.0
1775252266.814,live_session,1,0.0
1775252266.871,live_session,1,0.0
1775252266.929,live_session,1,0.0
1775252266.986,live_session,1,0.0
1775252267.043,live_session,1,0.0
1775252267.106,live_session,1,0.0
1775252267.163,live_session,1,0.0
1775252267.222,live_session,1,0.0
1775252267.281,live_session,1,0.0
1775252267.341,live_session,1,0.0
1775252267.422,live_session,1,0.0
1775252267.478,live_session,1,0.0
1775252267.537,live_session,1,0.0
1775252267.596,live_session,1,871.6443534629324
1775252267.654,live_session,1,788.2490805101972
1775252267.665,live_session,1,893.1666041154448
1775252267.675,live_session,1,870.0259295013303
1775252267.685,live_session,1,723.4344990905515
1775252267.696,live_session,1,0.0
1775252267.706,live_session,1,0.0
1775252267.717,live_session,1,0.0
1775252267.727,live_session,1,0.0
1775252267.738,live_session,1,0.0
1775252267.748,live_session,1,0.0
1775252267.759,live_session,1,0.0
1775252267.770,live_session,1,0.0
1775252267.780,live_session,1,0.0
1775252267.790,live_session,1,0.0
1775252267.801,live_session,1,0.0
1775252267.812,live_session,1,0.0
1775252267.823,live_session,1,0.0
1775252267.833,live_session,1,0.0
1775252267.844,live_session,1,0.0
1775252267.855,live_session,1,0.0
1775252267.865,live_session,1,0.0
1775252267.875,live_session,1,0.0
1775252267.886,live_session,1,0.0
1775252267.897,live_session,1,0.0
1775252267.908,live_session,1,0.0
1775252267.918,live_session,1,0.0
1775252267.929,live_session,1,0.0
1775252267.939,live_session,1,0.0
1775252267.950,live_session,1,0.0
1775252267.960,live_session,1,0.0
1775252267.971,live_session,1,0.0
1775252267.981,live_session,1,0.0
1775252267.992,live_session,1,0.0
1775252268.003,live_session,1,0.0
1775252268.014,live_session,1,0.0
1775252268.024,live_session,1,0.0
1775252268.035,live_session,1,0.0
1775252268.045,live_session,1,0.0
1775252268.056,live_session,1,0.0
1775252268.066,live_session,1,0.0
1775252268.077,live_session,1,0.0
1775252268.087,live_session,1,0.0
1775252268.098,live_session,1,0.0
1775252268.109,live_session,1,0.0
1775252268.119,live_session,1,0.0
1775252268.130,live_session,1,0.0
1775252268.140,live_session,1,0.0
1775252268.151,live_session,1,0.0
1775252268.162,live_session,1,0.0
1775252268.173,live_session,1,0.0
1775252268.236,live_session,1,0.0
1775252268.246,live_session,1,0.0
1775252268.257,live_session,1,0.0
1775252268.267,live_session,1,0.0
1775252268.278,live_session,1,0.0
1775252268.289,live_session,1,0.0
1775252268.300,live_session,1,0.0
1775252268.310,live_session,1,0.0
1775252268.320,live_session,1,0.0
1775252268.331,live_session,1,0.0
1775252268.342,live_session,1,0.0
1775252268.353,live_session,1,0.0
1775252268.363,live_session,1,0.0
1775252268.374,live_session,1,0.0
1775252268.384,live_session,1,0.0
1775252268.395,live_session,1,0.0
1775252268.405,live_session,1,0.0
1775252268.416,live_session,1,0.0
1775252268.426,live_session,1,0.0
1775252268.437,live_session,1,0.0
1775252268.447,live_session,1,0.0
1775252268.458,live_session,1,0.0
1775252268.468,live_session,1,0.0
1775252268.479,live_session,1,0.0
1775252268.489,live_session,1,0.0
1775252268.500,live_session,1,0.0
1775252268.510,live_session,1,0.0
1775252268.521,live_session,1,0.0
1775252268.531,live_session,1,0.0
1775252268.541,live_session,1,0.0
1775252268.552,live_session,1,0.0
1775252268.570,live_session,1,0.0
1775252268.581,live_session,1,0.0
1775252268.592,live_session,1,0.0
1775252268.603,live_session,1,0.0
1775252268.614,live_session,1,0.0
1775252268.624,live_session,1,0.0
1775252268.635,live_session,1,0.0
1775252268.646,live_session,1,0.0
1775252268.656,live_session,1,0.0
1775252268.667,live_session,1,0.0
1775252268.677,live_session,1,0.0
1775252268.688,live_session,1,0.0
1775252268.698,live_session,1,0.0
1775252268.709,live_session,1,0.0
1775252268.719,live_session,1,0.0
1775252268.730,live_session,1,0.0
1775252268.741,live_session,1,0.0
1775252268.751,live_session,1,0.0
1775252268.761,live_session,1,0.0
1775252268.821,live_session,1,0.0
1775252268.887,live_session,1,0.0
1775252268.946,live_session,1,0.0
1775252269.013,live_session,1,0.0
1775252269.073,live_session,1,0.0
1775252269.131,live_session,1,0.0
1775252269.191,live_session,1,0.0
1775252269.250,live_session,1,0.0
1775252269.310,live_session,1,0.0
1775252269.369,live_session,1,0.0
1775252269.426,live_session,1,0.0
1775252269.491,live_session,1,0.0
1775252269.549,live_session,1,0.0
1775252269.607,live_session,1,0.0
1775252269.667,live_session,1,0.0
1775252269.734,live_session,1,580.8784381074447
1775252269.794,live_session,1,477.4683898218477
1775252269.805,live_session,1,310.02687606392726
1775252269.815,live_session,1,585.5704430519406
1775252269.826,live_session,1,0.0
1775252269.837,live_session,1,0.0
1775252269.847,live_session,1,0.0
1775252269.857,live_session,1,0.0
1775252269.868,live_session,1,0.0
1775252269.878,live_session,1,0.0
1775252269.889,live_session,1,0.0
1775252269.899,live_session,1,0.0
1775252269.910,live_session,1,0.0
1775252269.920,live_session,1,0.0
1775252269.931,live_session,1,0.0
1775252269.942,live_session,1,0.0
1775252269.952,live_session,1,0.0
1775252269.963,live_session,1,0.0
1775252269.973,live_session,1,0.0
1775252269.984,live_session,1,0.0
1775252269.994,live_session,1,0.0
1775252270.005,live_session,1,0.0
1775252270.015,live_session,1,0.0
1775252270.026,live_session,1,0.0
1775252270.037,live_session,1,0.0
1775252270.047,live_session,1,0.0
1775252270.058,live_session,1,0.0
1775252270.068,live_session,1,0.0
1775252270.079,live_session,1,0.0
1775252270.089,live_session,1,0.0
1775252270.100,live_session,1,0.0
1775252270.111,live_session,1,0.0
1775252270.121,live_session,1,0.0
1775252270.132,live_session,1,0.0
1775252270.142,live_session,1,0.0
1775252270.153,live_session,1,0.0
1775252270.164,live_session,1,0.0
1775252270.174,live_session,1,0.0
1775252270.185,live_session,1,0.0
1775252270.195,live_session,1,0.0
1775252270.205,live_session,1,0.0
1775252270.216,live_session,1,0.0
1775252270.226,live_session,1,0.0
1775252270.237,live_session,1,0.0
1775252270.255,live_session,1,0.0
1775252270.267,live_session,1,0.0
1775252270.278,live_session,1,0.0
1775252270.288,live_session,1,0.0
1775252270.299,live_session,1,0.0
1775252270.310,live_session,1,0.0
1775252270.321,live_session,1,0.0
1775252270.384,live_session,1,0.0
1775252270.394,live_session,1,0.0
1775252270.405,live_session,1,0.0
1775252270.415,live_session,1,0.0
1775252270.426,live_session,1,0.0
1775252270.436,live_session,1,0.0
1775252270.447,live_session,1,0.0
1775252270.458,live_session,1,0.0
1775252270.468,live_session,1,0.0
1775252270.479,live_session,1,0.0
1775252270.490,live_session,1,0.0
1775252270.500,live_session,1,0.0
1775252270.511,live_session,1,0.0
1775252270.522,live_session,1,0.0
1775252270.532,live_session,1,0.0
1775252270.543,live_session,1,0.0
1775252270.554,live_session,1,0.0
1775252270.564,live_session,1,0.0
1775252270.575,live_session,1,0.0
1775252270.585,live_session,1,0.0
1775252270.596,live_session,1,0.0
1775252270.606,live_session,1,0.0
1775252270.617,live_session,1,0.0
1775252270.628,live_session,1,0.0
1775252270.639,live_session,1,0.0
1775252270.649,live_session,1,0.0
1775252270.660,live_session,1,0.0
1775252270.670,live_session,1,0.0
1775252270.681,live_session,1,0.0
1775252270.692,live_session,1,0.0
1775252270.703,live_session,1,0.0
1775252270.714,live_session,1,0.0
1775252270.724,live_session,1,0.0
1775252270.735,live_session,1,0.0
1775252270.746,live_session,1,0.0
1775252270.756,live_session,1,0.0
1775252270.767,live_session,1,0.0
1775252270.778,live_session,1,0.0
1775252270.788,live_session,1,0.0
1775252270.799,live_session,1,0.0
1775252270.810,live_session,1,0.0
1775252270.820,live_session,1,0.0
1775252270.831,live_session,1,0.0
1775252270.842,live_session,1,0.0
1775252270.852,live_session,1,0.0
1775252270.863,live_session,1,0.0
1775252270.874,live_session,1,0.0
1775252270.884,live_session,1,0.0
1775252270.895,live_session,1,0.0
1775252270.906,live_session,1,0.0
1775252270.965,live_session,1,0.0
1775252271.029,live_session,1,0.0
1775252271.084,live_session,1,0.0
1775252271.141,live_session,1,0.0
1775252271.197,live_session,1,0.0
1775252271.254,live_session,1,0.0
1775252271.318,live_session,1,0.0
1775252271.379,live_session,1,0.0
1775252271.438,live_session,1,0.0
1775252271.499,live_session,1,0.0
1775252271.555,live_session,1,0.0
1775252271.633,live_session,1,0.0
1775252271.690,live_session,1,0.0
1775252271.751,live_session,1,0.0
1775252271.808,live_session,1,0.0
1775252271.867,live_session,1,0.0
1775252271.927,live_session,1,0.0
1775252271.981,live_session,1,0.0
1775252272.037,live_session,1,0.0
1775252272.106,live_session,1,0.0
1775252272.159,live_session,1,0.0
1775252272.217,live_session,1,0.0
1775252272.276,live_session,1,0.0
1775252272.332,live_session,1,0.0
1775252272.387,live_session,1,0.0
1775252272.446,live_session,1,0.0
1775252272.504,live_session,1,0.0
1775252272.561,live_session,1,0.0
1775252272.622,live_session,1,0.0
1775252272.681,live_session,1,0.0
1775252272.737,live_session,1,0.0
1775252272.808,live_session,1,0.0
1775252272.867,live_session,1,0.0
1775252272.929,live_session,1,0.0
1775252272.988,live_session,1,0.0
1775252273.045,live_session,1,0.0
1775252273.102,live_session,1,0.0
1775252273.158,live_session,1,0.0
1775252273.217,live_session,1,0.0
1775252273.281,live_session,1,0.0
1775252273.337,live_session,1,0.0
1775252273.394,live_session,1,0.0
1775252273.453,live_session,1,0.0
1775252273.514,live_session,1,0.0
1775252273.617,live_session,1,0.0
1775252273.703,live_session,1,0.0
1775252273.764,live_session,1,0.0
1775252273.837,live_session,1,0.0
1775252273.897,live_session,1,0.0
1775252273.965,live_session,1,0.0
1775252274.029,live_session,1,0.0
1775252274.106,live_session,1,0.0
1775252274.183,live_session,1,0.0
1775252274.258,live_session,1,0.0
1775252274.321,live_session,1,0.0
1775252274.378,live_session,1,0.0
1775252274.438,live_session,1,0.0
1775252274.500,live_session,1,0.0
1775252274.556,live_session,1,0.0
1775252274.624,live_session,1,0.0
1775252274.686,live_session,1,0.0
1775252274.750,live_session,1,0.0
1775252274.811,live_session,1,0.0
1775252274.872,live_session,1,0.0
1775252274.948,live_session,1,0.0
1775252275.003,live_session,1,0.0
1775252275.059,live_session,1,0.0
1775252275.120,live_session,1,0.0
1775252275.181,live_session,1,0.0
1775252275.240,live_session,1,0.0
1775252275.299,live_session,1,0.0
1775252275.354,live_session,1,0.0
1775252275.410,live_session,1,0.0
1775252275.470,live_session,1,0.0
1775252275.527,live_session,1,0.0
1775252275.611,live_session,1,0.0
1775252275.667,live_session,1,0.0
1775252275.723,live_session,1,0.0
1775252275.779,live_session,1,0.0
1775252275.838,live_session,1,0.0
1775252275.895,live_session,1,0.0
1775252275.953,live_session,1,0.0
1775252276.009,live_session,1,0.0
1775252276.067,live_session,1,0.0
1775252276.122,live_session,1,0.0
1775252276.184,live_session,1,0.0
1775252276.242,live_session,1,0.0
1775252276.306,live_session,1,0.0
1775252276.363,live_session,1,0.0
1775252276.425,live_session,1,0.0
1775252276.484,live_session,1,0.0
1775252276.540,live_session,1,0.0
1775252276.598,live_session,1,0.0
1775252276.657,live_session,1,0.0
1775252276.714,live_session,1,0.0
1775252276.773,live_session,1,0.0
1775252276.829,live_session,1,0.0
1775252276.889,live_session,1,0.0
1775252276.968,live_session,1,0.0
1775252277.137,live_session,1,0.0
1775252277.290,live_session,1,0.0
1775252277.407,live_session,1,0.0
1775252277.555,live_session,1,0.0
1775252277.684,live_session,1,0.0
1775252277.765,live_session,1,0.0
1775252277.837,live_session,1,0.0
1775252277.907,live_session,1,0.0
1775252277.964,live_session,1,0.0
1775252278.047,live_session,1,0.0
1775252278.183,live_session,1,0.0
1775252278.390,live_session,1,0.0
1775252278.595,live_session,1,0.0
1775252278.762,live_session,1,0.0
1775252278.951,live_session,1,0.0
1775252279.079,live_session,1,0.0
1775252279.141,live_session,1,0.0
1775252279.202,live_session,1,0.0
1775252279.295,live_session,1,0.0
1775252279.353,live_session,1,0.0
1775252279.429,live_session,1,0.0
1775252279.485,live_session,1,0.0
1775252279.545,live_session,1,0.0
1775252279.601,live_session,1,0.0
1775252279.663,live_session,1,0.0
1775252279.725,live_session,1,0.0
1775252279.783,live_session,1,0.0
1775252279.837,live_session,1,0.0
1775252279.900,live_session,1,0.0
1775252279.955,live_session,1,0.0
1775252280.022,live_session,1,0.0
1775252280.080,live_session,1,0.0
1775252280.135,live_session,1,0.0
1775252280.192,live_session,1,0.0
1775252280.249,live_session,1,0.0
1775252280.306,live_session,1,0.0
1775252280.363,live_session,1,0.0
1775252280.429,live_session,1,0.0
1775252280.488,live_session,1,0.0
1775252280.545,live_session,1,0.0
1775252280.631,live_session,1,0.0
1775252280.687,live_session,1,0.0
1775252280.754,live_session,1,0.0
1775252280.813,live_session,1,0.0
1775252280.870,live_session,1,0.0
1775252280.927,live_session,1,0.0
1775252280.982,live_session,1,0.0
1775252281.042,live_session,1,0.0
1775252281.100,live_session,1,0.0
1775252281.160,live_session,1,0.0
1775252281.217,live_session,1,0.0
1775252281.276,live_session,1,0.0
1775252281.336,live_session,1,0.0
1775252281.392,live_session,1,0.0
1775252281.450,live_session,1,0.0
1775252281.512,live_session,1,0.0
1775252281.573,live_session,1,0.0
1775252281.631,live_session,1,0.0
1775252281.685,live_session,1,0.0
1775252281.746,live_session,1,0.0
1775252281.804,live_session,1,0.0
1775252281.862,live_session,1,0.0
1775252281.920,live_session,1,0.0
1775252282.010,live_session,1,0.0
1775252282.068,live_session,1,0.0
1775252282.127,live_session,1,0.0
1775252282.186,live_session,1,0.0
1775252282.249,live_session,1,0.0
1775252282.304,live_session,1,0.0
1775252282.358,live_session,1,0.0
1775252282.421,live_session,1,0.0
1775252282.480,live_session,1,0.0
1775252282.534,live_session,1,0.0
1775252282.589,live_session,1,0.0
1775252282.651,live_session,1,0.0
1775252282.708,live_session,1,0.0
1775252282.766,live_session,1,0.0
1775252282.824,live_session,1,0.0
1775252282.885,live_session,1,0.0
1775252282.940,live_session,1,0.0
1775252283.000,live_session,1,0.0
1775252283.060,live_session,1,0.0
1775252283.116,live_session,1,0.0
1775252283.182,live_session,1,0.0
1775252283.240,live_session,1,0.0
1775252283.321,live_session,1,0.0
1775252283.377,live_session,1,0.0
1775252283.436,live_session,1,0.0
1775252283.509,live_session,1,0.0
1775252283.574,live_session,1,0.0
1775252283.656,live_session,1,0.0
1775252283.710,live_session,1,0.0
1775252283.766,live_session,1,0.0
1775252283.823,live_session,1,0.0
1775252283.880,live_session,1,0.0
1775252283.934,live_session,1,0.0
1775252283.991,live_session,1,0.0
1775252284.048,live_session,1,0.0
1775252284.106,live_session,1,0.0
1775252284.163,live_session,1,0.0
1775252284.231,live_session,1,0.0
1775252284.287,live_session,1,0.0
1775252284.344,live_session,1,0.0
1775252284.398,live_session,1,0.0
1775252284.455,live_session,1,0.0
1775252284.526,live_session,1,0.0
1775252284.581,live_session,1,0.0
1775252284.637,live_session,1,0.0
1775252284.695,live_session,1,0.0
1775252284.758,live_session,1,0.0
1775252284.821,live_session,1,0.0
1775252284.885,live_session,1,0.0
1775252284.941,live_session,1,0.0
1775252285.027,live_session,1,0.0
1775252285.087,live_session,1,0.0
1775252285.148,live_session,1,0.0
1775252285.211,live_session,1,0.0
1775252285.269,live_session,1,0.0
1775252285.325,live_session,1,0.0
1775252285.380,live_session,1,0.0
1775252285.441,live_session,1,0.0
1775252285.504,live_session,1,0.0
1775252285.560,live_session,1,0.0
1775252285.611,live_session,1,0.0
1775252285.666,live_session,1,0.0
1775252285.726,live_session,1,0.0
1775252285.787,live_session,1,0.0
1775252285.845,live_session,1,0.0
1775252285.900,live_session,1,0.0
1775252285.956,live_session,1,0.0
1775252286.011,live_session,1,0.0
1775252286.067,live_session,1,0.0
1775252286.126,live_session,1,0.0
1775252286.182,live_session,1,0.0
1775252286.246,live_session,1,0.0
1775252286.300,live_session,1,0.0
1775252286.359,live_session,1,0.0
1775252286.424,live_session,1,0.0
1775252286.489,live_session,1,0.0
1775252286.547,live_session,1,0.0
1775252286.606,live_session,1,0.0
1775252286.665,live_session,1,0.0
1775252286.723,live_session,1,0.0
1775252286.783,live_session,1,0.0
1775252286.842,live_session,1,0.0
1775252286.896,live_session,1,0.0
1775252286.950,live_session,1,0.0
1775252287.005,live_session,1,0.0
1775252287.062,live_session,1,0.0
1775252287.129,live_session,1,0.0
1775252287.191,live_session,1,0.0
1775252287.246,live_session,1,0.0
1775252287.303,live_session,1,0.0
1775252287.358,live_session,1,0.0
1775252287.422,live_session,1,0.0
1775252287.484,live_session,1,0.0
1775252287.552,live_session,1,0.0
1775252287.608,live_session,1,0.0
1775252287.665,live_session,1,0.0
1775252287.725,live_session,1,0.0
1775252287.802,live_session,1,0.0
1775252287.859,live_session,1,0.0
1775252287.917,live_session,1,0.0
1775252287.973,live_session,1,0.0
1775252288.028,live_session,1,0.0
1775252288.086,live_session,1,0.0
1775252288.143,live_session,1,0.0
1775252288.196,live_session,1,0.0
1775252288.259,live_session,1,0.0
1775252288.313,live_session,1,0.0
1775252288.371,live_session,1,0.0
1775252288.427,live_session,1,0.0
1775252288.485,live_session,1,0.0
1775252288.546,live_session,1,0.0
1775252288.604,live_session,1,0.0
1775252288.659,live_session,1,0.0
1775252288.713,live_session,1,0.0
1775252288.771,live_session,1,0.0
1775252288.838,live_session,1,0.0
1775252288.895,live_session,1,0.0
1775252288.948,live_session,1,0.0
1775252289.005,live_session,1,0.0
1775252289.060,live_session,1,0.0
1775252289.139,live_session,1,0.0
1775252289.194,live_session,1,0.0
1775252289.251,live_session,1,0.0
1775252289.309,live_session,1,0.0
1775252289.367,live_session,1,0.0
1775252289.427,live_session,1,0.0
1775252289.485,live_session,1,0.0
1775252289.539,live_session,1,0.0
1775252289.594,live_session,1,0.0
1775252289.651,live_session,1,0.0
1775252289.706,live_session,1,0.0
1775252289.761,live_session,1,0.0
1775252289.816,live_session,1,0.0
1775252289.875,live_session,1,0.0
1775252289.930,live_session,1,0.0
1775252289.990,live_session,1,0.0
1775252290.046,live_session,1,0.0
1775252290.102,live_session,1,0.0
1775252290.158,live_session,1,0.0
1775252290.216,live_session,1,0.0
1775252290.282,live_session,1,0.0
1775252290.388,live_session,1,0.0
1775252290.450,live_session,1,0.0
1775252290.506,live_session,1,0.0
1775252290.561,live_session,1,0.0
1775252290.620,live_session,1,0.0
1775252290.679,live_session,1,0.0
1775252290.740,live_session,1,0.0
1775252290.795,live_session,1,0.0
1775252290.853,live_session,1,0.0
1775252290.994,live_session,1,0.0
1775252291.165,live_session,1,0.0
1775252291.351,live_session,1,0.0
1775252291.501,live_session,1,0.0
1775252291.586,live_session,1,0.0
1775252291.668,live_session,1,0.0
1775252291.732,live_session,1,0.0
1775252291.862,live_session,1,0.0
1775252291.940,live_session,1,0.0
1775252292.052,live_session,1,0.0
1775252292.164,live_session,1,0.0
1775252292.258,live_session,1,0.0
1775252292.357,live_session,1,0.0
1775252292.467,live_session,1,0.0
1775252292.556,live_session,1,0.0
1775252292.660,live_session,1,0.0
1775252292.719,live_session,1,0.0
1775252292.785,live_session,1,0.0
1775252292.848,live_session,1,0.0
1775252292.921,live_session,1,0.0
1775252293.001,live_session,1,0.0
1775252293.076,live_session,1,0.0
1775252293.166,live_session,1,0.0
1775252293.248,live_session,1,0.0
1775252293.309,live_session,1,0.0
1775252293.372,live_session,1,0.0
1775252293.440,live_session,1,0.0
1775252293.508,live_session,1,0.0
1775252293.582,live_session,1,0.0
1775252293.652,live_session,1,0.0
1775252293.720,live_session,1,0.0
1775252293.783,live_session,1,0.0
1775252293.852,live_session,1,0.0
1775252293.921,live_session,1,0.0
1775252294.015,live_session,1,0.0
1775252294.078,live_session,1,0.0
1775252294.141,live_session,1,0.0
1775252294.200,live_session,1,0.0
1775252294.263,live_session,1,0.0
1775252294.333,live_session,1,0.0
1775252294.394,live_session,1,0.0
1775252294.451,live_session,1,0.0
1775252294.512,live_session,1,0.0
1775252294.653,live_session,1,0.0
1775252294.834,live_session,1,0.0
1775252295.021,live_session,1,0.0
1775252295.182,live_session,1,0.0
1775252295.362,live_session,1,0.0
1775252295.524,live_session,1,0.0
1775252295.705,live_session,1,0.0
1775252295.904,live_session,1,0.0
1775252296.116,live_session,1,0.0
1775252296.306,live_session,1,0.0
1775252296.485,live_session,1,0.0
1775252296.711,live_session,1,0.0
1775252296.901,live_session,1,0.0
1775252297.093,live_session,1,0.0
1775252297.245,live_session,1,0.0
1775252297.663,live_session,1,0.0
1775252297.866,live_session,1,0.0
1775252298.042,live_session,1,0.0
1775252298.189,live_session,1,0.0
1775252298.332,live_session,1,0.0
1775252298.509,live_session,1,0.0
1775252298.658,live_session,1,0.0
1775252298.849,live_session,1,0.0
1775252298.999,live_session,1,0.0
1775252299.156,live_session,1,0.0
1775252299.354,live_session,1,0.0
1775252299.547,live_session,1,0.0
1775252299.712,live_session,1,0.0
1775252299.891,live_session,1,0.0
1775252300.046,live_session,1,0.0
1775252300.217,live_session,1,0.0
1775252300.391,live_session,1,0.0
1775252300.566,live_session,1,0.0
1775252300.760,live_session,1,0.0
1775252300.963,live_session,1,0.0
1775252301.124,live_session,1,0.0
1775252301.284,live_session,1,0.0
1775252301.424,live_session,1,0.0
1775252301.598,live_session,1,0.0
1775252301.740,live_session,1,0.0
1775252301.925,live_session,1,0.0
1775252302.130,live_session,1,0.0
1775252302.396,live_session,1,0.0
1775252302.560,live_session,1,0.0
1775252302.751,live_session,1,0.0
1775252302.907,live_session,1,0.0
1775252303.060,live_session,1,0.0
1775252303.215,live_session,1,0.0
1775252303.362,live_session,1,0.0
1775252303.559,live_session,1,0.0
1775252303.705,live_session,1,0.0
1775252303.851,live_session,1,0.0
1775252304.028,live_session,1,0.0
1775252304.183,live_session,1,0.0
1775252304.336,live_session,1,0.0
1775252304.510,live_session,1,0.0
1775252304.663,live_session,1,0.0
1775252304.814,live_session,1,0.0
1775252305.001,live_session,1,0.0
1775252305.181,live_session,1,0.0
1775252305.323,live_session,1,0.0
1775252305.485,live_session,1,0.0
1775252305.640,live_session,1,0.0
1775252305.800,live_session,1,0.0
1775252305.953,live_session,1,0.0
1775252306.142,live_session,1,0.0
1775252306.305,live_session,1,0.0
1775252306.601,live_session,1,0.0
1775252306.774,live_session,1,0.0
1775252306.926,live_session,1,0.0
1775252307.114,live_session,1,0.0
1775252307.298,live_session,1,0.0
1775252307.481,live_session,1,0.0
1775252307.667,live_session,1,0.0
1775252307.823,live_session,1,0.0
1775252307.972,live_session,1,0.0
1775252308.151,live_session,1,0.0
1775252308.310,live_session,1,0.0
1775252308.491,live_session,1,0.0
1775252308.665,live_session,1,0.0
1775252308.808,live_session,1,0.0
1775252308.963,live_session,1,0.0
1775252309.134,live_session,1,0.0
1775252309.279,live_session,1,0.0
1775252309.431,live_session,1,0.0
1775252309.618,live_session,1,0.0
1775252309.767,live_session,1,0.0
1775252309.914,live_session,1,0.0
1775252310.100,live_session,1,0.0
1775252310.251,live_session,1,0.0
1775252310.405,live_session,1,0.0
1775252310.605,live_session,1,0.0
1775252310.943,live_session,1,0.0
1775252311.091,live_session,1,0.0
1775252311.368,live_session,1,0.0
1775252311.559,live_session,1,0.0
1775252311.730,live_session,1,0.0
1775252311.923,live_session,1,0.0
1775252312.074,live_session,1,0.0
1775252312.268,live_session,1,0.0
1775252312.433,live_session,1,0.0
1775252312.619,live_session,1,0.0
1775252312.798,live_session,1,0.0
1775252312.998,live_session,1,0.0
1775252313.202,live_session,1,0.0
1775252313.386,live_session,1,0.0
1775252313.545,live_session,1,0.0
1775252313.708,live_session,1,0.0
1775252313.865,live_session,1,0.0
1775252314.038,live_session,1,0.0
1775252314.234,live_session,1,0.0
1775252314.430,live_session,1,0.0
1775252314.575,live_session,1,0.0
1775252314.713,live_session,1,0.0
1775252314.986,live_session,1,0.0
1775252315.202,live_session,1,0.0
1775252315.364,live_session,1,0.0
1775252315.506,live_session,1,0.0
1775252315.688,live_session,1,0.0
1775252315.847,live_session,1,0.0
1775252316.006,live_session,1,0.0
1775252316.145,live_session,1,0.0
1775252316.302,live_session,1,0.0
1775252316.448,live_session,1,0.0
1775252316.625,live_session,1,0.0
1775252316.781,live_session,1,0.0
1775252316.928,live_session,1,0.0
1775252317.084,live_session,1,0.0
1775252317.236,live_session,1,0.0
1775252317.417,live_session,1,0.0
1775252317.578,live_session,1,0.0
1775252317.776,live_session,1,0.0
1775252317.920,live_session,1,0.0
1775252318.071,live_session,1,0.0
1775252318.257,live_session,1,0.0
1775252318.399,live_session,1,0.0
1775252318.555,live_session,1,0.0
1775252318.701,live_session,1,0.0
1775252318.870,live_session,1,0.0
1775252319.018,live_session,1,0.0
1775252319.195,live_session,1,0.0
1775252319.367,live_session,1,0.0
1775252319.577,live_session,1,0.0
1775252319.733,live_session,1,0.0
1775252320.160,live_session,1,0.0
1775252320.345,live_session,1,0.0
1775252320.534,live_session,1,0.0
1775252320.676,live_session,1,0.0
1775252320.860,live_session,1,0.0
1775252321.007,live_session,1,0.0
1775252321.187,live_session,1,0.0
1775252321.359,live_session,1,0.0
1775252321.497,live_session,1,0.0
1775252321.641,live_session,1,0.0
1775252321.795,live_session,1,0.0
1775252321.942,live_session,1,0.0
1775252322.081,live_session,1,0.0
1775252322.234,live_session,1,0.0
1775252322.417,live_session,1,0.0
1775252322.619,live_session,1,0.0
1775252322.789,live_session,1,0.0
1775252322.927,live_session,1,0.0
1775252323.072,live_session,1,0.0
1775252323.253,live_session,1,0.0
1775252323.424,live_session,1,0.0
1775252323.561,live_session,1,0.0
1775252323.737,live_session,1,0.0
1775252324.056,live_session,1,0.0
1775252324.214,live_session,1,0.0
1775252324.351,live_session,1,0.0
1775252324.503,live_session,1,0.0
1775252324.645,live_session,1,0.0
1775252324.782,live_session,1,0.0
1775252324.915,live_session,1,0.0
1775252325.053,live_session,1,0.0
1775252325.226,live_session,1,0.0
1775252325.387,live_session,1,0.0
1775252325.535,live_session,1,0.0
1775252325.680,live_session,1,0.0
1775252325.833,live_session,1,0.0
1775252325.983,live_session,1,0.0
1775252326.145,live_session,1,0.0
1775252326.333,live_session,1,0.0
1775252326.480,live_session,1,0.0
1775252326.658,live_session,1,0.0
1775252326.807,live_session,1,0.0
1775252326.999,live_session,1,0.0
1775252327.179,live_session,1,0.0
1775252327.334,live_session,1,0.0
1775252327.489,live_session,1,0.0
1775252327.669,live_session,1,0.0
1775252327.838,live_session,1,0.0
1775252327.981,live_session,1,0.0
1775252328.305,live_session,1,0.0
1775252328.436,live_session,1,0.0
1775252328.579,live_session,1,0.0
1775252328.758,live_session,1,0.0
1775252328.903,live_session,1,0.0
1775252329.048,live_session,1,0.0
1775252329.189,live_session,1,0.0
1775252329.341,live_session,1,0.0
1775252329.518,live_session,1,0.0
1775252329.704,live_session,1,0.0
1775252329.892,live_session,1,0.0
1775252330.024,live_session,1,0.0
1775252330.203,live_session,1,0.0
1775252330.362,live_session,1,0.0
1775252330.546,live_session,1,0.0
1775252330.718,live_session,1,0.0
1775252330.887,live_session,1,0.0
1775252331.018,live_session,1,0.0
1775252331.159,live_session,1,0.0
1775252331.305,live_session,1,0.0
1775252331.482,live_session,1,0.0
1775252331.669,live_session,1,0.0
1775252331.855,live_session,1,0.0
1775252332.042,live_session,1,0.0
1775252332.401,live_session,1,0.0
1775252332.560,live_session,1,0.0
1775252332.704,live_session,1,0.0
1775252332.899,live_session,1,0.0
1775252333.056,live_session,1,0.0
1775252333.202,live_session,1,0.0
1775252333.352,live_session,1,0.0
1775252333.494,live_session,1,0.0
1775252333.648,live_session,1,0.0
1775252333.817,live_session,1,0.0
1775252334.003,live_session,1,0.0
1775252334.154,live_session,1,0.0
1775252334.329,live_session,1,0.0
1775252334.500,live_session,1,0.0
1775252334.658,live_session,1,0.0
1775252334.843,live_session,1,0.0
1775252335.025,live_session,1,0.0
1775252335.213,live_session,1,0.0
1775252335.358,live_session,1,0.0
1775252335.498,live_session,1,0.0
1775252335.650,live_session,1,0.0
1775252335.823,live_session,1,0.0
1775252336.172,live_session,1,0.0
1775252336.336,live_session,1,0.0
1775252336.480,live_session,1,0.0
1775252336.642,live_session,1,0.0
1775252336.788,live_session,1,0.0
1775252336.962,live_session,1,0.0
1775252337.109,live_session,1,0.0
1775252337.287,live_session,1,0.0
1775252337.447,live_session,1,0.0
1775252337.607,live_session,1,0.0
1775252337.780,live_session,1,0.0
1775252337.925,live_session,1,0.0
1775252338.065,live_session,1,0.0
1775252338.202,live_session,1,0.0
1775252338.367,live_session,1,0.0
1775252338.542,live_session,1,0.0
1775252338.685,live_session,1,0.0
1775252338.863,live_session,1,0.0
1775252339.011,live_session,1,0.0
1775252339.185,live_session,1,0.0
1775252339.341,live_session,1,0.0
1775252339.477,live_session,1,0.0
1775252339.637,live_session,1,0.0
1775252339.814,live_session,1,0.0
1775252339.981,live_session,1,0.0
1775252340.163,live_session,1,0.0
1775252340.488,live_session,1,0.0
1775252340.659,live_session,1,0.0
1775252340.827,live_session,1,0.0
1775252341.011,live_session,1,0.0
1775252341.168,live_session,1,0.0
1775252341.318,live_session,1,0.0
1775252341.485,live_session,1,0.0
1775252341.664,live_session,1,0.0
1775252341.812,live_session,1,0.0
1775252341.943,live_session,1,0.0
1775252342.110,live_session,1,0.0
1775252342.257,live_session,1,0.0
1775252342.396,live_session,1,0.0
1775252342.557,live_session,1,0.0
1775252342.698,live_session,1,0.0
1775252342.872,live_session,1,0.0
1775252343.058,live_session,1,0.0
1775252343.258,live_session,1,0.0
1775252343.419,live_session,1,0.0
1775252343.553,live_session,1,0.0
1775252343.712,live_session,1,0.0
1775252343.897,live_session,1,0.0
1775252344.068,live_session,1,0.0
1775252344.216,live_session,1,0.0
1775252344.373,live_session,1,0.0
1775252344.528,live_session,1,0.0
1775252344.779,live_session,1,0.0
1775252345.021,live_session,1,0.0
1775252345.189,live_session,1,0.0
1775252345.358,live_session,1,0.0
1775252345.537,live_session,1,0.0
1775252345.712,live_session,1,0.0
1775252345.866,live_session,1,0.0
1775252346.006,live_session,1,0.0
1775252346.156,live_session,1,0.0
1775252346.306,live_session,1,0.0
1775252346.458,live_session,1,0.0
1775252346.600,live_session,1,0.0
1775252346.752,live_session,1,0.0
1775252346.933,live_session,1,0.0
1775252347.099,live_session,1,0.0
1775252347.264,live_session,1,0.0
1775252347.447,live_session,1,0.0
1775252347.650,live_session,1,0.0
1775252347.810,live_session,1,0.0
1775252347.955,live_session,1,0.0
1775252348.099,live_session,1,0.0
1775252348.293,live_session,1,0.0
1775252348.488,live_session,1,0.0
1775252348.691,live_session,1,0.0
1775252348.880,live_session,1,0.0
1775252349.068,live_session,1,0.0
1775252349.268,live_session,1,0.0
1775252349.438,live_session,1,0.0
1775252349.897,live_session,1,0.0
1775252350.049,live_session,1,0.0
1775252350.194,live_session,1,0.0
1775252350.346,live_session,1,0.0
1775252350.503,live_session,1,0.0
1775252350.695,live_session,1,0.0
1775252350.877,live_session,1,0.0
1775252351.050,live_session,1,0.0
1775252351.203,live_session,1,0.0
1775252351.375,live_session,1,0.0
1775252351.549,live_session,1,0.0
1775252351.691,live_session,1,0.0
1775252351.862,live_session,1,0.0
1775252352.036,live_session,1,0.0
1775252352.198,live_session,1,0.0
1775252352.342,live_session,1,0.0
1775252352.483,live_session,1,0.0
1775252352.628,live_session,1,0.0
1775252352.829,live_session,1,0.0
1775252353.001,live_session,1,0.0
1775252353.164,live_session,1,0.0
1775252353.376,live_session,1,0.0
1775252353.556,live_session,1,0.0
1775252353.711,live_session,1,0.0
1775252354.110,live_session,1,0.0
1775252354.266,live_session,1,0.0
1775252354.444,live_session,1,0.0
1775252354.625,live_session,1,0.0
1775252354.822,live_session,1,0.0
1775252355.008,live_session,1,0.0
1775252355.191,live_session,1,0.0
1775252355.363,live_session,1,0.0
1775252355.549,live_session,1,0.0
1775252355.698,live_session,1,0.0
1775252355.884,live_session,1,0.0
1775252356.040,live_session,1,0.0
1775252356.213,live_session,1,0.0
1775252356.412,live_session,1,0.0
1775252356.588,live_session,1,0.0
1775252356.785,live_session,1,0.0
1775252356.976,live_session,1,0.0
1775252357.156,live_session,1,0.0
1775252357.341,live_session,1,0.0
1775252357.549,live_session,1,0.0
1775252357.702,live_session,1,0.0
1775252357.881,live_session,1,0.0
1775252358.045,live_session,1,0.0
1775252358.224,live_session,1,0.0
1775252358.398,live_session,1,0.0
1775252358.567,live_session,1,0.0
1775252358.954,live_session,1,0.0
1775252359.088,live_session,1,0.0
1775252359.305,live_session,1,0.0
1775252359.517,live_session,1,0.0
1775252359.705,live_session,1,0.0
1775252359.980,live_session,1,0.0
1775252360.200,live_session,1,0.0
1775252360.440,live_session,1,0.0
1775252360.662,live_session,1,0.0
1775252360.854,live_session,1,0.0
1775252361.086,live_session,1,0.0
1775252361.266,live_session,1,0.0
1775252361.484,live_session,1,0.0
1775252361.717,live_session,1,0.0
1775252361.920,live_session,1,0.0
1775252362.133,live_session,1,0.0
1775252362.377,live_session,1,0.0
1775252362.532,live_session,1,0.0
1775252362.717,live_session,1,0.0
1775252362.848,live_session,1,0.0
1775252362.972,live_session,1,0.0
1775252363.134,live_session,1,0.0
1775252363.251,live_session,1,0.0
1775252363.372,live_session,1,0.0
1775252363.693,live_session,1,0.0
1775252363.807,live_session,1,0.0
1775252363.934,live_session,1,0.0
1775252364.055,live_session,1,0.0
1775252364.177,live_session,1,0.0
1775252364.300,live_session,1,0.0
1775252364.433,live_session,1,0.0
1775252364.552,live_session,1,0.0
1775252364.678,live_session,1,0.0
1775252364.805,live_session,1,0.0
1775252365.011,live_session,1,0.0
1775252365.174,live_session,1,0.0
1775252365.367,live_session,1,0.0
1775252365.563,live_session,1,0.0
1775252365.756,live_session,1,0.0
1775252365.903,live_session,1,0.0
1775252366.083,live_session,1,0.0
1775252366.245,live_session,1,0.0
1775252366.397,live_session,1,0.0
1775252366.597,live_session,1,0.0
1775252366.759,live_session,1,0.0
1775252366.986,live_session,1,0.0
1775252367.153,live_session,1,0.0
1775252367.385,live_session,1,0.0
1775252367.605,live_session,1,0.0
1775252367.788,live_session,1,0.0
1775252367.957,live_session,1,0.0
1775252368.334,live_session,1,0.0
1775252368.504,live_session,1,0.0
1775252368.695,live_session,1,0.0
1775252368.887,live_session,1,0.0
1775252369.052,live_session,1,0.0
1775252369.222,live_session,1,0.0
1775252369.381,live_session,1,0.0
1775252369.588,live_session,1,0.0
1775252369.789,live_session,1,0.0
1775252369.985,live_session,1,0.0
1775252370.162,live_session,1,0.0
1775252370.331,live_session,1,0.0
1775252370.472,live_session,1,0.0
1775252370.608,live_session,1,0.0
1775252370.769,live_session,1,0.0
1775252370.909,live_session,1,0.0
1775252371.101,live_session,1,0.0
1775252371.287,live_session,1,0.0
1775252371.433,live_session,1,0.0
1775252371.606,live_session,1,0.0
1775252371.752,live_session,1,0.0
1775252371.927,live_session,1,0.0
1775252372.072,live_session,1,0.0
1775252372.209,live_session,1,0.0
1775252372.535,live_session,1,0.0
1775252372.690,live_session,1,0.0
1775252372.854,live_session,1,0.0
1775252373.016,live_session,1,0.0
1775252373.198,live_session,1,0.0
1775252373.346,live_session,1,0.0
1775252373.483,live_session,1,0.0
1775252373.622,live_session,1,0.0
1775252373.765,live_session,1,0.0
1775252373.912,live_session,1,0.0
1775252374.055,live_session,1,0.0
1775252374.206,live_session,1,0.0
1775252374.372,live_session,1,0.0
1775252374.526,live_session,1,0.0
1775252374.737,live_session,1,0.0
1775252374.906,live_session,1,0.0
1775252375.115,live_session,1,0.0
1775252375.260,live_session,1,0.0
1775252375.412,live_session,1,0.0
1775252375.560,live_session,1,0.0
1775252375.748,live_session,1,0.0
1775252375.934,live_session,1,0.0
1775252376.072,live_session,1,0.0
1775252376.248,live_session,1,0.0
1775252376.418,live_session,1,0.0
1775252376.565,live_session,1,0.0
1775252376.704,live_session,1,0.0
1775252377.019,live_session,1,0.0
1775252377.152,live_session,1,0.0
1775252377.297,live_session,1,0.0
1775252377.436,live_session,1,0.0
1775252377.600,live_session,1,0.0
1775252377.764,live_session,1,0.0
1775252377.901,live_session,1,0.0
1775252378.066,live_session,1,0.0
1775252378.238,live_session,1,0.0
1775252378.388,live_session,1,0.0
1775252378.531,live_session,1,0.0
1775252378.682,live_session,1,0.0
1775252378.826,live_session,1,0.0
1775252379.003,live_session,1,0.0
1775252379.160,live_session,1,0.0
1775252379.308,live_session,1,0.0
1775252379.487,live_session,1,0.0
1775252379.642,live_session,1,0.0
1775252379.782,live_session,1,0.0
1775252379.931,live_session,1,0.0
1775252380.082,live_session,1,0.0
1775252380.228,live_session,1,0.0
1775252380.422,live_session,1,0.0
1775252380.604,live_session,1,0.0
1775252380.749,live_session,1,0.0
1775252380.896,live_session,1,0.0
1775252381.294,live_session,1,0.0
1775252381.464,live_session,1,0.0
1775252381.606,live_session,1,0.0
1775252381.773,live_session,1,0.0
1775252381.906,live_session,1,0.0
1775252382.077,live_session,1,0.0
1775252382.221,live_session,1,0.0
1775252382.346,live_session,1,0.0
1775252382.495,live_session,1,0.0
1775252382.651,live_session,1,0.0
1775252382.780,live_session,1,0.0
1775252382.931,live_session,1,0.0
1775252383.076,live_session,1,0.0
1775252383.214,live_session,1,0.0
1775252383.355,live_session,1,0.0
1775252383.507,live_session,1,0.0
1775252383.679,live_session,1,0.0
1775252383.849,live_session,1,0.0
1775252383.991,live_session,1,0.0
1775252384.178,live_session,1,0.0
1775252384.365,live_session,1,0.0
1775252384.512,live_session,1,0.0
1775252384.693,live_session,1,0.0
1775252384.823,live_session,1,0.0
1775252384.964,live_session,1,0.0
1775252385.102,live_session,1,0.0
1775252385.244,live_session,1,0.0
1775252385.380,live_session,1,0.0
1775252385.534,live_session,1,0.0
1775252385.826,live_session,1,0.0
1775252385.966,live_session,1,0.0
1775252386.099,live_session,1,0.0
1775252386.269,live_session,1,0.0
1775252386.443,live_session,1,0.0
1775252386.615,live_session,1,0.0
1775252386.800,live_session,1,0.0
1775252387.001,live_session,1,0.0
1775252387.148,live_session,1,0.0
1775252387.331,live_session,1,0.0
1775252387.512,live_session,1,0.0
1775252387.682,live_session,1,0.0
1775252387.857,live_session,1,0.0
1775252388.003,live_session,1,0.0
1775252388.171,live_session,1,0.0
1775252388.342,live_session,1,0.0
1775252388.536,live_session,1,0.0
1775252388.711,live_session,1,0.0
1775252388.902,live_session,1,0.0
1775252389.073,live_session,1,0.0
1775252389.251,live_session,1,0.0
1775252389.452,live_session,1,0.0
1775252389.598,live_session,1,0.0
1775252389.749,live_session,1,0.0
1775252389.926,live_session,1,0.0
1775252390.229,live_session,1,0.0
1775252390.364,live_session,1,0.0
1775252390.551,live_session,1,0.0
1775252390.693,live_session,1,0.0
1775252390.838,live_session,1,0.0
1775252391.016,live_session,1,0.0
1775252391.171,live_session,1,0.0
1775252391.358,live_session,1,0.0
1775252391.544,live_session,1,0.0
1775252391.732,live_session,1,0.0
1775252391.882,live_session,1,0.0
1775252392.023,live_session,1,0.0
1775252392.165,live_session,1,0.0
1775252392.339,live_session,1,0.0
1775252392.508,live_session,1,0.0
1775252392.725,live_session,1,0.0
1775252392.857,live_session,1,0.0
1775252392.992,live_session,1,0.0
1775252393.140,live_session,1,0.0
1775252393.291,live_session,1,0.0
1775252393.436,live_session,1,0.0
1775252393.569,live_session,1,0.0
1775252393.778,live_session,1,0.0
1775252393.918,live_session,1,0.0
1775252394.097,live_session,1,0.0
1775252394.336,live_session,1,0.0
1775252394.641,live_session,1,0.0
1775252394.782,live_session,1,0.0
1775252394.969,live_session,1,0.0
1775252395.119,live_session,1,0.0
1775252395.257,live_session,1,0.0
1775252395.401,live_session,1,0.0
1775252395.591,live_session,1,0.0
1775252395.769,live_session,1,0.0
1775252395.912,live_session,1,0.0
1775252396.042,live_session,1,0.0
1775252396.190,live_session,1,0.0
1775252396.400,live_session,1,0.0
1775252396.562,live_session,1,0.0
1775252396.703,live_session,1,0.0
1775252396.838,live_session,1,0.0
1775252397.005,live_session,1,0.0
1775252397.140,live_session,1,0.0
1775252397.316,live_session,1,0.0
1775252397.479,live_session,1,0.0
1775252397.661,live_session,1,0.0
1775252397.820,live_session,1,0.0
1775252397.986,live_session,1,0.0
1775252398.142,live_session,1,0.0
1775252398.291,live_session,1,0.0
1775252398.520,live_session,1,0.0
1775252398.809,live_session,1,0.0
1775252398.980,live_session,1,0.0
1775252399.127,live_session,1,0.0
1775252399.292,live_session,1,0.0
1775252399.436,live_session,1,0.0
1775252399.576,live_session,1,0.0
1775252399.734,live_session,1,0.0
1775252399.893,live_session,1,0.0
1775252400.031,live_session,1,0.0
1775252400.169,live_session,1,0.0
1775252400.312,live_session,1,0.0
1775252400.448,live_session,1,0.0
1775252400.632,live_session,1,0.0
1775252400.806,live_session,1,0.0
1775252400.947,live_session,1,0.0
1775252401.115,live_session,1,0.0
1775252401.248,live_session,1,0.0
1775252401.386,live_session,1,0.0
1775252401.531,live_session,1,0.0
1775252401.678,live_session,1,0.0
1775252401.854,live_session,1,0.0
1775252402.000,live_session,1,0.0
1775252402.148,live_session,1,0.0
1775252402.558,live_session,1,0.0
1775252402.735,live_session,1,0.0
1775252402.910,live_session,1,0.0
1775252403.091,live_session,1,0.0
1775252403.273,live_session,1,0.0
1775252403.426,live_session,1,0.0
1775252403.566,live_session,1,0.0
1775252403.711,live_session,1,0.0
1775252403.875,live_session,1,0.0
1775252404.026,live_session,1,0.0
1775252404.192,live_session,1,0.0
1775252404.376,live_session,1,0.0
1775252404.545,live_session,1,0.0
1775252404.705,live_session,1,0.0
1775252404.849,live_session,1,0.0
1775252405.027,live_session,1,0.0
1775252405.174,live_session,1,0.0
1775252405.327,live_session,1,0.0
1775252405.494,live_session,1,0.0
1775252405.640,live_session,1,0.0
1775252405.823,live_session,1,0.0
1775252406.009,live_session,1,0.0
1775252406.148,live_session,1,0.0
1775252406.334,live_session,1,0.0
1775252406.488,live_session,1,0.0
1775252406.790,live_session,1,0.0
1775252406.946,live_session,1,0.0
1775252407.126,live_session,1,0.0
1775252407.303,live_session,1,0.0
1775252407.457,live_session,1,0.0
1775252407.597,live_session,1,0.0
1775252407.780,live_session,1,0.0
1775252407.970,live_session,1,0.0
1775252408.154,live_session,1,0.0
1775252408.299,live_session,1,0.0
1775252408.444,live_session,1,0.0
1775252408.622,live_session,1,0.0
1775252408.769,live_session,1,0.0
1775252408.907,live_session,1,0.0
1775252409.101,live_session,1,0.0
1775252409.236,live_session,1,0.0
1775252409.374,live_session,1,0.0
1775252409.553,live_session,1,0.0
1775252409.708,live_session,1,0.0
1775252409.858,live_session,1,0.0
1775252410.038,live_session,1,0.0
1775252410.187,live_session,1,0.0
1775252410.366,live_session,1,0.0
1775252410.527,live_session,1,0.0
1775252410.837,live_session,1,0.0
1775252410.982,live_session,1,0.0
1775252411.163,live_session,1,0.0
1775252411.366,live_session,1,0.0
1775252411.552,live_session,1,0.0
1775252411.717,live_session,1,0.0
1775252411.855,live_session,1,0.0
1775252412.034,live_session,1,0.0
1775252412.208,live_session,1,0.0
1775252412.378,live_session,1,0.0
1775252412.562,live_session,1,0.0
1775252412.743,live_session,1,0.0
1775252412.891,live_session,1,0.0
1775252413.041,live_session,1,0.0
1775252413.176,live_session,1,0.0
1775252413.360,live_session,1,0.0
1775252413.517,live_session,1,0.0
1775252413.697,live_session,1,0.0
1775252413.848,live_session,1,0.0
1775252413.996,live_session,1,0.0
1775252414.142,live_session,1,0.0
1775252414.314,live_session,1,0.0
1775252414.497,live_session,1,0.0
1775252414.698,live_session,1,0.0
1775252414.837,live_session,1,0.0
1775252415.180,live_session,1,0.0
1775252415.322,live_session,1,0.0
1775252415.463,live_session,1,0.0
1775252415.649,live_session,1,0.0
1775252415.796,live_session,1,0.0
1775252415.944,live_session,1,0.0
1775252416.096,live_session,1,0.0
1775252416.263,live_session,1,0.0
1775252416.394,live_session,1,0.0
1775252416.563,live_session,1,0.0
1775252416.735,live_session,1,0.0
1775252416.918,live_session,1,0.0
1775252417.066,live_session,1,0.0
1775252417.234,live_session,1,0.0
1775252417.379,live_session,1,0.0
1775252417.529,live_session,1,0.0
1775252417.729,live_session,1,0.0
1775252417.874,live_session,1,0.0
1775252418.017,live_session,1,0.0
1775252418.197,live_session,1,0.0
1775252418.383,live_session,1,0.0
1775252418.531,live_session,1,0.0
1775252418.663,live_session,1,0.0
1775252418.811,live_session,1,0.0
1775252418.967,live_session,1,0.0
1775252419.323,live_session,1,0.0
1775252419.447,live_session,1,0.0
1775252419.569,live_session,1,0.0
1775252419.696,live_session,1,0.0
1775252419.822,live_session,1,0.0
1775252419.959,live_session,1,0.0
1775252420.108,live_session,1,0.0
1775252420.239,live_session,1,0.0
1775252420.374,live_session,1,0.0
1775252420.546,live_session,1,0.0
1775252420.712,live_session,1,0.0
1775252420.857,live_session,1,0.0
1775252421.004,live_session,1,0.0
1775252421.152,live_session,1,0.0
1775252421.302,live_session,1,0.0
1775252421.447,live_session,1,0.0
1775252421.606,live_session,1,0.0
1775252421.774,live_session,1,0.0
1775252421.944,live_session,1,0.0
1775252422.096,live_session,1,0.0
1775252422.256,live_session,1,0.0
1775252422.452,live_session,1,0.0
1775252422.655,live_session,1,0.0
1775252422.928,live_session,1,0.0
1775252423.097,live_session,1,0.0
1775252423.255,live_session,1,0.0
1775252423.434,live_session,1,0.0
1775252423.567,live_session,1,0.0
1775252423.714,live_session,1,0.0
1775252423.859,live_session,1,0.0
1775252424.030,live_session,1,0.0
1775252424.213,live_session,1,0.0
1775252424.414,live_session,1,0.0
1775252424.585,live_session,1,0.0
1775252424.743,live_session,1,0.0
1775252424.885,live_session,1,0.0
1775252425.053,live_session,1,0.0
1775252425.249,live_session,1,0.0
1775252425.382,live_session,1,0.0
1775252425.526,live_session,1,0.0
1775252425.706,live_session,1,0.0
1775252425.893,live_session,1,0.0
1775252426.078,live_session,1,0.0
1775252426.266,live_session,1,0.0
1775252426.418,live_session,1,0.0
1775252426.569,live_session,1,0.0
1775252426.725,live_session,1,0.0
1775252427.098,live_session,1,0.0
1775252427.249,live_session,1,0.0
1775252427.389,live_session,1,0.0
1775252427.527,live_session,1,0.0
1775252427.661,live_session,1,0.0
1775252427.786,live_session,1,0.0
1775252427.924,live_session,1,0.0
1775252428.075,live_session,1,0.0
1775252428.203,live_session,1,0.0
1775252428.338,live_session,1,0.0
1775252428.513,live_session,1,0.0
1775252428.662,live_session,1,0.0
1775252428.818,live_session,1,0.0
1775252428.952,live_session,1,0.0
1775252429.123,live_session,1,0.0
1775252429.307,live_session,1,0.0
1775252429.439,live_session,1,0.0
1775252429.574,live_session,1,0.0
1775252429.737,live_session,1,0.0
1775252429.875,live_session,1,0.0
1775252430.046,live_session,1,0.0
1775252430.179,live_session,1,0.0
1775252430.314,live_session,1,0.0
1775252430.466,live_session,1,0.0
1775252430.597,live_session,1,0.0
1775252430.999,live_session,1,0.0
1775252431.126,live_session,1,0.0
1775252431.296,live_session,1,0.0
1775252431.503,live_session,1,0.0
1775252431.680,live_session,1,0.0
1775252431.858,live_session,1,0.0
1775252432.013,live_session,1,0.0
1775252432.178,live_session,1,0.0
1775252432.327,live_session,1,0.0
1775252432.471,live_session,1,0.0
1775252432.612,live_session,1,0.0
1775252432.775,live_session,1,0.0
1775252432.961,live_session,1,0.0
1775252433.127,live_session,1,0.0
1775252433.284,live_session,1,0.0
1775252433.459,live_session,1,0.0
1775252433.603,live_session,1,0.0
1775252433.787,live_session,1,0.0
1775252433.990,live_session,1,0.0
1775252434.129,live_session,1,0.0
1775252434.270,live_session,1,0.0
1775252434.414,live_session,1,0.0
1775252434.612,live_session,1,0.0
1775252434.759,live_session,1,0.0
1775252434.939,live_session,1,0.0
1775252435.271,live_session,1,0.0
1775252435.413,live_session,1,0.0
1775252435.610,live_session,1,0.0
1775252435.833,live_session,1,0.0
1775252435.990,live_session,1,0.0
1775252436.171,live_session,1,0.0
1775252436.308,live_session,1,0.0
1775252436.452,live_session,1,0.0
1775252436.638,live_session,1,0.0
1775252436.799,live_session,1,0.0
1775252436.939,live_session,1,0.0
1775252437.075,live_session,1,0.0
1775252437.208,live_session,1,0.0
1775252437.363,live_session,1,0.0
1775252437.502,live_session,1,0.0
1775252437.641,live_session,1,0.0
1775252437.789,live_session,1,0.0
1775252437.957,live_session,1,0.0
1775252438.110,live_session,1,0.0
1775252438.256,live_session,1,0.0
1775252438.444,live_session,1,0.0
1775252438.591,live_session,1,0.0
1775252438.731,live_session,1,0.0
1775252439.237,live_session,1,0.0
1775252439.407,live_session,1,0.0
1775252439.580,live_session,1,0.0
1775252439.771,live_session,1,0.0
1775252439.900,live_session,1,0.0
1775252440.039,live_session,1,0.0
1775252440.196,live_session,1,0.0
1775252440.332,live_session,1,0.0
1775252440.466,live_session,1,0.0
1775252440.605,live_session,1,0.0
1775252440.744,live_session,1,0.0
1775252440.933,live_session,1,0.0
1775252441.074,live_session,1,0.0
1775252441.220,live_session,1,0.0
1775252441.362,live_session,1,0.0
1775252441.543,live_session,1,0.0
1775252441.695,live_session,1,0.0
1775252441.867,live_session,1,0.0
1775252442.014,live_session,1,0.0
1775252442.151,live_session,1,0.0
1775252442.291,live_session,1,0.0
1775252442.433,live_session,1,0.0
1775252442.645,live_session,1,0.0
1775252442.836,live_session,1,0.0
1775252443.006,live_session,1,0.0
1775252443.180,live_session,1,0.0
1775252443.483,live_session,1,0.0
1775252443.624,live_session,1,0.0
1775252443.755,live_session,1,0.0
1775252443.925,live_session,1,0.0
1775252444.067,live_session,1,0.0
1775252444.212,live_session,1,0.0
1775252444.360,live_session,1,0.0
1775252444.511,live_session,1,0.0
1775252444.676,live_session,1,0.0
1775252444.824,live_session,1,0.0
1775252444.960,live_session,1,0.0
1775252445.143,live_session,1,0.0
1775252445.305,live_session,1,0.0
1775252445.456,live_session,1,0.0
1775252445.602,live_session,1,0.0
1775252445.747,live_session,1,0.0
1775252445.887,live_session,1,0.0
1775252446.047,live_session,1,0.0
1775252446.175,live_session,1,0.0
1775252446.325,live_session,1,0.0
1775252446.487,live_session,1,0.0
1775252446.626,live_session,1,0.0
1775252446.782,live_session,1,0.0
1775252446.941,live_session,1,0.0
1775252447.079,live_session,1,0.0
1775252447.256,live_session,1,0.0
1775252447.422,live_session,1,0.0
1775252447.749,live_session,1,0.0
1775252447.954,live_session,1,0.0
1775252448.140,live_session,1,0.0
1775252448.310,live_session,1,0.0
1775252448.447,live_session,1,0.0
1775252448.591,live_session,1,0.0
1775252448.761,live_session,1,0.0
1775252448.940,live_session,1,0.0
1775252449.089,live_session,1,0.0
1775252449.228,live_session,1,0.0
1775252449.408,live_session,1,0.0
1775252449.589,live_session,1,0.0
1775252449.741,live_session,1,0.0
1775252449.879,live_session,1,0.0
1775252450.016,live_session,1,0.0
1775252450.148,live_session,1,0.0
1775252450.300,live_session,1,0.0
1775252450.458,live_session,1,0.0
1775252450.588,live_session,1,0.0
1775252450.730,live_session,1,0.0
1775252450.877,live_session,1,0.0
1775252451.066,live_session,1,0.0
1775252451.206,live_session,1,0.0
1775252451.355,live_session,1,0.0
1775252451.502,live_session,1,0.0
1775252451.665,live_session,1,0.0
1775252451.815,live_session,1,0.0
1775252452.184,live_session,1,0.0
1775252452.349,live_session,1,0.0
1775252452.523,live_session,1,0.0
1775252452.712,live_session,1,0.0
1775252452.867,live_session,1,0.0
1775252453.073,live_session,1,0.0
1775252453.223,live_session,1,0.0
1775252453.401,live_session,1,0.0
1775252453.571,live_session,1,0.0
1775252453.721,live_session,1,0.0
1775252453.910,live_session,1,0.0
1775252454.060,live_session,1,0.0
1775252454.197,live_session,1,0.0
1775252454.380,live_session,1,0.0
1775252454.560,live_session,1,0.0
1775252454.737,live_session,1,0.0
1775252454.905,live_session,1,0.0
1775252455.069,live_session,1,0.0
1775252455.215,live_session,1,0.0
1775252455.414,live_session,1,0.0
1775252455.590,live_session,1,0.0
1775252455.777,live_session,1,0.0
1775252455.963,live_session,1,0.0
1775252456.117,live_session,1,0.0
1775252456.633,live_session,1,0.0
1775252456.803,live_session,1,0.0
1775252456.992,live_session,1,0.0
1775252457.178,live_session,1,0.0
1775252457.364,live_session,1,0.0
1775252457.527,live_session,1,0.0
1775252457.677,live_session,1,0.0
1775252457.822,live_session,1,0.0
1775252457.970,live_session,1,0.0
1775252458.103,live_session,1,0.0
1775252458.284,live_session,1,0.0
1775252458.451,live_session,1,0.0
1775252458.597,live_session,1,0.0
1775252458.829,live_session,1,0.0
1775252458.994,live_session,1,0.0
1775252459.146,live_session,1,0.0
1775252459.333,live_session,1,0.0
1775252459.473,live_session,1,0.0
1775252459.618,live_session,1,0.0
1775252459.799,live_session,1,0.0
1775252459.957,live_session,1,0.0
1775252460.143,live_session,1,0.0
1775252460.282,live_session,1,0.0
1775252460.463,live_session,1,0.0
1775252460.642,live_session,1,0.0
1775252460.820,live_session,1,0.0
1775252460.986,live_session,1,0.0
1775252461.151,live_session,1,0.0
1775252461.298,live_session,1,0.0
1775252461.644,live_session,1,0.0
1775252461.802,live_session,1,0.0
1775252461.955,live_session,1,0.0
1775252462.141,live_session,1,0.0
1775252462.284,live_session,1,0.0
1775252462.434,live_session,1,0.0
1775252462.586,live_session,1,0.0
1775252462.766,live_session,1,0.0
1775252462.968,live_session,1,0.0
1775252463.128,live_session,1,0.0
1775252463.284,live_session,1,0.0
1775252463.437,live_session,1,0.0
1775252463.622,live_session,1,0.0
1775252463.776,live_session,1,0.0
1775252463.933,live_session,1,0.0
1775252464.122,live_session,1,0.0
1775252464.273,live_session,1,0.0
1775252464.448,live_session,1,0.0
1775252464.629,live_session,1,0.0
1775252464.802,live_session,1,0.0
1775252464.943,live_session,1,0.0
1775252465.106,live_session,1,0.0
1775252465.290,live_session,1,0.0
1775252465.455,live_session,1,0.0
1775252465.887,live_session,1,0.0
1775252466.039,live_session,1,0.0
1775252466.214,live_session,1,0.0
1775252466.371,live_session,1,0.0
1775252466.534,live_session,1,0.0
1775252466.711,live_session,1,0.0
1775252466.871,live_session,1,0.0
1775252467.054,live_session,1,0.0
1775252467.228,live_session,1,0.0
1775252467.386,live_session,1,0.0
1775252467.533,live_session,1,0.0
1775252467.725,live_session,1,0.0
1775252467.925,live_session,1,0.0
1775252468.111,live_session,1,0.0
1775252468.299,live_session,1,0.0
1775252468.489,live_session,1,0.0
1775252468.674,live_session,1,0.0
1775252468.862,live_session,1,0.0
1775252469.012,live_session,1,0.0
1775252469.114,live_session,1,0.0
1775252469.170,live_session,1,0.0
1775252469.228,live_session,1,0.0
1775252469.313,live_session,1,0.0
1775252469.373,live_session,1,0.0
1775252469.430,live_session,1,0.0
1775252469.502,live_session,1,0.0
1775252469.561,live_session,1,0.0
1775252469.701,live_session,1,0.0
1775252469.865,live_session,1,0.0
1775252470.045,live_session,1,0.0
1775252470.134,live_session,1,0.0
1775252470.205,live_session,1,0.0
1775252470.271,live_session,1,0.0
1775252470.333,live_session,1,0.0
1775252470.423,live_session,1,0.0
1775252470.491,live_session,1,0.0
1775252470.567,live_session,1,0.0
1775252470.627,live_session,1,0.0
1775252470.730,live_session,1,0.0
1775252470.789,live_session,1,0.0
1775252470.853,live_session,1,0.0
1775252470.911,live_session,1,0.0
1775252470.968,live_session,1,0.0
1775252471.028,live_session,1,0.0
1775252471.087,live_session,1,0.0
1775252471.146,live_session,1,0.0
1775252471.207,live_session,1,0.0
1775252471.264,live_session,1,0.0
1775252471.319,live_session,1,0.0
1775252471.432,live_session,1,0.0
1775252471.497,live_session,1,0.0
1775252471.557,live_session,1,0.0
1775252471.619,live_session,1,0.0
1775252471.684,live_session,1,0.0
1775252471.774,live_session,1,0.0
1775252471.846,live_session,1,0.0
1775252471.910,live_session,1,0.0
1775252471.976,live_session,1,0.0
1775252472.053,live_session,1,0.0
1775252472.144,live_session,1,0.0
1775252472.210,live_session,1,0.0
1775252472.286,live_session,1,0.0
1775252472.345,live_session,1,0.0
1775252472.408,live_session,1,0.0
1775252472.505,live_session,1,0.0
1775252472.565,live_session,1,0.0
1775252472.624,live_session,1,0.0
1775252472.689,live_session,1,0.0
1775252472.753,live_session,1,0.0
1775252472.812,live_session,1,0.0
1775252473.016,live_session,1,0.0
1775252473.077,live_session,1,0.0
1775252473.137,live_session,1,0.0
