timestamp,session_id,level_number,value
1770036060.301,196,1,"(511.0, 568.0)"
1770036060.312,196,1,"(511.0, 568.0)"
1770036060.322,196,1,"(511.0, 568.0)"
1770036060.334,196,1,"(511.0, 568.0)"
1770036060.345,196,1,"(511.0, 568.0)"
1770036060.356,196,1,"(511.0, 568.0)"
1770036060.366,196,1,"(511.0, 568.0)"
1770036060.376,196,1,"(511.0, 568.0)"
1770036060.387,196,1,"(511.0, 568.0)"
1770036060.398,196,1,"(511.0, 568.0)"
1770036060.408,196,1,"(511.0, 568.0)"
1770036060.419,196,1,"(511.0, 568.0)"
1770036060.43,196,1,"(511.0, 568.0)"
1770036060.441,196,1,"(511.0, 568.0)"
1770036060.452,196,1,"(511.0, 568.0)"
1770036060.463,196,1,"(511.0, 568.0)"
1770036060.473,196,1,"(511.0, 568.0)"
1770036060.483,196,1,"(511.0, 568.0)"
1770036060.494,196,1,"(511.0, 568.0)"
1770036060.505,196,1,"(511.0, 568.0)"
1770036060.516,196,1,"(511.0, 568.0)"
1770036060.526,196,1,"(511.0, 568.0)"
1770036060.539,196,1,"(511.0, 568.0)"
1770036060.55,196,1,"(511.0, 568.0)"
1770036060.56,196,1,"(511.0, 568.0)"
1770036060.572,196,1,"(511.0, 568.0)"
1770036060.583,196,1,"(511.0, 568.0)"
1770036060.594,196,1,"(511.0, 568.0)"
1770036060.605,196,1,"(511.0, 568.0)"
1770036060.615,196,1,"(511.0, 568.0)"
1770036060.626,196,1,"(511.0, 568.0)"
1770036060.636,196,1,"(511.0, 568.0)"
1770036060.646,196,1,"(511.0, 568.0)"
1770036060.657,196,1,"(511.0, 568.0)"
1770036060.668,196,1,"(511.0, 568.0)"
1770036060.679,196,1,"(511.0, 568.0)"
1770036060.689,196,1,"(511.0, 568.0)"
1770036060.7,196,1,"(511.0, 568.0)"
1770036060.71,196,1,"(511.0, 568.0)"
1770036060.721,196,1,"(511.0, 568.0)"
1770036060.732,196,1,"(511.0, 568.0)"
1770036060.743,196,1,"(511.0, 568.0)"
1770036060.755,196,1,"(511.0, 568.0)"
1770036060.765,196,1,"(511.0, 568.0)"
1770036060.776,196,1,"(511.0, 568.0)"
1770036060.786,196,1,"(511.0, 568.0)"
1770036060.797,196,1,"(511.0, 511.0)"
1770036060.808,196,1,"(511.0, 511.0)"
1770036060.819,196,1,"(511.0, 454.0)"
1770036060.829,196,1,"(511.0, 454.0)"
1770036060.84,196,1,"(511.0, 454.0)"
1770036060.851,196,1,"(511.0, 511.0)"
1770036060.862,196,1,"(511.0, 511.0)"
1770036060.872,196,1,"(511.0, 511.0)"
1770036060.882,196,1,"(511.0, 511.0)"
1770036060.893,196,1,"(511.0, 511.0)"
1770036060.903,196,1,"(511.0, 511.0)"
1770036060.914,196,1,"(511.0, 511.0)"
1770036060.925,196,1,"(511.0, 511.0)"
1770036060.935,196,1,"(511.0, 511.0)"
1770036060.946,196,1,"(511.0, 511.0)"
1770036060.956,196,1,"(511.0, 511.0)"
1770036060.967,196,1,"(511.0, 511.0)"
1770036060.977,196,1,"(511.0, 511.0)"
1770036060.988,196,1,"(511.0, 511.0)"
1770036060.999,196,1,"(511.0, 454.0)"
1770036061.009,196,1,"(511.0, 454.0)"
1770036061.02,196,1,"(511.0, 454.0)"
1770036061.031,196,1,"(511.0, 454.0)"
1770036061.041,196,1,"(511.0, 454.0)"
1770036061.052,196,1,"(511.0, 454.0)"
1770036061.062,196,1,"(511.0, 454.0)"
1770036061.073,196,1,"(511.0, 454.0)"
1770036061.084,196,1,"(511.0, 454.0)"
1770036061.096,196,1,"(511.0, 454.0)"
1770036061.106,196,1,"(511.0, 454.0)"
1770036061.118,196,1,"(511.0, 454.0)"
1770036061.128,196,1,"(511.0, 454.0)"
1770036061.139,196,1,"(511.0, 454.0)"
1770036061.149,196,1,"(511.0, 454.0)"
1770036061.159,196,1,"(511.0, 454.0)"
1770036061.171,196,1,"(511.0, 454.0)"
1770036061.181,196,1,"(511.0, 454.0)"
1770036061.191,196,1,"(511.0, 454.0)"
1770036061.202,196,1,"(511.0, 454.0)"
1770036061.212,196,1,"(511.0, 454.0)"
1770036061.223,196,1,"(511.0, 454.0)"
1770036061.234,196,1,"(511.0, 454.0)"
1770036061.245,196,1,"(511.0, 454.0)"
1770036061.255,196,1,"(511.0, 454.0)"
1770036061.265,196,1,"(511.0, 454.0)"
1770036061.276,196,1,"(511.0, 454.0)"
1770036061.286,196,1,"(511.0, 454.0)"
1770036061.296,196,1,"(511.0, 454.0)"
1770036061.306,196,1,"(511.0, 454.0)"
1770036061.318,196,1,"(511.0, 454.0)"
1770036061.329,196,1,"(511.0, 454.0)"
1770036061.34,196,1,"(511.0, 454.0)"
1770036061.35,196,1,"(511.0, 454.0)"
1770036061.361,196,1,"(511.0, 511.0)"
1770036061.371,196,1,"(511.0, 511.0)"
1770036061.381,196,1,"(511.0, 568.0)"
1770036061.392,196,1,"(511.0, 568.0)"
1770036061.402,196,1,"(511.0, 568.0)"
1770036061.412,196,1,"(511.0, 568.0)"
1770036061.423,196,1,"(511.0, 568.0)"
1770036061.434,196,1,"(511.0, 568.0)"
1770036061.444,196,1,"(511.0, 568.0)"
1770036061.455,196,1,"(511.0, 568.0)"
1770036061.466,196,1,"(511.0, 568.0)"
1770036061.477,196,1,"(511.0, 568.0)"
1770036061.488,196,1,"(511.0, 568.0)"
1770036061.498,196,1,"(511.0, 568.0)"
1770036061.508,196,1,"(511.0, 568.0)"
1770036061.518,196,1,"(511.0, 568.0)"
1770036061.529,196,1,"(511.0, 568.0)"
1770036061.539,196,1,"(511.0, 568.0)"
1770036061.55,196,1,"(511.0, 568.0)"
1770036061.562,196,1,"(511.0, 568.0)"
1770036061.573,196,1,"(511.0, 568.0)"
1770036061.583,196,1,"(511.0, 568.0)"
1770036061.594,196,1,"(511.0, 568.0)"
1770036061.604,196,1,"(511.0, 568.0)"
1770036061.615,196,1,"(511.0, 568.0)"
1770036061.625,196,1,"(511.0, 568.0)"
1770036061.636,196,1,"(511.0, 568.0)"
1770036061.646,196,1,"(511.0, 568.0)"
1770036061.658,196,1,"(511.0, 568.0)"
1770036061.668,196,1,"(511.0, 568.0)"
1770036061.679,196,1,"(511.0, 568.0)"
1770036061.691,196,1,"(511.0, 568.0)"
1770036061.701,196,1,"(511.0, 568.0)"
1770036061.712,196,1,"(511.0, 511.0)"
1770036061.723,196,1,"(511.0, 511.0)"
1770036061.733,196,1,"(511.0, 454.0)"
1770036061.745,196,1,"(511.0, 454.0)"
1770036061.755,196,1,"(511.0, 454.0)"
1770036061.766,196,1,"(511.0, 454.0)"
1770036061.776,196,1,"(511.0, 454.0)"
1770036061.786,196,1,"(511.0, 454.0)"
1770036061.797,196,1,"(511.0, 511.0)"
1770036061.808,196,1,"(511.0, 511.0)"
1770036061.819,196,1,"(511.0, 511.0)"
1770036061.83,196,1,"(511.0, 511.0)"
1770036061.841,196,1,"(511.0, 511.0)"
1770036061.851,196,1,"(511.0, 511.0)"
1770036061.861,196,1,"(511.0, 511.0)"
1770036061.871,196,1,"(511.0, 511.0)"
1770036061.881,196,1,"(511.0, 454.0)"
1770036061.892,196,1,"(511.0, 454.0)"
1770036061.904,196,1,"(511.0, 454.0)"
1770036061.915,196,1,"(511.0, 454.0)"
1770036061.926,196,1,"(511.0, 511.0)"
1770036061.936,196,1,"(511.0, 511.0)"
1770036061.946,196,1,"(511.0, 568.0)"
1770036061.957,196,1,"(511.0, 568.0)"
1770036061.968,196,1,"(511.0, 568.0)"
1770036061.979,196,1,"(511.0, 568.0)"
1770036061.99,196,1,"(511.0, 568.0)"
1770036062.0,196,1,"(511.0, 568.0)"
1770036062.01,196,1,"(511.0, 568.0)"
1770036062.02,196,1,"(511.0, 568.0)"
1770036062.031,196,1,"(511.0, 568.0)"
1770036062.041,196,1,"(511.0, 511.0)"
1770036062.051,196,1,"(511.0, 511.0)"
1770036062.063,196,1,"(511.0, 454.0)"
1770036062.073,196,1,"(511.0, 454.0)"
1770036062.084,196,1,"(511.0, 454.0)"
1770036062.095,196,1,"(511.0, 454.0)"
1770036062.105,196,1,"(511.0, 454.0)"
1770036062.116,196,1,"(511.0, 454.0)"
1770036062.126,196,1,"(511.0, 454.0)"
1770036062.136,196,1,"(511.0, 454.0)"
1770036062.147,196,1,"(511.0, 454.0)"
1770036062.158,196,1,"(511.0, 454.0)"
1770036062.169,196,1,"(511.0, 454.0)"
1770036062.179,196,1,"(511.0, 454.0)"
1770036062.19,196,1,"(511.0, 454.0)"
1770036062.2,196,1,"(511.0, 454.0)"
1770036062.211,196,1,"(511.0, 454.0)"
1770036062.222,196,1,"(511.0, 454.0)"
1770036062.233,196,1,"(511.0, 454.0)"
1770036062.243,196,1,"(511.0, 454.0)"
1770036062.253,196,1,"(511.0, 454.0)"
1770036062.264,196,1,"(511.0, 454.0)"
1770036062.276,196,1,"(511.0, 454.0)"
1770036062.286,196,1,"(511.0, 454.0)"
1770036062.297,196,1,"(511.0, 454.0)"
1770036062.307,196,1,"(511.0, 454.0)"
1770036062.319,196,1,"(511.0, 454.0)"
1770036062.329,196,1,"(511.0, 454.0)"
1770036062.341,196,1,"(511.0, 454.0)"
1770036062.352,196,1,"(511.0, 454.0)"
1770036062.363,196,1,"(511.0, 511.0)"
1770036062.373,196,1,"(511.0, 511.0)"
1770036062.385,196,1,"(511.0, 511.0)"
1770036062.395,196,1,"(511.0, 511.0)"
1770036062.406,196,1,"(511.0, 511.0)"
1770036062.416,196,1,"(511.0, 454.0)"
1770036062.426,196,1,"(511.0, 454.0)"
1770036062.438,196,1,"(511.0, 454.0)"
1770036062.449,196,1,"(511.0, 454.0)"
1770036062.459,196,1,"(511.0, 454.0)"
1770036062.47,196,1,"(511.0, 454.0)"
1770036062.481,196,1,"(511.0, 454.0)"
1770036062.491,196,1,"(511.0, 454.0)"
1770036062.501,196,1,"(511.0, 454.0)"
1770036062.511,196,1,"(511.0, 454.0)"
1770036062.522,196,1,"(511.0, 454.0)"
1770036062.532,196,1,"(511.0, 454.0)"
1770036062.542,196,1,"(511.0, 454.0)"
1770036062.552,196,1,"(511.0, 454.0)"
1770036062.563,196,1,"(511.0, 454.0)"
1770036062.574,196,1,"(511.0, 454.0)"
1770036062.584,196,1,"(511.0, 454.0)"
1770036062.594,196,1,"(511.0, 454.0)"
1770036062.606,196,1,"(511.0, 454.0)"
1770036062.616,196,1,"(511.0, 454.0)"
1770036062.626,196,1,"(511.0, 454.0)"
1770036062.637,196,1,"(511.0, 454.0)"
1770036062.648,196,1,"(511.0, 454.0)"
1770036062.658,196,1,"(511.0, 454.0)"
1770036062.669,196,1,"(511.0, 454.0)"
1770036062.68,196,1,"(511.0, 454.0)"
1770036062.69,196,1,"(511.0, 454.0)"
1770036062.701,196,1,"(511.0, 454.0)"
1770036062.712,196,1,"(511.0, 454.0)"
1770036062.722,196,1,"(511.0, 454.0)"
1770036062.733,196,1,"(511.0, 454.0)"
1770036062.744,196,1,"(511.0, 454.0)"
1770036062.755,196,1,"(511.0, 454.0)"
1770036062.766,196,1,"(511.0, 454.0)"
1770036062.776,196,1,"(511.0, 454.0)"
1770036062.787,196,1,"(511.0, 454.0)"
1770036062.797,196,1,"(511.0, 454.0)"
1770036062.807,196,1,"(511.0, 454.0)"
1770036062.818,196,1,"(511.0, 454.0)"
1770036062.828,196,1,"(511.0, 454.0)"
1770036062.838,196,1,"(511.0, 454.0)"
1770036062.85,196,1,"(511.0, 454.0)"
1770036062.86,196,1,"(511.0, 454.0)"
1770036062.871,196,1,"(511.0, 454.0)"
1770036062.882,196,1,"(511.0, 454.0)"
1770036062.893,196,1,"(511.0, 454.0)"
1770036062.904,196,1,"(511.0, 454.0)"
1770036062.914,196,1,"(511.0, 454.0)"
1770036062.924,196,1,"(511.0, 454.0)"
1770036062.934,196,1,"(511.0, 454.0)"
1770036062.945,196,1,"(511.0, 454.0)"
1770036062.956,196,1,"(511.0, 454.0)"
1770036062.966,196,1,"(511.0, 454.0)"
1770036062.976,196,1,"(511.0, 454.0)"
1770036062.986,196,1,"(511.0, 511.0)"
1770036062.997,196,1,"(511.0, 511.0)"
1770036063.008,196,1,"(511.0, 568.0)"
1770036063.019,196,1,"(511.0, 568.0)"
1770036063.029,196,1,"(511.0, 568.0)"
1770036063.04,196,1,"(511.0, 568.0)"
1770036063.05,196,1,"(511.0, 568.0)"
1770036063.061,196,1,"(511.0, 568.0)"
1770036063.072,196,1,"(511.0, 568.0)"
1770036063.083,196,1,"(511.0, 568.0)"
1770036063.094,196,1,"(511.0, 568.0)"
1770036063.104,196,1,"(511.0, 568.0)"
1770036063.114,196,1,"(511.0, 568.0)"
1770036063.125,196,1,"(511.0, 568.0)"
1770036063.136,196,1,"(511.0, 568.0)"
1770036063.146,196,1,"(511.0, 568.0)"
1770036063.156,196,1,"(511.0, 568.0)"
1770036063.168,196,1,"(511.0, 568.0)"
1770036063.178,196,1,"(511.0, 568.0)"
1770036063.188,196,1,"(511.0, 568.0)"
1770036063.199,196,1,"(511.0, 568.0)"
1770036063.21,196,1,"(511.0, 568.0)"
1770036063.221,196,1,"(511.0, 568.0)"
1770036063.233,196,1,"(511.0, 568.0)"
1770036063.244,196,1,"(511.0, 568.0)"
1770036063.254,196,1,"(511.0, 568.0)"
1770036063.266,196,1,"(511.0, 568.0)"
1770036063.276,196,1,"(511.0, 568.0)"
1770036063.286,196,1,"(511.0, 568.0)"
1770036063.298,196,1,"(511.0, 568.0)"
1770036063.308,196,1,"(511.0, 568.0)"
1770036067.174,196,2,"(146.0, 944.0)"
1770036067.184,196,2,"(803.0, 996.0)"
1770036067.195,196,2,"(365.0, 1023.0)"
1770036067.206,196,2,"(438.0, 1023.0)"
1770036067.216,196,2,"(219.0, 1023.0)"
1770036067.227,196,2,"(365.0, 1023.0)"
1770036067.238,196,2,"(511.0, 1023.0)"
1770036067.249,196,2,"(438.0, 1023.0)"
1770036067.259,196,2,"(438.0, 1023.0)"
1770036067.27,196,2,"(511.0, 1010.0)"
1770036067.281,196,2,"(511.0, 974.0)"
1770036067.291,196,2,"(365.0, 937.0)"
1770036067.303,196,2,"(438.0, 913.0)"
1770036067.313,196,2,"(584.0, 901.0)"
1770036067.324,196,2,"(511.0, 876.0)"
1770036067.334,196,2,"(584.0, 876.0)"
1770036067.345,196,2,"(511.0, 852.0)"
1770036067.357,196,2,"(511.0, 840.0)"
1770036067.368,196,2,"(219.0, 828.0)"
1770036067.379,196,2,"(365.0, 828.0)"
1770036067.389,196,2,"(292.0, 840.0)"
1770036067.399,196,2,"(511.0, 852.0)"
1770036067.409,196,2,"(511.0, 852.0)"
1770036067.419,196,2,"(730.0, 840.0)"
1770036067.431,196,2,"(584.0, 803.0)"
1770036067.442,196,2,"(365.0, 779.0)"
1770036067.452,196,2,"(219.0, 767.0)"
1770036067.463,196,2,"(365.0, 779.0)"
1770036067.474,196,2,"(511.0, 791.0)"
1770036067.485,196,2,"(511.0, 791.0)"
1770036067.496,196,2,"(438.0, 779.0)"
1770036067.508,196,2,"(511.0, 767.0)"
1770036067.518,196,2,"(511.0, 755.0)"
1770036067.529,196,2,"(438.0, 767.0)"
1770036067.539,196,2,"(438.0, 779.0)"
1770036067.551,196,2,"(365.0, 779.0)"
1770036067.561,196,2,"(511.0, 767.0)"
1770036067.572,196,2,"(657.0, 767.0)"
1770036067.582,196,2,"(511.0, 767.0)"
1770036067.594,196,2,"(511.0, 779.0)"
1770036067.604,196,2,"(438.0, 791.0)"
1770036067.614,196,2,"(365.0, 779.0)"
1770036067.625,196,2,"(438.0, 767.0)"
1770036067.636,196,2,"(584.0, 730.0)"
1770036067.646,196,2,"(438.0, 706.0)"
1770036067.658,196,2,"(365.0, 694.0)"
1770036067.668,196,2,"(438.0, 694.0)"
1770036067.679,196,2,"(511.0, 694.0)"
1770036067.69,196,2,"(511.0, 694.0)"
1770036067.7,196,2,"(511.0, 682.0)"
1770036067.711,196,2,"(365.0, 669.0)"
1770036067.722,196,2,"(365.0, 657.0)"
1770036067.733,196,2,"(365.0, 657.0)"
1770036067.743,196,2,"(438.0, 645.0)"
1770036067.755,196,2,"(438.0, 657.0)"
1770036067.765,196,2,"(511.0, 669.0)"
1770036067.775,196,2,"(803.0, 669.0)"
1770036067.786,196,2,"(511.0, 682.0)"
1770036067.796,196,2,"(949.0, 682.0)"
1770036067.806,196,2,"(613.0, 694.0)"
1770036067.818,196,2,"(319.0, 718.0)"
1770036067.828,196,2,"(511.0, 755.0)"
1770036067.839,196,2,"(511.0, 779.0)"
1770036067.849,196,2,"(63.0, 791.0)"
1770036067.86,196,2,"(511.0, 791.0)"
1770036067.87,196,2,"(447.0, 791.0)"
1770036067.881,196,2,"(511.0, 791.0)"
1770036067.891,196,2,"(639.0, 791.0)"
1770036067.903,196,2,"(575.0, 791.0)"
1770036067.914,196,2,"(511.0, 791.0)"
1770036067.925,196,2,"(447.0, 791.0)"
1770036067.935,196,2,"(447.0, 791.0)"
1770036067.945,196,2,"(383.0, 803.0)"
1770036067.956,196,2,"(575.0, 828.0)"
1770036067.967,196,2,"(703.0, 852.0)"
1770036067.977,196,2,"(767.0, 852.0)"
1770036067.988,196,2,"(575.0, 852.0)"
1770036067.998,196,2,"(511.0, 840.0)"
1770036068.01,196,2,"(447.0, 840.0)"
1770036068.021,196,2,"(511.0, 828.0)"
1770036068.032,196,2,"(447.0, 803.0)"
1770036068.042,196,2,"(639.0, 791.0)"
1770036068.053,196,2,"(575.0, 779.0)"
1770036068.064,196,2,"(575.0, 767.0)"
1770036068.074,196,2,"(575.0, 742.0)"
1770036068.086,196,2,"(703.0, 718.0)"
1770036068.096,196,2,"(511.0, 694.0)"
1770036068.108,196,2,"(511.0, 682.0)"
1770036068.119,196,2,"(511.0, 669.0)"
1770036068.129,196,2,"(575.0, 669.0)"
1770036068.14,196,2,"(639.0, 682.0)"
1770036068.15,196,2,"(575.0, 706.0)"
1770036068.161,196,2,"(575.0, 706.0)"
1770036068.172,196,2,"(831.0, 730.0)"
1770036068.182,196,2,"(319.0, 730.0)"
1770036068.193,196,2,"(383.0, 730.0)"
1770036068.204,196,2,"(447.0, 718.0)"
1770036068.214,196,2,"(319.0, 694.0)"
1770036068.225,196,2,"(447.0, 682.0)"
1770036068.235,196,2,"(511.0, 669.0)"
1770036068.246,196,2,"(575.0, 657.0)"
1770036068.256,196,2,"(575.0, 657.0)"
1770036068.266,196,2,"(511.0, 657.0)"
1770036068.277,196,2,"(511.0, 657.0)"
1770036068.288,196,2,"(511.0, 657.0)"
1770036068.298,196,2,"(575.0, 669.0)"
1770036068.309,196,2,"(511.0, 682.0)"
1770036068.319,196,2,"(575.0, 694.0)"
1770036068.331,196,2,"(511.0, 718.0)"
1770036068.341,196,2,"(511.0, 730.0)"
1770036068.352,196,2,"(511.0, 742.0)"
1770036068.363,196,2,"(575.0, 755.0)"
1770036068.373,196,2,"(831.0, 767.0)"
1770036068.384,196,2,"(639.0, 767.0)"
1770036068.394,196,2,"(447.0, 755.0)"
1770036068.405,196,2,"(511.0, 742.0)"
1770036068.416,196,2,"(447.0, 730.0)"
1770036068.426,196,2,"(383.0, 718.0)"
1770036068.436,196,2,"(447.0, 706.0)"
1770036068.447,196,2,"(511.0, 706.0)"
1770036068.458,196,2,"(511.0, 718.0)"
1770036068.468,196,2,"(447.0, 730.0)"
1770036068.48,196,2,"(383.0, 742.0)"
1770036068.491,196,2,"(511.0, 730.0)"
1770036068.501,196,2,"(447.0, 730.0)"
1770036068.511,196,2,"(575.0, 718.0)"
1770036068.522,196,2,"(319.0, 718.0)"
1770036068.532,196,2,"(511.0, 718.0)"
1770036068.543,196,2,"(383.0, 718.0)"
1770036068.554,196,2,"(447.0, 706.0)"
1770036068.567,196,2,"(511.0, 706.0)"
1770036068.577,196,2,"(511.0, 669.0)"
1770036068.588,196,2,"(511.0, 645.0)"
1770036068.599,196,2,"(639.0, 633.0)"
1770036068.609,196,2,"(639.0, 596.0)"
1770036068.619,196,2,"(511.0, 572.0)"
1770036068.631,196,2,"(511.0, 560.0)"
1770036068.642,196,2,"(575.0, 560.0)"
1770036068.653,196,2,"(511.0, 548.0)"
1770036068.664,196,2,"(575.0, 548.0)"
1770036068.674,196,2,"(511.0, 535.0)"
1770036068.684,196,2,"(447.0, 535.0)"
1770036068.694,196,2,"(575.0, 523.0)"
1770036068.704,196,2,"(319.0, 511.0)"
1770036068.715,196,2,"(511.0, 511.0)"
1770036068.726,196,2,"(511.0, 487.0)"
1770036068.737,196,2,"(511.0, 474.0)"
1770036068.748,196,2,"(511.0, 462.0)"
1770036068.758,196,2,"(511.0, 462.0)"
1770036068.768,196,2,"(511.0, 462.0)"
1770036068.779,196,2,"(511.0, 450.0)"
1770036068.79,196,2,"(511.0, 438.0)"
1770036068.801,196,2,"(511.0, 426.0)"
1770036068.812,196,2,"(511.0, 401.0)"
1770036068.822,196,2,"(447.0, 401.0)"
1770036068.832,196,2,"(703.0, 401.0)"
1770036068.843,196,2,"(575.0, 426.0)"
1770036068.854,196,2,"(511.0, 438.0)"
1770036068.864,196,2,"(575.0, 462.0)"
1770036068.875,196,2,"(575.0, 474.0)"
1770036068.886,196,2,"(511.0, 474.0)"
1770036068.896,196,2,"(511.0, 487.0)"
1770036068.906,196,2,"(511.0, 487.0)"
1770036068.917,196,2,"(383.0, 487.0)"
1770036068.927,196,2,"(383.0, 499.0)"
1770036068.939,196,2,"(511.0, 511.0)"
1770036068.95,196,2,"(447.0, 535.0)"
1770036068.961,196,2,"(511.0, 535.0)"
1770036068.971,196,2,"(511.0, 548.0)"
1770036068.983,196,2,"(639.0, 560.0)"
1770036068.993,196,2,"(447.0, 572.0)"
1770036069.003,196,2,"(575.0, 584.0)"
1770036069.014,196,2,"(575.0, 584.0)"
1770036069.024,196,2,"(511.0, 584.0)"
1770036069.035,196,2,"(511.0, 584.0)"
1770036069.046,196,2,"(511.0, 584.0)"
1770036069.056,196,2,"(447.0, 584.0)"
1770036069.067,196,2,"(511.0, 584.0)"
1770036069.077,196,2,"(511.0, 572.0)"
1770036069.087,196,2,"(703.0, 560.0)"
1770036069.1,196,2,"(703.0, 548.0)"
1770036069.111,196,2,"(575.0, 535.0)"
1770036069.121,196,2,"(511.0, 548.0)"
1770036069.132,196,2,"(639.0, 548.0)"
1770036069.143,196,2,"(575.0, 548.0)"
1770036069.153,196,2,"(511.0, 535.0)"
1770036069.164,196,2,"(447.0, 535.0)"
1770036069.174,196,2,"(511.0, 523.0)"
1770036069.184,196,2,"(511.0, 511.0)"
1770036069.196,196,2,"(511.0, 487.0)"
1770036069.206,196,2,"(575.0, 462.0)"
1770036069.217,196,2,"(575.0, 438.0)"
1770036069.227,196,2,"(511.0, 426.0)"
1770036069.238,196,2,"(575.0, 426.0)"
1770036069.249,196,2,"(639.0, 414.0)"
1770036069.259,196,2,"(511.0, 426.0)"
1770036069.27,196,2,"(447.0, 426.0)"
1770036069.281,196,2,"(639.0, 450.0)"
1770036069.292,196,2,"(575.0, 462.0)"
1770036069.303,196,2,"(511.0, 474.0)"
1770036069.314,196,2,"(639.0, 499.0)"
1770036069.325,196,2,"(511.0, 511.0)"
1770036069.335,196,2,"(575.0, 535.0)"
1770036069.345,196,2,"(511.0, 548.0)"
1770036069.356,196,2,"(511.0, 535.0)"
1770036069.366,196,2,"(511.0, 511.0)"
1770036069.376,196,2,"(511.0, 487.0)"
1770036069.387,196,2,"(511.0, 462.0)"
1770036069.397,196,2,"(511.0, 462.0)"
1770036069.408,196,2,"(575.0, 462.0)"
1770036069.418,196,2,"(447.0, 462.0)"
1770036069.429,196,2,"(575.0, 474.0)"
1770036069.439,196,2,"(511.0, 487.0)"
1770036069.452,196,2,"(447.0, 511.0)"
1770036069.462,196,2,"(447.0, 523.0)"
1770036069.472,196,2,"(511.0, 535.0)"
1770036069.483,196,2,"(575.0, 523.0)"
1770036069.494,196,2,"(511.0, 523.0)"
1770036069.504,196,2,"(447.0, 511.0)"
1770036069.514,196,2,"(511.0, 511.0)"
1770036069.526,196,2,"(447.0, 511.0)"
1770036069.536,196,2,"(447.0, 523.0)"
1770036069.546,196,2,"(511.0, 523.0)"
1770036069.556,196,2,"(575.0, 511.0)"
1770036069.568,196,2,"(511.0, 499.0)"
1770036069.578,196,2,"(383.0, 499.0)"
1770036069.588,196,2,"(447.0, 474.0)"
1770036069.599,196,2,"(511.0, 474.0)"
1770036069.61,196,2,"(511.0, 462.0)"
1770036069.62,196,2,"(575.0, 474.0)"
1770036069.63,196,2,"(639.0, 487.0)"
1770036069.64,196,2,"(511.0, 511.0)"
1770036069.651,196,2,"(383.0, 535.0)"
1770036069.661,196,2,"(511.0, 548.0)"
1770036069.672,196,2,"(383.0, 560.0)"
1770036069.682,196,2,"(511.0, 548.0)"
1770036069.694,196,2,"(575.0, 535.0)"
1770036069.705,196,2,"(511.0, 535.0)"
1770036069.717,196,2,"(447.0, 535.0)"
1770036069.727,196,2,"(575.0, 535.0)"
1770036069.737,196,2,"(447.0, 535.0)"
1770036069.747,196,2,"(639.0, 535.0)"
1770036069.758,196,2,"(575.0, 535.0)"
1770036069.768,196,2,"(511.0, 548.0)"
1770036069.778,196,2,"(383.0, 560.0)"
1770036069.789,196,2,"(383.0, 560.0)"
1770036069.8,196,2,"(511.0, 560.0)"
1770036069.81,196,2,"(447.0, 560.0)"
1770036069.821,196,2,"(511.0, 560.0)"
1770036069.832,196,2,"(639.0, 560.0)"
1770036069.842,196,2,"(511.0, 572.0)"
1770036069.853,196,2,"(703.0, 572.0)"
1770036069.864,196,2,"(511.0, 596.0)"
1770036069.874,196,2,"(511.0, 596.0)"
1770036069.885,196,2,"(575.0, 596.0)"
1770036069.895,196,2,"(639.0, 584.0)"
1770036069.906,196,2,"(383.0, 584.0)"
1770036069.916,196,2,"(575.0, 584.0)"
1770036069.926,196,2,"(575.0, 584.0)"
1770036069.937,196,2,"(511.0, 584.0)"
1770036069.947,196,2,"(511.0, 584.0)"
1770036069.957,196,2,"(511.0, 572.0)"
1770036069.968,196,2,"(511.0, 560.0)"
1770036069.979,196,2,"(447.0, 548.0)"
1770036069.99,196,2,"(511.0, 523.0)"
1770036070.0,196,2,"(511.0, 523.0)"
1770036070.011,196,2,"(511.0, 499.0)"
1770036070.021,196,2,"(511.0, 487.0)"
1770036070.031,196,2,"(575.0, 462.0)"
1770036070.042,196,2,"(447.0, 450.0)"
1770036070.052,196,2,"(447.0, 450.0)"
1770036070.062,196,2,"(511.0, 438.0)"
1770036070.073,196,2,"(447.0, 426.0)"
1770036070.084,196,2,"(447.0, 414.0)"
1770036070.095,196,2,"(511.0, 401.0)"
1770036070.106,196,2,"(511.0, 389.0)"
1770036070.116,196,2,"(511.0, 365.0)"
1770036070.126,196,2,"(511.0, 365.0)"
1770036070.137,196,2,"(511.0, 353.0)"
1770036070.148,196,2,"(575.0, 341.0)"
1770036070.158,196,2,"(575.0, 328.0)"
1770036070.17,196,2,"(447.0, 328.0)"
1770036070.18,196,2,"(447.0, 316.0)"
1770036074.348,196,3,"(511.0, 182.0)"
1770036074.359,196,3,"(511.0, 170.0)"
1770036074.37,196,3,"(511.0, 170.0)"
1770036074.382,196,3,"(511.0, 170.0)"
1770036074.393,196,3,"(511.0, 170.0)"
1770036074.404,196,3,"(511.0, 170.0)"
1770036074.414,196,3,"(511.0, 170.0)"
1770036074.424,196,3,"(511.0, 170.0)"
1770036074.435,196,3,"(511.0, 170.0)"
1770036074.445,196,3,"(511.0, 170.0)"
1770036074.455,196,3,"(511.0, 170.0)"
1770036074.466,196,3,"(511.0, 170.0)"
1770036074.476,196,3,"(511.0, 170.0)"
1770036074.487,196,3,"(511.0, 158.0)"
1770036074.498,196,3,"(511.0, 158.0)"
1770036074.508,196,3,"(511.0, 158.0)"
1770036074.519,196,3,"(511.0, 158.0)"
1770036074.529,196,3,"(511.0, 170.0)"
1770036074.54,196,3,"(511.0, 170.0)"
1770036074.55,196,3,"(511.0, 170.0)"
1770036074.562,196,3,"(511.0, 170.0)"
1770036074.573,196,3,"(511.0, 158.0)"
1770036074.583,196,3,"(511.0, 158.0)"
1770036074.594,196,3,"(511.0, 146.0)"
1770036074.604,196,3,"(511.0, 146.0)"
1770036074.614,196,3,"(511.0, 146.0)"
1770036074.626,196,3,"(511.0, 158.0)"
1770036074.636,196,3,"(511.0, 158.0)"
1770036074.646,196,3,"(511.0, 158.0)"
1770036074.657,196,3,"(511.0, 158.0)"
1770036074.667,196,3,"(511.0, 170.0)"
1770036074.679,196,3,"(511.0, 170.0)"
1770036074.689,196,3,"(511.0, 170.0)"
1770036074.699,196,3,"(511.0, 170.0)"
1770036074.711,196,3,"(511.0, 170.0)"
1770036074.721,196,3,"(511.0, 170.0)"
1770036074.732,196,3,"(511.0, 170.0)"
1770036074.743,196,3,"(511.0, 170.0)"
1770036074.754,196,3,"(511.0, 170.0)"
1770036074.764,196,3,"(511.0, 170.0)"
1770036074.776,196,3,"(511.0, 170.0)"
1770036074.787,196,3,"(511.0, 170.0)"
1770036074.797,196,3,"(511.0, 170.0)"
1770036074.808,196,3,"(511.0, 170.0)"
1770036074.818,196,3,"(511.0, 170.0)"
1770036074.828,196,3,"(511.0, 170.0)"
1770036074.838,196,3,"(511.0, 170.0)"
1770036074.849,196,3,"(511.0, 170.0)"
1770036074.859,196,3,"(511.0, 170.0)"
1770036074.869,196,3,"(511.0, 170.0)"
1770036074.881,196,3,"(511.0, 182.0)"
1770036074.892,196,3,"(511.0, 194.0)"
1770036074.902,196,3,"(511.0, 194.0)"
1770036074.913,196,3,"(511.0, 182.0)"
1770036074.923,196,3,"(511.0, 182.0)"
1770036074.933,196,3,"(511.0, 170.0)"
1770036074.943,196,3,"(511.0, 170.0)"
1770036074.953,196,3,"(511.0, 170.0)"
1770036074.965,196,3,"(511.0, 170.0)"
1770036074.976,196,3,"(511.0, 170.0)"
1770036074.987,196,3,"(511.0, 170.0)"
1770036074.999,196,3,"(511.0, 170.0)"
1770036075.009,196,3,"(511.0, 170.0)"
1770036075.02,196,3,"(511.0, 170.0)"
1770036075.032,196,3,"(511.0, 170.0)"
1770036075.042,196,3,"(511.0, 170.0)"
1770036075.052,196,3,"(511.0, 170.0)"
1770036075.063,196,3,"(511.0, 182.0)"
1770036075.073,196,3,"(511.0, 182.0)"
1770036075.083,196,3,"(511.0, 194.0)"
1770036075.093,196,3,"(511.0, 194.0)"
1770036075.104,196,3,"(511.0, 194.0)"
1770036075.114,196,3,"(511.0, 194.0)"
1770036075.124,196,3,"(511.0, 194.0)"
1770036075.135,196,3,"(511.0, 194.0)"
1770036075.145,196,3,"(511.0, 194.0)"
1770036075.156,196,3,"(511.0, 194.0)"
1770036075.166,196,3,"(511.0, 194.0)"
1770036075.177,196,3,"(511.0, 207.0)"
1770036075.187,196,3,"(511.0, 207.0)"
1770036075.199,196,3,"(511.0, 219.0)"
1770036075.209,196,3,"(511.0, 219.0)"
1770036075.219,196,3,"(511.0, 219.0)"
1770036075.23,196,3,"(511.0, 219.0)"
1770036075.24,196,3,"(511.0, 231.0)"
1770036075.251,196,3,"(511.0, 231.0)"
1770036075.262,196,3,"(511.0, 243.0)"
1770036075.272,196,3,"(511.0, 243.0)"
1770036075.282,196,3,"(511.0, 243.0)"
1770036075.293,196,3,"(511.0, 243.0)"
1770036075.303,196,3,"(511.0, 243.0)"
1770036075.316,196,3,"(511.0, 243.0)"
1770036075.326,196,3,"(511.0, 243.0)"
1770036075.336,196,3,"(511.0, 243.0)"
1770036075.347,196,3,"(511.0, 243.0)"
1770036075.357,196,3,"(511.0, 243.0)"
1770036075.368,196,3,"(511.0, 231.0)"
1770036075.379,196,3,"(511.0, 231.0)"
1770036075.389,196,3,"(511.0, 219.0)"
1770036075.4,196,3,"(511.0, 219.0)"
1770036075.411,196,3,"(511.0, 219.0)"
1770036075.421,196,3,"(511.0, 207.0)"
1770036075.431,196,3,"(511.0, 207.0)"
1770036075.442,196,3,"(511.0, 194.0)"
1770036075.452,196,3,"(511.0, 194.0)"
1770036075.463,196,3,"(511.0, 194.0)"
1770036075.474,196,3,"(511.0, 194.0)"
1770036075.485,196,3,"(511.0, 194.0)"
1770036075.495,196,3,"(511.0, 194.0)"
1770036075.506,196,3,"(511.0, 194.0)"
1770036075.516,196,3,"(511.0, 194.0)"
1770036075.526,196,3,"(511.0, 182.0)"
1770036075.536,196,3,"(511.0, 182.0)"
1770036075.547,196,3,"(511.0, 170.0)"
1770036075.557,196,3,"(511.0, 170.0)"
1770036075.568,196,3,"(511.0, 170.0)"
1770036075.578,196,3,"(511.0, 170.0)"
1770036075.589,196,3,"(511.0, 170.0)"
1770036075.599,196,3,"(511.0, 170.0)"
1770036075.61,196,3,"(511.0, 170.0)"
1770036075.62,196,3,"(511.0, 170.0)"
1770036075.631,196,3,"(511.0, 170.0)"
1770036075.641,196,3,"(511.0, 170.0)"
1770036075.652,196,3,"(511.0, 170.0)"
1770036075.662,196,3,"(511.0, 170.0)"
1770036075.673,196,3,"(511.0, 170.0)"
1770036075.683,196,3,"(511.0, 170.0)"
1770036075.693,196,3,"(511.0, 170.0)"
1770036075.704,196,3,"(511.0, 170.0)"
1770036075.715,196,3,"(511.0, 170.0)"
1770036075.725,196,3,"(511.0, 170.0)"
1770036075.736,196,3,"(511.0, 170.0)"
1770036075.747,196,3,"(511.0, 170.0)"
1770036075.757,196,3,"(511.0, 170.0)"
1770036075.768,196,3,"(511.0, 170.0)"
1770036075.778,196,3,"(511.0, 170.0)"
1770036075.789,196,3,"(511.0, 170.0)"
1770036075.799,196,3,"(511.0, 170.0)"
1770036075.81,196,3,"(511.0, 170.0)"
1770036075.82,196,3,"(511.0, 170.0)"
1770036075.832,196,3,"(511.0, 170.0)"
1770036075.842,196,3,"(511.0, 170.0)"
1770036075.854,196,3,"(511.0, 170.0)"
1770036075.866,196,3,"(511.0, 170.0)"
1770036075.876,196,3,"(511.0, 170.0)"
1770036075.887,196,3,"(511.0, 170.0)"
1770036075.897,196,3,"(511.0, 170.0)"
1770036075.908,196,3,"(511.0, 170.0)"
1770036075.918,196,3,"(511.0, 170.0)"
1770036075.929,196,3,"(511.0, 170.0)"
1770036075.939,196,3,"(511.0, 170.0)"
1770036075.95,196,3,"(511.0, 170.0)"
1770036075.96,196,3,"(511.0, 170.0)"
1770036075.971,196,3,"(511.0, 170.0)"
1770036075.981,196,3,"(511.0, 170.0)"
1770036075.991,196,3,"(511.0, 170.0)"
1770036076.003,196,3,"(511.0, 170.0)"
1770036076.013,196,3,"(511.0, 170.0)"
1770036076.023,196,3,"(511.0, 170.0)"
1770036076.033,196,3,"(511.0, 170.0)"
1770036076.044,196,3,"(511.0, 170.0)"
1770036076.054,196,3,"(511.0, 170.0)"
1770036076.065,196,3,"(511.0, 170.0)"
1770036076.075,196,3,"(511.0, 170.0)"
1770036076.086,196,3,"(511.0, 170.0)"
1770036076.097,196,3,"(511.0, 170.0)"
1770036076.108,196,3,"(511.0, 170.0)"
1770036076.119,196,3,"(511.0, 170.0)"
1770036076.129,196,3,"(511.0, 170.0)"
1770036076.139,196,3,"(511.0, 170.0)"
1770036076.15,196,3,"(511.0, 170.0)"
1770036076.16,196,3,"(511.0, 170.0)"
1770036076.171,196,3,"(511.0, 158.0)"
1770036076.181,196,3,"(511.0, 158.0)"
1770036076.192,196,3,"(511.0, 146.0)"
1770036076.204,196,3,"(511.0, 146.0)"
1770036076.216,196,3,"(511.0, 146.0)"
1770036076.227,196,3,"(511.0, 146.0)"
1770036076.238,196,3,"(511.0, 146.0)"
1770036076.248,196,3,"(511.0, 146.0)"
1770036076.258,196,3,"(511.0, 146.0)"
1770036076.269,196,3,"(511.0, 146.0)"
1770036076.279,196,3,"(511.0, 146.0)"
1770036076.289,196,3,"(511.0, 146.0)"
1770036076.3,196,3,"(511.0, 146.0)"
1770036076.311,196,3,"(511.0, 146.0)"
1770036076.321,196,3,"(511.0, 146.0)"
1770036076.331,196,3,"(511.0, 146.0)"
1770036076.343,196,3,"(511.0, 133.0)"
1770036076.353,196,3,"(511.0, 133.0)"
1770036076.363,196,3,"(511.0, 121.0)"
1770036076.373,196,3,"(511.0, 121.0)"
1770036076.384,196,3,"(511.0, 121.0)"
1770036076.394,196,3,"(511.0, 121.0)"
1770036076.404,196,3,"(511.0, 121.0)"
1770036076.415,196,3,"(511.0, 121.0)"
1770036076.426,196,3,"(511.0, 121.0)"
1770036076.436,196,3,"(511.0, 121.0)"
1770036076.446,196,3,"(511.0, 133.0)"
1770036076.457,196,3,"(511.0, 133.0)"
1770036076.468,196,3,"(511.0, 146.0)"
1770036076.479,196,3,"(511.0, 146.0)"
1770036076.489,196,3,"(511.0, 146.0)"
1770036076.5,196,3,"(511.0, 146.0)"
1770036076.51,196,3,"(511.0, 146.0)"
1770036076.521,196,3,"(511.0, 146.0)"
1770036076.531,196,3,"(511.0, 146.0)"
1770036076.542,196,3,"(511.0, 146.0)"
1770036076.552,196,3,"(511.0, 146.0)"
1770036076.563,196,3,"(511.0, 146.0)"
1770036076.573,196,3,"(511.0, 146.0)"
1770036076.583,196,3,"(511.0, 158.0)"
1770036076.594,196,3,"(511.0, 158.0)"
1770036076.605,196,3,"(511.0, 170.0)"
1770036076.615,196,3,"(511.0, 170.0)"
1770036076.625,196,3,"(511.0, 170.0)"
1770036076.637,196,3,"(511.0, 170.0)"
1770036076.647,196,3,"(511.0, 170.0)"
1770036076.657,196,3,"(511.0, 170.0)"
1770036076.668,196,3,"(511.0, 170.0)"
1770036076.679,196,3,"(511.0, 170.0)"
1770036076.689,196,3,"(511.0, 170.0)"
1770036076.7,196,3,"(511.0, 170.0)"
1770036076.711,196,3,"(511.0, 170.0)"
1770036076.722,196,3,"(511.0, 170.0)"
1770036076.733,196,3,"(511.0, 170.0)"
1770036076.744,196,3,"(511.0, 170.0)"
1770036076.755,196,3,"(511.0, 170.0)"
1770036076.765,196,3,"(511.0, 170.0)"
1770036076.776,196,3,"(511.0, 170.0)"
1770036076.786,196,3,"(511.0, 170.0)"
1770036076.796,196,3,"(511.0, 170.0)"
1770036076.806,196,3,"(511.0, 170.0)"
1770036076.817,196,3,"(511.0, 170.0)"
1770036076.828,196,3,"(511.0, 170.0)"
1770036076.838,196,3,"(511.0, 170.0)"
1770036076.849,196,3,"(511.0, 170.0)"
1770036076.859,196,3,"(511.0, 170.0)"
1770036076.87,196,3,"(511.0, 170.0)"
1770036076.88,196,3,"(511.0, 170.0)"
1770036076.89,196,3,"(511.0, 170.0)"
1770036076.901,196,3,"(511.0, 170.0)"
1770036076.912,196,3,"(511.0, 170.0)"
1770036076.923,196,3,"(511.0, 170.0)"
1770036076.933,196,3,"(511.0, 170.0)"
1770036076.944,196,3,"(511.0, 170.0)"
1770036076.955,196,3,"(511.0, 170.0)"
1770036076.966,196,3,"(511.0, 170.0)"
1770036076.976,196,3,"(511.0, 170.0)"
1770036076.986,196,3,"(511.0, 170.0)"
1770036076.997,196,3,"(511.0, 170.0)"
1770036077.007,196,3,"(511.0, 170.0)"
1770036077.017,196,3,"(511.0, 170.0)"
1770036077.027,196,3,"(511.0, 170.0)"
1770036077.038,196,3,"(511.0, 170.0)"
1770036077.048,196,3,"(511.0, 170.0)"
1770036077.059,196,3,"(511.0, 170.0)"
1770036077.07,196,3,"(511.0, 170.0)"
1770036077.081,196,3,"(511.0, 170.0)"
1770036077.091,196,3,"(511.0, 170.0)"
1770036077.101,196,3,"(511.0, 170.0)"
1770036077.112,196,3,"(511.0, 170.0)"
1770036077.123,196,3,"(511.0, 170.0)"
1770036077.134,196,3,"(511.0, 170.0)"
1770036077.144,196,3,"(511.0, 170.0)"
1770036077.154,196,3,"(511.0, 170.0)"
1770036077.165,196,3,"(511.0, 170.0)"
1770036077.176,196,3,"(511.0, 170.0)"
1770036077.188,196,3,"(511.0, 170.0)"
1770036077.198,196,3,"(511.0, 170.0)"
1770036077.209,196,3,"(511.0, 170.0)"
1770036077.219,196,3,"(511.0, 170.0)"
1770036077.23,196,3,"(511.0, 170.0)"
1770036077.24,196,3,"(511.0, 170.0)"
1770036077.253,196,3,"(511.0, 170.0)"
1770036077.263,196,3,"(511.0, 170.0)"
1770036077.274,196,3,"(511.0, 170.0)"
1770036077.285,196,3,"(511.0, 170.0)"
1770036077.295,196,3,"(511.0, 170.0)"
1770036077.305,196,3,"(511.0, 170.0)"
1770036077.316,196,3,"(511.0, 170.0)"
1770036077.327,196,3,"(511.0, 170.0)"
1770036077.337,196,3,"(511.0, 170.0)"
1770036077.347,196,3,"(511.0, 170.0)"
1770036077.357,196,3,"(511.0, 170.0)"
1770036080.639,196,4,"(511.0, 231.0)"
1770036080.649,196,4,"(511.0, 231.0)"
1770036080.66,196,4,"(511.0, 231.0)"
1770036080.67,196,4,"(511.0, 231.0)"
1770036080.68,196,4,"(511.0, 231.0)"
1770036080.69,196,4,"(511.0, 231.0)"
1770036080.701,196,4,"(511.0, 219.0)"
1770036080.711,196,4,"(511.0, 219.0)"
1770036080.722,196,4,"(511.0, 219.0)"
1770036080.733,196,4,"(511.0, 219.0)"
1770036080.743,196,4,"(447.0, 219.0)"
1770036080.754,196,4,"(511.0, 231.0)"
1770036080.765,196,4,"(511.0, 243.0)"
1770036080.775,196,4,"(511.0, 255.0)"
1770036080.785,196,4,"(447.0, 267.0)"
1770036080.796,196,4,"(447.0, 280.0)"
1770036080.807,196,4,"(511.0, 292.0)"
1770036080.818,196,4,"(575.0, 292.0)"
1770036080.829,196,4,"(575.0, 292.0)"
1770036080.839,196,4,"(511.0, 304.0)"
1770036080.85,196,4,"(447.0, 316.0)"
1770036080.861,196,4,"(447.0, 316.0)"
1770036080.871,196,4,"(447.0, 316.0)"
1770036080.882,196,4,"(511.0, 316.0)"
1770036080.893,196,4,"(511.0, 328.0)"
1770036080.904,196,4,"(511.0, 328.0)"
1770036080.915,196,4,"(511.0, 341.0)"
1770036080.925,196,4,"(575.0, 341.0)"
1770036080.936,196,4,"(511.0, 341.0)"
1770036080.946,196,4,"(511.0, 341.0)"
1770036080.959,196,4,"(511.0, 341.0)"
1770036080.969,196,4,"(511.0, 341.0)"
1770036080.98,196,4,"(511.0, 341.0)"
1770036080.992,196,4,"(511.0, 341.0)"
1770036081.004,196,4,"(511.0, 328.0)"
1770036081.016,196,4,"(511.0, 316.0)"
1770036081.026,196,4,"(511.0, 304.0)"
1770036081.036,196,4,"(511.0, 280.0)"
1770036081.046,196,4,"(511.0, 267.0)"
1770036081.058,196,4,"(511.0, 267.0)"
1770036081.068,196,4,"(511.0, 280.0)"
1770036081.079,196,4,"(511.0, 280.0)"
1770036081.09,196,4,"(511.0, 267.0)"
1770036081.1,196,4,"(511.0, 267.0)"
1770036081.11,196,4,"(511.0, 267.0)"
1770036081.12,196,4,"(511.0, 267.0)"
1770036081.131,196,4,"(511.0, 255.0)"
1770036081.142,196,4,"(511.0, 255.0)"
1770036081.153,196,4,"(511.0, 243.0)"
1770036081.163,196,4,"(511.0, 243.0)"
1770036081.174,196,4,"(511.0, 243.0)"
1770036081.184,196,4,"(511.0, 243.0)"
1770036081.194,196,4,"(511.0, 243.0)"
1770036081.207,196,4,"(511.0, 231.0)"
1770036081.217,196,4,"(511.0, 231.0)"
1770036081.228,196,4,"(511.0, 231.0)"
1770036081.239,196,4,"(511.0, 231.0)"
1770036081.249,196,4,"(511.0, 219.0)"
1770036081.26,196,4,"(511.0, 219.0)"
1770036081.27,196,4,"(511.0, 219.0)"
1770036081.28,196,4,"(511.0, 231.0)"
1770036081.29,196,4,"(511.0, 231.0)"
1770036081.302,196,4,"(511.0, 243.0)"
1770036081.314,196,4,"(511.0, 231.0)"
1770036081.325,196,4,"(511.0, 231.0)"
1770036081.335,196,4,"(511.0, 219.0)"
1770036081.345,196,4,"(511.0, 207.0)"
1770036081.356,196,4,"(511.0, 207.0)"
1770036081.366,196,4,"(511.0, 194.0)"
1770036081.376,196,4,"(511.0, 194.0)"
1770036081.386,196,4,"(511.0, 194.0)"
1770036081.397,196,4,"(511.0, 182.0)"
1770036081.408,196,4,"(511.0, 182.0)"
1770036081.418,196,4,"(511.0, 182.0)"
1770036081.429,196,4,"(511.0, 182.0)"
1770036081.439,196,4,"(511.0, 194.0)"
1770036081.449,196,4,"(511.0, 194.0)"
1770036081.46,196,4,"(511.0, 207.0)"
1770036081.47,196,4,"(511.0, 207.0)"
1770036081.481,196,4,"(511.0, 219.0)"
1770036081.491,196,4,"(511.0, 219.0)"
1770036081.501,196,4,"(511.0, 219.0)"
1770036081.512,196,4,"(511.0, 219.0)"
1770036081.522,196,4,"(511.0, 219.0)"
1770036081.532,196,4,"(511.0, 231.0)"
1770036081.542,196,4,"(511.0, 231.0)"
1770036081.552,196,4,"(511.0, 243.0)"
1770036081.563,196,4,"(511.0, 243.0)"
1770036081.574,196,4,"(511.0, 243.0)"
1770036081.585,196,4,"(511.0, 243.0)"
1770036081.596,196,4,"(511.0, 243.0)"
1770036081.606,196,4,"(511.0, 243.0)"
1770036081.616,196,4,"(511.0, 243.0)"
1770036081.626,196,4,"(511.0, 243.0)"
1770036081.637,196,4,"(511.0, 243.0)"
1770036081.648,196,4,"(511.0, 243.0)"
1770036081.658,196,4,"(511.0, 255.0)"
1770036081.669,196,4,"(511.0, 255.0)"
1770036081.679,196,4,"(511.0, 267.0)"
1770036081.689,196,4,"(511.0, 255.0)"
1770036081.7,196,4,"(511.0, 243.0)"
1770036081.71,196,4,"(511.0, 243.0)"
1770036081.721,196,4,"(511.0, 243.0)"
1770036081.733,196,4,"(511.0, 243.0)"
1770036081.744,196,4,"(511.0, 243.0)"
1770036081.754,196,4,"(511.0, 243.0)"
1770036081.765,196,4,"(511.0, 231.0)"
1770036081.776,196,4,"(511.0, 231.0)"
1770036081.786,196,4,"(511.0, 219.0)"
1770036081.797,196,4,"(511.0, 219.0)"
1770036081.807,196,4,"(511.0, 207.0)"
1770036081.818,196,4,"(511.0, 194.0)"
1770036081.828,196,4,"(511.0, 194.0)"
1770036081.841,196,4,"(511.0, 194.0)"
1770036081.852,196,4,"(511.0, 194.0)"
1770036081.863,196,4,"(511.0, 194.0)"
1770036081.874,196,4,"(511.0, 194.0)"
1770036081.884,196,4,"(511.0, 194.0)"
1770036081.896,196,4,"(511.0, 194.0)"
1770036081.906,196,4,"(511.0, 194.0)"
1770036081.916,196,4,"(511.0, 194.0)"
1770036081.926,196,4,"(511.0, 194.0)"
1770036081.937,196,4,"(511.0, 182.0)"
1770036081.947,196,4,"(511.0, 182.0)"
1770036081.958,196,4,"(511.0, 182.0)"
1770036081.968,196,4,"(511.0, 182.0)"
1770036081.978,196,4,"(511.0, 170.0)"
1770036081.989,196,4,"(511.0, 170.0)"
1770036082.0,196,4,"(511.0, 170.0)"
1770036082.012,196,4,"(511.0, 170.0)"
1770036082.022,196,4,"(511.0, 170.0)"
1770036082.032,196,4,"(511.0, 170.0)"
1770036082.042,196,4,"(511.0, 170.0)"
1770036082.054,196,4,"(511.0, 170.0)"
1770036082.065,196,4,"(511.0, 170.0)"
1770036082.076,196,4,"(511.0, 170.0)"
1770036082.086,196,4,"(511.0, 170.0)"
1770036082.096,196,4,"(511.0, 170.0)"
1770036082.108,196,4,"(511.0, 170.0)"
1770036082.118,196,4,"(511.0, 170.0)"
1770036082.129,196,4,"(511.0, 170.0)"
1770036082.139,196,4,"(511.0, 170.0)"
1770036082.149,196,4,"(511.0, 170.0)"
1770036082.161,196,4,"(511.0, 158.0)"
1770036082.171,196,4,"(511.0, 146.0)"
1770036082.182,196,4,"(511.0, 146.0)"
1770036082.192,196,4,"(511.0, 146.0)"
1770036082.203,196,4,"(511.0, 146.0)"
1770036082.214,196,4,"(511.0, 146.0)"
1770036082.224,196,4,"(511.0, 146.0)"
1770036082.235,196,4,"(511.0, 146.0)"
1770036082.246,196,4,"(511.0, 146.0)"
1770036082.256,196,4,"(511.0, 158.0)"
1770036082.267,196,4,"(511.0, 170.0)"
1770036082.278,196,4,"(511.0, 170.0)"
1770036082.288,196,4,"(511.0, 182.0)"
1770036082.299,196,4,"(511.0, 194.0)"
1770036082.309,196,4,"(511.0, 194.0)"
1770036082.32,196,4,"(511.0, 194.0)"
1770036082.331,196,4,"(511.0, 194.0)"
1770036082.341,196,4,"(511.0, 194.0)"
1770036082.352,196,4,"(511.0, 194.0)"
1770036082.362,196,4,"(511.0, 194.0)"
1770036082.373,196,4,"(511.0, 194.0)"
1770036082.383,196,4,"(511.0, 194.0)"
1770036082.395,196,4,"(511.0, 194.0)"
1770036082.405,196,4,"(511.0, 194.0)"
1770036082.415,196,4,"(511.0, 194.0)"
1770036082.426,196,4,"(511.0, 194.0)"
1770036082.436,196,4,"(511.0, 194.0)"
1770036082.446,196,4,"(511.0, 207.0)"
1770036082.457,196,4,"(511.0, 219.0)"
1770036082.467,196,4,"(511.0, 219.0)"
1770036082.479,196,4,"(511.0, 219.0)"
1770036082.489,196,4,"(511.0, 219.0)"
1770036082.499,196,4,"(511.0, 207.0)"
1770036082.511,196,4,"(511.0, 207.0)"
1770036082.522,196,4,"(511.0, 182.0)"
1770036082.533,196,4,"(511.0, 170.0)"
1770036082.545,196,4,"(511.0, 170.0)"
1770036082.555,196,4,"(511.0, 170.0)"
1770036082.565,196,4,"(511.0, 170.0)"
1770036082.576,196,4,"(511.0, 170.0)"
1770036082.586,196,4,"(511.0, 170.0)"
1770036082.596,196,4,"(511.0, 170.0)"
1770036082.608,196,4,"(511.0, 170.0)"
1770036082.619,196,4,"(511.0, 170.0)"
1770036082.63,196,4,"(511.0, 170.0)"
1770036082.641,196,4,"(511.0, 170.0)"
1770036082.651,196,4,"(511.0, 170.0)"
1770036082.661,196,4,"(511.0, 170.0)"
1770036082.672,196,4,"(511.0, 170.0)"
1770036082.683,196,4,"(511.0, 170.0)"
1770036082.693,196,4,"(511.0, 170.0)"
1770036082.703,196,4,"(511.0, 170.0)"
1770036082.714,196,4,"(511.0, 170.0)"
1770036082.725,196,4,"(511.0, 170.0)"
1770036082.735,196,4,"(511.0, 170.0)"
1770036082.746,196,4,"(511.0, 170.0)"
1770036082.756,196,4,"(511.0, 170.0)"
1770036082.767,196,4,"(511.0, 170.0)"
1770036082.779,196,4,"(511.0, 170.0)"
1770036082.789,196,4,"(511.0, 170.0)"
1770036082.799,196,4,"(511.0, 170.0)"
1770036082.81,196,4,"(511.0, 170.0)"
1770036082.821,196,4,"(511.0, 182.0)"
1770036082.831,196,4,"(511.0, 182.0)"
1770036082.841,196,4,"(511.0, 194.0)"
1770036082.852,196,4,"(511.0, 194.0)"
1770036082.864,196,4,"(511.0, 194.0)"
1770036082.876,196,4,"(511.0, 194.0)"
1770036082.886,196,4,"(511.0, 194.0)"
1770036082.898,196,4,"(511.0, 194.0)"
1770036082.908,196,4,"(511.0, 194.0)"
1770036082.92,196,4,"(511.0, 194.0)"
1770036082.931,196,4,"(511.0, 194.0)"
1770036082.941,196,4,"(511.0, 194.0)"
1770036082.952,196,4,"(511.0, 194.0)"
1770036082.962,196,4,"(511.0, 194.0)"
1770036082.973,196,4,"(511.0, 194.0)"
1770036082.983,196,4,"(511.0, 194.0)"
1770036082.994,196,4,"(511.0, 194.0)"
1770036083.005,196,4,"(511.0, 194.0)"
1770036083.015,196,4,"(511.0, 194.0)"
1770036083.025,196,4,"(511.0, 194.0)"
1770036083.036,196,4,"(511.0, 194.0)"
1770036083.046,196,4,"(511.0, 194.0)"
1770036083.056,196,4,"(511.0, 194.0)"
1770036083.068,196,4,"(511.0, 194.0)"
1770036083.078,196,4,"(511.0, 194.0)"
1770036083.09,196,4,"(511.0, 194.0)"
1770036083.1,196,4,"(511.0, 194.0)"
1770036083.111,196,4,"(511.0, 194.0)"
1770036083.122,196,4,"(511.0, 194.0)"
1770036083.133,196,4,"(511.0, 194.0)"
1770036083.143,196,4,"(511.0, 194.0)"
1770036083.153,196,4,"(511.0, 182.0)"
1770036083.164,196,4,"(511.0, 182.0)"
1770036083.174,196,4,"(511.0, 170.0)"
1770036083.185,196,4,"(511.0, 170.0)"
1770036083.195,196,4,"(511.0, 170.0)"
1770036083.206,196,4,"(511.0, 170.0)"
1770036083.217,196,4,"(511.0, 158.0)"
1770036083.227,196,4,"(511.0, 158.0)"
1770036083.238,196,4,"(511.0, 158.0)"
1770036083.249,196,4,"(511.0, 158.0)"
1770036083.26,196,4,"(511.0, 158.0)"
1770036083.271,196,4,"(511.0, 158.0)"
1770036083.281,196,4,"(511.0, 146.0)"
1770036083.291,196,4,"(511.0, 146.0)"
1770036083.303,196,4,"(511.0, 146.0)"
1770036083.314,196,4,"(511.0, 146.0)"
1770036083.325,196,4,"(511.0, 158.0)"
1770036083.335,196,4,"(511.0, 158.0)"
1770036083.346,196,4,"(511.0, 158.0)"
1770036083.356,196,4,"(511.0, 158.0)"
1770036083.368,196,4,"(511.0, 158.0)"
1770036083.378,196,4,"(511.0, 158.0)"
1770036083.39,196,4,"(511.0, 158.0)"
1770036083.4,196,4,"(511.0, 170.0)"
1770036083.41,196,4,"(511.0, 170.0)"
1770036083.421,196,4,"(511.0, 170.0)"
1770036083.431,196,4,"(511.0, 170.0)"
1770036083.442,196,4,"(511.0, 170.0)"
1770036083.452,196,4,"(511.0, 170.0)"
1770036083.462,196,4,"(511.0, 170.0)"
1770036083.473,196,4,"(511.0, 170.0)"
1770036083.484,196,4,"(511.0, 170.0)"
1770036083.495,196,4,"(511.0, 170.0)"
1770036083.506,196,4,"(511.0, 170.0)"
1770036083.517,196,4,"(511.0, 170.0)"
1770036083.528,196,4,"(511.0, 170.0)"
1770036083.539,196,4,"(511.0, 170.0)"
1770036083.55,196,4,"(511.0, 170.0)"
1770036083.56,196,4,"(511.0, 182.0)"
1770036083.571,196,4,"(511.0, 182.0)"
1770036083.582,196,4,"(511.0, 182.0)"
1770036083.593,196,4,"(511.0, 170.0)"
1770036083.604,196,4,"(511.0, 170.0)"
1770036083.615,196,4,"(511.0, 170.0)"
1770036083.626,196,4,"(511.0, 170.0)"
1770036083.637,196,4,"(511.0, 170.0)"
1770036095.695,196,1,"(511.0, 146.0)"
1770036095.706,196,1,"(511.0, 146.0)"
1770036095.716,196,1,"(511.0, 146.0)"
1770036095.726,196,1,"(511.0, 146.0)"
1770036095.738,196,1,"(511.0, 146.0)"
1770036095.749,196,1,"(511.0, 146.0)"
1770036095.759,196,1,"(511.0, 146.0)"
1770036095.77,196,1,"(511.0, 146.0)"
1770036095.78,196,1,"(511.0, 146.0)"
1770036095.791,196,1,"(511.0, 133.0)"
1770036095.802,196,1,"(511.0, 133.0)"
1770036095.813,196,1,"(511.0, 133.0)"
1770036095.823,196,1,"(511.0, 133.0)"
1770036095.834,196,1,"(511.0, 133.0)"
1770036095.844,196,1,"(511.0, 133.0)"
1770036095.856,196,1,"(511.0, 133.0)"
1770036095.866,196,1,"(511.0, 133.0)"
1770036095.876,196,1,"(511.0, 121.0)"
1770036095.886,196,1,"(511.0, 121.0)"
1770036095.896,196,1,"(511.0, 121.0)"
1770036095.907,196,1,"(511.0, 133.0)"
1770036095.918,196,1,"(511.0, 133.0)"
1770036095.928,196,1,"(511.0, 146.0)"
1770036095.939,196,1,"(511.0, 146.0)"
1770036095.95,196,1,"(511.0, 133.0)"
1770036095.96,196,1,"(511.0, 121.0)"
1770036095.971,196,1,"(511.0, 121.0)"
1770036095.981,196,1,"(511.0, 121.0)"
1770036095.991,196,1,"(511.0, 121.0)"
1770036096.003,196,1,"(511.0, 121.0)"
1770036096.014,196,1,"(511.0, 121.0)"
1770036096.025,196,1,"(511.0, 133.0)"
1770036096.035,196,1,"(511.0, 133.0)"
1770036096.046,196,1,"(511.0, 146.0)"
1770036096.056,196,1,"(511.0, 146.0)"
1770036096.066,196,1,"(511.0, 146.0)"
1770036096.077,196,1,"(511.0, 146.0)"
1770036096.088,196,1,"(511.0, 133.0)"
1770036096.098,196,1,"(511.0, 133.0)"
1770036096.11,196,1,"(511.0, 133.0)"
1770036096.12,196,1,"(511.0, 133.0)"
1770036096.131,196,1,"(511.0, 133.0)"
1770036096.141,196,1,"(511.0, 121.0)"
1770036096.151,196,1,"(511.0, 121.0)"
1770036096.162,196,1,"(511.0, 121.0)"
1770036096.172,196,1,"(511.0, 121.0)"
1770036096.184,196,1,"(511.0, 121.0)"
1770036096.194,196,1,"(511.0, 121.0)"
1770036096.205,196,1,"(511.0, 121.0)"
1770036096.215,196,1,"(511.0, 121.0)"
1770036096.226,196,1,"(511.0, 121.0)"
1770036096.237,196,1,"(511.0, 121.0)"
1770036096.247,196,1,"(511.0, 121.0)"
1770036096.258,196,1,"(511.0, 121.0)"
1770036096.268,196,1,"(511.0, 121.0)"
1770036096.279,196,1,"(511.0, 121.0)"
1770036096.289,196,1,"(511.0, 121.0)"
1770036096.3,196,1,"(511.0, 121.0)"
1770036096.311,196,1,"(511.0, 121.0)"
1770036096.321,196,1,"(511.0, 121.0)"
1770036096.331,196,1,"(511.0, 121.0)"
1770036096.342,196,1,"(511.0, 121.0)"
1770036096.353,196,1,"(511.0, 121.0)"
1770036096.364,196,1,"(511.0, 121.0)"
1770036096.374,196,1,"(511.0, 121.0)"
1770036096.385,196,1,"(511.0, 121.0)"
1770036096.396,196,1,"(511.0, 121.0)"
1770036096.406,196,1,"(511.0, 121.0)"
1770036096.417,196,1,"(511.0, 121.0)"
1770036096.428,196,1,"(511.0, 121.0)"
1770036096.44,196,1,"(511.0, 109.0)"
1770036096.45,196,1,"(511.0, 109.0)"
1770036096.462,196,1,"(511.0, 97.0)"
1770036096.473,196,1,"(511.0, 97.0)"
1770036096.484,196,1,"(511.0, 97.0)"
1770036096.494,196,1,"(511.0, 109.0)"
1770036096.505,196,1,"(511.0, 109.0)"
1770036096.516,196,1,"(511.0, 109.0)"
1770036096.526,196,1,"(511.0, 121.0)"
1770036096.536,196,1,"(511.0, 121.0)"
1770036096.547,196,1,"(511.0, 121.0)"
1770036096.557,196,1,"(511.0, 121.0)"
1770036096.568,196,1,"(511.0, 121.0)"
1770036096.578,196,1,"(511.0, 121.0)"
1770036096.589,196,1,"(511.0, 121.0)"
1770036096.599,196,1,"(511.0, 121.0)"
1770036096.61,196,1,"(511.0, 121.0)"
1770036096.621,196,1,"(511.0, 121.0)"
1770036096.631,196,1,"(511.0, 121.0)"
1770036096.641,196,1,"(511.0, 121.0)"
1770036096.652,196,1,"(511.0, 121.0)"
1770036096.662,196,1,"(511.0, 121.0)"
1770036096.674,196,1,"(511.0, 121.0)"
1770036096.685,196,1,"(511.0, 121.0)"
1770036096.695,196,1,"(511.0, 121.0)"
1770036096.705,196,1,"(511.0, 121.0)"
1770036096.716,196,1,"(511.0, 121.0)"
1770036096.726,196,1,"(511.0, 121.0)"
1770036096.737,196,1,"(511.0, 121.0)"
1770036096.748,196,1,"(511.0, 121.0)"
1770036096.759,196,1,"(511.0, 121.0)"
1770036096.769,196,1,"(511.0, 133.0)"
1770036096.78,196,1,"(511.0, 133.0)"
1770036096.791,196,1,"(511.0, 146.0)"
1770036096.801,196,1,"(511.0, 146.0)"
1770036096.812,196,1,"(511.0, 146.0)"
1770036096.823,196,1,"(511.0, 133.0)"
1770036096.834,196,1,"(511.0, 133.0)"
1770036096.844,196,1,"(511.0, 121.0)"
1770036096.855,196,1,"(511.0, 121.0)"
1770036096.865,196,1,"(511.0, 121.0)"
1770036096.876,196,1,"(511.0, 121.0)"
1770036096.886,196,1,"(511.0, 121.0)"
1770036096.896,196,1,"(511.0, 121.0)"
1770036096.907,196,1,"(511.0, 121.0)"
1770036096.917,196,1,"(511.0, 133.0)"
1770036096.928,196,1,"(511.0, 133.0)"
1770036096.939,196,1,"(511.0, 146.0)"
1770036096.949,196,1,"(511.0, 146.0)"
1770036096.96,196,1,"(511.0, 133.0)"
1770036096.972,196,1,"(511.0, 133.0)"
1770036096.982,196,1,"(511.0, 121.0)"
1770036096.993,196,1,"(511.0, 121.0)"
1770036097.003,196,1,"(511.0, 121.0)"
1770036097.014,196,1,"(511.0, 121.0)"
1770036097.024,196,1,"(511.0, 121.0)"
1770036097.036,196,1,"(511.0, 121.0)"
1770036097.046,196,1,"(511.0, 121.0)"
1770036097.058,196,1,"(511.0, 121.0)"
1770036097.068,196,1,"(511.0, 121.0)"
1770036097.078,196,1,"(511.0, 121.0)"
1770036097.09,196,1,"(511.0, 121.0)"
1770036097.101,196,1,"(511.0, 121.0)"
1770036097.111,196,1,"(511.0, 121.0)"
1770036097.123,196,1,"(511.0, 121.0)"
1770036097.133,196,1,"(511.0, 121.0)"
1770036097.144,196,1,"(511.0, 121.0)"
1770036097.154,196,1,"(511.0, 121.0)"
1770036097.166,196,1,"(511.0, 121.0)"
1770036097.177,196,1,"(511.0, 121.0)"
1770036097.187,196,1,"(511.0, 121.0)"
1770036097.197,196,1,"(511.0, 121.0)"
1770036097.209,196,1,"(511.0, 121.0)"
1770036097.22,196,1,"(511.0, 121.0)"
1770036097.23,196,1,"(511.0, 121.0)"
1770036097.241,196,1,"(511.0, 121.0)"
1770036097.251,196,1,"(511.0, 121.0)"
1770036097.262,196,1,"(511.0, 121.0)"
1770036097.273,196,1,"(511.0, 121.0)"
1770036097.283,196,1,"(511.0, 121.0)"
1770036097.294,196,1,"(511.0, 121.0)"
1770036097.305,196,1,"(511.0, 121.0)"
1770036097.316,196,1,"(511.0, 121.0)"
1770036097.326,196,1,"(511.0, 121.0)"
1770036097.336,196,1,"(511.0, 121.0)"
1770036097.347,196,1,"(511.0, 121.0)"
1770036097.359,196,1,"(511.0, 121.0)"
1770036097.37,196,1,"(511.0, 121.0)"
1770036097.38,196,1,"(511.0, 121.0)"
1770036097.391,196,1,"(511.0, 121.0)"
1770036097.403,196,1,"(511.0, 121.0)"
1770036097.413,196,1,"(511.0, 121.0)"
1770036097.426,196,1,"(511.0, 121.0)"
1770036097.436,196,1,"(511.0, 121.0)"
1770036097.446,196,1,"(511.0, 121.0)"
1770036097.456,196,1,"(511.0, 121.0)"
1770036097.466,196,1,"(511.0, 121.0)"
1770036097.476,196,1,"(511.0, 121.0)"
1770036097.487,196,1,"(511.0, 121.0)"
1770036097.498,196,1,"(511.0, 121.0)"
1770036097.511,196,1,"(511.0, 121.0)"
1770036097.522,196,1,"(511.0, 121.0)"
1770036097.532,196,1,"(511.0, 121.0)"
1770036097.543,196,1,"(511.0, 121.0)"
1770036097.553,196,1,"(511.0, 121.0)"
1770036097.564,196,1,"(511.0, 121.0)"
1770036097.574,196,1,"(511.0, 121.0)"
1770036097.585,196,1,"(511.0, 121.0)"
1770036097.595,196,1,"(511.0, 121.0)"
1770036097.606,196,1,"(511.0, 121.0)"
1770036097.617,196,1,"(511.0, 121.0)"
1770036097.628,196,1,"(511.0, 121.0)"
1770036097.639,196,1,"(511.0, 121.0)"
1770036097.649,196,1,"(511.0, 121.0)"
1770036097.659,196,1,"(511.0, 121.0)"
1770036097.67,196,1,"(511.0, 121.0)"
1770036097.681,196,1,"(511.0, 121.0)"
1770036097.691,196,1,"(511.0, 121.0)"
1770036097.701,196,1,"(511.0, 121.0)"
1770036097.712,196,1,"(511.0, 121.0)"
1770036097.723,196,1,"(511.0, 121.0)"
1770036097.734,196,1,"(511.0, 121.0)"
1770036097.744,196,1,"(511.0, 121.0)"
1770036097.756,196,1,"(511.0, 121.0)"
1770036097.766,196,1,"(511.0, 121.0)"
1770036097.777,196,1,"(511.0, 121.0)"
1770036097.788,196,1,"(511.0, 121.0)"
1770036097.799,196,1,"(511.0, 121.0)"
1770036097.81,196,1,"(511.0, 121.0)"
1770036097.821,196,1,"(511.0, 121.0)"
1770036097.832,196,1,"(511.0, 121.0)"
1770036097.843,196,1,"(511.0, 121.0)"
1770036097.853,196,1,"(511.0, 121.0)"
1770036097.863,196,1,"(511.0, 121.0)"
1770036097.874,196,1,"(511.0, 121.0)"
1770036097.884,196,1,"(511.0, 121.0)"
1770036097.895,196,1,"(511.0, 121.0)"
1770036097.906,196,1,"(511.0, 121.0)"
1770036097.916,196,1,"(511.0, 121.0)"
1770036097.926,196,1,"(511.0, 121.0)"
1770036097.936,196,1,"(511.0, 121.0)"
1770036097.947,196,1,"(511.0, 121.0)"
1770036097.958,196,1,"(511.0, 121.0)"
1770036097.968,196,1,"(511.0, 121.0)"
1770036097.978,196,1,"(511.0, 121.0)"
1770036097.989,196,1,"(511.0, 121.0)"
1770036097.999,196,1,"(511.0, 121.0)"
1770036098.011,196,1,"(511.0, 121.0)"
1770036098.021,196,1,"(511.0, 121.0)"
1770036098.032,196,1,"(511.0, 121.0)"
1770036098.042,196,1,"(511.0, 121.0)"
1770036098.053,196,1,"(511.0, 121.0)"
1770036098.063,196,1,"(511.0, 121.0)"
1770036098.073,196,1,"(511.0, 121.0)"
1770036098.083,196,1,"(511.0, 109.0)"
1770036098.094,196,1,"(511.0, 109.0)"
1770036098.104,196,1,"(511.0, 97.0)"
1770036098.115,196,1,"(511.0, 97.0)"
1770036098.127,196,1,"(511.0, 97.0)"
1770036098.138,196,1,"(511.0, 97.0)"
1770036098.148,196,1,"(511.0, 97.0)"
1770036098.159,196,1,"(511.0, 97.0)"
1770036098.169,196,1,"(511.0, 97.0)"
1770036098.18,196,1,"(511.0, 97.0)"
1770036098.19,196,1,"(511.0, 97.0)"
1770036098.202,196,1,"(511.0, 109.0)"
1770036098.213,196,1,"(511.0, 121.0)"
1770036098.224,196,1,"(511.0, 121.0)"
1770036098.234,196,1,"(511.0, 121.0)"
1770036098.244,196,1,"(511.0, 121.0)"
1770036098.254,196,1,"(511.0, 121.0)"
1770036098.265,196,1,"(511.0, 121.0)"
1770036098.276,196,1,"(511.0, 121.0)"
1770036098.286,196,1,"(511.0, 121.0)"
1770036098.296,196,1,"(511.0, 121.0)"
1770036098.306,196,1,"(511.0, 121.0)"
1770036098.317,196,1,"(511.0, 109.0)"
1770036098.327,196,1,"(511.0, 109.0)"
1770036098.338,196,1,"(511.0, 97.0)"
1770036098.349,196,1,"(511.0, 97.0)"
1770036098.359,196,1,"(511.0, 97.0)"
1770036098.37,196,1,"(511.0, 109.0)"
1770036098.381,196,1,"(511.0, 109.0)"
1770036098.391,196,1,"(511.0, 121.0)"
1770036098.402,196,1,"(511.0, 121.0)"
1770036098.412,196,1,"(511.0, 121.0)"
1770036098.423,196,1,"(511.0, 121.0)"
1770036098.433,196,1,"(511.0, 121.0)"
1770036098.445,196,1,"(511.0, 121.0)"
1770036098.455,196,1,"(511.0, 121.0)"
1770036098.465,196,1,"(511.0, 121.0)"
1770036098.476,196,1,"(511.0, 121.0)"
1770036098.486,196,1,"(511.0, 121.0)"
1770036098.498,196,1,"(511.0, 121.0)"
1770036098.509,196,1,"(511.0, 121.0)"
1770036098.52,196,1,"(511.0, 121.0)"
1770036098.53,196,1,"(511.0, 121.0)"
1770036098.541,196,1,"(511.0, 121.0)"
1770036098.551,196,1,"(511.0, 121.0)"
1770036098.561,196,1,"(511.0, 121.0)"
1770036098.572,196,1,"(511.0, 121.0)"
1770036098.584,196,1,"(511.0, 121.0)"
1770036098.595,196,1,"(511.0, 121.0)"
1770036098.606,196,1,"(511.0, 121.0)"
1770036098.617,196,1,"(511.0, 121.0)"
1770036098.627,196,1,"(511.0, 121.0)"
1770036098.638,196,1,"(511.0, 121.0)"
1770036098.65,196,1,"(511.0, 121.0)"
1770036098.66,196,1,"(511.0, 121.0)"
1770036098.671,196,1,"(511.0, 121.0)"
1770036098.683,196,1,"(511.0, 121.0)"
1770036098.693,196,1,"(511.0, 121.0)"
1770036101.959,196,2,"(639.0, 596.0)"
1770036101.969,196,2,"(575.0, 572.0)"
1770036101.98,196,2,"(319.0, 560.0)"
1770036101.99,196,2,"(255.0, 560.0)"
1770036102.0,196,2,"(319.0, 572.0)"
1770036102.01,196,2,"(319.0, 584.0)"
1770036102.021,196,2,"(575.0, 596.0)"
1770036102.032,196,2,"(447.0, 596.0)"
1770036102.042,196,2,"(511.0, 596.0)"
1770036102.052,196,2,"(575.0, 596.0)"
1770036102.063,196,2,"(511.0, 608.0)"
1770036102.074,196,2,"(447.0, 608.0)"
1770036102.084,196,2,"(511.0, 596.0)"
1770036102.095,196,2,"(511.0, 584.0)"
1770036102.105,196,2,"(511.0, 572.0)"
1770036102.116,196,2,"(703.0, 560.0)"
1770036102.126,196,2,"(639.0, 560.0)"
1770036102.137,196,2,"(511.0, 560.0)"
1770036102.148,196,2,"(319.0, 560.0)"
1770036102.159,196,2,"(575.0, 572.0)"
1770036102.17,196,2,"(383.0, 608.0)"
1770036102.181,196,2,"(511.0, 633.0)"
1770036102.193,196,2,"(639.0, 669.0)"
1770036102.205,196,2,"(255.0, 694.0)"
1770036102.216,196,2,"(511.0, 694.0)"
1770036102.227,196,2,"(383.0, 694.0)"
1770036102.238,196,2,"(447.0, 682.0)"
1770036102.249,196,2,"(447.0, 669.0)"
1770036102.259,196,2,"(511.0, 657.0)"
1770036102.27,196,2,"(575.0, 645.0)"
1770036102.28,196,2,"(511.0, 645.0)"
1770036102.291,196,2,"(447.0, 645.0)"
1770036102.302,196,2,"(511.0, 645.0)"
1770036102.312,196,2,"(383.0, 645.0)"
1770036102.323,196,2,"(383.0, 645.0)"
1770036102.333,196,2,"(447.0, 633.0)"
1770036102.344,196,2,"(511.0, 633.0)"
1770036102.356,196,2,"(511.0, 633.0)"
1770036102.366,196,2,"(511.0, 621.0)"
1770036102.376,196,2,"(511.0, 608.0)"
1770036102.387,196,2,"(447.0, 596.0)"
1770036102.398,196,2,"(447.0, 596.0)"
1770036102.41,196,2,"(511.0, 596.0)"
1770036102.42,196,2,"(447.0, 572.0)"
1770036102.43,196,2,"(511.0, 548.0)"
1770036102.442,196,2,"(511.0, 511.0)"
1770036102.452,196,2,"(511.0, 474.0)"
1770036102.463,196,2,"(447.0, 462.0)"
1770036102.475,196,2,"(511.0, 462.0)"
1770036102.486,196,2,"(511.0, 462.0)"
1770036102.496,196,2,"(511.0, 462.0)"
1770036102.506,196,2,"(575.0, 462.0)"
1770036102.516,196,2,"(575.0, 450.0)"
1770036102.526,196,2,"(447.0, 450.0)"
1770036102.537,196,2,"(511.0, 438.0)"
1770036102.548,196,2,"(511.0, 426.0)"
1770036102.558,196,2,"(511.0, 414.0)"
1770036102.568,196,2,"(575.0, 414.0)"
1770036102.579,196,2,"(511.0, 414.0)"
1770036102.59,196,2,"(511.0, 414.0)"
1770036102.6,196,2,"(575.0, 426.0)"
1770036102.611,196,2,"(511.0, 438.0)"
1770036102.621,196,2,"(639.0, 450.0)"
1770036102.633,196,2,"(511.0, 462.0)"
1770036102.643,196,2,"(511.0, 487.0)"
1770036102.654,196,2,"(639.0, 499.0)"
1770036102.664,196,2,"(511.0, 487.0)"
1770036102.675,196,2,"(511.0, 487.0)"
1770036102.686,196,2,"(575.0, 487.0)"
1770036102.696,196,2,"(511.0, 499.0)"
1770036102.708,196,2,"(511.0, 499.0)"
1770036102.718,196,2,"(575.0, 511.0)"
1770036102.728,196,2,"(575.0, 499.0)"
1770036102.739,196,2,"(511.0, 499.0)"
1770036102.749,196,2,"(511.0, 499.0)"
1770036102.76,196,2,"(383.0, 499.0)"
1770036102.77,196,2,"(319.0, 511.0)"
1770036102.78,196,2,"(575.0, 535.0)"
1770036102.79,196,2,"(447.0, 560.0)"
1770036102.802,196,2,"(447.0, 572.0)"
1770036102.813,196,2,"(511.0, 584.0)"
1770036102.823,196,2,"(511.0, 596.0)"
1770036102.833,196,2,"(511.0, 608.0)"
1770036102.845,196,2,"(383.0, 608.0)"
1770036102.856,196,2,"(511.0, 621.0)"
1770036102.866,196,2,"(511.0, 633.0)"
1770036102.876,196,2,"(575.0, 633.0)"
1770036102.886,196,2,"(575.0, 645.0)"
1770036102.897,196,2,"(575.0, 633.0)"
1770036102.908,196,2,"(575.0, 633.0)"
1770036102.918,196,2,"(383.0, 633.0)"
1770036102.928,196,2,"(383.0, 621.0)"
1770036102.939,196,2,"(511.0, 608.0)"
1770036102.95,196,2,"(447.0, 584.0)"
1770036102.962,196,2,"(447.0, 560.0)"
1770036102.972,196,2,"(447.0, 560.0)"
1770036102.983,196,2,"(447.0, 560.0)"
1770036102.993,196,2,"(319.0, 560.0)"
1770036103.005,196,2,"(703.0, 572.0)"
1770036103.015,196,2,"(639.0, 584.0)"
1770036103.025,196,2,"(511.0, 584.0)"
1770036103.036,196,2,"(575.0, 572.0)"
1770036103.046,196,2,"(575.0, 560.0)"
1770036103.057,196,2,"(447.0, 535.0)"
1770036103.067,196,2,"(447.0, 535.0)"
1770036103.077,196,2,"(511.0, 535.0)"
1770036103.088,196,2,"(447.0, 535.0)"
1770036103.098,196,2,"(511.0, 523.0)"
1770036103.109,196,2,"(319.0, 523.0)"
1770036103.119,196,2,"(511.0, 511.0)"
1770036103.131,196,2,"(511.0, 511.0)"
1770036103.141,196,2,"(511.0, 511.0)"
1770036103.152,196,2,"(575.0, 511.0)"
1770036103.162,196,2,"(511.0, 511.0)"
1770036103.173,196,2,"(511.0, 511.0)"
1770036103.183,196,2,"(511.0, 523.0)"
1770036103.196,196,2,"(511.0, 548.0)"
1770036103.206,196,2,"(447.0, 560.0)"
1770036103.217,196,2,"(639.0, 572.0)"
1770036103.228,196,2,"(575.0, 584.0)"
1770036103.239,196,2,"(511.0, 572.0)"
1770036103.251,196,2,"(383.0, 572.0)"
1770036103.262,196,2,"(383.0, 560.0)"
1770036103.274,196,2,"(511.0, 535.0)"
1770036103.285,196,2,"(511.0, 511.0)"
1770036103.297,196,2,"(191.0, 511.0)"
1770036103.307,196,2,"(191.0, 523.0)"
1770036103.319,196,2,"(511.0, 548.0)"
1770036103.329,196,2,"(575.0, 548.0)"
1770036103.34,196,2,"(511.0, 560.0)"
1770036103.351,196,2,"(511.0, 560.0)"
1770036103.363,196,2,"(575.0, 572.0)"
1770036103.373,196,2,"(703.0, 584.0)"
1770036103.383,196,2,"(639.0, 596.0)"
1770036103.394,196,2,"(511.0, 596.0)"
1770036103.405,196,2,"(575.0, 596.0)"
1770036103.415,196,2,"(447.0, 584.0)"
1770036103.426,196,2,"(575.0, 560.0)"
1770036103.436,196,2,"(575.0, 535.0)"
1770036103.446,196,2,"(575.0, 535.0)"
1770036103.456,196,2,"(639.0, 535.0)"
1770036103.466,196,2,"(383.0, 535.0)"
1770036103.477,196,2,"(511.0, 548.0)"
1770036103.487,196,2,"(383.0, 548.0)"
1770036103.498,196,2,"(447.0, 560.0)"
1770036103.509,196,2,"(447.0, 584.0)"
1770036103.52,196,2,"(575.0, 596.0)"
1770036103.53,196,2,"(447.0, 596.0)"
1770036103.54,196,2,"(383.0, 596.0)"
1770036103.551,196,2,"(447.0, 608.0)"
1770036103.561,196,2,"(575.0, 596.0)"
1770036103.572,196,2,"(511.0, 584.0)"
1770036103.582,196,2,"(703.0, 572.0)"
1770036103.593,196,2,"(575.0, 560.0)"
1770036103.603,196,2,"(639.0, 560.0)"
1770036103.614,196,2,"(511.0, 548.0)"
1770036103.624,196,2,"(703.0, 535.0)"
1770036103.635,196,2,"(383.0, 523.0)"
1770036103.647,196,2,"(511.0, 511.0)"
1770036103.657,196,2,"(447.0, 523.0)"
1770036103.667,196,2,"(383.0, 523.0)"
1770036103.678,196,2,"(447.0, 535.0)"
1770036103.688,196,2,"(511.0, 535.0)"
1770036103.699,196,2,"(511.0, 535.0)"
1770036103.71,196,2,"(447.0, 511.0)"
1770036103.72,196,2,"(447.0, 499.0)"
1770036103.731,196,2,"(575.0, 474.0)"
1770036103.742,196,2,"(511.0, 474.0)"
1770036103.752,196,2,"(447.0, 450.0)"
1770036103.763,196,2,"(639.0, 450.0)"
1770036103.773,196,2,"(447.0, 438.0)"
1770036103.784,196,2,"(447.0, 450.0)"
1770036103.794,196,2,"(575.0, 462.0)"
1770036103.805,196,2,"(575.0, 474.0)"
1770036103.816,196,2,"(511.0, 487.0)"
1770036103.827,196,2,"(575.0, 474.0)"
1770036103.838,196,2,"(639.0, 474.0)"
1770036103.848,196,2,"(511.0, 474.0)"
1770036103.859,196,2,"(511.0, 474.0)"
1770036103.87,196,2,"(511.0, 474.0)"
1770036103.88,196,2,"(511.0, 487.0)"
1770036103.891,196,2,"(575.0, 474.0)"
1770036103.902,196,2,"(511.0, 462.0)"
1770036103.913,196,2,"(511.0, 450.0)"
1770036103.923,196,2,"(511.0, 450.0)"
1770036103.934,196,2,"(511.0, 462.0)"
1770036103.945,196,2,"(511.0, 474.0)"
1770036103.955,196,2,"(511.0, 487.0)"
1770036103.966,196,2,"(511.0, 487.0)"
1770036103.976,196,2,"(575.0, 499.0)"
1770036103.987,196,2,"(447.0, 499.0)"
1770036103.998,196,2,"(703.0, 499.0)"
1770036104.008,196,2,"(255.0, 511.0)"
1770036104.019,196,2,"(447.0, 535.0)"
1770036104.029,196,2,"(447.0, 548.0)"
1770036104.04,196,2,"(383.0, 548.0)"
1770036104.05,196,2,"(447.0, 548.0)"
1770036104.061,196,2,"(511.0, 535.0)"
1770036104.071,196,2,"(511.0, 535.0)"
1770036104.082,196,2,"(511.0, 548.0)"
1770036104.092,196,2,"(511.0, 560.0)"
1770036104.106,196,2,"(447.0, 572.0)"
1770036104.116,196,2,"(511.0, 572.0)"
1770036104.127,196,2,"(639.0, 572.0)"
1770036104.139,196,2,"(639.0, 572.0)"
1770036104.149,196,2,"(511.0, 584.0)"
1770036104.16,196,2,"(447.0, 584.0)"
1770036104.171,196,2,"(511.0, 572.0)"
1770036104.183,196,2,"(575.0, 572.0)"
1770036104.194,196,2,"(575.0, 560.0)"
1770036104.205,196,2,"(511.0, 548.0)"
1770036104.216,196,2,"(511.0, 535.0)"
1770036104.226,196,2,"(575.0, 535.0)"
1770036104.236,196,2,"(575.0, 535.0)"
1770036104.247,196,2,"(575.0, 548.0)"
1770036104.258,196,2,"(383.0, 560.0)"
1770036104.268,196,2,"(383.0, 560.0)"
1770036104.279,196,2,"(447.0, 548.0)"
1770036104.289,196,2,"(447.0, 523.0)"
1770036104.3,196,2,"(511.0, 511.0)"
1770036104.31,196,2,"(511.0, 499.0)"
1770036104.32,196,2,"(511.0, 487.0)"
1770036104.332,196,2,"(575.0, 474.0)"
1770036104.342,196,2,"(511.0, 462.0)"
1770036104.352,196,2,"(511.0, 462.0)"
1770036104.362,196,2,"(575.0, 462.0)"
1770036104.373,196,2,"(511.0, 462.0)"
1770036104.384,196,2,"(511.0, 450.0)"
1770036104.394,196,2,"(447.0, 450.0)"
1770036104.405,196,2,"(511.0, 450.0)"
1770036104.416,196,2,"(575.0, 450.0)"
1770036104.427,196,2,"(511.0, 438.0)"
1770036104.44,196,2,"(511.0, 426.0)"
1770036104.451,196,2,"(447.0, 414.0)"
1770036104.462,196,2,"(447.0, 414.0)"
1770036104.473,196,2,"(575.0, 401.0)"
1770036104.484,196,2,"(639.0, 401.0)"
1770036104.495,196,2,"(511.0, 401.0)"
1770036104.506,196,2,"(511.0, 401.0)"
1770036104.516,196,2,"(447.0, 401.0)"
1770036104.527,196,2,"(255.0, 377.0)"
1770036104.54,196,2,"(511.0, 377.0)"
1770036104.551,196,2,"(511.0, 389.0)"
1770036104.561,196,2,"(575.0, 389.0)"
1770036104.573,196,2,"(511.0, 414.0)"
1770036104.584,196,2,"(447.0, 438.0)"
1770036104.595,196,2,"(511.0, 450.0)"
1770036104.606,196,2,"(639.0, 462.0)"
1770036104.616,196,2,"(511.0, 462.0)"
1770036104.626,196,2,"(447.0, 462.0)"
1770036104.638,196,2,"(447.0, 474.0)"
1770036104.65,196,2,"(511.0, 499.0)"
1770036104.66,196,2,"(511.0, 499.0)"
1770036104.673,196,2,"(447.0, 511.0)"
1770036104.684,196,2,"(383.0, 511.0)"
1770036104.694,196,2,"(447.0, 511.0)"
1770036104.706,196,2,"(447.0, 523.0)"
1770036104.717,196,2,"(383.0, 535.0)"
1770036104.728,196,2,"(447.0, 548.0)"
1770036104.739,196,2,"(511.0, 560.0)"
1770036104.75,196,2,"(575.0, 560.0)"
1770036104.76,196,2,"(575.0, 548.0)"
1770036104.772,196,2,"(511.0, 548.0)"
1770036104.783,196,2,"(575.0, 523.0)"
1770036104.793,196,2,"(511.0, 511.0)"
1770036104.806,196,2,"(447.0, 499.0)"
1770036104.816,196,2,"(511.0, 499.0)"
1770036104.827,196,2,"(575.0, 487.0)"
1770036104.837,196,2,"(575.0, 474.0)"
1770036104.847,196,2,"(511.0, 450.0)"
1770036104.859,196,2,"(511.0, 426.0)"
1770036104.869,196,2,"(575.0, 401.0)"
1770036104.88,196,2,"(575.0, 389.0)"
1770036104.891,196,2,"(447.0, 389.0)"
1770036104.901,196,2,"(511.0, 389.0)"
1770036104.912,196,2,"(575.0, 389.0)"
1770036104.923,196,2,"(383.0, 389.0)"
1770036104.933,196,2,"(511.0, 389.0)"
1770036104.943,196,2,"(383.0, 401.0)"
1770036104.954,196,2,"(511.0, 414.0)"
1770036104.965,196,2,"(511.0, 414.0)"
1770036108.303,196,3,"(511.0, 146.0)"
1770036108.313,196,3,"(511.0, 146.0)"
1770036108.324,196,3,"(511.0, 146.0)"
1770036108.334,196,3,"(511.0, 146.0)"
1770036108.344,196,3,"(511.0, 146.0)"
1770036108.355,196,3,"(511.0, 146.0)"
1770036108.365,196,3,"(511.0, 146.0)"
1770036108.376,196,3,"(511.0, 146.0)"
1770036108.386,196,3,"(511.0, 146.0)"
1770036108.396,196,3,"(511.0, 146.0)"
1770036108.407,196,3,"(511.0, 146.0)"
1770036108.417,196,3,"(511.0, 146.0)"
1770036108.428,196,3,"(511.0, 146.0)"
1770036108.439,196,3,"(511.0, 146.0)"
1770036108.452,196,3,"(511.0, 146.0)"
1770036108.463,196,3,"(511.0, 146.0)"
1770036108.473,196,3,"(511.0, 146.0)"
1770036108.486,196,3,"(511.0, 146.0)"
1770036108.497,196,3,"(511.0, 146.0)"
1770036108.508,196,3,"(511.0, 146.0)"
1770036108.519,196,3,"(511.0, 146.0)"
1770036108.529,196,3,"(511.0, 146.0)"
1770036108.54,196,3,"(511.0, 146.0)"
1770036108.551,196,3,"(511.0, 146.0)"
1770036108.561,196,3,"(511.0, 146.0)"
1770036108.573,196,3,"(511.0, 146.0)"
1770036108.584,196,3,"(511.0, 146.0)"
1770036108.594,196,3,"(511.0, 146.0)"
1770036108.604,196,3,"(511.0, 158.0)"
1770036108.615,196,3,"(511.0, 158.0)"
1770036108.626,196,3,"(511.0, 170.0)"
1770036108.636,196,3,"(511.0, 158.0)"
1770036108.646,196,3,"(511.0, 158.0)"
1770036108.656,196,3,"(511.0, 146.0)"
1770036108.667,196,3,"(511.0, 146.0)"
1770036108.677,196,3,"(511.0, 146.0)"
1770036108.687,196,3,"(511.0, 146.0)"
1770036108.698,196,3,"(511.0, 146.0)"
1770036108.708,196,3,"(511.0, 146.0)"
1770036108.719,196,3,"(511.0, 146.0)"
1770036108.73,196,3,"(511.0, 146.0)"
1770036108.74,196,3,"(511.0, 146.0)"
1770036108.75,196,3,"(511.0, 146.0)"
1770036108.76,196,3,"(511.0, 146.0)"
1770036108.771,196,3,"(511.0, 146.0)"
1770036108.782,196,3,"(511.0, 146.0)"
1770036108.792,196,3,"(511.0, 146.0)"
1770036108.803,196,3,"(511.0, 146.0)"
1770036108.813,196,3,"(511.0, 146.0)"
1770036108.824,196,3,"(511.0, 146.0)"
1770036108.834,196,3,"(511.0, 146.0)"
1770036108.845,196,3,"(511.0, 146.0)"
1770036108.855,196,3,"(511.0, 146.0)"
1770036108.866,196,3,"(511.0, 146.0)"
1770036108.876,196,3,"(511.0, 146.0)"
1770036108.887,196,3,"(511.0, 146.0)"
1770036108.897,196,3,"(511.0, 146.0)"
1770036108.908,196,3,"(511.0, 146.0)"
1770036108.919,196,3,"(511.0, 146.0)"
1770036108.93,196,3,"(511.0, 146.0)"
1770036108.941,196,3,"(511.0, 146.0)"
1770036108.951,196,3,"(511.0, 146.0)"
1770036108.961,196,3,"(511.0, 146.0)"
1770036108.972,196,3,"(511.0, 146.0)"
1770036108.982,196,3,"(511.0, 146.0)"
1770036108.993,196,3,"(511.0, 146.0)"
1770036109.003,196,3,"(511.0, 146.0)"
1770036109.014,196,3,"(511.0, 146.0)"
1770036109.026,196,3,"(511.0, 146.0)"
1770036109.036,196,3,"(511.0, 146.0)"
1770036109.047,196,3,"(511.0, 146.0)"
1770036109.058,196,3,"(511.0, 146.0)"
1770036109.068,196,3,"(511.0, 146.0)"
1770036109.079,196,3,"(511.0, 146.0)"
1770036109.09,196,3,"(511.0, 146.0)"
1770036109.1,196,3,"(511.0, 146.0)"
1770036109.113,196,3,"(511.0, 146.0)"
1770036109.124,196,3,"(511.0, 146.0)"
1770036109.135,196,3,"(511.0, 146.0)"
1770036109.145,196,3,"(511.0, 146.0)"
1770036109.157,196,3,"(511.0, 146.0)"
1770036109.167,196,3,"(511.0, 146.0)"
1770036109.177,196,3,"(511.0, 146.0)"
1770036109.188,196,3,"(511.0, 146.0)"
1770036109.199,196,3,"(511.0, 146.0)"
1770036109.209,196,3,"(511.0, 146.0)"
1770036109.22,196,3,"(511.0, 146.0)"
1770036109.23,196,3,"(511.0, 146.0)"
1770036109.241,196,3,"(511.0, 146.0)"
1770036109.251,196,3,"(511.0, 146.0)"
1770036109.261,196,3,"(511.0, 146.0)"
1770036109.271,196,3,"(511.0, 146.0)"
1770036109.282,196,3,"(511.0, 146.0)"
1770036109.292,196,3,"(511.0, 146.0)"
1770036109.302,196,3,"(511.0, 146.0)"
1770036109.312,196,3,"(511.0, 146.0)"
1770036109.323,196,3,"(511.0, 146.0)"
1770036109.333,196,3,"(511.0, 146.0)"
1770036109.343,196,3,"(511.0, 146.0)"
1770036109.354,196,3,"(511.0, 146.0)"
1770036109.365,196,3,"(511.0, 146.0)"
1770036109.375,196,3,"(511.0, 146.0)"
1770036109.386,196,3,"(511.0, 146.0)"
1770036109.396,196,3,"(511.0, 146.0)"
1770036109.406,196,3,"(511.0, 146.0)"
1770036109.416,196,3,"(511.0, 146.0)"
1770036109.426,196,3,"(511.0, 146.0)"
1770036109.438,196,3,"(511.0, 146.0)"
1770036109.449,196,3,"(511.0, 146.0)"
1770036109.461,196,3,"(511.0, 146.0)"
1770036109.472,196,3,"(511.0, 146.0)"
1770036109.483,196,3,"(511.0, 146.0)"
1770036109.494,196,3,"(511.0, 146.0)"
1770036109.505,196,3,"(511.0, 146.0)"
1770036109.515,196,3,"(511.0, 146.0)"
1770036109.525,196,3,"(511.0, 146.0)"
1770036109.536,196,3,"(511.0, 146.0)"
1770036109.546,196,3,"(511.0, 146.0)"
1770036109.556,196,3,"(511.0, 146.0)"
1770036109.567,196,3,"(511.0, 146.0)"
1770036109.577,196,3,"(511.0, 146.0)"
1770036109.589,196,3,"(511.0, 146.0)"
1770036109.599,196,3,"(511.0, 146.0)"
1770036109.609,196,3,"(511.0, 146.0)"
1770036109.619,196,3,"(511.0, 146.0)"
1770036109.629,196,3,"(511.0, 146.0)"
1770036109.639,196,3,"(511.0, 146.0)"
1770036109.65,196,3,"(511.0, 146.0)"
1770036109.66,196,3,"(511.0, 146.0)"
1770036109.67,196,3,"(511.0, 146.0)"
1770036109.681,196,3,"(511.0, 146.0)"
1770036109.692,196,3,"(511.0, 133.0)"
1770036109.703,196,3,"(511.0, 133.0)"
1770036109.715,196,3,"(511.0, 133.0)"
1770036109.725,196,3,"(511.0, 133.0)"
1770036109.735,196,3,"(511.0, 146.0)"
1770036109.745,196,3,"(511.0, 146.0)"
1770036109.757,196,3,"(511.0, 146.0)"
1770036109.768,196,3,"(511.0, 146.0)"
1770036109.778,196,3,"(511.0, 146.0)"
1770036109.788,196,3,"(511.0, 146.0)"
1770036109.798,196,3,"(511.0, 146.0)"
1770036109.809,196,3,"(511.0, 146.0)"
1770036109.819,196,3,"(511.0, 146.0)"
1770036109.831,196,3,"(511.0, 146.0)"
1770036109.842,196,3,"(511.0, 146.0)"
1770036109.852,196,3,"(511.0, 146.0)"
1770036109.862,196,3,"(511.0, 158.0)"
1770036109.873,196,3,"(511.0, 158.0)"
1770036109.883,196,3,"(511.0, 170.0)"
1770036109.894,196,3,"(511.0, 170.0)"
1770036109.905,196,3,"(511.0, 170.0)"
1770036109.915,196,3,"(511.0, 170.0)"
1770036109.926,196,3,"(511.0, 170.0)"
1770036109.937,196,3,"(511.0, 170.0)"
1770036109.947,196,3,"(511.0, 170.0)"
1770036109.957,196,3,"(511.0, 170.0)"
1770036109.968,196,3,"(511.0, 170.0)"
1770036109.979,196,3,"(511.0, 170.0)"
1770036109.991,196,3,"(511.0, 170.0)"
1770036110.001,196,3,"(511.0, 170.0)"
1770036110.012,196,3,"(511.0, 170.0)"
1770036110.022,196,3,"(511.0, 158.0)"
1770036110.035,196,3,"(511.0, 158.0)"
1770036110.046,196,3,"(511.0, 146.0)"
1770036110.056,196,3,"(511.0, 146.0)"
1770036110.067,196,3,"(511.0, 146.0)"
1770036110.078,196,3,"(511.0, 146.0)"
1770036110.088,196,3,"(511.0, 146.0)"
1770036110.099,196,3,"(511.0, 146.0)"
1770036110.109,196,3,"(511.0, 146.0)"
1770036110.12,196,3,"(511.0, 146.0)"
1770036110.131,196,3,"(511.0, 146.0)"
1770036110.142,196,3,"(511.0, 146.0)"
1770036110.153,196,3,"(511.0, 146.0)"
1770036110.163,196,3,"(511.0, 146.0)"
1770036110.174,196,3,"(511.0, 146.0)"
1770036110.185,196,3,"(511.0, 146.0)"
1770036110.195,196,3,"(511.0, 146.0)"
1770036110.205,196,3,"(511.0, 146.0)"
1770036110.217,196,3,"(511.0, 146.0)"
1770036110.228,196,3,"(511.0, 146.0)"
1770036110.239,196,3,"(511.0, 146.0)"
1770036110.249,196,3,"(511.0, 158.0)"
1770036110.259,196,3,"(511.0, 170.0)"
1770036110.27,196,3,"(511.0, 170.0)"
1770036110.28,196,3,"(511.0, 170.0)"
1770036110.291,196,3,"(511.0, 170.0)"
1770036110.301,196,3,"(511.0, 170.0)"
1770036110.312,196,3,"(511.0, 170.0)"
1770036110.323,196,3,"(511.0, 158.0)"
1770036110.334,196,3,"(511.0, 158.0)"
1770036110.344,196,3,"(511.0, 146.0)"
1770036110.355,196,3,"(511.0, 146.0)"
1770036110.366,196,3,"(511.0, 146.0)"
1770036110.376,196,3,"(511.0, 146.0)"
1770036110.388,196,3,"(511.0, 146.0)"
1770036110.398,196,3,"(511.0, 146.0)"
1770036110.409,196,3,"(511.0, 146.0)"
1770036110.419,196,3,"(511.0, 146.0)"
1770036110.429,196,3,"(511.0, 146.0)"
1770036110.44,196,3,"(511.0, 146.0)"
1770036110.45,196,3,"(511.0, 146.0)"
1770036110.461,196,3,"(511.0, 146.0)"
1770036110.472,196,3,"(511.0, 146.0)"
1770036110.483,196,3,"(511.0, 146.0)"
1770036110.494,196,3,"(511.0, 146.0)"
1770036110.505,196,3,"(511.0, 146.0)"
1770036110.516,196,3,"(511.0, 146.0)"
1770036110.526,196,3,"(511.0, 146.0)"
1770036110.536,196,3,"(511.0, 146.0)"
1770036110.548,196,3,"(511.0, 146.0)"
1770036110.559,196,3,"(511.0, 146.0)"
1770036110.569,196,3,"(511.0, 146.0)"
1770036110.58,196,3,"(511.0, 146.0)"
1770036110.59,196,3,"(511.0, 146.0)"
1770036110.6,196,3,"(511.0, 146.0)"
1770036110.611,196,3,"(511.0, 146.0)"
1770036110.622,196,3,"(511.0, 158.0)"
1770036110.632,196,3,"(511.0, 158.0)"
1770036110.644,196,3,"(511.0, 158.0)"
1770036110.654,196,3,"(511.0, 146.0)"
1770036110.664,196,3,"(511.0, 146.0)"
1770036110.675,196,3,"(511.0, 146.0)"
1770036110.686,196,3,"(511.0, 146.0)"
1770036110.696,196,3,"(511.0, 146.0)"
1770036110.708,196,3,"(511.0, 146.0)"
1770036110.718,196,3,"(511.0, 146.0)"
1770036110.729,196,3,"(511.0, 146.0)"
1770036110.74,196,3,"(511.0, 146.0)"
1770036110.751,196,3,"(511.0, 146.0)"
1770036110.763,196,3,"(511.0, 146.0)"
1770036110.773,196,3,"(511.0, 146.0)"
1770036110.784,196,3,"(511.0, 146.0)"
1770036110.795,196,3,"(511.0, 146.0)"
1770036110.805,196,3,"(511.0, 146.0)"
1770036110.816,196,3,"(511.0, 146.0)"
1770036110.826,196,3,"(511.0, 146.0)"
1770036110.836,196,3,"(511.0, 146.0)"
1770036110.846,196,3,"(511.0, 146.0)"
1770036110.856,196,3,"(511.0, 146.0)"
1770036110.866,196,3,"(511.0, 146.0)"
1770036110.877,196,3,"(511.0, 146.0)"
1770036110.888,196,3,"(511.0, 146.0)"
1770036110.899,196,3,"(511.0, 146.0)"
1770036110.91,196,3,"(511.0, 146.0)"
1770036110.921,196,3,"(511.0, 146.0)"
1770036110.931,196,3,"(511.0, 146.0)"
1770036110.941,196,3,"(511.0, 146.0)"
1770036110.954,196,3,"(511.0, 146.0)"
1770036110.965,196,3,"(511.0, 146.0)"
1770036110.976,196,3,"(511.0, 146.0)"
1770036110.986,196,3,"(511.0, 146.0)"
1770036110.996,196,3,"(511.0, 146.0)"
1770036111.006,196,3,"(511.0, 146.0)"
1770036111.017,196,3,"(511.0, 146.0)"
1770036111.028,196,3,"(511.0, 146.0)"
1770036111.039,196,3,"(511.0, 146.0)"
1770036111.049,196,3,"(511.0, 146.0)"
1770036111.059,196,3,"(511.0, 146.0)"
1770036111.07,196,3,"(511.0, 146.0)"
1770036111.081,196,3,"(511.0, 146.0)"
1770036111.091,196,3,"(511.0, 146.0)"
1770036111.101,196,3,"(511.0, 146.0)"
1770036111.112,196,3,"(511.0, 146.0)"
1770036111.122,196,3,"(511.0, 133.0)"
1770036111.133,196,3,"(511.0, 121.0)"
1770036111.145,196,3,"(511.0, 121.0)"
1770036111.156,196,3,"(511.0, 121.0)"
1770036111.166,196,3,"(511.0, 121.0)"
1770036111.177,196,3,"(511.0, 121.0)"
1770036111.188,196,3,"(511.0, 121.0)"
1770036111.199,196,3,"(511.0, 121.0)"
1770036111.21,196,3,"(511.0, 121.0)"
1770036111.221,196,3,"(511.0, 121.0)"
1770036111.231,196,3,"(511.0, 121.0)"
1770036111.243,196,3,"(511.0, 121.0)"
1770036111.254,196,3,"(511.0, 121.0)"
1770036111.264,196,3,"(511.0, 121.0)"
1770036111.274,196,3,"(511.0, 121.0)"
1770036111.286,196,3,"(511.0, 121.0)"
1770036111.296,196,3,"(511.0, 121.0)"
1770036115.432,196,4,"(511.0, 194.0)"
1770036115.442,196,4,"(511.0, 194.0)"
1770036115.452,196,4,"(511.0, 194.0)"
1770036115.462,196,4,"(511.0, 182.0)"
1770036115.473,196,4,"(511.0, 182.0)"
1770036115.483,196,4,"(511.0, 170.0)"
1770036115.494,196,4,"(511.0, 170.0)"
1770036115.504,196,4,"(511.0, 170.0)"
1770036115.514,196,4,"(511.0, 170.0)"
1770036115.524,196,4,"(511.0, 170.0)"
1770036115.535,196,4,"(511.0, 170.0)"
1770036115.545,196,4,"(511.0, 170.0)"
1770036115.555,196,4,"(511.0, 170.0)"
1770036115.566,196,4,"(511.0, 170.0)"
1770036115.576,196,4,"(511.0, 170.0)"
1770036115.586,196,4,"(511.0, 170.0)"
1770036115.597,196,4,"(511.0, 158.0)"
1770036115.607,196,4,"(511.0, 158.0)"
1770036115.618,196,4,"(511.0, 158.0)"
1770036115.629,196,4,"(511.0, 158.0)"
1770036115.64,196,4,"(511.0, 158.0)"
1770036115.651,196,4,"(511.0, 170.0)"
1770036115.663,196,4,"(511.0, 170.0)"
1770036115.673,196,4,"(511.0, 158.0)"
1770036115.684,196,4,"(511.0, 158.0)"
1770036115.695,196,4,"(511.0, 158.0)"
1770036115.705,196,4,"(511.0, 158.0)"
1770036115.715,196,4,"(511.0, 158.0)"
1770036115.726,196,4,"(511.0, 170.0)"
1770036115.736,196,4,"(511.0, 170.0)"
1770036115.746,196,4,"(511.0, 170.0)"
1770036115.757,196,4,"(511.0, 170.0)"
1770036115.768,196,4,"(511.0, 170.0)"
1770036115.778,196,4,"(511.0, 182.0)"
1770036115.789,196,4,"(511.0, 182.0)"
1770036115.799,196,4,"(511.0, 182.0)"
1770036115.809,196,4,"(511.0, 170.0)"
1770036115.819,196,4,"(511.0, 170.0)"
1770036115.83,196,4,"(511.0, 170.0)"
1770036115.841,196,4,"(511.0, 170.0)"
1770036115.851,196,4,"(511.0, 170.0)"
1770036115.862,196,4,"(511.0, 182.0)"
1770036115.873,196,4,"(511.0, 182.0)"
1770036115.883,196,4,"(511.0, 194.0)"
1770036115.893,196,4,"(511.0, 194.0)"
1770036115.904,196,4,"(511.0, 194.0)"
1770036115.914,196,4,"(511.0, 194.0)"
1770036115.925,196,4,"(511.0, 194.0)"
1770036115.936,196,4,"(511.0, 194.0)"
1770036115.946,196,4,"(511.0, 194.0)"
1770036115.957,196,4,"(511.0, 182.0)"
1770036115.968,196,4,"(511.0, 182.0)"
1770036115.979,196,4,"(511.0, 170.0)"
1770036115.99,196,4,"(511.0, 170.0)"
1770036116.001,196,4,"(511.0, 170.0)"
1770036116.012,196,4,"(511.0, 170.0)"
1770036116.022,196,4,"(511.0, 170.0)"
1770036116.034,196,4,"(511.0, 170.0)"
1770036116.044,196,4,"(511.0, 170.0)"
1770036116.055,196,4,"(511.0, 170.0)"
1770036116.066,196,4,"(511.0, 182.0)"
1770036116.076,196,4,"(511.0, 182.0)"
1770036116.086,196,4,"(511.0, 182.0)"
1770036116.097,196,4,"(511.0, 170.0)"
1770036116.11,196,4,"(511.0, 170.0)"
1770036116.12,196,4,"(511.0, 170.0)"
1770036116.132,196,4,"(511.0, 170.0)"
1770036116.143,196,4,"(511.0, 170.0)"
1770036116.153,196,4,"(511.0, 170.0)"
1770036116.164,196,4,"(511.0, 158.0)"
1770036116.175,196,4,"(511.0, 158.0)"
1770036116.187,196,4,"(511.0, 146.0)"
1770036116.198,196,4,"(511.0, 146.0)"
1770036116.209,196,4,"(511.0, 146.0)"
1770036116.22,196,4,"(511.0, 146.0)"
1770036116.23,196,4,"(511.0, 146.0)"
1770036116.241,196,4,"(511.0, 158.0)"
1770036116.252,196,4,"(511.0, 158.0)"
1770036116.262,196,4,"(511.0, 170.0)"
1770036116.273,196,4,"(511.0, 170.0)"
1770036116.285,196,4,"(511.0, 170.0)"
1770036116.295,196,4,"(511.0, 170.0)"
1770036116.306,196,4,"(511.0, 170.0)"
1770036116.316,196,4,"(511.0, 170.0)"
1770036116.327,196,4,"(511.0, 170.0)"
1770036116.338,196,4,"(511.0, 170.0)"
1770036116.348,196,4,"(511.0, 170.0)"
1770036116.359,196,4,"(511.0, 170.0)"
1770036116.37,196,4,"(511.0, 170.0)"
1770036116.38,196,4,"(511.0, 170.0)"
1770036116.392,196,4,"(511.0, 170.0)"
1770036116.402,196,4,"(511.0, 170.0)"
1770036116.414,196,4,"(511.0, 170.0)"
1770036116.424,196,4,"(511.0, 170.0)"
1770036116.434,196,4,"(511.0, 170.0)"
1770036116.445,196,4,"(511.0, 182.0)"
1770036116.456,196,4,"(511.0, 182.0)"
1770036116.466,196,4,"(447.0, 182.0)"
1770036116.476,196,4,"(511.0, 170.0)"
1770036116.486,196,4,"(511.0, 170.0)"
1770036116.496,196,4,"(511.0, 170.0)"
1770036116.507,196,4,"(511.0, 170.0)"
1770036116.517,196,4,"(511.0, 170.0)"
1770036116.527,196,4,"(511.0, 170.0)"
1770036116.538,196,4,"(511.0, 170.0)"
1770036116.548,196,4,"(511.0, 170.0)"
1770036116.559,196,4,"(511.0, 170.0)"
1770036116.57,196,4,"(511.0, 170.0)"
1770036116.581,196,4,"(511.0, 170.0)"
1770036116.592,196,4,"(511.0, 170.0)"
1770036116.603,196,4,"(511.0, 170.0)"
1770036116.613,196,4,"(511.0, 170.0)"
1770036116.624,196,4,"(511.0, 170.0)"
1770036116.635,196,4,"(511.0, 170.0)"
1770036116.646,196,4,"(511.0, 170.0)"
1770036116.656,196,4,"(511.0, 170.0)"
1770036116.666,196,4,"(511.0, 170.0)"
1770036116.676,196,4,"(511.0, 170.0)"
1770036116.687,196,4,"(511.0, 170.0)"
1770036116.698,196,4,"(511.0, 170.0)"
1770036116.708,196,4,"(511.0, 170.0)"
1770036116.719,196,4,"(511.0, 182.0)"
1770036116.729,196,4,"(511.0, 182.0)"
1770036116.739,196,4,"(511.0, 194.0)"
1770036116.75,196,4,"(511.0, 182.0)"
1770036116.761,196,4,"(511.0, 182.0)"
1770036116.771,196,4,"(511.0, 170.0)"
1770036116.782,196,4,"(511.0, 170.0)"
1770036116.793,196,4,"(511.0, 182.0)"
1770036116.804,196,4,"(511.0, 194.0)"
1770036116.815,196,4,"(511.0, 194.0)"
1770036116.826,196,4,"(511.0, 194.0)"
1770036116.836,196,4,"(511.0, 182.0)"
1770036116.846,196,4,"(511.0, 182.0)"
1770036116.857,196,4,"(511.0, 170.0)"
1770036116.867,196,4,"(511.0, 170.0)"
1770036116.877,196,4,"(511.0, 170.0)"
1770036116.888,196,4,"(511.0, 170.0)"
1770036116.899,196,4,"(511.0, 170.0)"
1770036116.909,196,4,"(511.0, 170.0)"
1770036116.919,196,4,"(511.0, 170.0)"
1770036116.929,196,4,"(511.0, 170.0)"
1770036116.94,196,4,"(511.0, 170.0)"
1770036116.951,196,4,"(511.0, 170.0)"
1770036116.961,196,4,"(511.0, 170.0)"
1770036116.972,196,4,"(511.0, 170.0)"
1770036116.982,196,4,"(511.0, 158.0)"
1770036116.994,196,4,"(511.0, 158.0)"
1770036117.005,196,4,"(511.0, 158.0)"
1770036117.016,196,4,"(511.0, 158.0)"
1770036117.026,196,4,"(511.0, 170.0)"
1770036117.037,196,4,"(511.0, 170.0)"
1770036117.047,196,4,"(511.0, 170.0)"
1770036117.057,196,4,"(511.0, 170.0)"
1770036117.068,196,4,"(511.0, 170.0)"
1770036117.079,196,4,"(511.0, 170.0)"
1770036117.089,196,4,"(511.0, 170.0)"
1770036117.099,196,4,"(511.0, 170.0)"
1770036117.11,196,4,"(511.0, 170.0)"
1770036117.121,196,4,"(511.0, 170.0)"
1770036117.131,196,4,"(511.0, 170.0)"
1770036117.142,196,4,"(511.0, 170.0)"
1770036117.153,196,4,"(511.0, 170.0)"
1770036117.164,196,4,"(511.0, 170.0)"
1770036117.174,196,4,"(511.0, 170.0)"
1770036117.185,196,4,"(511.0, 170.0)"
1770036117.195,196,4,"(511.0, 170.0)"
1770036117.206,196,4,"(511.0, 170.0)"
1770036117.217,196,4,"(511.0, 170.0)"
1770036117.227,196,4,"(511.0, 170.0)"
1770036117.238,196,4,"(511.0, 170.0)"
1770036117.248,196,4,"(511.0, 170.0)"
1770036117.26,196,4,"(511.0, 170.0)"
1770036117.272,196,4,"(511.0, 170.0)"
1770036117.283,196,4,"(511.0, 170.0)"
1770036117.294,196,4,"(511.0, 170.0)"
1770036117.305,196,4,"(511.0, 170.0)"
1770036117.315,196,4,"(511.0, 170.0)"
1770036117.326,196,4,"(511.0, 170.0)"
1770036117.336,196,4,"(511.0, 170.0)"
1770036117.346,196,4,"(511.0, 170.0)"
1770036117.356,196,4,"(511.0, 158.0)"
1770036117.366,196,4,"(511.0, 158.0)"
1770036117.376,196,4,"(511.0, 158.0)"
1770036117.386,196,4,"(511.0, 146.0)"
1770036117.397,196,4,"(511.0, 146.0)"
1770036117.409,196,4,"(511.0, 146.0)"
1770036117.42,196,4,"(511.0, 146.0)"
1770036117.43,196,4,"(511.0, 146.0)"
1770036117.441,196,4,"(511.0, 146.0)"
1770036117.451,196,4,"(511.0, 146.0)"
1770036117.462,196,4,"(511.0, 146.0)"
1770036117.472,196,4,"(511.0, 146.0)"
1770036117.483,196,4,"(511.0, 146.0)"
1770036117.494,196,4,"(511.0, 146.0)"
1770036117.504,196,4,"(511.0, 146.0)"
1770036117.514,196,4,"(511.0, 146.0)"
1770036117.524,196,4,"(511.0, 158.0)"
1770036117.535,196,4,"(511.0, 158.0)"
1770036117.546,196,4,"(511.0, 170.0)"
1770036117.556,196,4,"(511.0, 170.0)"
1770036117.567,196,4,"(511.0, 170.0)"
1770036117.579,196,4,"(511.0, 170.0)"
1770036117.59,196,4,"(511.0, 170.0)"
1770036117.6,196,4,"(511.0, 170.0)"
1770036117.611,196,4,"(511.0, 158.0)"
1770036117.622,196,4,"(511.0, 158.0)"
1770036117.632,196,4,"(511.0, 146.0)"
1770036117.642,196,4,"(511.0, 146.0)"
1770036117.653,196,4,"(511.0, 146.0)"
1770036117.663,196,4,"(511.0, 158.0)"
1770036117.673,196,4,"(511.0, 158.0)"
1770036117.683,196,4,"(511.0, 158.0)"
1770036117.694,196,4,"(511.0, 146.0)"
1770036117.705,196,4,"(511.0, 146.0)"
1770036117.718,196,4,"(511.0, 146.0)"
1770036117.729,196,4,"(511.0, 146.0)"
1770036117.739,196,4,"(511.0, 146.0)"
1770036117.75,196,4,"(511.0, 146.0)"
1770036117.761,196,4,"(511.0, 133.0)"
1770036117.772,196,4,"(511.0, 133.0)"
1770036117.783,196,4,"(511.0, 121.0)"
1770036117.794,196,4,"(511.0, 121.0)"
1770036117.805,196,4,"(511.0, 121.0)"
1770036117.816,196,4,"(511.0, 121.0)"
1770036117.826,196,4,"(511.0, 121.0)"
1770036117.838,196,4,"(511.0, 121.0)"
1770036117.849,196,4,"(511.0, 121.0)"
1770036117.859,196,4,"(511.0, 121.0)"
1770036117.869,196,4,"(511.0, 121.0)"
1770036117.88,196,4,"(511.0, 121.0)"
1770036117.891,196,4,"(511.0, 121.0)"
1770036117.902,196,4,"(511.0, 121.0)"
1770036117.914,196,4,"(511.0, 121.0)"
1770036117.924,196,4,"(511.0, 121.0)"
1770036117.935,196,4,"(511.0, 121.0)"
1770036117.945,196,4,"(511.0, 121.0)"
1770036117.956,196,4,"(511.0, 121.0)"
1770036117.967,196,4,"(511.0, 121.0)"
1770036117.979,196,4,"(511.0, 121.0)"
1770036117.989,196,4,"(511.0, 121.0)"
1770036118.001,196,4,"(511.0, 121.0)"
1770036118.012,196,4,"(511.0, 121.0)"
1770036118.022,196,4,"(511.0, 121.0)"
1770036118.034,196,4,"(511.0, 121.0)"
1770036118.044,196,4,"(511.0, 121.0)"
1770036118.055,196,4,"(511.0, 121.0)"
1770036118.067,196,4,"(511.0, 121.0)"
1770036118.077,196,4,"(511.0, 121.0)"
1770036118.088,196,4,"(511.0, 121.0)"
1770036118.099,196,4,"(511.0, 121.0)"
1770036118.109,196,4,"(511.0, 121.0)"
1770036118.119,196,4,"(511.0, 121.0)"
1770036118.13,196,4,"(511.0, 121.0)"
1770036118.141,196,4,"(511.0, 121.0)"
1770036118.151,196,4,"(511.0, 121.0)"
1770036118.162,196,4,"(511.0, 121.0)"
1770036118.172,196,4,"(511.0, 121.0)"
1770036118.183,196,4,"(511.0, 121.0)"
1770036118.194,196,4,"(511.0, 121.0)"
1770036118.204,196,4,"(511.0, 121.0)"
1770036118.214,196,4,"(511.0, 121.0)"
1770036118.225,196,4,"(511.0, 121.0)"
1770036118.236,196,4,"(511.0, 121.0)"
1770036118.247,196,4,"(511.0, 121.0)"
1770036118.258,196,4,"(511.0, 121.0)"
1770036118.269,196,4,"(511.0, 133.0)"
1770036118.28,196,4,"(511.0, 133.0)"
1770036118.291,196,4,"(511.0, 146.0)"
1770036118.301,196,4,"(511.0, 146.0)"
1770036118.312,196,4,"(511.0, 146.0)"
1770036118.322,196,4,"(511.0, 146.0)"
1770036118.333,196,4,"(511.0, 146.0)"
1770036118.343,196,4,"(511.0, 146.0)"
1770036118.354,196,4,"(511.0, 146.0)"
1770036118.365,196,4,"(511.0, 146.0)"
1770036118.375,196,4,"(511.0, 146.0)"
1770036118.385,196,4,"(511.0, 146.0)"
1770036118.396,196,4,"(511.0, 146.0)"
1770036118.407,196,4,"(511.0, 146.0)"
1770036118.417,196,4,"(511.0, 146.0)"
1770036118.428,196,4,"(511.0, 146.0)"
1770036118.439,196,4,"(511.0, 146.0)"
1770036130.114,196,1,"(511.0, 121.0)"
1770036130.125,196,1,"(511.0, 121.0)"
1770036130.135,196,1,"(511.0, 121.0)"
1770036130.146,196,1,"(511.0, 121.0)"
1770036130.157,196,1,"(511.0, 121.0)"
1770036130.167,196,1,"(511.0, 121.0)"
1770036130.177,196,1,"(511.0, 121.0)"
1770036130.188,196,1,"(511.0, 121.0)"
1770036130.199,196,1,"(511.0, 121.0)"
1770036130.209,196,1,"(511.0, 121.0)"
1770036130.22,196,1,"(511.0, 109.0)"
1770036130.23,196,1,"(511.0, 109.0)"
1770036130.241,196,1,"(511.0, 97.0)"
1770036130.251,196,1,"(511.0, 97.0)"
1770036130.263,196,1,"(511.0, 97.0)"
1770036130.274,196,1,"(511.0, 97.0)"
1770036130.285,196,1,"(511.0, 97.0)"
1770036130.296,196,1,"(511.0, 97.0)"
1770036130.306,196,1,"(511.0, 97.0)"
1770036130.318,196,1,"(511.0, 97.0)"
1770036130.328,196,1,"(511.0, 97.0)"
1770036130.338,196,1,"(511.0, 97.0)"
1770036130.348,196,1,"(511.0, 97.0)"
1770036130.358,196,1,"(511.0, 97.0)"
1770036130.369,196,1,"(511.0, 97.0)"
1770036130.38,196,1,"(511.0, 97.0)"
1770036130.39,196,1,"(511.0, 97.0)"
1770036130.402,196,1,"(511.0, 97.0)"
1770036130.412,196,1,"(511.0, 97.0)"
1770036130.422,196,1,"(511.0, 97.0)"
1770036130.433,196,1,"(511.0, 97.0)"
1770036130.443,196,1,"(511.0, 97.0)"
1770036130.453,196,1,"(511.0, 97.0)"
1770036130.463,196,1,"(511.0, 97.0)"
1770036130.475,196,1,"(511.0, 97.0)"
1770036130.485,196,1,"(511.0, 97.0)"
1770036130.496,196,1,"(511.0, 97.0)"
1770036130.506,196,1,"(511.0, 97.0)"
1770036130.517,196,1,"(511.0, 97.0)"
1770036130.527,196,1,"(511.0, 97.0)"
1770036130.538,196,1,"(511.0, 97.0)"
1770036130.548,196,1,"(511.0, 97.0)"
1770036130.559,196,1,"(511.0, 97.0)"
1770036130.569,196,1,"(511.0, 97.0)"
1770036130.58,196,1,"(511.0, 97.0)"
1770036130.59,196,1,"(511.0, 97.0)"
1770036130.601,196,1,"(511.0, 97.0)"
1770036130.611,196,1,"(511.0, 97.0)"
1770036130.622,196,1,"(511.0, 97.0)"
1770036130.633,196,1,"(511.0, 97.0)"
1770036130.644,196,1,"(511.0, 97.0)"
1770036130.654,196,1,"(511.0, 109.0)"
1770036130.664,196,1,"(511.0, 109.0)"
1770036130.675,196,1,"(511.0, 121.0)"
1770036130.685,196,1,"(511.0, 121.0)"
1770036130.697,196,1,"(511.0, 121.0)"
1770036130.707,196,1,"(511.0, 121.0)"
1770036130.717,196,1,"(511.0, 121.0)"
1770036130.727,196,1,"(511.0, 121.0)"
1770036130.738,196,1,"(511.0, 121.0)"
1770036130.748,196,1,"(511.0, 121.0)"
1770036130.758,196,1,"(511.0, 121.0)"
1770036130.769,196,1,"(511.0, 121.0)"
1770036130.78,196,1,"(511.0, 121.0)"
1770036130.79,196,1,"(511.0, 121.0)"
1770036130.802,196,1,"(511.0, 121.0)"
1770036130.812,196,1,"(511.0, 121.0)"
1770036130.823,196,1,"(511.0, 121.0)"
1770036130.834,196,1,"(511.0, 109.0)"
1770036130.845,196,1,"(511.0, 109.0)"
1770036130.856,196,1,"(511.0, 97.0)"
1770036130.867,196,1,"(511.0, 97.0)"
1770036130.877,196,1,"(511.0, 97.0)"
1770036130.888,196,1,"(511.0, 97.0)"
1770036130.899,196,1,"(511.0, 109.0)"
1770036130.909,196,1,"(511.0, 109.0)"
1770036130.92,196,1,"(511.0, 97.0)"
1770036130.931,196,1,"(511.0, 97.0)"
1770036130.941,196,1,"(511.0, 97.0)"
1770036130.952,196,1,"(511.0, 97.0)"
1770036130.963,196,1,"(511.0, 97.0)"
1770036130.974,196,1,"(511.0, 97.0)"
1770036130.984,196,1,"(511.0, 97.0)"
1770036130.995,196,1,"(511.0, 97.0)"
1770036131.005,196,1,"(511.0, 97.0)"
1770036131.016,196,1,"(511.0, 97.0)"
1770036131.026,196,1,"(511.0, 97.0)"
1770036131.037,196,1,"(511.0, 109.0)"
1770036131.048,196,1,"(511.0, 109.0)"
1770036131.058,196,1,"(511.0, 121.0)"
1770036131.068,196,1,"(511.0, 121.0)"
1770036131.078,196,1,"(511.0, 121.0)"
1770036131.089,196,1,"(511.0, 121.0)"
1770036131.099,196,1,"(511.0, 121.0)"
1770036131.109,196,1,"(511.0, 121.0)"
1770036131.12,196,1,"(511.0, 121.0)"
1770036131.13,196,1,"(511.0, 109.0)"
1770036131.142,196,1,"(511.0, 109.0)"
1770036131.152,196,1,"(511.0, 109.0)"
1770036131.163,196,1,"(511.0, 109.0)"
1770036131.176,196,1,"(511.0, 109.0)"
1770036131.186,196,1,"(511.0, 121.0)"
1770036131.197,196,1,"(511.0, 121.0)"
1770036131.209,196,1,"(511.0, 109.0)"
1770036131.22,196,1,"(511.0, 109.0)"
1770036131.23,196,1,"(511.0, 97.0)"
1770036131.24,196,1,"(511.0, 97.0)"
1770036131.251,196,1,"(511.0, 97.0)"
1770036131.261,196,1,"(511.0, 97.0)"
1770036131.271,196,1,"(511.0, 97.0)"
1770036131.282,196,1,"(511.0, 97.0)"
1770036131.293,196,1,"(511.0, 97.0)"
1770036131.303,196,1,"(511.0, 97.0)"
1770036131.313,196,1,"(511.0, 97.0)"
1770036131.324,196,1,"(511.0, 97.0)"
1770036131.335,196,1,"(511.0, 97.0)"
1770036131.346,196,1,"(511.0, 97.0)"
1770036131.356,196,1,"(511.0, 97.0)"
1770036131.367,196,1,"(511.0, 97.0)"
1770036131.378,196,1,"(511.0, 97.0)"
1770036131.388,196,1,"(511.0, 97.0)"
1770036131.399,196,1,"(511.0, 97.0)"
1770036131.41,196,1,"(511.0, 97.0)"
1770036131.421,196,1,"(511.0, 97.0)"
1770036131.432,196,1,"(511.0, 97.0)"
1770036131.442,196,1,"(511.0, 97.0)"
1770036131.453,196,1,"(511.0, 97.0)"
1770036131.464,196,1,"(511.0, 97.0)"
1770036131.475,196,1,"(511.0, 97.0)"
1770036131.485,196,1,"(511.0, 97.0)"
1770036131.496,196,1,"(511.0, 97.0)"
1770036131.506,196,1,"(511.0, 97.0)"
1770036131.516,196,1,"(511.0, 97.0)"
1770036131.526,196,1,"(511.0, 97.0)"
1770036131.536,196,1,"(511.0, 109.0)"
1770036131.546,196,1,"(511.0, 109.0)"
1770036131.558,196,1,"(511.0, 121.0)"
1770036131.569,196,1,"(511.0, 121.0)"
1770036131.579,196,1,"(511.0, 121.0)"
1770036131.59,196,1,"(511.0, 121.0)"
1770036131.6,196,1,"(511.0, 121.0)"
1770036131.611,196,1,"(511.0, 121.0)"
1770036131.621,196,1,"(511.0, 121.0)"
1770036131.632,196,1,"(511.0, 121.0)"
1770036131.642,196,1,"(511.0, 121.0)"
1770036131.653,196,1,"(511.0, 109.0)"
1770036131.663,196,1,"(511.0, 109.0)"
1770036131.673,196,1,"(511.0, 97.0)"
1770036131.684,196,1,"(511.0, 97.0)"
1770036131.694,196,1,"(511.0, 97.0)"
1770036131.705,196,1,"(511.0, 97.0)"
1770036131.716,196,1,"(511.0, 97.0)"
1770036131.726,196,1,"(511.0, 97.0)"
1770036131.737,196,1,"(511.0, 97.0)"
1770036131.748,196,1,"(511.0, 97.0)"
1770036131.759,196,1,"(511.0, 109.0)"
1770036131.77,196,1,"(511.0, 121.0)"
1770036131.781,196,1,"(511.0, 121.0)"
1770036131.791,196,1,"(511.0, 121.0)"
1770036131.801,196,1,"(511.0, 121.0)"
1770036131.813,196,1,"(511.0, 121.0)"
1770036131.824,196,1,"(511.0, 121.0)"
1770036131.834,196,1,"(511.0, 121.0)"
1770036131.845,196,1,"(511.0, 121.0)"
1770036131.856,196,1,"(511.0, 121.0)"
1770036131.867,196,1,"(511.0, 121.0)"
1770036131.878,196,1,"(511.0, 121.0)"
1770036131.888,196,1,"(511.0, 121.0)"
1770036131.899,196,1,"(511.0, 121.0)"
1770036131.91,196,1,"(511.0, 121.0)"
1770036131.921,196,1,"(511.0, 121.0)"
1770036131.931,196,1,"(511.0, 121.0)"
1770036131.942,196,1,"(511.0, 121.0)"
1770036131.953,196,1,"(511.0, 121.0)"
1770036131.964,196,1,"(511.0, 121.0)"
1770036131.975,196,1,"(511.0, 121.0)"
1770036131.986,196,1,"(511.0, 121.0)"
1770036131.996,196,1,"(511.0, 121.0)"
1770036132.007,196,1,"(511.0, 121.0)"
1770036132.018,196,1,"(511.0, 121.0)"
1770036132.029,196,1,"(511.0, 121.0)"
1770036132.039,196,1,"(511.0, 121.0)"
1770036132.051,196,1,"(511.0, 121.0)"
1770036132.062,196,1,"(511.0, 121.0)"
1770036132.072,196,1,"(511.0, 121.0)"
1770036132.083,196,1,"(511.0, 121.0)"
1770036132.093,196,1,"(511.0, 121.0)"
1770036132.105,196,1,"(511.0, 121.0)"
1770036132.116,196,1,"(511.0, 109.0)"
1770036132.128,196,1,"(511.0, 109.0)"
1770036132.14,196,1,"(511.0, 97.0)"
1770036132.15,196,1,"(511.0, 97.0)"
1770036132.161,196,1,"(511.0, 97.0)"
1770036132.171,196,1,"(511.0, 97.0)"
1770036132.182,196,1,"(511.0, 97.0)"
1770036132.192,196,1,"(511.0, 97.0)"
1770036132.203,196,1,"(511.0, 97.0)"
1770036132.213,196,1,"(511.0, 97.0)"
1770036132.224,196,1,"(511.0, 97.0)"
1770036132.235,196,1,"(511.0, 97.0)"
1770036132.245,196,1,"(511.0, 97.0)"
1770036132.256,196,1,"(511.0, 97.0)"
1770036132.266,196,1,"(511.0, 97.0)"
1770036132.277,196,1,"(511.0, 97.0)"
1770036132.288,196,1,"(511.0, 97.0)"
1770036132.299,196,1,"(511.0, 97.0)"
1770036132.31,196,1,"(511.0, 97.0)"
1770036132.32,196,1,"(511.0, 97.0)"
1770036132.331,196,1,"(511.0, 97.0)"
1770036132.342,196,1,"(511.0, 97.0)"
1770036132.353,196,1,"(511.0, 97.0)"
1770036132.364,196,1,"(511.0, 97.0)"
1770036132.375,196,1,"(511.0, 97.0)"
1770036132.385,196,1,"(511.0, 97.0)"
1770036132.395,196,1,"(511.0, 97.0)"
1770036132.405,196,1,"(511.0, 97.0)"
1770036132.416,196,1,"(511.0, 97.0)"
1770036132.426,196,1,"(511.0, 97.0)"
1770036132.436,196,1,"(511.0, 97.0)"
1770036132.448,196,1,"(511.0, 97.0)"
1770036132.458,196,1,"(511.0, 97.0)"
1770036132.469,196,1,"(511.0, 97.0)"
1770036132.481,196,1,"(511.0, 97.0)"
1770036132.491,196,1,"(511.0, 97.0)"
1770036132.501,196,1,"(511.0, 97.0)"
1770036132.513,196,1,"(511.0, 97.0)"
1770036132.524,196,1,"(511.0, 97.0)"
1770036132.534,196,1,"(511.0, 97.0)"
1770036132.544,196,1,"(511.0, 97.0)"
1770036132.555,196,1,"(511.0, 97.0)"
1770036132.566,196,1,"(511.0, 97.0)"
1770036132.577,196,1,"(511.0, 97.0)"
1770036132.588,196,1,"(511.0, 97.0)"
1770036132.599,196,1,"(511.0, 97.0)"
1770036132.609,196,1,"(511.0, 97.0)"
1770036132.62,196,1,"(511.0, 97.0)"
1770036132.631,196,1,"(511.0, 97.0)"
1770036132.642,196,1,"(511.0, 109.0)"
1770036132.653,196,1,"(511.0, 109.0)"
1770036132.663,196,1,"(511.0, 97.0)"
1770036132.674,196,1,"(511.0, 97.0)"
1770036132.686,196,1,"(511.0, 97.0)"
1770036132.696,196,1,"(511.0, 97.0)"
1770036132.706,196,1,"(511.0, 97.0)"
1770036132.717,196,1,"(511.0, 97.0)"
1770036132.729,196,1,"(511.0, 109.0)"
1770036132.739,196,1,"(511.0, 109.0)"
1770036132.749,196,1,"(511.0, 121.0)"
1770036132.76,196,1,"(511.0, 121.0)"
1770036132.771,196,1,"(511.0, 121.0)"
1770036132.783,196,1,"(511.0, 121.0)"
1770036132.794,196,1,"(511.0, 121.0)"
1770036132.804,196,1,"(511.0, 121.0)"
1770036132.814,196,1,"(511.0, 121.0)"
1770036132.826,196,1,"(511.0, 121.0)"
1770036132.836,196,1,"(511.0, 121.0)"
1770036132.846,196,1,"(511.0, 121.0)"
1770036132.856,196,1,"(511.0, 121.0)"
1770036132.867,196,1,"(511.0, 121.0)"
1770036132.878,196,1,"(511.0, 121.0)"
1770036132.888,196,1,"(511.0, 121.0)"
1770036132.899,196,1,"(511.0, 121.0)"
1770036132.909,196,1,"(511.0, 121.0)"
1770036132.92,196,1,"(511.0, 121.0)"
1770036132.93,196,1,"(511.0, 121.0)"
1770036132.941,196,1,"(511.0, 121.0)"
1770036132.952,196,1,"(511.0, 121.0)"
1770036132.962,196,1,"(511.0, 121.0)"
1770036132.972,196,1,"(511.0, 121.0)"
1770036132.982,196,1,"(511.0, 121.0)"
1770036132.993,196,1,"(511.0, 121.0)"
1770036133.004,196,1,"(511.0, 121.0)"
1770036133.014,196,1,"(511.0, 121.0)"
1770036133.026,196,1,"(511.0, 121.0)"
1770036133.036,196,1,"(511.0, 121.0)"
1770036133.046,196,1,"(511.0, 121.0)"
1770036133.056,196,1,"(511.0, 121.0)"
1770036133.068,196,1,"(511.0, 121.0)"
1770036133.078,196,1,"(511.0, 121.0)"
1770036133.088,196,1,"(511.0, 121.0)"
1770036133.099,196,1,"(511.0, 121.0)"
1770036133.11,196,1,"(511.0, 121.0)"
1770036135.663,196,2,"(575.0, 560.0)"
1770036135.674,196,2,"(511.0, 548.0)"
1770036135.684,196,2,"(511.0, 535.0)"
1770036135.695,196,2,"(511.0, 535.0)"
1770036135.706,196,2,"(575.0, 535.0)"
1770036135.716,196,2,"(575.0, 523.0)"
1770036135.727,196,2,"(511.0, 523.0)"
1770036135.737,196,2,"(447.0, 511.0)"
1770036135.748,196,2,"(511.0, 511.0)"
1770036135.76,196,2,"(511.0, 511.0)"
1770036135.771,196,2,"(575.0, 511.0)"
1770036135.782,196,2,"(319.0, 523.0)"
1770036135.792,196,2,"(639.0, 523.0)"
1770036135.803,196,2,"(511.0, 511.0)"
1770036135.814,196,2,"(575.0, 523.0)"
1770036135.824,196,2,"(447.0, 523.0)"
1770036135.835,196,2,"(383.0, 523.0)"
1770036135.845,196,2,"(511.0, 523.0)"
1770036135.855,196,2,"(511.0, 499.0)"
1770036135.866,196,2,"(511.0, 499.0)"
1770036135.877,196,2,"(639.0, 487.0)"
1770036135.888,196,2,"(511.0, 499.0)"
1770036135.898,196,2,"(383.0, 511.0)"
1770036135.909,196,2,"(511.0, 523.0)"
1770036135.92,196,2,"(511.0, 511.0)"
1770036135.931,196,2,"(511.0, 511.0)"
1770036135.941,196,2,"(447.0, 499.0)"
1770036135.952,196,2,"(511.0, 499.0)"
1770036135.962,196,2,"(447.0, 511.0)"
1770036135.972,196,2,"(639.0, 511.0)"
1770036135.983,196,2,"(703.0, 523.0)"
1770036135.994,196,2,"(575.0, 523.0)"
1770036136.004,196,2,"(639.0, 523.0)"
1770036136.015,196,2,"(511.0, 511.0)"
1770036136.026,196,2,"(447.0, 499.0)"
1770036136.036,196,2,"(447.0, 474.0)"
1770036136.047,196,2,"(511.0, 462.0)"
1770036136.057,196,2,"(511.0, 462.0)"
1770036136.068,196,2,"(383.0, 462.0)"
1770036136.078,196,2,"(639.0, 462.0)"
1770036136.088,196,2,"(447.0, 462.0)"
1770036136.099,196,2,"(639.0, 462.0)"
1770036136.109,196,2,"(575.0, 462.0)"
1770036136.119,196,2,"(319.0, 462.0)"
1770036136.129,196,2,"(511.0, 462.0)"
1770036136.14,196,2,"(575.0, 462.0)"
1770036136.152,196,2,"(511.0, 462.0)"
1770036136.162,196,2,"(767.0, 487.0)"
1770036136.173,196,2,"(639.0, 499.0)"
1770036136.183,196,2,"(703.0, 523.0)"
1770036136.195,196,2,"(511.0, 523.0)"
1770036136.205,196,2,"(575.0, 523.0)"
1770036136.215,196,2,"(511.0, 499.0)"
1770036136.226,196,2,"(511.0, 487.0)"
1770036136.236,196,2,"(511.0, 474.0)"
1770036136.247,196,2,"(447.0, 462.0)"
1770036136.259,196,2,"(511.0, 462.0)"
1770036136.269,196,2,"(511.0, 462.0)"
1770036136.28,196,2,"(511.0, 462.0)"
1770036136.291,196,2,"(575.0, 462.0)"
1770036136.301,196,2,"(511.0, 487.0)"
1770036136.311,196,2,"(511.0, 487.0)"
1770036136.321,196,2,"(575.0, 487.0)"
1770036136.331,196,2,"(319.0, 487.0)"
1770036136.342,196,2,"(575.0, 499.0)"
1770036136.353,196,2,"(511.0, 499.0)"
1770036136.364,196,2,"(511.0, 511.0)"
1770036136.375,196,2,"(191.0, 535.0)"
1770036136.385,196,2,"(255.0, 548.0)"
1770036136.395,196,2,"(383.0, 572.0)"
1770036136.405,196,2,"(383.0, 572.0)"
1770036136.415,196,2,"(511.0, 548.0)"
1770036136.426,196,2,"(767.0, 535.0)"
1770036136.436,196,2,"(703.0, 523.0)"
1770036136.449,196,2,"(511.0, 511.0)"
1770036136.459,196,2,"(511.0, 511.0)"
1770036136.47,196,2,"(511.0, 523.0)"
1770036136.48,196,2,"(511.0, 535.0)"
1770036136.491,196,2,"(575.0, 535.0)"
1770036136.503,196,2,"(511.0, 548.0)"
1770036136.513,196,2,"(383.0, 548.0)"
1770036136.524,196,2,"(575.0, 548.0)"
1770036136.534,196,2,"(511.0, 535.0)"
1770036136.546,196,2,"(575.0, 523.0)"
1770036136.556,196,2,"(511.0, 511.0)"
1770036136.566,196,2,"(511.0, 511.0)"
1770036136.578,196,2,"(575.0, 511.0)"
1770036136.589,196,2,"(511.0, 499.0)"
1770036136.6,196,2,"(511.0, 499.0)"
1770036136.611,196,2,"(319.0, 487.0)"
1770036136.621,196,2,"(447.0, 487.0)"
1770036136.631,196,2,"(575.0, 474.0)"
1770036136.642,196,2,"(255.0, 474.0)"
1770036136.653,196,2,"(191.0, 462.0)"
1770036136.665,196,2,"(703.0, 462.0)"
1770036136.676,196,2,"(639.0, 474.0)"
1770036136.686,196,2,"(703.0, 487.0)"
1770036136.696,196,2,"(639.0, 511.0)"
1770036136.707,196,2,"(703.0, 523.0)"
1770036136.718,196,2,"(255.0, 535.0)"
1770036136.728,196,2,"(447.0, 548.0)"
1770036136.739,196,2,"(383.0, 560.0)"
1770036136.75,196,2,"(447.0, 572.0)"
1770036136.761,196,2,"(447.0, 596.0)"
1770036136.772,196,2,"(511.0, 608.0)"
1770036136.782,196,2,"(511.0, 621.0)"
1770036136.792,196,2,"(511.0, 645.0)"
1770036136.802,196,2,"(511.0, 657.0)"
1770036136.812,196,2,"(447.0, 669.0)"
1770036136.822,196,2,"(447.0, 682.0)"
1770036136.833,196,2,"(511.0, 706.0)"
1770036136.843,196,2,"(447.0, 718.0)"
1770036136.855,196,2,"(319.0, 742.0)"
1770036136.865,196,2,"(383.0, 742.0)"
1770036136.875,196,2,"(511.0, 730.0)"
1770036136.887,196,2,"(575.0, 706.0)"
1770036136.897,196,2,"(639.0, 682.0)"
1770036136.907,196,2,"(511.0, 657.0)"
1770036136.918,196,2,"(511.0, 633.0)"
1770036136.929,196,2,"(575.0, 608.0)"
1770036136.939,196,2,"(447.0, 584.0)"
1770036136.95,196,2,"(511.0, 572.0)"
1770036136.961,196,2,"(447.0, 548.0)"
1770036136.972,196,2,"(511.0, 535.0)"
1770036136.983,196,2,"(447.0, 535.0)"
1770036136.994,196,2,"(447.0, 523.0)"
1770036137.005,196,2,"(575.0, 511.0)"
1770036137.015,196,2,"(639.0, 499.0)"
1770036137.026,196,2,"(575.0, 499.0)"
1770036137.038,196,2,"(511.0, 499.0)"
1770036137.049,196,2,"(511.0, 499.0)"
1770036137.059,196,2,"(575.0, 499.0)"
1770036137.07,196,2,"(255.0, 487.0)"
1770036137.081,196,2,"(383.0, 487.0)"
1770036137.091,196,2,"(383.0, 487.0)"
1770036137.101,196,2,"(511.0, 487.0)"
1770036137.112,196,2,"(511.0, 487.0)"
1770036137.123,196,2,"(511.0, 487.0)"
1770036137.134,196,2,"(575.0, 487.0)"
1770036137.146,196,2,"(575.0, 499.0)"
1770036137.156,196,2,"(511.0, 523.0)"
1770036137.166,196,2,"(511.0, 548.0)"
1770036137.177,196,2,"(447.0, 572.0)"
1770036137.189,196,2,"(511.0, 584.0)"
1770036137.199,196,2,"(511.0, 596.0)"
1770036137.21,196,2,"(575.0, 608.0)"
1770036137.221,196,2,"(511.0, 608.0)"
1770036137.233,196,2,"(575.0, 608.0)"
1770036137.243,196,2,"(575.0, 608.0)"
1770036137.254,196,2,"(703.0, 596.0)"
1770036137.265,196,2,"(575.0, 608.0)"
1770036137.275,196,2,"(575.0, 621.0)"
1770036137.286,196,2,"(447.0, 645.0)"
1770036137.296,196,2,"(319.0, 645.0)"
1770036137.306,196,2,"(383.0, 657.0)"
1770036137.316,196,2,"(383.0, 657.0)"
1770036137.327,196,2,"(383.0, 657.0)"
1770036137.337,196,2,"(511.0, 645.0)"
1770036137.348,196,2,"(511.0, 633.0)"
1770036137.359,196,2,"(511.0, 608.0)"
1770036137.369,196,2,"(575.0, 596.0)"
1770036137.379,196,2,"(511.0, 584.0)"
1770036137.389,196,2,"(511.0, 560.0)"
1770036137.402,196,2,"(511.0, 548.0)"
1770036137.413,196,2,"(511.0, 535.0)"
1770036137.424,196,2,"(575.0, 511.0)"
1770036137.434,196,2,"(511.0, 499.0)"
1770036137.446,196,2,"(511.0, 487.0)"
1770036137.456,196,2,"(447.0, 474.0)"
1770036137.466,196,2,"(511.0, 474.0)"
1770036137.476,196,2,"(511.0, 462.0)"
1770036137.486,196,2,"(511.0, 462.0)"
1770036137.497,196,2,"(511.0, 462.0)"
1770036137.508,196,2,"(511.0, 450.0)"
1770036137.518,196,2,"(511.0, 438.0)"
1770036137.528,196,2,"(511.0, 426.0)"
1770036137.539,196,2,"(511.0, 401.0)"
1770036137.55,196,2,"(511.0, 365.0)"
1770036137.561,196,2,"(511.0, 341.0)"
1770036137.571,196,2,"(383.0, 316.0)"
1770036137.581,196,2,"(511.0, 316.0)"
1770036137.591,196,2,"(703.0, 316.0)"
1770036137.602,196,2,"(511.0, 316.0)"
1770036137.612,196,2,"(575.0, 341.0)"
1770036137.623,196,2,"(511.0, 353.0)"
1770036137.635,196,2,"(447.0, 377.0)"
1770036137.646,196,2,"(511.0, 389.0)"
1770036137.656,196,2,"(511.0, 389.0)"
1770036137.667,196,2,"(511.0, 389.0)"
1770036137.677,196,2,"(511.0, 389.0)"
1770036137.688,196,2,"(511.0, 389.0)"
1770036137.699,196,2,"(447.0, 389.0)"
1770036137.709,196,2,"(383.0, 389.0)"
1770036137.719,196,2,"(383.0, 414.0)"
1770036137.729,196,2,"(575.0, 438.0)"
1770036137.739,196,2,"(511.0, 462.0)"
1770036137.753,196,2,"(703.0, 474.0)"
1770036137.764,196,2,"(319.0, 474.0)"
1770036137.775,196,2,"(447.0, 462.0)"
1770036137.785,196,2,"(575.0, 462.0)"
1770036137.796,196,2,"(639.0, 474.0)"
1770036137.806,196,2,"(639.0, 487.0)"
1770036137.817,196,2,"(575.0, 511.0)"
1770036137.827,196,2,"(383.0, 523.0)"
1770036137.837,196,2,"(383.0, 523.0)"
1770036137.847,196,2,"(511.0, 523.0)"
1770036137.859,196,2,"(511.0, 523.0)"
1770036137.869,196,2,"(575.0, 499.0)"
1770036137.881,196,2,"(511.0, 474.0)"
1770036137.891,196,2,"(511.0, 450.0)"
1770036137.901,196,2,"(383.0, 438.0)"
1770036137.912,196,2,"(511.0, 450.0)"
1770036137.923,196,2,"(575.0, 462.0)"
1770036137.938,196,2,"(511.0, 474.0)"
1770036137.949,196,2,"(639.0, 474.0)"
1770036137.96,196,2,"(575.0, 474.0)"
1770036137.97,196,2,"(575.0, 474.0)"
1770036137.98,196,2,"(575.0, 450.0)"
1770036137.991,196,2,"(511.0, 426.0)"
1770036138.001,196,2,"(447.0, 401.0)"
1770036138.013,196,2,"(511.0, 389.0)"
1770036138.024,196,2,"(639.0, 389.0)"
1770036138.035,196,2,"(639.0, 414.0)"
1770036138.046,196,2,"(511.0, 426.0)"
1770036138.056,196,2,"(575.0, 438.0)"
1770036138.066,196,2,"(703.0, 438.0)"
1770036138.077,196,2,"(575.0, 438.0)"
1770036138.088,196,2,"(575.0, 438.0)"
1770036138.098,196,2,"(511.0, 450.0)"
1770036138.109,196,2,"(511.0, 474.0)"
1770036138.12,196,2,"(575.0, 474.0)"
1770036138.13,196,2,"(447.0, 487.0)"
1770036138.14,196,2,"(511.0, 487.0)"
1770036138.151,196,2,"(511.0, 487.0)"
1770036138.163,196,2,"(511.0, 474.0)"
1770036138.173,196,2,"(511.0, 474.0)"
1770036138.184,196,2,"(511.0, 462.0)"
1770036138.194,196,2,"(511.0, 450.0)"
1770036138.206,196,2,"(511.0, 438.0)"
1770036138.216,196,2,"(639.0, 438.0)"
1770036138.227,196,2,"(511.0, 450.0)"
1770036138.238,196,2,"(511.0, 450.0)"
1770036138.249,196,2,"(575.0, 462.0)"
1770036138.26,196,2,"(511.0, 462.0)"
1770036138.271,196,2,"(511.0, 462.0)"
1770036138.282,196,2,"(511.0, 462.0)"
1770036138.293,196,2,"(575.0, 450.0)"
1770036138.304,196,2,"(511.0, 438.0)"
1770036138.314,196,2,"(511.0, 426.0)"
1770036138.324,196,2,"(511.0, 426.0)"
1770036138.336,196,2,"(511.0, 426.0)"
1770036138.346,196,2,"(447.0, 414.0)"
1770036138.357,196,2,"(447.0, 401.0)"
1770036138.367,196,2,"(639.0, 401.0)"
1770036138.377,196,2,"(511.0, 414.0)"
1770036138.388,196,2,"(575.0, 426.0)"
1770036138.4,196,2,"(639.0, 438.0)"
1770036138.411,196,2,"(511.0, 450.0)"
1770036138.421,196,2,"(575.0, 450.0)"
1770036138.432,196,2,"(511.0, 450.0)"
1770036138.442,196,2,"(447.0, 438.0)"
1770036138.453,196,2,"(511.0, 438.0)"
1770036138.463,196,2,"(511.0, 426.0)"
1770036138.474,196,2,"(447.0, 426.0)"
1770036138.484,196,2,"(447.0, 414.0)"
1770036138.494,196,2,"(575.0, 414.0)"
1770036138.506,196,2,"(511.0, 401.0)"
1770036138.516,196,2,"(447.0, 414.0)"
1770036138.526,196,2,"(511.0, 414.0)"
1770036138.537,196,2,"(511.0, 426.0)"
1770036138.548,196,2,"(511.0, 426.0)"
1770036138.558,196,2,"(383.0, 426.0)"
1770036138.569,196,2,"(511.0, 426.0)"
1770036138.579,196,2,"(511.0, 414.0)"
1770036138.59,196,2,"(511.0, 401.0)"
1770036138.601,196,2,"(511.0, 401.0)"
1770036138.611,196,2,"(511.0, 401.0)"
1770036138.622,196,2,"(511.0, 401.0)"
1770036138.632,196,2,"(575.0, 389.0)"
1770036138.643,196,2,"(575.0, 377.0)"
1770036138.653,196,2,"(511.0, 353.0)"
1770036138.666,196,2,"(511.0, 341.0)"
1770036141.41,196,3,"(511.0, 146.0)"
1770036141.42,196,3,"(511.0, 133.0)"
1770036141.431,196,3,"(511.0, 133.0)"
1770036141.441,196,3,"(511.0, 133.0)"
1770036141.452,196,3,"(511.0, 133.0)"
1770036141.462,196,3,"(511.0, 121.0)"
1770036141.472,196,3,"(511.0, 121.0)"
1770036141.483,196,3,"(511.0, 121.0)"
1770036141.493,196,3,"(511.0, 121.0)"
1770036141.503,196,3,"(511.0, 133.0)"
1770036141.514,196,3,"(511.0, 133.0)"
1770036141.524,196,3,"(511.0, 146.0)"
1770036141.535,196,3,"(511.0, 146.0)"
1770036141.545,196,3,"(511.0, 146.0)"
1770036141.555,196,3,"(511.0, 133.0)"
1770036141.567,196,3,"(511.0, 133.0)"
1770036141.577,196,3,"(511.0, 133.0)"
1770036141.587,196,3,"(511.0, 146.0)"
1770036141.599,196,3,"(511.0, 146.0)"
1770036141.609,196,3,"(511.0, 146.0)"
1770036141.62,196,3,"(511.0, 146.0)"
1770036141.63,196,3,"(511.0, 146.0)"
1770036141.642,196,3,"(511.0, 146.0)"
1770036141.652,196,3,"(511.0, 146.0)"
1770036141.662,196,3,"(511.0, 146.0)"
1770036141.673,196,3,"(511.0, 146.0)"
1770036141.684,196,3,"(511.0, 146.0)"
1770036141.695,196,3,"(511.0, 146.0)"
1770036141.705,196,3,"(511.0, 146.0)"
1770036141.716,196,3,"(511.0, 146.0)"
1770036141.728,196,3,"(511.0, 146.0)"
1770036141.739,196,3,"(511.0, 146.0)"
1770036141.75,196,3,"(511.0, 146.0)"
1770036141.761,196,3,"(511.0, 146.0)"
1770036141.772,196,3,"(511.0, 146.0)"
1770036141.782,196,3,"(511.0, 146.0)"
1770036141.792,196,3,"(511.0, 146.0)"
1770036141.803,196,3,"(511.0, 146.0)"
1770036141.814,196,3,"(511.0, 146.0)"
1770036141.824,196,3,"(511.0, 146.0)"
1770036141.835,196,3,"(511.0, 146.0)"
1770036141.846,196,3,"(511.0, 146.0)"
1770036141.856,196,3,"(511.0, 146.0)"
1770036141.866,196,3,"(511.0, 146.0)"
1770036141.878,196,3,"(511.0, 133.0)"
1770036141.889,196,3,"(511.0, 121.0)"
1770036141.9,196,3,"(511.0, 121.0)"
1770036141.91,196,3,"(511.0, 121.0)"
1770036141.92,196,3,"(511.0, 121.0)"
1770036141.931,196,3,"(511.0, 121.0)"
1770036141.942,196,3,"(511.0, 121.0)"
1770036141.952,196,3,"(511.0, 121.0)"
1770036141.962,196,3,"(511.0, 121.0)"
1770036141.973,196,3,"(511.0, 121.0)"
1770036141.983,196,3,"(511.0, 121.0)"
1770036141.995,196,3,"(511.0, 121.0)"
1770036142.005,196,3,"(511.0, 121.0)"
1770036142.016,196,3,"(511.0, 121.0)"
1770036142.026,196,3,"(511.0, 121.0)"
1770036142.036,196,3,"(511.0, 121.0)"
1770036142.046,196,3,"(511.0, 121.0)"
1770036142.058,196,3,"(511.0, 121.0)"
1770036142.068,196,3,"(511.0, 121.0)"
1770036142.079,196,3,"(511.0, 121.0)"
1770036142.089,196,3,"(511.0, 121.0)"
1770036142.1,196,3,"(511.0, 121.0)"
1770036142.112,196,3,"(511.0, 121.0)"
1770036142.122,196,3,"(511.0, 121.0)"
1770036142.132,196,3,"(511.0, 121.0)"
1770036142.143,196,3,"(511.0, 121.0)"
1770036142.154,196,3,"(511.0, 121.0)"
1770036142.167,196,3,"(511.0, 121.0)"
1770036142.177,196,3,"(511.0, 121.0)"
1770036142.188,196,3,"(511.0, 121.0)"
1770036142.198,196,3,"(511.0, 121.0)"
1770036142.209,196,3,"(511.0, 121.0)"
1770036142.219,196,3,"(511.0, 121.0)"
1770036142.229,196,3,"(511.0, 121.0)"
1770036142.24,196,3,"(511.0, 121.0)"
1770036142.25,196,3,"(511.0, 121.0)"
1770036142.261,196,3,"(511.0, 121.0)"
1770036142.272,196,3,"(511.0, 121.0)"
1770036142.282,196,3,"(511.0, 121.0)"
1770036142.293,196,3,"(511.0, 121.0)"
1770036142.304,196,3,"(511.0, 121.0)"
1770036142.314,196,3,"(511.0, 121.0)"
1770036142.325,196,3,"(511.0, 121.0)"
1770036142.335,196,3,"(511.0, 121.0)"
1770036142.346,196,3,"(511.0, 121.0)"
1770036142.356,196,3,"(511.0, 121.0)"
1770036142.366,196,3,"(511.0, 121.0)"
1770036142.376,196,3,"(511.0, 121.0)"
1770036142.387,196,3,"(511.0, 121.0)"
1770036142.397,196,3,"(511.0, 121.0)"
1770036142.407,196,3,"(511.0, 121.0)"
1770036142.417,196,3,"(511.0, 121.0)"
1770036142.428,196,3,"(511.0, 121.0)"
1770036142.438,196,3,"(511.0, 121.0)"
1770036142.45,196,3,"(511.0, 121.0)"
1770036142.461,196,3,"(511.0, 121.0)"
1770036142.471,196,3,"(511.0, 121.0)"
1770036142.481,196,3,"(511.0, 121.0)"
1770036142.492,196,3,"(511.0, 121.0)"
1770036142.503,196,3,"(511.0, 121.0)"
1770036142.514,196,3,"(511.0, 121.0)"
1770036142.524,196,3,"(511.0, 121.0)"
1770036142.534,196,3,"(511.0, 121.0)"
1770036142.546,196,3,"(511.0, 121.0)"
1770036142.556,196,3,"(511.0, 121.0)"
1770036142.566,196,3,"(511.0, 121.0)"
1770036142.578,196,3,"(511.0, 121.0)"
1770036142.589,196,3,"(511.0, 121.0)"
1770036142.599,196,3,"(511.0, 121.0)"
1770036142.609,196,3,"(511.0, 121.0)"
1770036142.62,196,3,"(511.0, 121.0)"
1770036142.63,196,3,"(511.0, 121.0)"
1770036142.64,196,3,"(511.0, 121.0)"
1770036142.65,196,3,"(511.0, 121.0)"
1770036142.66,196,3,"(511.0, 121.0)"
1770036142.671,196,3,"(511.0, 121.0)"
1770036142.681,196,3,"(511.0, 133.0)"
1770036142.692,196,3,"(511.0, 133.0)"
1770036142.703,196,3,"(511.0, 133.0)"
1770036142.714,196,3,"(511.0, 133.0)"
1770036142.724,196,3,"(511.0, 146.0)"
1770036142.734,196,3,"(511.0, 146.0)"
1770036142.745,196,3,"(511.0, 146.0)"
1770036142.756,196,3,"(511.0, 146.0)"
1770036142.766,196,3,"(511.0, 146.0)"
1770036142.777,196,3,"(511.0, 146.0)"
1770036142.792,196,3,"(511.0, 146.0)"
1770036142.804,196,3,"(511.0, 146.0)"
1770036142.814,196,3,"(511.0, 133.0)"
1770036142.824,196,3,"(511.0, 133.0)"
1770036142.834,196,3,"(511.0, 133.0)"
1770036142.845,196,3,"(511.0, 133.0)"
1770036142.856,196,3,"(511.0, 133.0)"
1770036142.866,196,3,"(511.0, 146.0)"
1770036142.876,196,3,"(511.0, 146.0)"
1770036142.886,196,3,"(511.0, 146.0)"
1770036142.897,196,3,"(511.0, 146.0)"
1770036142.907,196,3,"(511.0, 146.0)"
1770036142.918,196,3,"(511.0, 133.0)"
1770036142.928,196,3,"(511.0, 133.0)"
1770036142.938,196,3,"(511.0, 121.0)"
1770036142.949,196,3,"(511.0, 121.0)"
1770036142.959,196,3,"(511.0, 121.0)"
1770036142.969,196,3,"(511.0, 121.0)"
1770036142.98,196,3,"(511.0, 121.0)"
1770036142.99,196,3,"(511.0, 121.0)"
1770036143.003,196,3,"(511.0, 121.0)"
1770036143.014,196,3,"(511.0, 121.0)"
1770036143.024,196,3,"(511.0, 121.0)"
1770036143.034,196,3,"(511.0, 121.0)"
1770036143.044,196,3,"(511.0, 121.0)"
1770036143.055,196,3,"(511.0, 121.0)"
1770036143.065,196,3,"(511.0, 121.0)"
1770036143.075,196,3,"(511.0, 121.0)"
1770036143.086,196,3,"(511.0, 121.0)"
1770036143.096,196,3,"(511.0, 133.0)"
1770036143.106,196,3,"(511.0, 133.0)"
1770036143.116,196,3,"(511.0, 133.0)"
1770036143.126,196,3,"(511.0, 133.0)"
1770036143.136,196,3,"(511.0, 133.0)"
1770036143.147,196,3,"(511.0, 121.0)"
1770036143.158,196,3,"(511.0, 121.0)"
1770036143.168,196,3,"(511.0, 121.0)"
1770036143.178,196,3,"(511.0, 121.0)"
1770036143.188,196,3,"(511.0, 121.0)"
1770036143.199,196,3,"(511.0, 121.0)"
1770036143.209,196,3,"(511.0, 133.0)"
1770036143.221,196,3,"(511.0, 133.0)"
1770036143.231,196,3,"(511.0, 133.0)"
1770036143.242,196,3,"(511.0, 133.0)"
1770036143.253,196,3,"(511.0, 146.0)"
1770036143.264,196,3,"(511.0, 133.0)"
1770036143.275,196,3,"(511.0, 133.0)"
1770036143.285,196,3,"(511.0, 133.0)"
1770036143.296,196,3,"(511.0, 133.0)"
1770036143.306,196,3,"(511.0, 133.0)"
1770036143.317,196,3,"(511.0, 133.0)"
1770036143.329,196,3,"(511.0, 121.0)"
1770036143.339,196,3,"(511.0, 121.0)"
1770036143.349,196,3,"(511.0, 121.0)"
1770036143.36,196,3,"(511.0, 121.0)"
1770036143.371,196,3,"(511.0, 121.0)"
1770036143.382,196,3,"(511.0, 121.0)"
1770036143.392,196,3,"(511.0, 121.0)"
1770036143.403,196,3,"(511.0, 121.0)"
1770036143.414,196,3,"(511.0, 121.0)"
1770036143.425,196,3,"(511.0, 121.0)"
1770036143.435,196,3,"(511.0, 121.0)"
1770036143.445,196,3,"(511.0, 121.0)"
1770036143.456,196,3,"(511.0, 121.0)"
1770036143.466,196,3,"(511.0, 121.0)"
1770036143.476,196,3,"(511.0, 121.0)"
1770036143.486,196,3,"(511.0, 121.0)"
1770036143.496,196,3,"(511.0, 121.0)"
1770036143.507,196,3,"(511.0, 121.0)"
1770036143.517,196,3,"(511.0, 121.0)"
1770036143.527,196,3,"(511.0, 121.0)"
1770036143.539,196,3,"(511.0, 121.0)"
1770036143.549,196,3,"(511.0, 121.0)"
1770036143.559,196,3,"(511.0, 121.0)"
1770036143.571,196,3,"(511.0, 121.0)"
1770036143.581,196,3,"(511.0, 121.0)"
1770036143.592,196,3,"(511.0, 121.0)"
1770036143.602,196,3,"(511.0, 121.0)"
1770036143.612,196,3,"(511.0, 121.0)"
1770036143.623,196,3,"(511.0, 121.0)"
1770036143.634,196,3,"(511.0, 121.0)"
1770036143.644,196,3,"(511.0, 121.0)"
1770036143.654,196,3,"(511.0, 121.0)"
1770036143.665,196,3,"(511.0, 121.0)"
1770036143.675,196,3,"(511.0, 121.0)"
1770036143.686,196,3,"(511.0, 121.0)"
1770036143.696,196,3,"(511.0, 121.0)"
1770036143.706,196,3,"(511.0, 121.0)"
1770036143.716,196,3,"(511.0, 121.0)"
1770036143.726,196,3,"(511.0, 121.0)"
1770036143.737,196,3,"(511.0, 121.0)"
1770036143.748,196,3,"(511.0, 121.0)"
1770036143.758,196,3,"(511.0, 121.0)"
1770036143.769,196,3,"(511.0, 121.0)"
1770036143.78,196,3,"(511.0, 133.0)"
1770036143.79,196,3,"(511.0, 133.0)"
1770036143.801,196,3,"(511.0, 146.0)"
1770036143.811,196,3,"(511.0, 146.0)"
1770036143.822,196,3,"(511.0, 146.0)"
1770036143.833,196,3,"(511.0, 133.0)"
1770036143.843,196,3,"(511.0, 133.0)"
1770036143.855,196,3,"(511.0, 121.0)"
1770036143.865,196,3,"(511.0, 121.0)"
1770036143.875,196,3,"(511.0, 121.0)"
1770036143.885,196,3,"(511.0, 121.0)"
1770036143.896,196,3,"(511.0, 121.0)"
1770036143.906,196,3,"(511.0, 121.0)"
1770036143.916,196,3,"(511.0, 121.0)"
1770036143.927,196,3,"(511.0, 121.0)"
1770036143.937,196,3,"(511.0, 121.0)"
1770036143.948,196,3,"(511.0, 121.0)"
1770036143.959,196,3,"(511.0, 121.0)"
1770036143.969,196,3,"(511.0, 121.0)"
1770036143.98,196,3,"(511.0, 121.0)"
1770036143.991,196,3,"(511.0, 121.0)"
1770036144.002,196,3,"(511.0, 121.0)"
1770036144.012,196,3,"(511.0, 121.0)"
1770036144.023,196,3,"(511.0, 121.0)"
1770036144.033,196,3,"(511.0, 121.0)"
1770036144.044,196,3,"(511.0, 121.0)"
1770036144.055,196,3,"(511.0, 121.0)"
1770036144.065,196,3,"(511.0, 121.0)"
1770036144.076,196,3,"(511.0, 121.0)"
1770036144.086,196,3,"(511.0, 121.0)"
1770036144.096,196,3,"(511.0, 121.0)"
1770036144.107,196,3,"(511.0, 121.0)"
1770036144.117,196,3,"(511.0, 121.0)"
1770036144.128,196,3,"(511.0, 121.0)"
1770036144.138,196,3,"(511.0, 121.0)"
1770036144.149,196,3,"(511.0, 121.0)"
1770036144.159,196,3,"(511.0, 121.0)"
1770036144.17,196,3,"(511.0, 121.0)"
1770036144.182,196,3,"(511.0, 121.0)"
1770036144.192,196,3,"(511.0, 121.0)"
1770036144.202,196,3,"(511.0, 121.0)"
1770036144.213,196,3,"(511.0, 121.0)"
1770036144.223,196,3,"(511.0, 121.0)"
1770036144.235,196,3,"(511.0, 121.0)"
1770036144.246,196,3,"(511.0, 121.0)"
1770036144.257,196,3,"(511.0, 121.0)"
1770036144.267,196,3,"(511.0, 121.0)"
1770036144.278,196,3,"(511.0, 121.0)"
1770036144.288,196,3,"(511.0, 121.0)"
1770036144.3,196,3,"(511.0, 121.0)"
1770036144.31,196,3,"(511.0, 121.0)"
1770036144.321,196,3,"(511.0, 121.0)"
1770036144.332,196,3,"(511.0, 121.0)"
1770036144.342,196,3,"(511.0, 121.0)"
1770036144.352,196,3,"(511.0, 121.0)"
1770036144.362,196,3,"(511.0, 121.0)"
1770036144.372,196,3,"(511.0, 121.0)"
1770036144.383,196,3,"(511.0, 121.0)"
1770036144.394,196,3,"(511.0, 121.0)"
1770036144.404,196,3,"(511.0, 121.0)"
1770036144.416,196,3,"(511.0, 121.0)"
1770036147.826,196,4,"(447.0, 133.0)"
1770036147.838,196,4,"(511.0, 133.0)"
1770036147.848,196,4,"(511.0, 146.0)"
1770036147.859,196,4,"(511.0, 146.0)"
1770036147.87,196,4,"(447.0, 170.0)"
1770036147.881,196,4,"(383.0, 182.0)"
1770036147.891,196,4,"(511.0, 207.0)"
1770036147.901,196,4,"(575.0, 231.0)"
1770036147.911,196,4,"(511.0, 243.0)"
1770036147.922,196,4,"(575.0, 255.0)"
1770036147.933,196,4,"(511.0, 280.0)"
1770036147.943,196,4,"(511.0, 292.0)"
1770036147.954,196,4,"(447.0, 304.0)"
1770036147.964,196,4,"(511.0, 304.0)"
1770036147.975,196,4,"(511.0, 316.0)"
1770036147.986,196,4,"(511.0, 316.0)"
1770036147.996,196,4,"(511.0, 328.0)"
1770036148.008,196,4,"(511.0, 341.0)"
1770036148.018,196,4,"(511.0, 353.0)"
1770036148.028,196,4,"(511.0, 353.0)"
1770036148.038,196,4,"(511.0, 365.0)"
1770036148.049,196,4,"(511.0, 365.0)"
1770036148.06,196,4,"(511.0, 365.0)"
1770036148.07,196,4,"(511.0, 353.0)"
1770036148.08,196,4,"(511.0, 353.0)"
1770036148.092,196,4,"(511.0, 341.0)"
1770036148.103,196,4,"(511.0, 341.0)"
1770036148.114,196,4,"(511.0, 328.0)"
1770036148.124,196,4,"(511.0, 316.0)"
1770036148.134,196,4,"(511.0, 304.0)"
1770036148.145,196,4,"(511.0, 292.0)"
1770036148.155,196,4,"(511.0, 267.0)"
1770036148.166,196,4,"(511.0, 255.0)"
1770036148.177,196,4,"(511.0, 243.0)"
1770036148.188,196,4,"(511.0, 219.0)"
1770036148.198,196,4,"(511.0, 207.0)"
1770036148.21,196,4,"(511.0, 194.0)"
1770036148.22,196,4,"(511.0, 182.0)"
1770036148.23,196,4,"(511.0, 182.0)"
1770036148.241,196,4,"(511.0, 170.0)"
1770036148.251,196,4,"(511.0, 170.0)"
1770036148.261,196,4,"(511.0, 170.0)"
1770036148.271,196,4,"(511.0, 170.0)"
1770036148.282,196,4,"(511.0, 158.0)"
1770036148.293,196,4,"(511.0, 158.0)"
1770036148.304,196,4,"(511.0, 146.0)"
1770036148.315,196,4,"(511.0, 146.0)"
1770036148.325,196,4,"(511.0, 146.0)"
1770036148.335,196,4,"(511.0, 146.0)"
1770036148.346,196,4,"(511.0, 146.0)"
1770036148.357,196,4,"(511.0, 146.0)"
1770036148.367,196,4,"(511.0, 146.0)"
1770036148.378,196,4,"(511.0, 146.0)"
1770036148.388,196,4,"(511.0, 133.0)"
1770036148.399,196,4,"(511.0, 133.0)"
1770036148.409,196,4,"(511.0, 121.0)"
1770036148.419,196,4,"(511.0, 121.0)"
1770036148.43,196,4,"(511.0, 133.0)"
1770036148.441,196,4,"(511.0, 133.0)"
1770036148.452,196,4,"(511.0, 133.0)"
1770036148.463,196,4,"(511.0, 146.0)"
1770036148.474,196,4,"(511.0, 146.0)"
1770036148.485,196,4,"(511.0, 146.0)"
1770036148.497,196,4,"(511.0, 133.0)"
1770036148.508,196,4,"(511.0, 133.0)"
1770036148.518,196,4,"(511.0, 121.0)"
1770036148.529,196,4,"(511.0, 121.0)"
1770036148.539,196,4,"(511.0, 121.0)"
1770036148.549,196,4,"(511.0, 121.0)"
1770036148.56,196,4,"(511.0, 133.0)"
1770036148.571,196,4,"(511.0, 133.0)"
1770036148.582,196,4,"(511.0, 146.0)"
1770036148.592,196,4,"(511.0, 146.0)"
1770036148.603,196,4,"(511.0, 146.0)"
1770036148.614,196,4,"(511.0, 146.0)"
1770036148.625,196,4,"(511.0, 146.0)"
1770036148.635,196,4,"(511.0, 146.0)"
1770036148.646,196,4,"(511.0, 146.0)"
1770036148.656,196,4,"(511.0, 146.0)"
1770036148.667,196,4,"(511.0, 146.0)"
1770036148.678,196,4,"(511.0, 146.0)"
1770036148.689,196,4,"(511.0, 146.0)"
1770036148.699,196,4,"(511.0, 146.0)"
1770036148.71,196,4,"(511.0, 133.0)"
1770036148.721,196,4,"(511.0, 133.0)"
1770036148.732,196,4,"(511.0, 121.0)"
1770036148.742,196,4,"(511.0, 121.0)"
1770036148.752,196,4,"(511.0, 121.0)"
1770036148.763,196,4,"(511.0, 133.0)"
1770036148.774,196,4,"(511.0, 133.0)"
1770036148.784,196,4,"(511.0, 146.0)"
1770036148.796,196,4,"(511.0, 146.0)"
1770036148.806,196,4,"(511.0, 146.0)"
1770036148.817,196,4,"(511.0, 146.0)"
1770036148.827,196,4,"(511.0, 146.0)"
1770036148.838,196,4,"(511.0, 146.0)"
1770036148.848,196,4,"(511.0, 146.0)"
1770036148.858,196,4,"(511.0, 146.0)"
1770036148.869,196,4,"(511.0, 146.0)"
1770036148.88,196,4,"(511.0, 146.0)"
1770036148.891,196,4,"(511.0, 146.0)"
1770036148.901,196,4,"(511.0, 146.0)"
1770036148.911,196,4,"(511.0, 146.0)"
1770036148.921,196,4,"(511.0, 133.0)"
1770036148.932,196,4,"(511.0, 133.0)"
1770036148.943,196,4,"(511.0, 133.0)"
1770036148.954,196,4,"(511.0, 133.0)"
1770036148.964,196,4,"(511.0, 133.0)"
1770036148.975,196,4,"(511.0, 146.0)"
1770036148.986,196,4,"(511.0, 146.0)"
1770036148.996,196,4,"(511.0, 146.0)"
1770036149.007,196,4,"(511.0, 146.0)"
1770036149.017,196,4,"(511.0, 146.0)"
1770036149.028,196,4,"(511.0, 146.0)"
1770036149.039,196,4,"(511.0, 146.0)"
1770036149.05,196,4,"(511.0, 146.0)"
1770036149.06,196,4,"(511.0, 146.0)"
1770036149.071,196,4,"(511.0, 146.0)"
1770036149.081,196,4,"(511.0, 133.0)"
1770036149.092,196,4,"(511.0, 133.0)"
1770036149.102,196,4,"(511.0, 121.0)"
1770036149.114,196,4,"(511.0, 121.0)"
1770036149.124,196,4,"(511.0, 121.0)"
1770036149.135,196,4,"(511.0, 133.0)"
1770036149.145,196,4,"(511.0, 133.0)"
1770036149.156,196,4,"(511.0, 146.0)"
1770036149.166,196,4,"(511.0, 146.0)"
1770036149.176,196,4,"(511.0, 146.0)"
1770036149.188,196,4,"(511.0, 146.0)"
1770036149.198,196,4,"(511.0, 146.0)"
1770036149.209,196,4,"(511.0, 146.0)"
1770036149.22,196,4,"(511.0, 146.0)"
1770036149.231,196,4,"(511.0, 146.0)"
1770036149.241,196,4,"(511.0, 146.0)"
1770036149.251,196,4,"(511.0, 146.0)"
1770036149.261,196,4,"(511.0, 146.0)"
1770036149.272,196,4,"(511.0, 146.0)"
1770036149.282,196,4,"(511.0, 146.0)"
1770036149.293,196,4,"(511.0, 133.0)"
1770036149.304,196,4,"(511.0, 133.0)"
1770036149.314,196,4,"(511.0, 121.0)"
1770036149.326,196,4,"(511.0, 121.0)"
1770036149.337,196,4,"(511.0, 121.0)"
1770036149.348,196,4,"(511.0, 133.0)"
1770036149.358,196,4,"(511.0, 133.0)"
1770036149.37,196,4,"(511.0, 146.0)"
1770036149.38,196,4,"(511.0, 133.0)"
1770036149.391,196,4,"(511.0, 133.0)"
1770036149.402,196,4,"(511.0, 121.0)"
1770036149.413,196,4,"(511.0, 121.0)"
1770036149.424,196,4,"(511.0, 121.0)"
1770036149.434,196,4,"(511.0, 121.0)"
1770036149.446,196,4,"(511.0, 121.0)"
1770036149.458,196,4,"(511.0, 121.0)"
1770036149.47,196,4,"(511.0, 121.0)"
1770036149.48,196,4,"(511.0, 121.0)"
1770036149.491,196,4,"(511.0, 121.0)"
1770036149.501,196,4,"(511.0, 121.0)"
1770036149.512,196,4,"(511.0, 121.0)"
1770036149.522,196,4,"(511.0, 121.0)"
1770036149.532,196,4,"(511.0, 121.0)"
1770036149.543,196,4,"(511.0, 121.0)"
1770036149.554,196,4,"(511.0, 121.0)"
1770036149.566,196,4,"(511.0, 121.0)"
1770036149.576,196,4,"(511.0, 133.0)"
1770036149.586,196,4,"(511.0, 133.0)"
1770036149.596,196,4,"(511.0, 146.0)"
1770036149.608,196,4,"(511.0, 146.0)"
1770036149.618,196,4,"(511.0, 133.0)"
1770036149.629,196,4,"(511.0, 133.0)"
1770036149.639,196,4,"(511.0, 121.0)"
1770036149.649,196,4,"(511.0, 121.0)"
1770036149.66,196,4,"(511.0, 121.0)"
1770036149.671,196,4,"(511.0, 133.0)"
1770036149.682,196,4,"(511.0, 133.0)"
1770036149.693,196,4,"(511.0, 146.0)"
1770036149.703,196,4,"(511.0, 146.0)"
1770036149.714,196,4,"(511.0, 146.0)"
1770036149.726,196,4,"(511.0, 146.0)"
1770036149.736,196,4,"(511.0, 146.0)"
1770036149.746,196,4,"(511.0, 146.0)"
1770036149.758,196,4,"(511.0, 146.0)"
1770036149.768,196,4,"(511.0, 146.0)"
1770036149.779,196,4,"(511.0, 146.0)"
1770036149.789,196,4,"(511.0, 146.0)"
1770036149.8,196,4,"(511.0, 146.0)"
1770036149.81,196,4,"(575.0, 146.0)"
1770036149.821,196,4,"(511.0, 146.0)"
1770036149.831,196,4,"(511.0, 146.0)"
1770036149.842,196,4,"(511.0, 146.0)"
1770036149.852,196,4,"(511.0, 146.0)"
1770036149.863,196,4,"(511.0, 146.0)"
1770036149.873,196,4,"(511.0, 146.0)"
1770036149.883,196,4,"(511.0, 146.0)"
1770036149.894,196,4,"(511.0, 146.0)"
1770036149.905,196,4,"(511.0, 146.0)"
1770036149.916,196,4,"(511.0, 146.0)"
1770036149.926,196,4,"(511.0, 146.0)"
1770036149.938,196,4,"(511.0, 146.0)"
1770036149.948,196,4,"(511.0, 146.0)"
1770036149.958,196,4,"(511.0, 146.0)"
1770036149.969,196,4,"(511.0, 146.0)"
1770036149.98,196,4,"(511.0, 146.0)"
1770036149.99,196,4,"(511.0, 146.0)"
1770036150.0,196,4,"(511.0, 146.0)"
1770036150.012,196,4,"(511.0, 146.0)"
1770036150.022,196,4,"(511.0, 146.0)"
1770036150.032,196,4,"(511.0, 146.0)"
1770036150.043,196,4,"(511.0, 146.0)"
1770036150.053,196,4,"(511.0, 146.0)"
1770036150.063,196,4,"(511.0, 146.0)"
1770036150.075,196,4,"(511.0, 146.0)"
1770036150.085,196,4,"(511.0, 146.0)"
1770036150.095,196,4,"(511.0, 146.0)"
1770036150.105,196,4,"(511.0, 146.0)"
1770036150.116,196,4,"(511.0, 158.0)"
1770036150.127,196,4,"(511.0, 158.0)"
1770036150.138,196,4,"(511.0, 158.0)"
1770036150.148,196,4,"(511.0, 146.0)"
1770036150.159,196,4,"(511.0, 146.0)"
1770036150.169,196,4,"(511.0, 146.0)"
1770036150.18,196,4,"(511.0, 146.0)"
1770036150.191,196,4,"(511.0, 146.0)"
1770036150.201,196,4,"(511.0, 146.0)"
1770036150.214,196,4,"(511.0, 146.0)"
1770036150.224,196,4,"(511.0, 146.0)"
1770036150.234,196,4,"(511.0, 146.0)"
1770036150.246,196,4,"(511.0, 146.0)"
1770036150.256,196,4,"(511.0, 146.0)"
1770036150.267,196,4,"(511.0, 146.0)"
1770036150.277,196,4,"(511.0, 146.0)"
1770036150.287,196,4,"(511.0, 146.0)"
1770036150.298,196,4,"(511.0, 133.0)"
1770036150.308,196,4,"(511.0, 121.0)"
1770036150.319,196,4,"(511.0, 121.0)"
1770036150.329,196,4,"(511.0, 121.0)"
1770036150.34,196,4,"(511.0, 121.0)"
1770036150.35,196,4,"(511.0, 121.0)"
1770036150.36,196,4,"(511.0, 121.0)"
1770036150.37,196,4,"(511.0, 121.0)"
1770036150.381,196,4,"(511.0, 121.0)"
1770036150.391,196,4,"(511.0, 121.0)"
1770036150.401,196,4,"(511.0, 121.0)"
1770036150.414,196,4,"(511.0, 121.0)"
1770036150.424,196,4,"(511.0, 133.0)"
1770036150.434,196,4,"(511.0, 133.0)"
1770036150.444,196,4,"(511.0, 133.0)"
1770036150.455,196,4,"(511.0, 133.0)"
1770036150.465,196,4,"(511.0, 146.0)"
1770036150.476,196,4,"(511.0, 146.0)"
1770036150.486,196,4,"(511.0, 146.0)"
1770036150.497,196,4,"(511.0, 146.0)"
1770036150.508,196,4,"(511.0, 146.0)"
1770036150.518,196,4,"(511.0, 146.0)"
1770036150.53,196,4,"(511.0, 146.0)"
1770036150.541,196,4,"(511.0, 146.0)"
1770036150.551,196,4,"(511.0, 146.0)"
1770036150.562,196,4,"(511.0, 146.0)"
1770036150.573,196,4,"(511.0, 146.0)"
1770036150.584,196,4,"(511.0, 146.0)"
1770036150.595,196,4,"(511.0, 146.0)"
1770036150.605,196,4,"(511.0, 146.0)"
1770036150.616,196,4,"(511.0, 146.0)"
1770036150.626,196,4,"(511.0, 146.0)"
1770036150.637,196,4,"(511.0, 146.0)"
1770036150.647,196,4,"(511.0, 146.0)"
1770036150.658,196,4,"(511.0, 146.0)"
1770036150.668,196,4,"(511.0, 146.0)"
1770036150.679,196,4,"(511.0, 146.0)"
1770036150.689,196,4,"(511.0, 146.0)"
1770036150.7,196,4,"(511.0, 146.0)"
1770036150.71,196,4,"(511.0, 146.0)"
1770036150.721,196,4,"(511.0, 133.0)"
1770036150.732,196,4,"(511.0, 133.0)"
1770036150.743,196,4,"(511.0, 133.0)"
1770036150.754,196,4,"(511.0, 133.0)"
1770036150.765,196,4,"(511.0, 133.0)"
1770036150.775,196,4,"(511.0, 146.0)"
1770036150.786,196,4,"(511.0, 146.0)"
1770036150.797,196,4,"(511.0, 146.0)"
1770036150.807,196,4,"(511.0, 146.0)"
1770036150.819,196,4,"(511.0, 146.0)"
1770093776.869,512,1,"(511.0, 0.0)"
1770093776.884,512,1,"(511.0, 0.0)"
1770093776.894,512,1,"(511.0, 0.0)"
1770093776.906,512,1,"(511.0, 0.0)"
1770093776.916,512,1,"(511.0, 0.0)"
1770093776.927,512,1,"(511.0, 0.0)"
1770093776.937,512,1,"(511.0, 0.0)"
1770093776.947,512,1,"(511.0, 0.0)"
1770093776.957,512,1,"(511.0, 0.0)"
1770093776.969,512,1,"(511.0, 0.0)"
1770093776.979,512,1,"(511.0, 0.0)"
1770093776.989,512,1,"(511.0, 0.0)"
1770093777.0,512,1,"(511.0, 0.0)"
1770093777.01,512,1,"(511.0, 0.0)"
1770093777.021,512,1,"(511.0, 0.0)"
1770093777.032,512,1,"(511.0, 0.0)"
1770093777.043,512,1,"(511.0, 0.0)"
1770093777.054,512,1,"(511.0, 0.0)"
1770093777.064,512,1,"(511.0, 0.0)"
1770093777.075,512,1,"(511.0, 0.0)"
1770093777.085,512,1,"(511.0, 0.0)"
1770093777.096,512,1,"(511.0, 0.0)"
1770093777.107,512,1,"(511.0, 0.0)"
1770093777.117,512,1,"(511.0, 0.0)"
1770093777.128,512,1,"(511.0, 0.0)"
1770093777.139,512,1,"(511.0, 0.0)"
1770093777.15,512,1,"(511.0, 0.0)"
1770093777.161,512,1,"(511.0, 0.0)"
1770093777.172,512,1,"(511.0, 0.0)"
1770093777.183,512,1,"(511.0, 0.0)"
1770093777.195,512,1,"(511.0, 0.0)"
1770093777.206,512,1,"(511.0, 0.0)"
1770093777.216,512,1,"(511.0, 0.0)"
1770093777.227,512,1,"(511.0, 0.0)"
1770093777.237,512,1,"(511.0, 0.0)"
1770093777.247,512,1,"(511.0, 0.0)"
1770093777.259,512,1,"(511.0, 0.0)"
1770093777.269,512,1,"(511.0, 0.0)"
1770093777.281,512,1,"(511.0, 0.0)"
1770093777.291,512,1,"(511.0, 0.0)"
1770093777.302,512,1,"(511.0, 0.0)"
1770093777.313,512,1,"(511.0, 0.0)"
1770093777.324,512,1,"(511.0, 0.0)"
1770093777.335,512,1,"(511.0, 0.0)"
1770093777.346,512,1,"(511.0, 0.0)"
1770093777.356,512,1,"(511.0, 0.0)"
1770093777.367,512,1,"(511.0, 0.0)"
1770093777.378,512,1,"(511.0, 0.0)"
1770093777.389,512,1,"(511.0, 0.0)"
1770093777.4,512,1,"(511.0, 0.0)"
1770093777.41,512,1,"(511.0, 0.0)"
1770093777.42,512,1,"(511.0, 0.0)"
1770093777.43,512,1,"(511.0, 0.0)"
1770093777.441,512,1,"(511.0, 0.0)"
1770093777.451,512,1,"(511.0, 0.0)"
1770093777.462,512,1,"(511.0, 0.0)"
1770093777.473,512,1,"(511.0, 0.0)"
1770093777.483,512,1,"(511.0, 0.0)"
1770093777.494,512,1,"(511.0, 0.0)"
1770093777.505,512,1,"(511.0, 0.0)"
1770093777.515,512,1,"(511.0, 0.0)"
1770093777.525,512,1,"(511.0, 0.0)"
1770093777.535,512,1,"(511.0, 0.0)"
1770093777.547,512,1,"(511.0, 0.0)"
1770093777.558,512,1,"(511.0, 0.0)"
1770093777.569,512,1,"(511.0, 0.0)"
1770093777.579,512,1,"(511.0, 0.0)"
1770093777.59,512,1,"(511.0, 0.0)"
1770093777.601,512,1,"(511.0, 0.0)"
1770093777.611,512,1,"(511.0, 0.0)"
1770093777.621,512,1,"(511.0, 0.0)"
1770093777.635,512,1,"(511.0, 0.0)"
1770093777.646,512,1,"(511.0, 0.0)"
1770093777.656,512,1,"(511.0, 0.0)"
1770093777.666,512,1,"(511.0, 0.0)"
1770093777.677,512,1,"(511.0, 0.0)"
1770093777.689,512,1,"(511.0, 0.0)"
1770093777.7,512,1,"(511.0, 0.0)"
1770093777.711,512,1,"(511.0, 0.0)"
1770093777.722,512,1,"(511.0, 0.0)"
1770093777.733,512,1,"(511.0, 0.0)"
1770093777.743,512,1,"(511.0, 0.0)"
1770093777.754,512,1,"(511.0, 0.0)"
1770093777.765,512,1,"(511.0, 0.0)"
1770093777.776,512,1,"(511.0, 0.0)"
1770093777.786,512,1,"(511.0, 0.0)"
1770093777.797,512,1,"(511.0, 0.0)"
1770093777.807,512,1,"(511.0, 0.0)"
1770093777.817,512,1,"(511.0, 0.0)"
1770093777.828,512,1,"(511.0, 0.0)"
1770093777.839,512,1,"(511.0, 0.0)"
1770093777.85,512,1,"(511.0, 0.0)"
1770093777.86,512,1,"(511.0, 0.0)"
1770093777.87,512,1,"(511.0, 0.0)"
1770093777.881,512,1,"(511.0, 0.0)"
1770093777.891,512,1,"(511.0, 0.0)"
1770093777.902,512,1,"(511.0, 0.0)"
1770093777.913,512,1,"(511.0, 0.0)"
1770093777.924,512,1,"(511.0, 0.0)"
1770093777.935,512,1,"(511.0, 0.0)"
1770093777.945,512,1,"(511.0, 0.0)"
1770093777.955,512,1,"(511.0, 0.0)"
1770093777.967,512,1,"(511.0, 0.0)"
1770093777.978,512,1,"(511.0, 0.0)"
1770093777.99,512,1,"(511.0, 0.0)"
1770093778.0,512,1,"(511.0, 0.0)"
1770093778.011,512,1,"(511.0, 0.0)"
1770093778.021,512,1,"(511.0, 0.0)"
1770093778.031,512,1,"(511.0, 0.0)"
1770093778.042,512,1,"(511.0, 0.0)"
1770093778.052,512,1,"(511.0, 0.0)"
1770093778.063,512,1,"(511.0, 0.0)"
1770093778.073,512,1,"(511.0, 0.0)"
1770093778.083,512,1,"(511.0, 0.0)"
1770093778.093,512,1,"(511.0, 0.0)"
1770093778.103,512,1,"(511.0, 0.0)"
1770093778.115,512,1,"(511.0, 0.0)"
1770093778.126,512,1,"(511.0, 0.0)"
1770093778.137,512,1,"(511.0, 0.0)"
1770093778.147,512,1,"(511.0, 0.0)"
1770093778.159,512,1,"(511.0, 0.0)"
1770093778.169,512,1,"(511.0, 0.0)"
1770093778.18,512,1,"(511.0, 0.0)"
1770093778.191,512,1,"(511.0, 0.0)"
1770093778.202,512,1,"(511.0, 0.0)"
1770093778.212,512,1,"(511.0, 0.0)"
1770093778.223,512,1,"(511.0, 0.0)"
1770093778.233,512,1,"(511.0, 0.0)"
1770093778.244,512,1,"(511.0, 0.0)"
1770093778.255,512,1,"(511.0, 0.0)"
1770093778.265,512,1,"(511.0, 0.0)"
1770093778.276,512,1,"(511.0, 0.0)"
1770093778.287,512,1,"(511.0, 0.0)"
1770093778.298,512,1,"(511.0, 0.0)"
1770093778.308,512,1,"(511.0, 0.0)"
1770093778.319,512,1,"(511.0, 0.0)"
1770093778.33,512,1,"(511.0, 0.0)"
1770093778.341,512,1,"(511.0, 0.0)"
1770093778.351,512,1,"(511.0, 0.0)"
1770093778.362,512,1,"(511.0, 0.0)"
1770093778.374,512,1,"(511.0, 0.0)"
1770093778.384,512,1,"(511.0, 0.0)"
1770093778.394,512,1,"(511.0, 0.0)"
1770093778.406,512,1,"(511.0, 0.0)"
1770093778.418,512,1,"(511.0, 0.0)"
1770093778.428,512,1,"(511.0, 0.0)"
1770093778.44,512,1,"(511.0, 0.0)"
1770093778.45,512,1,"(511.0, 0.0)"
1770093778.461,512,1,"(511.0, 0.0)"
1770093778.471,512,1,"(511.0, 0.0)"
1770093778.481,512,1,"(511.0, 0.0)"
1770093778.491,512,1,"(511.0, 0.0)"
1770093778.503,512,1,"(511.0, 0.0)"
1770093778.513,512,1,"(511.0, 0.0)"
1770093778.524,512,1,"(511.0, 0.0)"
1770093778.535,512,1,"(511.0, 0.0)"
1770093778.546,512,1,"(511.0, 0.0)"
1770093778.557,512,1,"(511.0, 0.0)"
1770093778.567,512,1,"(511.0, 0.0)"
1770093778.578,512,1,"(511.0, 0.0)"
1770093778.589,512,1,"(511.0, 0.0)"
1770093778.599,512,1,"(511.0, 0.0)"
1770093778.609,512,1,"(511.0, 0.0)"
1770093778.62,512,1,"(511.0, 0.0)"
1770093778.63,512,1,"(511.0, 0.0)"
1770093778.64,512,1,"(511.0, 0.0)"
1770093778.65,512,1,"(511.0, 0.0)"
1770093778.661,512,1,"(511.0, 0.0)"
1770093778.672,512,1,"(511.0, 0.0)"
1770093778.682,512,1,"(511.0, 0.0)"
1770093778.693,512,1,"(511.0, 0.0)"
1770093778.705,512,1,"(511.0, 0.0)"
1770093778.716,512,1,"(511.0, 0.0)"
1770093778.727,512,1,"(511.0, 0.0)"
1770093778.737,512,1,"(511.0, 0.0)"
1770093778.748,512,1,"(511.0, 0.0)"
1770093778.758,512,1,"(511.0, 0.0)"
1770093778.769,512,1,"(511.0, 0.0)"
1770093778.779,512,1,"(511.0, 0.0)"
1770093778.79,512,1,"(511.0, 0.0)"
1770093778.8,512,1,"(511.0, 0.0)"
1770093778.81,512,1,"(511.0, 0.0)"
1770093778.821,512,1,"(511.0, 0.0)"
1770093778.831,512,1,"(511.0, 0.0)"
1770093778.842,512,1,"(511.0, 0.0)"
1770093778.853,512,1,"(511.0, 0.0)"
1770093778.863,512,1,"(511.0, 0.0)"
1770093778.873,512,1,"(511.0, 0.0)"
1770093778.884,512,1,"(511.0, 0.0)"
1770093778.894,512,1,"(511.0, 0.0)"
1770093778.906,512,1,"(511.0, 0.0)"
1770093778.917,512,1,"(511.0, 0.0)"
1770093778.927,512,1,"(511.0, 0.0)"
1770093778.937,512,1,"(511.0, 0.0)"
1770093778.948,512,1,"(511.0, 0.0)"
1770093778.959,512,1,"(511.0, 0.0)"
1770093778.97,512,1,"(511.0, 0.0)"
1770093778.981,512,1,"(511.0, 0.0)"
1770093778.992,512,1,"(511.0, 0.0)"
1770093779.002,512,1,"(511.0, 0.0)"
1770093779.012,512,1,"(511.0, 0.0)"
1770093779.022,512,1,"(511.0, 0.0)"
1770093779.032,512,1,"(511.0, 0.0)"
1770093779.043,512,1,"(511.0, 0.0)"
1770093779.054,512,1,"(511.0, 0.0)"
1770093779.065,512,1,"(511.0, 0.0)"
1770093779.076,512,1,"(511.0, 0.0)"
1770093779.086,512,1,"(511.0, 0.0)"
1770093779.097,512,1,"(511.0, 0.0)"
1770093779.107,512,1,"(511.0, 0.0)"
1770093779.117,512,1,"(511.0, 0.0)"
1770093779.128,512,1,"(511.0, 0.0)"
1770093779.14,512,1,"(511.0, 0.0)"
1770093779.151,512,1,"(511.0, 0.0)"
1770093779.161,512,1,"(511.0, 0.0)"
1770093779.172,512,1,"(511.0, 0.0)"
1770093779.183,512,1,"(511.0, 0.0)"
1770093779.193,512,1,"(511.0, 0.0)"
1770093779.203,512,1,"(511.0, 0.0)"
1770093779.213,512,1,"(511.0, 0.0)"
1770093779.224,512,1,"(511.0, 0.0)"
1770093779.235,512,1,"(511.0, 0.0)"
1770093779.245,512,1,"(511.0, 0.0)"
1770093779.256,512,1,"(511.0, 0.0)"
1770093779.266,512,1,"(511.0, 0.0)"
1770093779.277,512,1,"(511.0, 0.0)"
1770093779.287,512,1,"(511.0, 0.0)"
1770093779.297,512,1,"(511.0, 0.0)"
1770093779.308,512,1,"(511.0, 0.0)"
1770093779.32,512,1,"(511.0, 0.0)"
1770093779.33,512,1,"(511.0, 0.0)"
1770093779.34,512,1,"(511.0, 0.0)"
1770093779.351,512,1,"(511.0, 0.0)"
1770093779.361,512,1,"(511.0, 0.0)"
1770093779.372,512,1,"(511.0, 0.0)"
1770093779.383,512,1,"(511.0, 0.0)"
1770093779.394,512,1,"(511.0, 0.0)"
1770093779.405,512,1,"(511.0, 0.0)"
1770093779.416,512,1,"(511.0, 0.0)"
1770093779.426,512,1,"(511.0, 0.0)"
1770093779.439,512,1,"(511.0, 0.0)"
1770093779.45,512,1,"(511.0, 0.0)"
1770093779.46,512,1,"(511.0, 0.0)"
1770093779.471,512,1,"(511.0, 0.0)"
1770093779.482,512,1,"(511.0, 0.0)"
1770093779.493,512,1,"(511.0, 0.0)"
1770093779.503,512,1,"(511.0, 0.0)"
1770093779.514,512,1,"(511.0, 0.0)"
1770093779.525,512,1,"(511.0, 0.0)"
1770093779.536,512,1,"(511.0, 0.0)"
1770093779.547,512,1,"(511.0, 0.0)"
1770093779.557,512,1,"(511.0, 0.0)"
1770093779.568,512,1,"(511.0, 0.0)"
1770093779.579,512,1,"(511.0, 0.0)"
1770093779.589,512,1,"(511.0, 0.0)"
1770093779.599,512,1,"(511.0, 0.0)"
1770093779.61,512,1,"(511.0, 0.0)"
1770093779.621,512,1,"(511.0, 0.0)"
1770093779.631,512,1,"(511.0, 0.0)"
1770093779.642,512,1,"(511.0, 0.0)"
1770093779.652,512,1,"(511.0, 0.0)"
1770093779.663,512,1,"(511.0, 0.0)"
1770093779.674,512,1,"(511.0, 0.0)"
1770093779.685,512,1,"(511.0, 0.0)"
1770093779.697,512,1,"(511.0, 0.0)"
1770093779.707,512,1,"(511.0, 0.0)"
1770093779.718,512,1,"(511.0, 0.0)"
1770093779.728,512,1,"(511.0, 0.0)"
1770093779.739,512,1,"(511.0, 0.0)"
1770093779.75,512,1,"(511.0, 0.0)"
1770093779.761,512,1,"(511.0, 0.0)"
1770093779.774,512,1,"(511.0, 0.0)"
1770093779.785,512,1,"(511.0, 0.0)"
1770093779.795,512,1,"(511.0, 0.0)"
1770093779.806,512,1,"(511.0, 0.0)"
1770093779.817,512,1,"(511.0, 0.0)"
1770093779.827,512,1,"(511.0, 0.0)"
1770093779.84,512,1,"(511.0, 0.0)"
1770093779.851,512,1,"(511.0, 0.0)"
1770093779.862,512,1,"(511.0, 0.0)"
1770093785.075,512,2,"(613.0, 391.0)"
1770093785.086,512,2,"(511.0, 391.0)"
1770093785.096,512,2,"(511.0, 391.0)"
1770093785.106,512,2,"(409.0, 413.0)"
1770093785.116,512,2,"(409.0, 413.0)"
1770093785.126,512,2,"(613.0, 413.0)"
1770093785.137,512,2,"(613.0, 435.0)"
1770093785.147,512,2,"(613.0, 457.0)"
1770093785.159,512,2,"(511.0, 457.0)"
1770093785.17,512,2,"(613.0, 478.0)"
1770093785.181,512,2,"(613.0, 478.0)"
1770093785.192,512,2,"(511.0, 478.0)"
1770093785.203,512,2,"(511.0, 457.0)"
1770093785.214,512,2,"(511.0, 457.0)"
1770093785.224,512,2,"(511.0, 457.0)"
1770093785.234,512,2,"(511.0, 457.0)"
1770093785.245,512,2,"(511.0, 457.0)"
1770093785.256,512,2,"(511.0, 478.0)"
1770093785.267,512,2,"(511.0, 457.0)"
1770093785.277,512,2,"(511.0, 457.0)"
1770093785.287,512,2,"(511.0, 435.0)"
1770093785.299,512,2,"(511.0, 435.0)"
1770093785.31,512,2,"(511.0, 413.0)"
1770093785.32,512,2,"(511.0, 391.0)"
1770093785.33,512,2,"(511.0, 370.0)"
1770093785.342,512,2,"(511.0, 348.0)"
1770093785.353,512,2,"(409.0, 348.0)"
1770093785.363,512,2,"(511.0, 348.0)"
1770093785.375,512,2,"(511.0, 348.0)"
1770093785.385,512,2,"(511.0, 348.0)"
1770093785.396,512,2,"(613.0, 348.0)"
1770093785.406,512,2,"(613.0, 348.0)"
1770093785.416,512,2,"(511.0, 348.0)"
1770093785.426,512,2,"(511.0, 326.0)"
1770093785.436,512,2,"(511.0, 326.0)"
1770093785.447,512,2,"(511.0, 326.0)"
1770093785.459,512,2,"(511.0, 326.0)"
1770093785.47,512,2,"(511.0, 326.0)"
1770093785.48,512,2,"(613.0, 348.0)"
1770093785.49,512,2,"(511.0, 348.0)"
1770093785.501,512,2,"(409.0, 348.0)"
1770093785.512,512,2,"(511.0, 348.0)"
1770093785.523,512,2,"(511.0, 370.0)"
1770093785.533,512,2,"(511.0, 391.0)"
1770093785.543,512,2,"(511.0, 413.0)"
1770093785.553,512,2,"(511.0, 413.0)"
1770093785.564,512,2,"(511.0, 435.0)"
1770093785.575,512,2,"(511.0, 435.0)"
1770093785.585,512,2,"(511.0, 435.0)"
1770093785.597,512,2,"(511.0, 435.0)"
1770093785.609,512,2,"(409.0, 413.0)"
1770093785.62,512,2,"(511.0, 413.0)"
1770093785.63,512,2,"(511.0, 391.0)"
1770093785.642,512,2,"(511.0, 370.0)"
1770093785.653,512,2,"(511.0, 348.0)"
1770093785.663,512,2,"(613.0, 348.0)"
1770093785.674,512,2,"(511.0, 348.0)"
1770093785.685,512,2,"(511.0, 348.0)"
1770093785.696,512,2,"(511.0, 348.0)"
1770093785.706,512,2,"(511.0, 348.0)"
1770093785.717,512,2,"(511.0, 370.0)"
1770093785.727,512,2,"(511.0, 370.0)"
1770093785.738,512,2,"(511.0, 348.0)"
1770093785.749,512,2,"(511.0, 348.0)"
1770093785.759,512,2,"(511.0, 348.0)"
1770093785.769,512,2,"(511.0, 348.0)"
1770093785.78,512,2,"(511.0, 326.0)"
1770093785.791,512,2,"(511.0, 326.0)"
1770093785.801,512,2,"(511.0, 326.0)"
1770093785.812,512,2,"(511.0, 326.0)"
1770093785.823,512,2,"(613.0, 348.0)"
1770093785.833,512,2,"(613.0, 370.0)"
1770093785.845,512,2,"(511.0, 370.0)"
1770093785.855,512,2,"(511.0, 348.0)"
1770093785.866,512,2,"(511.0, 348.0)"
1770093785.878,512,2,"(511.0, 348.0)"
1770093785.889,512,2,"(511.0, 348.0)"
1770093785.9,512,2,"(511.0, 348.0)"
1770093785.912,512,2,"(511.0, 370.0)"
1770093785.923,512,2,"(511.0, 391.0)"
1770093785.933,512,2,"(613.0, 370.0)"
1770093785.944,512,2,"(511.0, 370.0)"
1770093785.954,512,2,"(511.0, 348.0)"
1770093785.965,512,2,"(511.0, 326.0)"
1770093785.975,512,2,"(511.0, 304.0)"
1770093785.986,512,2,"(511.0, 304.0)"
1770093785.997,512,2,"(511.0, 304.0)"
1770093786.007,512,2,"(511.0, 304.0)"
1770093786.017,512,2,"(511.0, 304.0)"
1770093786.029,512,2,"(511.0, 304.0)"
1770093786.04,512,2,"(511.0, 304.0)"
1770093786.05,512,2,"(511.0, 282.0)"
1770093786.061,512,2,"(511.0, 261.0)"
1770093786.071,512,2,"(511.0, 239.0)"
1770093786.081,512,2,"(511.0, 217.0)"
1770093786.093,512,2,"(511.0, 217.0)"
1770093786.105,512,2,"(511.0, 217.0)"
1770093786.115,512,2,"(511.0, 217.0)"
1770093786.127,512,2,"(511.0, 217.0)"
1770093786.137,512,2,"(511.0, 195.0)"
1770093786.148,512,2,"(511.0, 195.0)"
1770093786.159,512,2,"(511.0, 174.0)"
1770093786.17,512,2,"(511.0, 174.0)"
1770093786.181,512,2,"(511.0, 174.0)"
1770093786.192,512,2,"(511.0, 174.0)"
1770093786.203,512,2,"(511.0, 174.0)"
1770093786.214,512,2,"(511.0, 174.0)"
1770093786.224,512,2,"(511.0, 174.0)"
1770093786.235,512,2,"(511.0, 174.0)"
1770093786.247,512,2,"(511.0, 174.0)"
1770093786.257,512,2,"(511.0, 174.0)"
1770093786.267,512,2,"(511.0, 174.0)"
1770093786.277,512,2,"(511.0, 174.0)"
1770093786.287,512,2,"(511.0, 174.0)"
1770093786.298,512,2,"(511.0, 174.0)"
1770093786.31,512,2,"(511.0, 174.0)"
1770093786.32,512,2,"(511.0, 174.0)"
1770093786.331,512,2,"(511.0, 174.0)"
1770093786.342,512,2,"(511.0, 174.0)"
1770093786.352,512,2,"(511.0, 174.0)"
1770093786.363,512,2,"(511.0, 174.0)"
1770093786.375,512,2,"(511.0, 152.0)"
1770093786.385,512,2,"(511.0, 152.0)"
1770093786.396,512,2,"(511.0, 130.0)"
1770093786.407,512,2,"(511.0, 130.0)"
1770093786.417,512,2,"(511.0, 130.0)"
1770093786.427,512,2,"(511.0, 108.0)"
1770093786.437,512,2,"(511.0, 87.0)"
1770093786.449,512,2,"(511.0, 87.0)"
1770093786.46,512,2,"(511.0, 87.0)"
1770093786.47,512,2,"(511.0, 65.0)"
1770093786.481,512,2,"(511.0, 43.0)"
1770093786.492,512,2,"(511.0, 43.0)"
1770093786.504,512,2,"(511.0, 43.0)"
1770093786.515,512,2,"(511.0, 43.0)"
1770093786.527,512,2,"(511.0, 43.0)"
1770093786.537,512,2,"(511.0, 65.0)"
1770093786.548,512,2,"(511.0, 65.0)"
1770093786.56,512,2,"(511.0, 87.0)"
1770093786.572,512,2,"(511.0, 87.0)"
1770093786.582,512,2,"(511.0, 87.0)"
1770093786.592,512,2,"(511.0, 87.0)"
1770093786.602,512,2,"(511.0, 87.0)"
1770093786.613,512,2,"(409.0, 108.0)"
1770093786.623,512,2,"(511.0, 130.0)"
1770093786.634,512,2,"(511.0, 152.0)"
1770093786.645,512,2,"(409.0, 174.0)"
1770093786.657,512,2,"(409.0, 195.0)"
1770093786.669,512,2,"(409.0, 217.0)"
1770093786.68,512,2,"(409.0, 217.0)"
1770093786.691,512,2,"(511.0, 239.0)"
1770093786.702,512,2,"(511.0, 282.0)"
1770093786.712,512,2,"(511.0, 304.0)"
1770093786.723,512,2,"(511.0, 326.0)"
1770093786.733,512,2,"(613.0, 326.0)"
1770093786.744,512,2,"(613.0, 370.0)"
1770093786.755,512,2,"(511.0, 391.0)"
1770093786.765,512,2,"(511.0, 435.0)"
1770093786.777,512,2,"(511.0, 457.0)"
1770093786.787,512,2,"(613.0, 478.0)"
1770093786.799,512,2,"(511.0, 500.0)"
1770093786.81,512,2,"(511.0, 500.0)"
1770093786.821,512,2,"(511.0, 522.0)"
1770093786.831,512,2,"(716.0, 544.0)"
1770093786.842,512,2,"(716.0, 565.0)"
1770093786.852,512,2,"(511.0, 609.0)"
1770093786.862,512,2,"(511.0, 652.0)"
1770093786.873,512,2,"(409.0, 696.0)"
1770093786.883,512,2,"(102.0, 718.0)"
1770093786.894,512,2,"(306.0, 718.0)"
1770093786.904,512,2,"(613.0, 740.0)"
1770093786.915,512,2,"(511.0, 761.0)"
1770093786.925,512,2,"(716.0, 783.0)"
1770093786.936,512,2,"(716.0, 805.0)"
1770093786.946,512,2,"(818.0, 827.0)"
1770093786.959,512,2,"(716.0, 848.0)"
1770093786.97,512,2,"(511.0, 870.0)"
1770093786.98,512,2,"(613.0, 914.0)"
1770093786.99,512,2,"(306.0, 914.0)"
1770093787.0,512,2,"(511.0, 935.0)"
1770093787.01,512,2,"(511.0, 935.0)"
1770093787.022,512,2,"(716.0, 914.0)"
1770093787.032,512,2,"(511.0, 914.0)"
1770093787.042,512,2,"(511.0, 914.0)"
1770093787.053,512,2,"(511.0, 914.0)"
1770093787.063,512,2,"(409.0, 914.0)"
1770093787.073,512,2,"(511.0, 914.0)"
1770093787.084,512,2,"(511.0, 935.0)"
1770093787.094,512,2,"(613.0, 957.0)"
1770093787.105,512,2,"(511.0, 935.0)"
1770093787.115,512,2,"(716.0, 914.0)"
1770093787.127,512,2,"(716.0, 870.0)"
1770093787.138,512,2,"(511.0, 870.0)"
1770093787.149,512,2,"(409.0, 892.0)"
1770093787.159,512,2,"(511.0, 935.0)"
1770093787.17,512,2,"(204.0, 935.0)"
1770093787.181,512,2,"(409.0, 935.0)"
1770093787.192,512,2,"(511.0, 935.0)"
1770093787.203,512,2,"(511.0, 914.0)"
1770093787.214,512,2,"(511.0, 892.0)"
1770093787.224,512,2,"(511.0, 892.0)"
1770093787.234,512,2,"(511.0, 870.0)"
1770093787.245,512,2,"(613.0, 848.0)"
1770093787.257,512,2,"(511.0, 827.0)"
1770093787.268,512,2,"(613.0, 827.0)"
1770093787.278,512,2,"(409.0, 827.0)"
1770093787.289,512,2,"(613.0, 827.0)"
1770093787.301,512,2,"(511.0, 827.0)"
1770093787.311,512,2,"(511.0, 827.0)"
1770093787.321,512,2,"(613.0, 805.0)"
1770093787.331,512,2,"(511.0, 805.0)"
1770093787.341,512,2,"(511.0, 783.0)"
1770093787.352,512,2,"(511.0, 761.0)"
1770093787.363,512,2,"(613.0, 761.0)"
1770093787.374,512,2,"(511.0, 761.0)"
1770093787.385,512,2,"(613.0, 740.0)"
1770093787.396,512,2,"(716.0, 718.0)"
1770093787.408,512,2,"(511.0, 674.0)"
1770093787.419,512,2,"(511.0, 631.0)"
1770093787.429,512,2,"(613.0, 587.0)"
1770093787.439,512,2,"(511.0, 565.0)"
1770093787.45,512,2,"(511.0, 565.0)"
1770093787.46,512,2,"(511.0, 544.0)"
1770093787.47,512,2,"(511.0, 544.0)"
1770093787.48,512,2,"(511.0, 522.0)"
1770093787.492,512,2,"(511.0, 522.0)"
1770093787.503,512,2,"(613.0, 522.0)"
1770093787.514,512,2,"(511.0, 522.0)"
1770093787.524,512,2,"(613.0, 522.0)"
1770093787.534,512,2,"(511.0, 522.0)"
1770093787.545,512,2,"(409.0, 500.0)"
1770093787.556,512,2,"(511.0, 500.0)"
1770093787.567,512,2,"(511.0, 478.0)"
1770093787.578,512,2,"(409.0, 478.0)"
1770093787.588,512,2,"(511.0, 457.0)"
1770093787.599,512,2,"(511.0, 457.0)"
1770093787.61,512,2,"(511.0, 413.0)"
1770093787.621,512,2,"(409.0, 413.0)"
1770093787.632,512,2,"(409.0, 413.0)"
1770093787.642,512,2,"(511.0, 413.0)"
1770093787.652,512,2,"(511.0, 413.0)"
1770093787.664,512,2,"(511.0, 413.0)"
1770093787.674,512,2,"(511.0, 413.0)"
1770093787.685,512,2,"(511.0, 391.0)"
1770093787.696,512,2,"(511.0, 391.0)"
1770093787.707,512,2,"(409.0, 391.0)"
1770093787.717,512,2,"(511.0, 391.0)"
1770093787.728,512,2,"(511.0, 391.0)"
1770093787.739,512,2,"(511.0, 391.0)"
1770093787.75,512,2,"(511.0, 391.0)"
1770093787.761,512,2,"(511.0, 391.0)"
1770093787.771,512,2,"(511.0, 370.0)"
1770093787.781,512,2,"(511.0, 370.0)"
1770093787.792,512,2,"(511.0, 348.0)"
1770093787.802,512,2,"(511.0, 326.0)"
1770093787.812,512,2,"(511.0, 326.0)"
1770093787.823,512,2,"(613.0, 304.0)"
1770093787.834,512,2,"(511.0, 304.0)"
1770093787.844,512,2,"(511.0, 304.0)"
1770093787.856,512,2,"(511.0, 326.0)"
1770093787.866,512,2,"(511.0, 326.0)"
1770093787.879,512,2,"(511.0, 326.0)"
1770093787.889,512,2,"(511.0, 304.0)"
1770093787.899,512,2,"(511.0, 282.0)"
1770093787.91,512,2,"(613.0, 261.0)"
1770093787.92,512,2,"(511.0, 261.0)"
1770093787.93,512,2,"(511.0, 282.0)"
1770093787.941,512,2,"(511.0, 282.0)"
1770093787.951,512,2,"(511.0, 304.0)"
1770093787.962,512,2,"(511.0, 304.0)"
1770093787.973,512,2,"(716.0, 326.0)"
1770093787.983,512,2,"(716.0, 348.0)"
1770093787.995,512,2,"(511.0, 348.0)"
1770093788.006,512,2,"(613.0, 370.0)"
1770093788.016,512,2,"(716.0, 391.0)"
1770093788.027,512,2,"(613.0, 413.0)"
1770093788.037,512,2,"(511.0, 413.0)"
1770093788.047,512,2,"(511.0, 413.0)"
1770093788.058,512,2,"(511.0, 413.0)"
1770093788.068,512,2,"(409.0, 413.0)"
1770093794.101,512,3,"(511.0, 0.0)"
1770093794.112,512,3,"(511.0, 0.0)"
1770093794.123,512,3,"(511.0, 0.0)"
1770093794.134,512,3,"(511.0, 0.0)"
1770093794.144,512,3,"(511.0, 0.0)"
1770093794.154,512,3,"(511.0, 0.0)"
1770093794.166,512,3,"(511.0, 0.0)"
1770093794.177,512,3,"(511.0, 0.0)"
1770093794.188,512,3,"(511.0, 0.0)"
1770093794.199,512,3,"(511.0, 0.0)"
1770093794.21,512,3,"(511.0, 0.0)"
1770093794.22,512,3,"(511.0, 0.0)"
1770093794.232,512,3,"(511.0, 0.0)"
1770093794.242,512,3,"(511.0, 0.0)"
1770093794.254,512,3,"(511.0, 0.0)"
1770093794.264,512,3,"(511.0, 0.0)"
1770093794.275,512,3,"(511.0, 0.0)"
1770093794.285,512,3,"(511.0, 0.0)"
1770093794.298,512,3,"(511.0, 0.0)"
1770093794.308,512,3,"(511.0, 0.0)"
1770093794.319,512,3,"(511.0, 0.0)"
1770093794.331,512,3,"(511.0, 0.0)"
1770093794.342,512,3,"(511.0, 21.0)"
1770093794.353,512,3,"(511.0, 43.0)"
1770093794.363,512,3,"(511.0, 43.0)"
1770093794.374,512,3,"(511.0, 43.0)"
1770093794.385,512,3,"(511.0, 43.0)"
1770093794.396,512,3,"(511.0, 43.0)"
1770093794.406,512,3,"(511.0, 43.0)"
1770093794.417,512,3,"(511.0, 65.0)"
1770093794.428,512,3,"(511.0, 65.0)"
1770093794.438,512,3,"(511.0, 87.0)"
1770093794.448,512,3,"(511.0, 87.0)"
1770093794.459,512,3,"(511.0, 87.0)"
1770093794.469,512,3,"(511.0, 87.0)"
1770093794.481,512,3,"(511.0, 108.0)"
1770093794.491,512,3,"(511.0, 108.0)"
1770093794.501,512,3,"(511.0, 130.0)"
1770093794.513,512,3,"(511.0, 130.0)"
1770093794.524,512,3,"(511.0, 130.0)"
1770093794.535,512,3,"(511.0, 130.0)"
1770093794.545,512,3,"(511.0, 130.0)"
1770093794.555,512,3,"(511.0, 130.0)"
1770093794.566,512,3,"(511.0, 130.0)"
1770093794.577,512,3,"(511.0, 130.0)"
1770093794.587,512,3,"(511.0, 130.0)"
1770093794.598,512,3,"(511.0, 130.0)"
1770093794.609,512,3,"(511.0, 130.0)"
1770093794.62,512,3,"(511.0, 130.0)"
1770093794.631,512,3,"(511.0, 130.0)"
1770093794.641,512,3,"(511.0, 130.0)"
1770093794.652,512,3,"(511.0, 108.0)"
1770093794.662,512,3,"(511.0, 108.0)"
1770093794.673,512,3,"(511.0, 87.0)"
1770093794.684,512,3,"(511.0, 87.0)"
1770093794.695,512,3,"(511.0, 87.0)"
1770093794.707,512,3,"(511.0, 87.0)"
1770093794.718,512,3,"(511.0, 87.0)"
1770093794.728,512,3,"(511.0, 87.0)"
1770093794.739,512,3,"(511.0, 87.0)"
1770093794.749,512,3,"(511.0, 87.0)"
1770093794.761,512,3,"(511.0, 87.0)"
1770093794.772,512,3,"(511.0, 87.0)"
1770093794.783,512,3,"(511.0, 87.0)"
1770093794.795,512,3,"(511.0, 108.0)"
1770093794.806,512,3,"(511.0, 108.0)"
1770093794.816,512,3,"(511.0, 108.0)"
1770093794.827,512,3,"(511.0, 108.0)"
1770093794.838,512,3,"(511.0, 108.0)"
1770093794.849,512,3,"(511.0, 108.0)"
1770093794.86,512,3,"(511.0, 130.0)"
1770093794.871,512,3,"(511.0, 108.0)"
1770093794.882,512,3,"(511.0, 108.0)"
1770093794.894,512,3,"(511.0, 108.0)"
1770093794.904,512,3,"(511.0, 108.0)"
1770093794.915,512,3,"(511.0, 108.0)"
1770093794.926,512,3,"(511.0, 130.0)"
1770093794.936,512,3,"(511.0, 130.0)"
1770093794.947,512,3,"(511.0, 130.0)"
1770093794.957,512,3,"(511.0, 130.0)"
1770093794.968,512,3,"(511.0, 130.0)"
1770093794.979,512,3,"(511.0, 130.0)"
1770093794.99,512,3,"(511.0, 130.0)"
1770093795.001,512,3,"(511.0, 130.0)"
1770093795.013,512,3,"(511.0, 130.0)"
1770093795.024,512,3,"(511.0, 130.0)"
1770093795.034,512,3,"(511.0, 130.0)"
1770093795.045,512,3,"(511.0, 130.0)"
1770093795.056,512,3,"(511.0, 130.0)"
1770093795.067,512,3,"(511.0, 130.0)"
1770093795.077,512,3,"(511.0, 130.0)"
1770093795.088,512,3,"(511.0, 130.0)"
1770093795.098,512,3,"(511.0, 108.0)"
1770093795.109,512,3,"(511.0, 87.0)"
1770093795.12,512,3,"(511.0, 87.0)"
1770093795.13,512,3,"(511.0, 108.0)"
1770093795.14,512,3,"(511.0, 108.0)"
1770093795.151,512,3,"(511.0, 108.0)"
1770093795.165,512,3,"(511.0, 108.0)"
1770093795.175,512,3,"(511.0, 108.0)"
1770093795.186,512,3,"(511.0, 108.0)"
1770093795.196,512,3,"(613.0, 130.0)"
1770093795.206,512,3,"(511.0, 130.0)"
1770093795.216,512,3,"(511.0, 130.0)"
1770093795.226,512,3,"(511.0, 130.0)"
1770093795.237,512,3,"(511.0, 130.0)"
1770093795.247,512,3,"(511.0, 130.0)"
1770093795.258,512,3,"(511.0, 108.0)"
1770093795.269,512,3,"(511.0, 87.0)"
1770093795.279,512,3,"(511.0, 87.0)"
1770093795.29,512,3,"(511.0, 87.0)"
1770093795.3,512,3,"(511.0, 87.0)"
1770093795.312,512,3,"(511.0, 108.0)"
1770093795.322,512,3,"(511.0, 108.0)"
1770093795.332,512,3,"(511.0, 130.0)"
1770093795.343,512,3,"(511.0, 130.0)"
1770093795.354,512,3,"(511.0, 130.0)"
1770093795.364,512,3,"(511.0, 130.0)"
1770093795.376,512,3,"(511.0, 130.0)"
1770093795.387,512,3,"(511.0, 130.0)"
1770093795.397,512,3,"(511.0, 130.0)"
1770093795.408,512,3,"(511.0, 108.0)"
1770093795.418,512,3,"(511.0, 108.0)"
1770093795.428,512,3,"(511.0, 87.0)"
1770093795.439,512,3,"(511.0, 87.0)"
1770093795.451,512,3,"(511.0, 87.0)"
1770093795.461,512,3,"(511.0, 87.0)"
1770093795.472,512,3,"(511.0, 87.0)"
1770093795.482,512,3,"(511.0, 87.0)"
1770093795.492,512,3,"(511.0, 87.0)"
1770093795.503,512,3,"(511.0, 87.0)"
1770093795.515,512,3,"(511.0, 87.0)"
1770093795.525,512,3,"(511.0, 87.0)"
1770093795.535,512,3,"(511.0, 87.0)"
1770093795.547,512,3,"(511.0, 87.0)"
1770093795.558,512,3,"(511.0, 87.0)"
1770093795.569,512,3,"(511.0, 87.0)"
1770093795.581,512,3,"(511.0, 87.0)"
1770093795.592,512,3,"(511.0, 87.0)"
1770093795.603,512,3,"(511.0, 87.0)"
1770093795.614,512,3,"(511.0, 87.0)"
1770093795.624,512,3,"(511.0, 87.0)"
1770093795.634,512,3,"(511.0, 87.0)"
1770093795.644,512,3,"(511.0, 87.0)"
1770093795.655,512,3,"(511.0, 87.0)"
1770093795.666,512,3,"(511.0, 87.0)"
1770093795.677,512,3,"(511.0, 87.0)"
1770093795.689,512,3,"(511.0, 87.0)"
1770093795.7,512,3,"(511.0, 87.0)"
1770093795.71,512,3,"(511.0, 87.0)"
1770093795.72,512,3,"(511.0, 87.0)"
1770093795.731,512,3,"(511.0, 87.0)"
1770093795.741,512,3,"(511.0, 87.0)"
1770093795.751,512,3,"(511.0, 87.0)"
1770093795.763,512,3,"(511.0, 87.0)"
1770093795.773,512,3,"(511.0, 87.0)"
1770093795.784,512,3,"(511.0, 87.0)"
1770093795.794,512,3,"(511.0, 87.0)"
1770093795.805,512,3,"(511.0, 87.0)"
1770093795.816,512,3,"(511.0, 87.0)"
1770093795.827,512,3,"(511.0, 87.0)"
1770093795.838,512,3,"(511.0, 87.0)"
1770093795.849,512,3,"(511.0, 108.0)"
1770093795.86,512,3,"(511.0, 108.0)"
1770093795.87,512,3,"(511.0, 108.0)"
1770093795.88,512,3,"(511.0, 87.0)"
1770093795.89,512,3,"(511.0, 87.0)"
1770093795.901,512,3,"(511.0, 87.0)"
1770093795.911,512,3,"(511.0, 87.0)"
1770093795.921,512,3,"(511.0, 87.0)"
1770093795.932,512,3,"(511.0, 87.0)"
1770093795.942,512,3,"(511.0, 87.0)"
1770093795.953,512,3,"(511.0, 87.0)"
1770093795.965,512,3,"(511.0, 87.0)"
1770093795.976,512,3,"(511.0, 87.0)"
1770093795.987,512,3,"(511.0, 108.0)"
1770093795.997,512,3,"(511.0, 108.0)"
1770093796.008,512,3,"(511.0, 130.0)"
1770093796.019,512,3,"(511.0, 130.0)"
1770093796.029,512,3,"(511.0, 130.0)"
1770093796.04,512,3,"(511.0, 130.0)"
1770093796.051,512,3,"(511.0, 130.0)"
1770093796.062,512,3,"(511.0, 130.0)"
1770093796.073,512,3,"(511.0, 130.0)"
1770093796.083,512,3,"(511.0, 130.0)"
1770093796.094,512,3,"(511.0, 130.0)"
1770093796.105,512,3,"(511.0, 130.0)"
1770093796.115,512,3,"(511.0, 130.0)"
1770093796.126,512,3,"(511.0, 130.0)"
1770093796.136,512,3,"(511.0, 130.0)"
1770093796.147,512,3,"(511.0, 130.0)"
1770093796.157,512,3,"(511.0, 130.0)"
1770093796.168,512,3,"(511.0, 130.0)"
1770093796.18,512,3,"(511.0, 130.0)"
1770093796.191,512,3,"(511.0, 130.0)"
1770093796.201,512,3,"(511.0, 130.0)"
1770093796.212,512,3,"(511.0, 130.0)"
1770093796.222,512,3,"(511.0, 130.0)"
1770093796.232,512,3,"(511.0, 130.0)"
1770093796.242,512,3,"(511.0, 130.0)"
1770093796.253,512,3,"(511.0, 130.0)"
1770093796.264,512,3,"(511.0, 130.0)"
1770093796.275,512,3,"(511.0, 130.0)"
1770093796.286,512,3,"(511.0, 130.0)"
1770093796.297,512,3,"(511.0, 130.0)"
1770093796.307,512,3,"(511.0, 130.0)"
1770093796.318,512,3,"(409.0, 130.0)"
1770093796.328,512,3,"(511.0, 130.0)"
1770093796.338,512,3,"(511.0, 130.0)"
1770093796.349,512,3,"(511.0, 130.0)"
1770093796.359,512,3,"(511.0, 130.0)"
1770093796.37,512,3,"(511.0, 152.0)"
1770093796.38,512,3,"(511.0, 152.0)"
1770093796.391,512,3,"(511.0, 174.0)"
1770093796.402,512,3,"(511.0, 174.0)"
1770093796.413,512,3,"(511.0, 174.0)"
1770093796.424,512,3,"(511.0, 174.0)"
1770093796.435,512,3,"(511.0, 174.0)"
1770093796.446,512,3,"(511.0, 174.0)"
1770093796.456,512,3,"(511.0, 174.0)"
1770093796.468,512,3,"(511.0, 174.0)"
1770093796.479,512,3,"(511.0, 195.0)"
1770093796.489,512,3,"(511.0, 217.0)"
1770093796.502,512,3,"(511.0, 217.0)"
1770093796.512,512,3,"(511.0, 217.0)"
1770093796.523,512,3,"(511.0, 217.0)"
1770093796.533,512,3,"(511.0, 217.0)"
1770093796.544,512,3,"(511.0, 195.0)"
1770093796.554,512,3,"(511.0, 195.0)"
1770093796.565,512,3,"(511.0, 174.0)"
1770093796.575,512,3,"(511.0, 174.0)"
1770093796.586,512,3,"(511.0, 174.0)"
1770093796.596,512,3,"(511.0, 174.0)"
1770093796.607,512,3,"(511.0, 174.0)"
1770093796.617,512,3,"(511.0, 174.0)"
1770093796.627,512,3,"(511.0, 174.0)"
1770093796.637,512,3,"(511.0, 174.0)"
1770093796.647,512,3,"(511.0, 174.0)"
1770093796.658,512,3,"(511.0, 195.0)"
1770093796.669,512,3,"(511.0, 195.0)"
1770093796.679,512,3,"(511.0, 195.0)"
1770093796.691,512,3,"(511.0, 195.0)"
1770093796.703,512,3,"(511.0, 174.0)"
1770093796.713,512,3,"(511.0, 152.0)"
1770093796.723,512,3,"(511.0, 152.0)"
1770093796.734,512,3,"(511.0, 130.0)"
1770093796.744,512,3,"(511.0, 130.0)"
1770093796.754,512,3,"(511.0, 130.0)"
1770093796.765,512,3,"(511.0, 130.0)"
1770093796.776,512,3,"(511.0, 130.0)"
1770093796.786,512,3,"(511.0, 130.0)"
1770093796.796,512,3,"(511.0, 130.0)"
1770093796.806,512,3,"(511.0, 130.0)"
1770093796.816,512,3,"(511.0, 130.0)"
1770093796.826,512,3,"(511.0, 130.0)"
1770093796.837,512,3,"(511.0, 130.0)"
1770093796.847,512,3,"(511.0, 130.0)"
1770093796.859,512,3,"(511.0, 108.0)"
1770093796.869,512,3,"(511.0, 108.0)"
1770093796.881,512,3,"(511.0, 87.0)"
1770093796.891,512,3,"(511.0, 87.0)"
1770093796.901,512,3,"(511.0, 87.0)"
1770093796.912,512,3,"(511.0, 87.0)"
1770093796.923,512,3,"(511.0, 87.0)"
1770093796.934,512,3,"(511.0, 87.0)"
1770093796.945,512,3,"(511.0, 87.0)"
1770093796.955,512,3,"(511.0, 87.0)"
1770093796.966,512,3,"(511.0, 87.0)"
1770093796.977,512,3,"(511.0, 87.0)"
1770093796.987,512,3,"(511.0, 108.0)"
1770093796.998,512,3,"(511.0, 108.0)"
1770093797.008,512,3,"(511.0, 130.0)"
1770093797.02,512,3,"(511.0, 130.0)"
1770093797.03,512,3,"(511.0, 130.0)"
1770093797.042,512,3,"(511.0, 130.0)"
1770093797.052,512,3,"(511.0, 130.0)"
1770093797.062,512,3,"(511.0, 130.0)"
1770093797.072,512,3,"(511.0, 130.0)"
1770093797.083,512,3,"(511.0, 130.0)"
1770093797.094,512,3,"(511.0, 130.0)"
1770093797.104,512,3,"(511.0, 130.0)"
1770093813.898,512,4,"(511.0, 0.0)"
1770093813.909,512,4,"(511.0, 0.0)"
1770093813.92,512,4,"(511.0, 0.0)"
1770093813.931,512,4,"(511.0, 0.0)"
1770093813.942,512,4,"(511.0, 0.0)"
1770093813.953,512,4,"(511.0, 0.0)"
1770093813.964,512,4,"(511.0, 0.0)"
1770093813.975,512,4,"(511.0, 0.0)"
1770093813.986,512,4,"(511.0, 0.0)"
1770093813.997,512,4,"(511.0, 0.0)"
1770093814.008,512,4,"(511.0, 0.0)"
1770093814.018,512,4,"(511.0, 0.0)"
1770093814.028,512,4,"(511.0, 0.0)"
1770093814.039,512,4,"(511.0, 0.0)"
1770093814.051,512,4,"(511.0, 0.0)"
1770093814.061,512,4,"(511.0, 0.0)"
1770093814.071,512,4,"(511.0, 0.0)"
1770093814.082,512,4,"(511.0, 0.0)"
1770093814.093,512,4,"(511.0, 0.0)"
1770093814.104,512,4,"(511.0, 0.0)"
1770093814.114,512,4,"(511.0, 0.0)"
1770093814.124,512,4,"(511.0, 0.0)"
1770093814.134,512,4,"(511.0, 0.0)"
1770093814.144,512,4,"(511.0, 0.0)"
1770093814.154,512,4,"(511.0, 0.0)"
1770093814.166,512,4,"(511.0, 0.0)"
1770093814.177,512,4,"(511.0, 0.0)"
1770093814.187,512,4,"(511.0, 0.0)"
1770093814.198,512,4,"(511.0, 0.0)"
1770093814.21,512,4,"(511.0, 0.0)"
1770093814.22,512,4,"(511.0, 0.0)"
1770093814.231,512,4,"(511.0, 0.0)"
1770093814.242,512,4,"(511.0, 0.0)"
1770093814.253,512,4,"(511.0, 0.0)"
1770093814.263,512,4,"(511.0, 0.0)"
1770093814.274,512,4,"(511.0, 0.0)"
1770093814.285,512,4,"(511.0, 0.0)"
1770093814.295,512,4,"(511.0, 0.0)"
1770093814.307,512,4,"(511.0, 0.0)"
1770093814.317,512,4,"(511.0, 0.0)"
1770093814.33,512,4,"(511.0, 0.0)"
1770093814.341,512,4,"(511.0, 0.0)"
1770093814.351,512,4,"(511.0, 0.0)"
1770093814.363,512,4,"(511.0, 0.0)"
1770093814.373,512,4,"(511.0, 0.0)"
1770093814.384,512,4,"(511.0, 0.0)"
1770093814.394,512,4,"(511.0, 0.0)"
1770093814.404,512,4,"(511.0, 0.0)"
1770093814.415,512,4,"(511.0, 0.0)"
1770093814.425,512,4,"(511.0, 0.0)"
1770093814.437,512,4,"(511.0, 0.0)"
1770093814.447,512,4,"(511.0, 0.0)"
1770093814.458,512,4,"(511.0, 0.0)"
1770093814.468,512,4,"(511.0, 0.0)"
1770093814.481,512,4,"(511.0, 0.0)"
1770093814.491,512,4,"(511.0, 0.0)"
1770093814.502,512,4,"(511.0, 0.0)"
1770093814.513,512,4,"(511.0, 0.0)"
1770093814.524,512,4,"(511.0, 0.0)"
1770093814.534,512,4,"(511.0, 0.0)"
1770093814.544,512,4,"(511.0, 0.0)"
1770093814.556,512,4,"(511.0, 21.0)"
1770093814.567,512,4,"(511.0, 21.0)"
1770093814.578,512,4,"(511.0, 43.0)"
1770093814.588,512,4,"(511.0, 43.0)"
1770093814.599,512,4,"(511.0, 43.0)"
1770093814.609,512,4,"(511.0, 43.0)"
1770093814.62,512,4,"(511.0, 43.0)"
1770093814.631,512,4,"(511.0, 43.0)"
1770093814.641,512,4,"(511.0, 43.0)"
1770093814.651,512,4,"(511.0, 43.0)"
1770093814.662,512,4,"(511.0, 43.0)"
1770093814.673,512,4,"(511.0, 43.0)"
1770093814.684,512,4,"(511.0, 43.0)"
1770093814.696,512,4,"(511.0, 43.0)"
1770093814.707,512,4,"(511.0, 43.0)"
1770093814.717,512,4,"(511.0, 43.0)"
1770093814.731,512,4,"(511.0, 43.0)"
1770093814.742,512,4,"(511.0, 43.0)"
1770093814.752,512,4,"(511.0, 43.0)"
1770093814.764,512,4,"(511.0, 43.0)"
1770093814.774,512,4,"(511.0, 43.0)"
1770093814.784,512,4,"(511.0, 43.0)"
1770093814.797,512,4,"(511.0, 43.0)"
1770093814.807,512,4,"(511.0, 21.0)"
1770093814.817,512,4,"(511.0, 21.0)"
1770093814.827,512,4,"(511.0, 21.0)"
1770093814.838,512,4,"(511.0, 21.0)"
1770093814.849,512,4,"(511.0, 21.0)"
1770093814.86,512,4,"(511.0, 43.0)"
1770093814.87,512,4,"(511.0, 43.0)"
1770093814.881,512,4,"(511.0, 43.0)"
1770093814.892,512,4,"(511.0, 21.0)"
1770093814.902,512,4,"(511.0, 0.0)"
1770093814.913,512,4,"(511.0, 0.0)"
1770093814.924,512,4,"(511.0, 0.0)"
1770093814.935,512,4,"(511.0, 0.0)"
1770093814.946,512,4,"(511.0, 0.0)"
1770093814.956,512,4,"(511.0, 0.0)"
1770093814.967,512,4,"(511.0, 0.0)"
1770093814.978,512,4,"(511.0, 0.0)"
1770093814.989,512,4,"(511.0, 0.0)"
1770093814.999,512,4,"(511.0, 0.0)"
1770093815.01,512,4,"(511.0, 0.0)"
1770093815.02,512,4,"(511.0, 0.0)"
1770093815.033,512,4,"(511.0, 0.0)"
1770093815.043,512,4,"(511.0, 0.0)"
1770093815.054,512,4,"(511.0, 0.0)"
1770093815.066,512,4,"(511.0, 0.0)"
1770093815.077,512,4,"(511.0, 21.0)"
1770093815.088,512,4,"(511.0, 21.0)"
1770093815.098,512,4,"(511.0, 43.0)"
1770093815.108,512,4,"(511.0, 43.0)"
1770093815.12,512,4,"(511.0, 43.0)"
1770093815.131,512,4,"(511.0, 43.0)"
1770093815.141,512,4,"(511.0, 43.0)"
1770093815.152,512,4,"(511.0, 43.0)"
1770093815.162,512,4,"(511.0, 43.0)"
1770093815.173,512,4,"(511.0, 43.0)"
1770093815.185,512,4,"(511.0, 43.0)"
1770093815.195,512,4,"(511.0, 43.0)"
1770093815.205,512,4,"(511.0, 43.0)"
1770093815.216,512,4,"(511.0, 43.0)"
1770093815.226,512,4,"(511.0, 43.0)"
1770093815.237,512,4,"(511.0, 43.0)"
1770093815.247,512,4,"(511.0, 43.0)"
1770093815.258,512,4,"(511.0, 43.0)"
1770093815.268,512,4,"(511.0, 43.0)"
1770093815.278,512,4,"(511.0, 43.0)"
1770093815.289,512,4,"(511.0, 43.0)"
1770093815.3,512,4,"(511.0, 43.0)"
1770093815.311,512,4,"(511.0, 43.0)"
1770093815.321,512,4,"(511.0, 43.0)"
1770093815.331,512,4,"(511.0, 43.0)"
1770093815.342,512,4,"(511.0, 43.0)"
1770093815.352,512,4,"(511.0, 43.0)"
1770093815.362,512,4,"(511.0, 43.0)"
1770093815.373,512,4,"(511.0, 43.0)"
1770093815.383,512,4,"(511.0, 43.0)"
1770093815.394,512,4,"(511.0, 43.0)"
1770093815.405,512,4,"(511.0, 43.0)"
1770093815.416,512,4,"(511.0, 43.0)"
1770093815.426,512,4,"(511.0, 43.0)"
1770093815.437,512,4,"(511.0, 43.0)"
1770093815.447,512,4,"(511.0, 43.0)"
1770093815.457,512,4,"(511.0, 65.0)"
1770093815.467,512,4,"(511.0, 65.0)"
1770093815.478,512,4,"(511.0, 65.0)"
1770093815.489,512,4,"(511.0, 65.0)"
1770093815.5,512,4,"(511.0, 65.0)"
1770093815.511,512,4,"(511.0, 87.0)"
1770093815.521,512,4,"(511.0, 87.0)"
1770093815.532,512,4,"(511.0, 87.0)"
1770093815.543,512,4,"(511.0, 87.0)"
1770093815.553,512,4,"(511.0, 87.0)"
1770093815.564,512,4,"(511.0, 87.0)"
1770093815.577,512,4,"(511.0, 87.0)"
1770093815.587,512,4,"(511.0, 87.0)"
1770093815.597,512,4,"(511.0, 65.0)"
1770093815.608,512,4,"(511.0, 65.0)"
1770093815.618,512,4,"(511.0, 43.0)"
1770093815.63,512,4,"(511.0, 43.0)"
1770093815.641,512,4,"(511.0, 43.0)"
1770093815.653,512,4,"(511.0, 43.0)"
1770093815.664,512,4,"(511.0, 43.0)"
1770093815.675,512,4,"(511.0, 43.0)"
1770093815.685,512,4,"(511.0, 43.0)"
1770093815.696,512,4,"(511.0, 43.0)"
1770093815.706,512,4,"(511.0, 43.0)"
1770093815.716,512,4,"(511.0, 65.0)"
1770093815.728,512,4,"(511.0, 65.0)"
1770093815.738,512,4,"(511.0, 87.0)"
1770093815.748,512,4,"(511.0, 87.0)"
1770093815.761,512,4,"(511.0, 65.0)"
1770093815.771,512,4,"(511.0, 65.0)"
1770093815.781,512,4,"(511.0, 43.0)"
1770093815.793,512,4,"(511.0, 43.0)"
1770093815.804,512,4,"(511.0, 43.0)"
1770093815.815,512,4,"(511.0, 65.0)"
1770093815.825,512,4,"(511.0, 65.0)"
1770093815.837,512,4,"(511.0, 87.0)"
1770093815.847,512,4,"(511.0, 87.0)"
1770093815.859,512,4,"(511.0, 87.0)"
1770093815.869,512,4,"(511.0, 87.0)"
1770093815.88,512,4,"(511.0, 87.0)"
1770093815.892,512,4,"(511.0, 87.0)"
1770093815.902,512,4,"(511.0, 87.0)"
1770093815.913,512,4,"(511.0, 87.0)"
1770093815.924,512,4,"(511.0, 87.0)"
1770093815.935,512,4,"(511.0, 87.0)"
1770093815.945,512,4,"(511.0, 87.0)"
1770093815.956,512,4,"(511.0, 87.0)"
1770093815.966,512,4,"(511.0, 87.0)"
1770093815.977,512,4,"(511.0, 87.0)"
1770093815.987,512,4,"(511.0, 87.0)"
1770093815.998,512,4,"(511.0, 87.0)"
1770093816.008,512,4,"(511.0, 87.0)"
1770093816.019,512,4,"(511.0, 87.0)"
1770093816.03,512,4,"(511.0, 87.0)"
1770093816.041,512,4,"(511.0, 87.0)"
1770093816.051,512,4,"(511.0, 87.0)"
1770093816.062,512,4,"(511.0, 87.0)"
1770093816.074,512,4,"(511.0, 87.0)"
1770093816.084,512,4,"(511.0, 87.0)"
1770093816.094,512,4,"(511.0, 87.0)"
1770093816.105,512,4,"(511.0, 65.0)"
1770093816.116,512,4,"(511.0, 65.0)"
1770093816.127,512,4,"(511.0, 43.0)"
1770093816.138,512,4,"(511.0, 43.0)"
1770093816.149,512,4,"(511.0, 43.0)"
1770093816.159,512,4,"(511.0, 43.0)"
1770093816.171,512,4,"(511.0, 43.0)"
1770093816.181,512,4,"(511.0, 43.0)"
1770093816.191,512,4,"(511.0, 43.0)"
1770093816.202,512,4,"(511.0, 43.0)"
1770093816.213,512,4,"(511.0, 43.0)"
1770093816.224,512,4,"(511.0, 43.0)"
1770093816.235,512,4,"(511.0, 43.0)"
1770093816.245,512,4,"(511.0, 43.0)"
1770093816.256,512,4,"(511.0, 43.0)"
1770093816.267,512,4,"(511.0, 43.0)"
1770093816.277,512,4,"(511.0, 43.0)"
1770093816.289,512,4,"(511.0, 43.0)"
1770093816.3,512,4,"(511.0, 43.0)"
1770093816.31,512,4,"(511.0, 43.0)"
1770093816.321,512,4,"(511.0, 43.0)"
1770093816.332,512,4,"(511.0, 43.0)"
1770093816.343,512,4,"(511.0, 43.0)"
1770093816.353,512,4,"(511.0, 43.0)"
1770093816.363,512,4,"(511.0, 43.0)"
1770093816.375,512,4,"(511.0, 43.0)"
1770093816.385,512,4,"(511.0, 43.0)"
1770093816.395,512,4,"(511.0, 65.0)"
1770093816.407,512,4,"(511.0, 65.0)"
1770093816.418,512,4,"(511.0, 87.0)"
1770093816.429,512,4,"(511.0, 65.0)"
1770093816.44,512,4,"(511.0, 65.0)"
1770093816.451,512,4,"(511.0, 43.0)"
1770093816.462,512,4,"(511.0, 43.0)"
1770093816.472,512,4,"(511.0, 43.0)"
1770093816.483,512,4,"(511.0, 43.0)"
1770093816.494,512,4,"(511.0, 43.0)"
1770093816.506,512,4,"(511.0, 43.0)"
1770093816.516,512,4,"(511.0, 43.0)"
1770093816.526,512,4,"(511.0, 43.0)"
1770093816.539,512,4,"(511.0, 43.0)"
1770093816.549,512,4,"(511.0, 43.0)"
1770093816.56,512,4,"(511.0, 43.0)"
1770093816.572,512,4,"(511.0, 43.0)"
1770093816.582,512,4,"(511.0, 43.0)"
1770093816.592,512,4,"(511.0, 43.0)"
1770093816.605,512,4,"(511.0, 43.0)"
1770093816.616,512,4,"(511.0, 43.0)"
1770093816.626,512,4,"(511.0, 43.0)"
1770093816.638,512,4,"(511.0, 43.0)"
1770093816.649,512,4,"(511.0, 43.0)"
1770093816.661,512,4,"(511.0, 43.0)"
1770093816.671,512,4,"(511.0, 65.0)"
1770093816.682,512,4,"(511.0, 65.0)"
1770093816.692,512,4,"(511.0, 87.0)"
1770093816.702,512,4,"(511.0, 87.0)"
1770093816.713,512,4,"(511.0, 87.0)"
1770093816.723,512,4,"(511.0, 87.0)"
1770093816.733,512,4,"(511.0, 87.0)"
1770093816.744,512,4,"(511.0, 87.0)"
1770093816.754,512,4,"(511.0, 87.0)"
1770093816.764,512,4,"(511.0, 87.0)"
1770093816.775,512,4,"(511.0, 87.0)"
1770093816.786,512,4,"(511.0, 87.0)"
1770093816.796,512,4,"(511.0, 87.0)"
1770093816.807,512,4,"(511.0, 87.0)"
1770093816.818,512,4,"(511.0, 87.0)"
1770093816.829,512,4,"(511.0, 87.0)"
1770093816.84,512,4,"(511.0, 87.0)"
1770093816.851,512,4,"(511.0, 87.0)"
1770093816.862,512,4,"(511.0, 87.0)"
1770093816.873,512,4,"(511.0, 87.0)"
1770093816.883,512,4,"(511.0, 87.0)"
1770093816.894,512,4,"(511.0, 87.0)"
1770093837.847,512,1,"(511.0, 0.0)"
1770093837.86,512,1,"(511.0, 0.0)"
1770093837.871,512,1,"(511.0, 0.0)"
1770093837.882,512,1,"(511.0, 0.0)"
1770093837.892,512,1,"(511.0, 0.0)"
1770093837.902,512,1,"(511.0, 0.0)"
1770093837.913,512,1,"(511.0, 0.0)"
1770093837.924,512,1,"(511.0, 0.0)"
1770093837.934,512,1,"(511.0, 0.0)"
1770093837.947,512,1,"(511.0, 0.0)"
1770093837.958,512,1,"(511.0, 0.0)"
1770093837.969,512,1,"(511.0, 0.0)"
1770093837.979,512,1,"(511.0, 0.0)"
1770093837.989,512,1,"(511.0, 0.0)"
1770093837.999,512,1,"(511.0, 0.0)"
1770093838.01,512,1,"(511.0, 0.0)"
1770093838.022,512,1,"(511.0, 0.0)"
1770093838.032,512,1,"(511.0, 0.0)"
1770093838.043,512,1,"(511.0, 0.0)"
1770093838.054,512,1,"(511.0, 0.0)"
1770093838.066,512,1,"(511.0, 0.0)"
1770093838.077,512,1,"(511.0, 0.0)"
1770093838.087,512,1,"(511.0, 0.0)"
1770093838.099,512,1,"(511.0, 0.0)"
1770093838.11,512,1,"(511.0, 0.0)"
1770093838.12,512,1,"(511.0, 0.0)"
1770093838.133,512,1,"(511.0, 0.0)"
1770093838.143,512,1,"(511.0, 0.0)"
1770093838.153,512,1,"(511.0, 0.0)"
1770093838.164,512,1,"(511.0, 0.0)"
1770093838.176,512,1,"(511.0, 0.0)"
1770093838.187,512,1,"(511.0, 0.0)"
1770093838.198,512,1,"(511.0, 0.0)"
1770093838.209,512,1,"(511.0, 0.0)"
1770093838.22,512,1,"(511.0, 0.0)"
1770093838.23,512,1,"(511.0, 0.0)"
1770093838.24,512,1,"(511.0, 0.0)"
1770093838.251,512,1,"(511.0, 0.0)"
1770093838.262,512,1,"(511.0, 0.0)"
1770093838.273,512,1,"(511.0, 0.0)"
1770093838.284,512,1,"(511.0, 0.0)"
1770093838.295,512,1,"(511.0, 0.0)"
1770093838.305,512,1,"(511.0, 0.0)"
1770093838.315,512,1,"(511.0, 0.0)"
1770093838.325,512,1,"(511.0, 0.0)"
1770093838.337,512,1,"(511.0, 0.0)"
1770093838.347,512,1,"(511.0, 0.0)"
1770093838.357,512,1,"(511.0, 0.0)"
1770093838.369,512,1,"(511.0, 0.0)"
1770093838.379,512,1,"(511.0, 0.0)"
1770093838.39,512,1,"(511.0, 0.0)"
1770093838.401,512,1,"(511.0, 0.0)"
1770093838.412,512,1,"(511.0, 0.0)"
1770093838.423,512,1,"(511.0, 0.0)"
1770093838.435,512,1,"(511.0, 0.0)"
1770093838.445,512,1,"(511.0, 0.0)"
1770093838.456,512,1,"(511.0, 0.0)"
1770093838.466,512,1,"(511.0, 0.0)"
1770093838.477,512,1,"(511.0, 0.0)"
1770093838.487,512,1,"(511.0, 0.0)"
1770093838.498,512,1,"(511.0, 0.0)"
1770093838.509,512,1,"(511.0, 0.0)"
1770093838.52,512,1,"(511.0, 0.0)"
1770093838.53,512,1,"(511.0, 0.0)"
1770093838.54,512,1,"(511.0, 0.0)"
1770093838.552,512,1,"(511.0, 0.0)"
1770093838.562,512,1,"(511.0, 0.0)"
1770093838.572,512,1,"(511.0, 0.0)"
1770093838.584,512,1,"(511.0, 0.0)"
1770093838.594,512,1,"(511.0, 0.0)"
1770093838.605,512,1,"(511.0, 0.0)"
1770093838.615,512,1,"(511.0, 0.0)"
1770093838.625,512,1,"(511.0, 0.0)"
1770093838.636,512,1,"(511.0, 0.0)"
1770093838.646,512,1,"(511.0, 0.0)"
1770093838.657,512,1,"(511.0, 0.0)"
1770093838.667,512,1,"(511.0, 0.0)"
1770093838.678,512,1,"(511.0, 0.0)"
1770093838.688,512,1,"(511.0, 0.0)"
1770093838.698,512,1,"(511.0, 0.0)"
1770093838.709,512,1,"(511.0, 0.0)"
1770093838.72,512,1,"(511.0, 0.0)"
1770093838.73,512,1,"(511.0, 0.0)"
1770093838.74,512,1,"(511.0, 0.0)"
1770093838.752,512,1,"(511.0, 0.0)"
1770093838.763,512,1,"(511.0, 0.0)"
1770093838.773,512,1,"(511.0, 0.0)"
1770093838.785,512,1,"(511.0, 0.0)"
1770093838.795,512,1,"(511.0, 0.0)"
1770093838.806,512,1,"(511.0, 0.0)"
1770093838.817,512,1,"(511.0, 0.0)"
1770093838.827,512,1,"(511.0, 0.0)"
1770093838.837,512,1,"(511.0, 0.0)"
1770093838.848,512,1,"(511.0, 0.0)"
1770093838.858,512,1,"(511.0, 0.0)"
1770093838.87,512,1,"(511.0, 0.0)"
1770093838.88,512,1,"(511.0, 0.0)"
1770093838.89,512,1,"(511.0, 0.0)"
1770093838.901,512,1,"(511.0, 0.0)"
1770093838.911,512,1,"(511.0, 0.0)"
1770093838.922,512,1,"(511.0, 0.0)"
1770093838.933,512,1,"(511.0, 0.0)"
1770093838.944,512,1,"(511.0, 0.0)"
1770093838.955,512,1,"(511.0, 0.0)"
1770093838.966,512,1,"(511.0, 0.0)"
1770093838.976,512,1,"(511.0, 0.0)"
1770093838.986,512,1,"(511.0, 0.0)"
1770093838.997,512,1,"(511.0, 0.0)"
1770093839.008,512,1,"(511.0, 0.0)"
1770093839.02,512,1,"(511.0, 0.0)"
1770093839.031,512,1,"(511.0, 0.0)"
1770093839.042,512,1,"(511.0, 0.0)"
1770093839.052,512,1,"(511.0, 0.0)"
1770093839.063,512,1,"(511.0, 0.0)"
1770093839.073,512,1,"(511.0, 0.0)"
1770093839.084,512,1,"(511.0, 0.0)"
1770093839.095,512,1,"(511.0, 0.0)"
1770093839.106,512,1,"(511.0, 0.0)"
1770093839.117,512,1,"(511.0, 0.0)"
1770093839.128,512,1,"(511.0, 0.0)"
1770093839.138,512,1,"(511.0, 0.0)"
1770093839.149,512,1,"(511.0, 0.0)"
1770093839.159,512,1,"(511.0, 0.0)"
1770093839.169,512,1,"(511.0, 0.0)"
1770093839.18,512,1,"(511.0, 0.0)"
1770093839.191,512,1,"(511.0, 0.0)"
1770093839.203,512,1,"(511.0, 0.0)"
1770093839.214,512,1,"(511.0, 0.0)"
1770093839.224,512,1,"(511.0, 0.0)"
1770093839.234,512,1,"(511.0, 0.0)"
1770093839.246,512,1,"(511.0, 0.0)"
1770093839.257,512,1,"(511.0, 0.0)"
1770093839.269,512,1,"(511.0, 0.0)"
1770093839.28,512,1,"(511.0, 0.0)"
1770093839.291,512,1,"(511.0, 0.0)"
1770093839.301,512,1,"(511.0, 0.0)"
1770093839.311,512,1,"(511.0, 0.0)"
1770093839.322,512,1,"(511.0, 0.0)"
1770093839.333,512,1,"(511.0, 0.0)"
1770093839.343,512,1,"(511.0, 0.0)"
1770093839.354,512,1,"(511.0, 0.0)"
1770093839.364,512,1,"(511.0, 0.0)"
1770093839.375,512,1,"(511.0, 0.0)"
1770093839.386,512,1,"(511.0, 0.0)"
1770093839.397,512,1,"(511.0, 0.0)"
1770093839.407,512,1,"(511.0, 0.0)"
1770093839.42,512,1,"(511.0, 0.0)"
1770093839.43,512,1,"(511.0, 0.0)"
1770093839.44,512,1,"(511.0, 0.0)"
1770093839.45,512,1,"(511.0, 0.0)"
1770093839.461,512,1,"(511.0, 0.0)"
1770093839.471,512,1,"(511.0, 0.0)"
1770093839.482,512,1,"(511.0, 0.0)"
1770093839.493,512,1,"(511.0, 0.0)"
1770093839.504,512,1,"(511.0, 0.0)"
1770093839.515,512,1,"(511.0, 0.0)"
1770093839.526,512,1,"(511.0, 0.0)"
1770093839.538,512,1,"(511.0, 0.0)"
1770093839.548,512,1,"(511.0, 0.0)"
1770093839.558,512,1,"(511.0, 0.0)"
1770093839.57,512,1,"(511.0, 0.0)"
1770093839.581,512,1,"(511.0, 0.0)"
1770093839.591,512,1,"(511.0, 0.0)"
1770093839.602,512,1,"(511.0, 0.0)"
1770093839.613,512,1,"(511.0, 0.0)"
1770093839.625,512,1,"(511.0, 0.0)"
1770093839.637,512,1,"(511.0, 0.0)"
1770093839.647,512,1,"(511.0, 0.0)"
1770093839.657,512,1,"(511.0, 0.0)"
1770093839.667,512,1,"(511.0, 0.0)"
1770093839.678,512,1,"(511.0, 0.0)"
1770093839.688,512,1,"(511.0, 0.0)"
1770093839.7,512,1,"(511.0, 0.0)"
1770093839.71,512,1,"(511.0, 0.0)"
1770093839.722,512,1,"(511.0, 0.0)"
1770093839.732,512,1,"(511.0, 0.0)"
1770093839.743,512,1,"(511.0, 0.0)"
1770093839.755,512,1,"(511.0, 0.0)"
1770093839.765,512,1,"(511.0, 0.0)"
1770093839.775,512,1,"(511.0, 0.0)"
1770093839.786,512,1,"(511.0, 0.0)"
1770093839.796,512,1,"(511.0, 0.0)"
1770093839.806,512,1,"(511.0, 0.0)"
1770093839.816,512,1,"(511.0, 0.0)"
1770093839.826,512,1,"(511.0, 0.0)"
1770093839.837,512,1,"(511.0, 0.0)"
1770093839.847,512,1,"(511.0, 0.0)"
1770093839.858,512,1,"(511.0, 0.0)"
1770093839.869,512,1,"(511.0, 0.0)"
1770093839.88,512,1,"(511.0, 0.0)"
1770093839.89,512,1,"(511.0, 0.0)"
1770093839.902,512,1,"(511.0, 0.0)"
1770093839.912,512,1,"(511.0, 0.0)"
1770093839.923,512,1,"(511.0, 0.0)"
1770093839.934,512,1,"(511.0, 0.0)"
1770093839.944,512,1,"(511.0, 0.0)"
1770093839.954,512,1,"(511.0, 0.0)"
1770093839.965,512,1,"(511.0, 0.0)"
1770093839.976,512,1,"(511.0, 0.0)"
1770093839.987,512,1,"(511.0, 0.0)"
1770093839.997,512,1,"(511.0, 0.0)"
1770093840.008,512,1,"(511.0, 0.0)"
1770093840.018,512,1,"(511.0, 0.0)"
1770093840.028,512,1,"(511.0, 0.0)"
1770093840.039,512,1,"(511.0, 0.0)"
1770093840.05,512,1,"(511.0, 0.0)"
1770093840.062,512,1,"(511.0, 0.0)"
1770093840.072,512,1,"(511.0, 0.0)"
1770093840.084,512,1,"(511.0, 0.0)"
1770093840.095,512,1,"(511.0, 0.0)"
1770093840.105,512,1,"(511.0, 0.0)"
1770093840.118,512,1,"(511.0, 0.0)"
1770093840.128,512,1,"(511.0, 0.0)"
1770093840.139,512,1,"(511.0, 0.0)"
1770093840.15,512,1,"(511.0, 0.0)"
1770093840.161,512,1,"(511.0, 0.0)"
1770093840.172,512,1,"(511.0, 0.0)"
1770093840.183,512,1,"(511.0, 0.0)"
1770093840.193,512,1,"(511.0, 0.0)"
1770093840.204,512,1,"(511.0, 0.0)"
1770093840.215,512,1,"(511.0, 0.0)"
1770093840.228,512,1,"(511.0, 0.0)"
1770093840.239,512,1,"(511.0, 0.0)"
1770093840.249,512,1,"(511.0, 0.0)"
1770093840.259,512,1,"(511.0, 0.0)"
1770093840.271,512,1,"(511.0, 0.0)"
1770093840.282,512,1,"(511.0, 0.0)"
1770093840.292,512,1,"(511.0, 0.0)"
1770093840.304,512,1,"(511.0, 0.0)"
1770093840.315,512,1,"(511.0, 0.0)"
1770093840.325,512,1,"(511.0, 0.0)"
1770093840.336,512,1,"(511.0, 0.0)"
1770093840.346,512,1,"(511.0, 0.0)"
1770093840.356,512,1,"(511.0, 0.0)"
1770093840.367,512,1,"(511.0, 0.0)"
1770093840.377,512,1,"(511.0, 0.0)"
1770093840.387,512,1,"(511.0, 0.0)"
1770093840.398,512,1,"(511.0, 0.0)"
1770093840.409,512,1,"(511.0, 0.0)"
1770093840.42,512,1,"(511.0, 0.0)"
1770093840.43,512,1,"(511.0, 0.0)"
1770093840.441,512,1,"(511.0, 0.0)"
1770093840.452,512,1,"(511.0, 0.0)"
1770093840.462,512,1,"(511.0, 0.0)"
1770093840.472,512,1,"(511.0, 0.0)"
1770093840.483,512,1,"(511.0, 0.0)"
1770093840.494,512,1,"(511.0, 0.0)"
1770093840.504,512,1,"(511.0, 0.0)"
1770093840.514,512,1,"(511.0, 0.0)"
1770093840.524,512,1,"(511.0, 0.0)"
1770093840.534,512,1,"(511.0, 0.0)"
1770093840.545,512,1,"(511.0, 0.0)"
1770093840.555,512,1,"(511.0, 0.0)"
1770093840.565,512,1,"(511.0, 0.0)"
1770093840.575,512,1,"(511.0, 0.0)"
1770093840.587,512,1,"(511.0, 0.0)"
1770093840.597,512,1,"(511.0, 0.0)"
1770093840.607,512,1,"(511.0, 0.0)"
1770093840.618,512,1,"(511.0, 0.0)"
1770093840.628,512,1,"(511.0, 0.0)"
1770093840.639,512,1,"(511.0, 0.0)"
1770093840.651,512,1,"(511.0, 0.0)"
1770093840.662,512,1,"(511.0, 0.0)"
1770093840.673,512,1,"(511.0, 0.0)"
1770093840.683,512,1,"(511.0, 0.0)"
1770093840.694,512,1,"(511.0, 0.0)"
1770093840.704,512,1,"(511.0, 0.0)"
1770093840.715,512,1,"(511.0, 0.0)"
1770093840.725,512,1,"(511.0, 0.0)"
1770093840.735,512,1,"(511.0, 0.0)"
1770093840.745,512,1,"(511.0, 0.0)"
1770093840.757,512,1,"(511.0, 0.0)"
1770093840.768,512,1,"(511.0, 0.0)"
1770093840.778,512,1,"(511.0, 0.0)"
1770093840.789,512,1,"(511.0, 0.0)"
1770093840.801,512,1,"(511.0, 0.0)"
1770093840.811,512,1,"(511.0, 0.0)"
1770093840.821,512,1,"(511.0, 0.0)"
1770093840.834,512,1,"(511.0, 0.0)"
1770093840.845,512,1,"(511.0, 0.0)"
1770093843.475,512,2,"(511.0, 0.0)"
1770093843.485,512,2,"(511.0, 0.0)"
1770093843.495,512,2,"(511.0, 0.0)"
1770093843.506,512,2,"(511.0, 0.0)"
1770093843.516,512,2,"(511.0, 0.0)"
1770093843.527,512,2,"(511.0, 0.0)"
1770093843.537,512,2,"(511.0, 0.0)"
1770093843.548,512,2,"(511.0, 0.0)"
1770093843.559,512,2,"(511.0, 0.0)"
1770093843.57,512,2,"(511.0, 0.0)"
1770093843.58,512,2,"(511.0, 0.0)"
1770093843.591,512,2,"(511.0, 0.0)"
1770093843.602,512,2,"(511.0, 0.0)"
1770093843.613,512,2,"(511.0, 0.0)"
1770093843.623,512,2,"(511.0, 0.0)"
1770093843.634,512,2,"(511.0, 0.0)"
1770093843.644,512,2,"(511.0, 0.0)"
1770093843.655,512,2,"(511.0, 0.0)"
1770093843.665,512,2,"(511.0, 0.0)"
1770093843.676,512,2,"(511.0, 0.0)"
1770093843.686,512,2,"(511.0, 0.0)"
1770093843.696,512,2,"(511.0, 0.0)"
1770093843.707,512,2,"(511.0, 0.0)"
1770093843.718,512,2,"(511.0, 0.0)"
1770093843.728,512,2,"(511.0, 0.0)"
1770093843.739,512,2,"(511.0, 0.0)"
1770093843.749,512,2,"(511.0, 0.0)"
1770093843.76,512,2,"(511.0, 0.0)"
1770093843.771,512,2,"(511.0, 0.0)"
1770093843.781,512,2,"(511.0, 0.0)"
1770093843.792,512,2,"(511.0, 0.0)"
1770093843.803,512,2,"(511.0, 0.0)"
1770093843.813,512,2,"(511.0, 0.0)"
1770093843.824,512,2,"(511.0, 0.0)"
1770093843.836,512,2,"(511.0, 0.0)"
1770093843.846,512,2,"(511.0, 0.0)"
1770093843.856,512,2,"(511.0, 0.0)"
1770093843.867,512,2,"(511.0, 0.0)"
1770093843.879,512,2,"(511.0, 0.0)"
1770093843.889,512,2,"(511.0, 0.0)"
1770093843.899,512,2,"(511.0, 0.0)"
1770093843.91,512,2,"(511.0, 0.0)"
1770093843.92,512,2,"(511.0, 0.0)"
1770093843.93,512,2,"(511.0, 0.0)"
1770093843.941,512,2,"(511.0, 0.0)"
1770093843.951,512,2,"(511.0, 0.0)"
1770093843.961,512,2,"(511.0, 0.0)"
1770093843.972,512,2,"(511.0, 0.0)"
1770093843.983,512,2,"(511.0, 0.0)"
1770093843.993,512,2,"(511.0, 0.0)"
1770093844.004,512,2,"(511.0, 0.0)"
1770093844.015,512,2,"(511.0, 0.0)"
1770093844.025,512,2,"(511.0, 0.0)"
1770093844.035,512,2,"(511.0, 0.0)"
1770093844.045,512,2,"(511.0, 0.0)"
1770093844.056,512,2,"(511.0, 0.0)"
1770093844.067,512,2,"(511.0, 0.0)"
1770093844.077,512,2,"(511.0, 0.0)"
1770093844.089,512,2,"(511.0, 0.0)"
1770093844.099,512,2,"(511.0, 0.0)"
1770093844.11,512,2,"(511.0, 0.0)"
1770093844.122,512,2,"(511.0, 0.0)"
1770093844.132,512,2,"(511.0, 0.0)"
1770093844.142,512,2,"(511.0, 0.0)"
1770093844.153,512,2,"(511.0, 0.0)"
1770093844.163,512,2,"(511.0, 0.0)"
1770093844.174,512,2,"(511.0, 0.0)"
1770093844.185,512,2,"(511.0, 0.0)"
1770093844.195,512,2,"(511.0, 0.0)"
1770093844.205,512,2,"(511.0, 0.0)"
1770093844.215,512,2,"(511.0, 0.0)"
1770093844.225,512,2,"(511.0, 0.0)"
1770093844.237,512,2,"(511.0, 0.0)"
1770093844.248,512,2,"(511.0, 0.0)"
1770093844.258,512,2,"(511.0, 21.0)"
1770093844.268,512,2,"(511.0, 43.0)"
1770093844.279,512,2,"(511.0, 43.0)"
1770093844.29,512,2,"(511.0, 65.0)"
1770093844.301,512,2,"(511.0, 108.0)"
1770093844.311,512,2,"(511.0, 108.0)"
1770093844.322,512,2,"(511.0, 130.0)"
1770093844.332,512,2,"(511.0, 130.0)"
1770093844.342,512,2,"(511.0, 152.0)"
1770093844.352,512,2,"(409.0, 174.0)"
1770093844.363,512,2,"(511.0, 195.0)"
1770093844.373,512,2,"(511.0, 217.0)"
1770093844.383,512,2,"(511.0, 239.0)"
1770093844.394,512,2,"(511.0, 261.0)"
1770093844.404,512,2,"(511.0, 261.0)"
1770093844.414,512,2,"(511.0, 282.0)"
1770093844.425,512,2,"(511.0, 304.0)"
1770093844.435,512,2,"(511.0, 304.0)"
1770093844.446,512,2,"(511.0, 304.0)"
1770093844.46,512,2,"(511.0, 326.0)"
1770093844.47,512,2,"(511.0, 348.0)"
1770093844.481,512,2,"(511.0, 348.0)"
1770093844.492,512,2,"(511.0, 370.0)"
1770093844.502,512,2,"(409.0, 370.0)"
1770093844.513,512,2,"(409.0, 391.0)"
1770093844.525,512,2,"(409.0, 391.0)"
1770093844.535,512,2,"(511.0, 391.0)"
1770093844.546,512,2,"(511.0, 391.0)"
1770093844.557,512,2,"(511.0, 391.0)"
1770093844.567,512,2,"(511.0, 391.0)"
1770093844.578,512,2,"(511.0, 370.0)"
1770093844.588,512,2,"(511.0, 348.0)"
1770093844.598,512,2,"(409.0, 348.0)"
1770093844.609,512,2,"(613.0, 348.0)"
1770093844.621,512,2,"(409.0, 348.0)"
1770093844.631,512,2,"(613.0, 348.0)"
1770093844.641,512,2,"(613.0, 348.0)"
1770093844.652,512,2,"(511.0, 370.0)"
1770093844.662,512,2,"(613.0, 370.0)"
1770093844.673,512,2,"(511.0, 391.0)"
1770093844.684,512,2,"(613.0, 391.0)"
1770093844.694,512,2,"(511.0, 391.0)"
1770093844.706,512,2,"(511.0, 391.0)"
1770093844.716,512,2,"(511.0, 391.0)"
1770093844.727,512,2,"(511.0, 391.0)"
1770093844.737,512,2,"(511.0, 370.0)"
1770093844.748,512,2,"(613.0, 370.0)"
1770093844.758,512,2,"(613.0, 348.0)"
1770093844.769,512,2,"(511.0, 348.0)"
1770093844.779,512,2,"(511.0, 348.0)"
1770093844.79,512,2,"(511.0, 348.0)"
1770093844.801,512,2,"(613.0, 370.0)"
1770093844.812,512,2,"(511.0, 370.0)"
1770093844.823,512,2,"(511.0, 391.0)"
1770093844.834,512,2,"(613.0, 413.0)"
1770093844.844,512,2,"(511.0, 413.0)"
1770093844.854,512,2,"(511.0, 435.0)"
1770093844.864,512,2,"(511.0, 413.0)"
1770093844.875,512,2,"(511.0, 413.0)"
1770093844.887,512,2,"(511.0, 391.0)"
1770093844.898,512,2,"(511.0, 391.0)"
1770093844.909,512,2,"(511.0, 370.0)"
1770093844.92,512,2,"(511.0, 348.0)"
1770093844.931,512,2,"(511.0, 348.0)"
1770093844.943,512,2,"(511.0, 348.0)"
1770093844.953,512,2,"(511.0, 348.0)"
1770093844.963,512,2,"(511.0, 348.0)"
1770093844.974,512,2,"(511.0, 348.0)"
1770093844.985,512,2,"(511.0, 348.0)"
1770093844.995,512,2,"(511.0, 348.0)"
1770093845.006,512,2,"(511.0, 348.0)"
1770093845.017,512,2,"(511.0, 348.0)"
1770093845.027,512,2,"(511.0, 348.0)"
1770093845.038,512,2,"(511.0, 348.0)"
1770093845.048,512,2,"(511.0, 326.0)"
1770093845.06,512,2,"(511.0, 326.0)"
1770093845.07,512,2,"(511.0, 304.0)"
1770093845.08,512,2,"(511.0, 304.0)"
1770093845.09,512,2,"(511.0, 282.0)"
1770093845.102,512,2,"(511.0, 261.0)"
1770093845.112,512,2,"(511.0, 261.0)"
1770093845.124,512,2,"(511.0, 261.0)"
1770093845.135,512,2,"(511.0, 261.0)"
1770093845.145,512,2,"(511.0, 261.0)"
1770093845.159,512,2,"(511.0, 261.0)"
1770093845.17,512,2,"(511.0, 282.0)"
1770093845.18,512,2,"(613.0, 282.0)"
1770093845.191,512,2,"(613.0, 282.0)"
1770093845.202,512,2,"(511.0, 282.0)"
1770093845.212,512,2,"(511.0, 282.0)"
1770093845.224,512,2,"(511.0, 304.0)"
1770093845.235,512,2,"(511.0, 304.0)"
1770093845.246,512,2,"(409.0, 304.0)"
1770093845.256,512,2,"(511.0, 304.0)"
1770093845.267,512,2,"(511.0, 304.0)"
1770093845.278,512,2,"(613.0, 304.0)"
1770093845.289,512,2,"(613.0, 304.0)"
1770093845.302,512,2,"(511.0, 304.0)"
1770093845.312,512,2,"(613.0, 326.0)"
1770093845.325,512,2,"(511.0, 326.0)"
1770093845.335,512,2,"(511.0, 326.0)"
1770093845.345,512,2,"(511.0, 326.0)"
1770093845.357,512,2,"(511.0, 326.0)"
1770093845.368,512,2,"(511.0, 326.0)"
1770093845.379,512,2,"(511.0, 326.0)"
1770093845.391,512,2,"(511.0, 348.0)"
1770093845.401,512,2,"(511.0, 348.0)"
1770093845.411,512,2,"(511.0, 348.0)"
1770093845.421,512,2,"(511.0, 348.0)"
1770093845.432,512,2,"(511.0, 348.0)"
1770093845.443,512,2,"(511.0, 348.0)"
1770093845.453,512,2,"(511.0, 348.0)"
1770093845.464,512,2,"(511.0, 348.0)"
1770093845.477,512,2,"(511.0, 348.0)"
1770093845.487,512,2,"(511.0, 348.0)"
1770093845.498,512,2,"(511.0, 326.0)"
1770093845.511,512,2,"(511.0, 326.0)"
1770093845.521,512,2,"(613.0, 304.0)"
1770093845.532,512,2,"(511.0, 304.0)"
1770093845.544,512,2,"(511.0, 304.0)"
1770093845.555,512,2,"(511.0, 304.0)"
1770093845.567,512,2,"(511.0, 304.0)"
1770093845.578,512,2,"(511.0, 326.0)"
1770093845.588,512,2,"(511.0, 326.0)"
1770093845.599,512,2,"(409.0, 348.0)"
1770093845.61,512,2,"(511.0, 348.0)"
1770093845.621,512,2,"(511.0, 348.0)"
1770093845.631,512,2,"(511.0, 348.0)"
1770093845.641,512,2,"(511.0, 370.0)"
1770093845.652,512,2,"(613.0, 370.0)"
1770093845.662,512,2,"(511.0, 348.0)"
1770093845.673,512,2,"(511.0, 348.0)"
1770093845.683,512,2,"(511.0, 348.0)"
1770093845.694,512,2,"(511.0, 348.0)"
1770093845.704,512,2,"(511.0, 370.0)"
1770093845.714,512,2,"(511.0, 370.0)"
1770093845.724,512,2,"(511.0, 348.0)"
1770093845.735,512,2,"(511.0, 348.0)"
1770093845.746,512,2,"(511.0, 348.0)"
1770093845.756,512,2,"(613.0, 370.0)"
1770093845.767,512,2,"(613.0, 370.0)"
1770093845.777,512,2,"(511.0, 391.0)"
1770093845.787,512,2,"(511.0, 391.0)"
1770093845.799,512,2,"(409.0, 391.0)"
1770093845.81,512,2,"(409.0, 391.0)"
1770093845.821,512,2,"(511.0, 391.0)"
1770093845.831,512,2,"(511.0, 391.0)"
1770093845.842,512,2,"(511.0, 391.0)"
1770093845.853,512,2,"(511.0, 391.0)"
1770093845.863,512,2,"(511.0, 391.0)"
1770093845.874,512,2,"(409.0, 370.0)"
1770093845.884,512,2,"(613.0, 370.0)"
1770093845.895,512,2,"(511.0, 348.0)"
1770093845.905,512,2,"(511.0, 348.0)"
1770093845.915,512,2,"(511.0, 348.0)"
1770093845.927,512,2,"(409.0, 348.0)"
1770093845.937,512,2,"(511.0, 348.0)"
1770093845.948,512,2,"(511.0, 348.0)"
1770093845.958,512,2,"(511.0, 348.0)"
1770093845.969,512,2,"(511.0, 348.0)"
1770093845.979,512,2,"(511.0, 370.0)"
1770093845.99,512,2,"(511.0, 370.0)"
1770093846.001,512,2,"(511.0, 370.0)"
1770093846.011,512,2,"(511.0, 370.0)"
1770093846.021,512,2,"(511.0, 348.0)"
1770093846.032,512,2,"(613.0, 348.0)"
1770093846.042,512,2,"(511.0, 348.0)"
1770093846.052,512,2,"(511.0, 348.0)"
1770093846.063,512,2,"(511.0, 348.0)"
1770093846.074,512,2,"(613.0, 348.0)"
1770093846.084,512,2,"(511.0, 348.0)"
1770093846.095,512,2,"(511.0, 348.0)"
1770093846.107,512,2,"(511.0, 348.0)"
1770093846.117,512,2,"(409.0, 348.0)"
1770093846.129,512,2,"(511.0, 348.0)"
1770093846.139,512,2,"(511.0, 348.0)"
1770093846.15,512,2,"(511.0, 348.0)"
1770093846.161,512,2,"(511.0, 348.0)"
1770093846.171,512,2,"(511.0, 348.0)"
1770093846.182,512,2,"(511.0, 326.0)"
1770093846.193,512,2,"(511.0, 326.0)"
1770093846.204,512,2,"(511.0, 304.0)"
1770093846.215,512,2,"(511.0, 304.0)"
1770093846.227,512,2,"(511.0, 304.0)"
1770093846.237,512,2,"(511.0, 304.0)"
1770093846.248,512,2,"(511.0, 304.0)"
1770093846.261,512,2,"(511.0, 304.0)"
1770093846.271,512,2,"(511.0, 304.0)"
1770093846.282,512,2,"(511.0, 304.0)"
1770093846.292,512,2,"(511.0, 282.0)"
1770093846.303,512,2,"(511.0, 261.0)"
1770093846.313,512,2,"(511.0, 261.0)"
1770093846.325,512,2,"(511.0, 239.0)"
1770093846.335,512,2,"(511.0, 217.0)"
1770093846.345,512,2,"(511.0, 217.0)"
1770093846.356,512,2,"(511.0, 217.0)"
1770093846.366,512,2,"(511.0, 217.0)"
1770093846.376,512,2,"(511.0, 195.0)"
1770093846.387,512,2,"(511.0, 195.0)"
1770093846.397,512,2,"(511.0, 195.0)"
1770093846.409,512,2,"(511.0, 195.0)"
1770093846.419,512,2,"(511.0, 195.0)"
1770093846.43,512,2,"(511.0, 195.0)"
1770093846.441,512,2,"(511.0, 174.0)"
1770093846.452,512,2,"(511.0, 174.0)"
1770093846.462,512,2,"(511.0, 174.0)"
1770093846.474,512,2,"(511.0, 174.0)"
1770093846.484,512,2,"(511.0, 174.0)"
1770093851.034,512,3,"(511.0, 0.0)"
1770093851.044,512,3,"(511.0, 0.0)"
1770093851.054,512,3,"(511.0, 0.0)"
1770093851.065,512,3,"(511.0, 0.0)"
1770093851.077,512,3,"(511.0, 0.0)"
1770093851.089,512,3,"(511.0, 0.0)"
1770093851.099,512,3,"(511.0, 0.0)"
1770093851.109,512,3,"(511.0, 0.0)"
1770093851.121,512,3,"(511.0, 0.0)"
1770093851.131,512,3,"(511.0, 0.0)"
1770093851.141,512,3,"(511.0, 0.0)"
1770093851.152,512,3,"(511.0, 0.0)"
1770093851.163,512,3,"(511.0, 0.0)"
1770093851.173,512,3,"(511.0, 0.0)"
1770093851.184,512,3,"(511.0, 0.0)"
1770093851.195,512,3,"(511.0, 0.0)"
1770093851.206,512,3,"(511.0, 0.0)"
1770093851.217,512,3,"(511.0, 0.0)"
1770093851.228,512,3,"(511.0, 0.0)"
1770093851.239,512,3,"(511.0, 0.0)"
1770093851.25,512,3,"(511.0, 0.0)"
1770093851.261,512,3,"(511.0, 0.0)"
1770093851.271,512,3,"(511.0, 0.0)"
1770093851.282,512,3,"(511.0, 0.0)"
1770093851.293,512,3,"(511.0, 0.0)"
1770093851.304,512,3,"(511.0, 0.0)"
1770093851.315,512,3,"(511.0, 0.0)"
1770093851.326,512,3,"(511.0, 0.0)"
1770093851.338,512,3,"(511.0, 0.0)"
1770093851.348,512,3,"(511.0, 0.0)"
1770093851.359,512,3,"(511.0, 0.0)"
1770093851.369,512,3,"(511.0, 0.0)"
1770093851.381,512,3,"(511.0, 0.0)"
1770093851.391,512,3,"(511.0, 0.0)"
1770093851.404,512,3,"(511.0, 0.0)"
1770093851.415,512,3,"(511.0, 0.0)"
1770093851.425,512,3,"(511.0, 0.0)"
1770093851.438,512,3,"(511.0, 0.0)"
1770093851.449,512,3,"(511.0, 0.0)"
1770093851.459,512,3,"(511.0, 0.0)"
1770093851.471,512,3,"(511.0, 0.0)"
1770093851.482,512,3,"(511.0, 0.0)"
1770093851.494,512,3,"(511.0, 0.0)"
1770093851.505,512,3,"(511.0, 0.0)"
1770093851.516,512,3,"(511.0, 0.0)"
1770093851.526,512,3,"(511.0, 0.0)"
1770093851.538,512,3,"(511.0, 0.0)"
1770093851.549,512,3,"(511.0, 0.0)"
1770093851.56,512,3,"(511.0, 0.0)"
1770093851.57,512,3,"(511.0, 0.0)"
1770093851.582,512,3,"(511.0, 0.0)"
1770093851.592,512,3,"(511.0, 0.0)"
1770093851.603,512,3,"(511.0, 0.0)"
1770093851.613,512,3,"(511.0, 0.0)"
1770093851.623,512,3,"(511.0, 0.0)"
1770093851.634,512,3,"(511.0, 0.0)"
1770093851.644,512,3,"(511.0, 0.0)"
1770093851.656,512,3,"(511.0, 0.0)"
1770093851.666,512,3,"(511.0, 0.0)"
1770093851.677,512,3,"(511.0, 0.0)"
1770093851.687,512,3,"(511.0, 0.0)"
1770093851.698,512,3,"(511.0, 0.0)"
1770093851.708,512,3,"(511.0, 0.0)"
1770093851.719,512,3,"(511.0, 0.0)"
1770093851.73,512,3,"(511.0, 0.0)"
1770093851.741,512,3,"(511.0, 0.0)"
1770093851.752,512,3,"(511.0, 0.0)"
1770093851.762,512,3,"(511.0, 0.0)"
1770093851.773,512,3,"(511.0, 0.0)"
1770093851.783,512,3,"(511.0, 0.0)"
1770093851.794,512,3,"(511.0, 0.0)"
1770093851.804,512,3,"(511.0, 0.0)"
1770093851.815,512,3,"(511.0, 0.0)"
1770093851.826,512,3,"(511.0, 0.0)"
1770093851.836,512,3,"(511.0, 0.0)"
1770093851.846,512,3,"(511.0, 0.0)"
1770093851.857,512,3,"(511.0, 0.0)"
1770093851.867,512,3,"(511.0, 0.0)"
1770093851.877,512,3,"(511.0, 0.0)"
1770093851.888,512,3,"(511.0, 0.0)"
1770093851.898,512,3,"(511.0, 0.0)"
1770093851.908,512,3,"(511.0, 0.0)"
1770093851.919,512,3,"(511.0, 0.0)"
1770093851.93,512,3,"(511.0, 0.0)"
1770093851.94,512,3,"(511.0, 0.0)"
1770093851.95,512,3,"(511.0, 0.0)"
1770093851.961,512,3,"(511.0, 0.0)"
1770093851.971,512,3,"(511.0, 0.0)"
1770093851.982,512,3,"(511.0, 0.0)"
1770093851.993,512,3,"(511.0, 0.0)"
1770093852.003,512,3,"(511.0, 0.0)"
1770093852.014,512,3,"(511.0, 0.0)"
1770093852.024,512,3,"(511.0, 0.0)"
1770093852.035,512,3,"(511.0, 0.0)"
1770093852.046,512,3,"(511.0, 0.0)"
1770093852.057,512,3,"(511.0, 0.0)"
1770093852.067,512,3,"(511.0, 0.0)"
1770093852.077,512,3,"(511.0, 0.0)"
1770093852.087,512,3,"(511.0, 0.0)"
1770093852.098,512,3,"(511.0, 0.0)"
1770093852.108,512,3,"(511.0, 0.0)"
1770093852.119,512,3,"(511.0, 0.0)"
1770093852.13,512,3,"(511.0, 0.0)"
1770093852.14,512,3,"(511.0, 0.0)"
1770093852.15,512,3,"(511.0, 0.0)"
1770093852.161,512,3,"(511.0, 0.0)"
1770093852.174,512,3,"(511.0, 0.0)"
1770093852.184,512,3,"(511.0, 0.0)"
1770093852.195,512,3,"(511.0, 0.0)"
1770093852.205,512,3,"(511.0, 0.0)"
1770093852.216,512,3,"(511.0, 0.0)"
1770093852.227,512,3,"(511.0, 0.0)"
1770093852.237,512,3,"(511.0, 0.0)"
1770093852.247,512,3,"(511.0, 0.0)"
1770093852.257,512,3,"(511.0, 0.0)"
1770093852.269,512,3,"(511.0, 0.0)"
1770093852.28,512,3,"(511.0, 0.0)"
1770093852.292,512,3,"(511.0, 0.0)"
1770093852.302,512,3,"(511.0, 0.0)"
1770093852.312,512,3,"(511.0, 0.0)"
1770093852.323,512,3,"(511.0, 0.0)"
1770093852.334,512,3,"(511.0, 0.0)"
1770093852.344,512,3,"(511.0, 0.0)"
1770093852.354,512,3,"(511.0, 0.0)"
1770093852.364,512,3,"(511.0, 0.0)"
1770093852.375,512,3,"(511.0, 0.0)"
1770093852.387,512,3,"(511.0, 0.0)"
1770093852.398,512,3,"(511.0, 0.0)"
1770093852.411,512,3,"(511.0, 0.0)"
1770093852.421,512,3,"(511.0, 0.0)"
1770093852.432,512,3,"(511.0, 0.0)"
1770093852.443,512,3,"(511.0, 0.0)"
1770093852.453,512,3,"(511.0, 0.0)"
1770093852.463,512,3,"(511.0, 0.0)"
1770093852.475,512,3,"(511.0, 0.0)"
1770093852.486,512,3,"(511.0, 0.0)"
1770093852.497,512,3,"(511.0, 0.0)"
1770093852.507,512,3,"(511.0, 0.0)"
1770093852.518,512,3,"(511.0, 0.0)"
1770093852.529,512,3,"(511.0, 0.0)"
1770093852.54,512,3,"(511.0, 0.0)"
1770093852.551,512,3,"(511.0, 0.0)"
1770093852.563,512,3,"(511.0, 0.0)"
1770093852.573,512,3,"(511.0, 0.0)"
1770093852.584,512,3,"(511.0, 0.0)"
1770093852.594,512,3,"(511.0, 0.0)"
1770093852.605,512,3,"(511.0, 0.0)"
1770093852.617,512,3,"(511.0, 0.0)"
1770093852.628,512,3,"(511.0, 0.0)"
1770093852.639,512,3,"(511.0, 0.0)"
1770093852.649,512,3,"(511.0, 0.0)"
1770093852.66,512,3,"(511.0, 0.0)"
1770093852.671,512,3,"(511.0, 0.0)"
1770093852.681,512,3,"(511.0, 0.0)"
1770093852.692,512,3,"(511.0, 0.0)"
1770093852.703,512,3,"(511.0, 0.0)"
1770093852.714,512,3,"(511.0, 0.0)"
1770093852.726,512,3,"(511.0, 0.0)"
1770093852.736,512,3,"(511.0, 0.0)"
1770093852.747,512,3,"(511.0, 0.0)"
1770093852.758,512,3,"(511.0, 0.0)"
1770093852.769,512,3,"(511.0, 0.0)"
1770093852.78,512,3,"(511.0, 0.0)"
1770093852.791,512,3,"(511.0, 0.0)"
1770093852.802,512,3,"(511.0, 0.0)"
1770093852.814,512,3,"(511.0, 0.0)"
1770093852.824,512,3,"(511.0, 0.0)"
1770093852.835,512,3,"(511.0, 0.0)"
1770093852.847,512,3,"(511.0, 0.0)"
1770093852.858,512,3,"(511.0, 0.0)"
1770093852.869,512,3,"(511.0, 0.0)"
1770093852.879,512,3,"(511.0, 0.0)"
1770093852.89,512,3,"(511.0, 0.0)"
1770093852.901,512,3,"(511.0, 0.0)"
1770093852.912,512,3,"(511.0, 0.0)"
1770093852.922,512,3,"(511.0, 0.0)"
1770093852.933,512,3,"(511.0, 0.0)"
1770093852.943,512,3,"(511.0, 0.0)"
1770093852.954,512,3,"(511.0, 0.0)"
1770093852.965,512,3,"(511.0, 0.0)"
1770093852.976,512,3,"(511.0, 0.0)"
1770093852.987,512,3,"(511.0, 0.0)"
1770093852.998,512,3,"(511.0, 0.0)"
1770093853.008,512,3,"(511.0, 0.0)"
1770093853.019,512,3,"(511.0, 0.0)"
1770093853.029,512,3,"(511.0, 0.0)"
1770093853.039,512,3,"(511.0, 0.0)"
1770093853.049,512,3,"(511.0, 0.0)"
1770093853.061,512,3,"(511.0, 0.0)"
1770093853.072,512,3,"(511.0, 0.0)"
1770093853.083,512,3,"(511.0, 0.0)"
1770093853.094,512,3,"(511.0, 0.0)"
1770093853.105,512,3,"(511.0, 0.0)"
1770093853.115,512,3,"(511.0, 0.0)"
1770093853.126,512,3,"(511.0, 0.0)"
1770093853.137,512,3,"(511.0, 0.0)"
1770093853.148,512,3,"(511.0, 0.0)"
1770093853.159,512,3,"(511.0, 0.0)"
1770093853.17,512,3,"(511.0, 0.0)"
1770093853.181,512,3,"(511.0, 0.0)"
1770093853.192,512,3,"(511.0, 0.0)"
1770093853.203,512,3,"(511.0, 0.0)"
1770093853.213,512,3,"(511.0, 0.0)"
1770093853.225,512,3,"(511.0, 0.0)"
1770093853.236,512,3,"(511.0, 0.0)"
1770093853.247,512,3,"(511.0, 0.0)"
1770093853.257,512,3,"(511.0, 0.0)"
1770093853.267,512,3,"(511.0, 0.0)"
1770093853.277,512,3,"(511.0, 0.0)"
1770093853.288,512,3,"(511.0, 0.0)"
1770093853.299,512,3,"(511.0, 0.0)"
1770093853.31,512,3,"(511.0, 0.0)"
1770093853.32,512,3,"(511.0, 0.0)"
1770093853.331,512,3,"(511.0, 0.0)"
1770093853.344,512,3,"(511.0, 0.0)"
1770093853.354,512,3,"(511.0, 0.0)"
1770093853.364,512,3,"(511.0, 0.0)"
1770093853.375,512,3,"(511.0, 0.0)"
1770093853.386,512,3,"(511.0, 0.0)"
1770093853.396,512,3,"(511.0, 0.0)"
1770093853.407,512,3,"(511.0, 0.0)"
1770093853.417,512,3,"(511.0, 0.0)"
1770093853.428,512,3,"(511.0, 0.0)"
1770093853.438,512,3,"(511.0, 0.0)"
1770093853.449,512,3,"(511.0, 0.0)"
1770093853.459,512,3,"(511.0, 0.0)"
1770093853.47,512,3,"(511.0, 0.0)"
1770093853.48,512,3,"(511.0, 0.0)"
1770093853.49,512,3,"(511.0, 0.0)"
1770093853.501,512,3,"(511.0, 0.0)"
1770093853.512,512,3,"(511.0, 0.0)"
1770093853.523,512,3,"(511.0, 0.0)"
1770093853.534,512,3,"(511.0, 0.0)"
1770093853.545,512,3,"(511.0, 0.0)"
1770093853.555,512,3,"(511.0, 0.0)"
1770093853.566,512,3,"(511.0, 0.0)"
1770093853.577,512,3,"(511.0, 0.0)"
1770093853.587,512,3,"(511.0, 0.0)"
1770093853.598,512,3,"(511.0, 0.0)"
1770093853.609,512,3,"(511.0, 0.0)"
1770093853.619,512,3,"(511.0, 0.0)"
1770093853.631,512,3,"(511.0, 0.0)"
1770093853.643,512,3,"(511.0, 0.0)"
1770093853.655,512,3,"(511.0, 0.0)"
1770093853.665,512,3,"(511.0, 0.0)"
1770093853.676,512,3,"(511.0, 0.0)"
1770093853.686,512,3,"(511.0, 0.0)"
1770093853.696,512,3,"(511.0, 0.0)"
1770093853.707,512,3,"(511.0, 0.0)"
1770093853.717,512,3,"(511.0, 0.0)"
1770093853.728,512,3,"(511.0, 0.0)"
1770093853.739,512,3,"(511.0, 0.0)"
1770093853.75,512,3,"(511.0, 0.0)"
1770093853.76,512,3,"(511.0, 0.0)"
1770093853.771,512,3,"(511.0, 0.0)"
1770093853.781,512,3,"(511.0, 0.0)"
1770093853.792,512,3,"(511.0, 0.0)"
1770093853.803,512,3,"(511.0, 0.0)"
1770093853.814,512,3,"(511.0, 0.0)"
1770093853.826,512,3,"(511.0, 0.0)"
1770093853.836,512,3,"(511.0, 0.0)"
1770093853.847,512,3,"(511.0, 0.0)"
1770093853.858,512,3,"(511.0, 0.0)"
1770093853.869,512,3,"(511.0, 0.0)"
1770093853.879,512,3,"(511.0, 0.0)"
1770093853.89,512,3,"(511.0, 0.0)"
1770093853.9,512,3,"(511.0, 0.0)"
1770093853.912,512,3,"(511.0, 0.0)"
1770093853.922,512,3,"(511.0, 0.0)"
1770093853.932,512,3,"(511.0, 0.0)"
1770093853.943,512,3,"(511.0, 0.0)"
1770093853.954,512,3,"(511.0, 0.0)"
1770093853.965,512,3,"(511.0, 0.0)"
1770093853.975,512,3,"(511.0, 0.0)"
1770093853.985,512,3,"(511.0, 0.0)"
1770093853.997,512,3,"(511.0, 0.0)"
1770093854.007,512,3,"(511.0, 0.0)"
1770093854.017,512,3,"(511.0, 0.0)"
1770093854.028,512,3,"(511.0, 0.0)"
1770093854.04,512,3,"(511.0, 0.0)"
1770093859.549,512,4,"(511.0, 0.0)"
1770093859.559,512,4,"(511.0, 0.0)"
1770093859.571,512,4,"(511.0, 0.0)"
1770093859.581,512,4,"(511.0, 0.0)"
1770093859.592,512,4,"(511.0, 0.0)"
1770093859.602,512,4,"(511.0, 0.0)"
1770093859.613,512,4,"(511.0, 0.0)"
1770093859.624,512,4,"(511.0, 0.0)"
1770093859.635,512,4,"(511.0, 0.0)"
1770093859.647,512,4,"(511.0, 0.0)"
1770093859.658,512,4,"(511.0, 0.0)"
1770093859.668,512,4,"(511.0, 0.0)"
1770093859.678,512,4,"(511.0, 0.0)"
1770093859.688,512,4,"(511.0, 0.0)"
1770093859.699,512,4,"(511.0, 0.0)"
1770093859.709,512,4,"(511.0, 0.0)"
1770093859.719,512,4,"(511.0, 0.0)"
1770093859.734,512,4,"(511.0, 0.0)"
1770093859.744,512,4,"(511.0, 0.0)"
1770093859.755,512,4,"(511.0, 0.0)"
1770093859.767,512,4,"(511.0, 0.0)"
1770093859.777,512,4,"(511.0, 0.0)"
1770093859.787,512,4,"(511.0, 0.0)"
1770093859.798,512,4,"(511.0, 0.0)"
1770093859.808,512,4,"(511.0, 0.0)"
1770093859.819,512,4,"(511.0, 0.0)"
1770093859.83,512,4,"(511.0, 0.0)"
1770093859.841,512,4,"(511.0, 0.0)"
1770093859.851,512,4,"(511.0, 0.0)"
1770093859.862,512,4,"(511.0, 0.0)"
1770093859.872,512,4,"(511.0, 0.0)"
1770093859.884,512,4,"(511.0, 0.0)"
1770093859.896,512,4,"(511.0, 0.0)"
1770093859.907,512,4,"(511.0, 0.0)"
1770093859.917,512,4,"(511.0, 0.0)"
1770093859.93,512,4,"(511.0, 0.0)"
1770093859.941,512,4,"(511.0, 0.0)"
1770093859.951,512,4,"(511.0, 0.0)"
1770093859.963,512,4,"(511.0, 0.0)"
1770093859.973,512,4,"(511.0, 0.0)"
1770093859.983,512,4,"(511.0, 0.0)"
1770093859.994,512,4,"(511.0, 0.0)"
1770093860.006,512,4,"(511.0, 0.0)"
1770093860.016,512,4,"(511.0, 0.0)"
1770093860.029,512,4,"(511.0, 0.0)"
1770093860.04,512,4,"(511.0, 0.0)"
1770093860.051,512,4,"(511.0, 0.0)"
1770093860.063,512,4,"(511.0, 0.0)"
1770093860.073,512,4,"(511.0, 0.0)"
1770093860.084,512,4,"(511.0, 0.0)"
1770093860.095,512,4,"(511.0, 0.0)"
1770093860.106,512,4,"(511.0, 0.0)"
1770093860.117,512,4,"(511.0, 0.0)"
1770093860.127,512,4,"(511.0, 0.0)"
1770093860.137,512,4,"(511.0, 0.0)"
1770093860.148,512,4,"(511.0, 0.0)"
1770093860.159,512,4,"(511.0, 0.0)"
1770093860.169,512,4,"(511.0, 0.0)"
1770093860.18,512,4,"(511.0, 0.0)"
1770093860.19,512,4,"(511.0, 0.0)"
1770093860.2,512,4,"(511.0, 0.0)"
1770093860.211,512,4,"(511.0, 0.0)"
1770093860.222,512,4,"(511.0, 0.0)"
1770093860.232,512,4,"(511.0, 0.0)"
1770093860.242,512,4,"(511.0, 0.0)"
1770093860.253,512,4,"(511.0, 0.0)"
1770093860.264,512,4,"(511.0, 0.0)"
1770093860.276,512,4,"(511.0, 0.0)"
1770093860.286,512,4,"(511.0, 0.0)"
1770093860.297,512,4,"(511.0, 0.0)"
1770093860.308,512,4,"(511.0, 0.0)"
1770093860.318,512,4,"(511.0, 0.0)"
1770093860.329,512,4,"(511.0, 0.0)"
1770093860.339,512,4,"(511.0, 0.0)"
1770093860.35,512,4,"(511.0, 0.0)"
1770093860.36,512,4,"(511.0, 0.0)"
1770093860.371,512,4,"(511.0, 0.0)"
1770093860.381,512,4,"(511.0, 0.0)"
1770093860.392,512,4,"(511.0, 0.0)"
1770093860.402,512,4,"(511.0, 0.0)"
1770093860.412,512,4,"(511.0, 0.0)"
1770093860.422,512,4,"(511.0, 0.0)"
1770093860.433,512,4,"(511.0, 0.0)"
1770093860.443,512,4,"(511.0, 0.0)"
1770093860.454,512,4,"(511.0, 0.0)"
1770093860.465,512,4,"(511.0, 0.0)"
1770093860.476,512,4,"(511.0, 0.0)"
1770093860.486,512,4,"(511.0, 0.0)"
1770093860.497,512,4,"(511.0, 0.0)"
1770093860.507,512,4,"(511.0, 0.0)"
1770093860.518,512,4,"(511.0, 0.0)"
1770093860.529,512,4,"(511.0, 0.0)"
1770093860.539,512,4,"(511.0, 0.0)"
1770093860.55,512,4,"(511.0, 0.0)"
1770093860.561,512,4,"(511.0, 0.0)"
1770093860.571,512,4,"(511.0, 0.0)"
1770093860.583,512,4,"(511.0, 0.0)"
1770093860.593,512,4,"(511.0, 0.0)"
1770093860.603,512,4,"(511.0, 0.0)"
1770093860.614,512,4,"(511.0, 0.0)"
1770093860.625,512,4,"(511.0, 0.0)"
1770093860.635,512,4,"(511.0, 0.0)"
1770093860.646,512,4,"(511.0, 0.0)"
1770093860.656,512,4,"(511.0, 0.0)"
1770093860.667,512,4,"(511.0, 0.0)"
1770093860.678,512,4,"(511.0, 0.0)"
1770093860.688,512,4,"(511.0, 0.0)"
1770093860.699,512,4,"(511.0, 0.0)"
1770093860.71,512,4,"(511.0, 0.0)"
1770093860.72,512,4,"(511.0, 0.0)"
1770093860.73,512,4,"(511.0, 0.0)"
1770093860.741,512,4,"(511.0, 0.0)"
1770093860.752,512,4,"(511.0, 0.0)"
1770093860.762,512,4,"(511.0, 0.0)"
1770093860.772,512,4,"(511.0, 0.0)"
1770093860.783,512,4,"(511.0, 0.0)"
1770093860.794,512,4,"(511.0, 0.0)"
1770093860.804,512,4,"(511.0, 0.0)"
1770093860.815,512,4,"(511.0, 0.0)"
1770093860.825,512,4,"(511.0, 0.0)"
1770093860.836,512,4,"(511.0, 0.0)"
1770093860.847,512,4,"(511.0, 0.0)"
1770093860.857,512,4,"(511.0, 0.0)"
1770093860.868,512,4,"(511.0, 0.0)"
1770093860.88,512,4,"(511.0, 0.0)"
1770093860.891,512,4,"(511.0, 0.0)"
1770093860.903,512,4,"(511.0, 0.0)"
1770093860.914,512,4,"(511.0, 0.0)"
1770093860.924,512,4,"(511.0, 0.0)"
1770093860.934,512,4,"(511.0, 0.0)"
1770093860.946,512,4,"(511.0, 0.0)"
1770093860.956,512,4,"(511.0, 0.0)"
1770093860.966,512,4,"(511.0, 0.0)"
1770093860.977,512,4,"(511.0, 0.0)"
1770093860.988,512,4,"(511.0, 0.0)"
1770093861.0,512,4,"(511.0, 0.0)"
1770093861.011,512,4,"(511.0, 0.0)"
1770093861.021,512,4,"(511.0, 0.0)"
1770093861.031,512,4,"(511.0, 0.0)"
1770093861.042,512,4,"(511.0, 0.0)"
1770093861.052,512,4,"(511.0, 0.0)"
1770093861.063,512,4,"(511.0, 0.0)"
1770093861.074,512,4,"(511.0, 0.0)"
1770093861.085,512,4,"(511.0, 0.0)"
1770093861.096,512,4,"(511.0, 0.0)"
1770093861.107,512,4,"(511.0, 0.0)"
1770093861.118,512,4,"(511.0, 0.0)"
1770093861.128,512,4,"(511.0, 0.0)"
1770093861.138,512,4,"(511.0, 0.0)"
1770093861.148,512,4,"(511.0, 0.0)"
1770093861.158,512,4,"(511.0, 0.0)"
1770093861.169,512,4,"(511.0, 0.0)"
1770093861.179,512,4,"(511.0, 0.0)"
1770093861.19,512,4,"(511.0, 0.0)"
1770093861.202,512,4,"(511.0, 21.0)"
1770093861.212,512,4,"(511.0, 21.0)"
1770093861.223,512,4,"(511.0, 43.0)"
1770093861.234,512,4,"(511.0, 43.0)"
1770093861.244,512,4,"(511.0, 43.0)"
1770093861.254,512,4,"(511.0, 43.0)"
1770093861.264,512,4,"(511.0, 21.0)"
1770093861.275,512,4,"(511.0, 0.0)"
1770093861.287,512,4,"(511.0, 0.0)"
1770093861.298,512,4,"(511.0, 0.0)"
1770093861.309,512,4,"(511.0, 0.0)"
1770093861.32,512,4,"(511.0, 0.0)"
1770093861.33,512,4,"(511.0, 0.0)"
1770093861.341,512,4,"(511.0, 21.0)"
1770093861.351,512,4,"(511.0, 21.0)"
1770093861.362,512,4,"(511.0, 43.0)"
1770093861.373,512,4,"(511.0, 43.0)"
1770093861.384,512,4,"(511.0, 43.0)"
1770093861.394,512,4,"(511.0, 43.0)"
1770093861.405,512,4,"(511.0, 43.0)"
1770093861.415,512,4,"(511.0, 21.0)"
1770093861.425,512,4,"(511.0, 0.0)"
1770093861.435,512,4,"(511.0, 0.0)"
1770093861.447,512,4,"(511.0, 0.0)"
1770093861.458,512,4,"(511.0, 0.0)"
1770093861.469,512,4,"(511.0, 0.0)"
1770093861.479,512,4,"(511.0, 21.0)"
1770093861.49,512,4,"(511.0, 21.0)"
1770093861.5,512,4,"(511.0, 43.0)"
1770093861.511,512,4,"(511.0, 43.0)"
1770093861.522,512,4,"(511.0, 43.0)"
1770093861.532,512,4,"(511.0, 43.0)"
1770093861.543,512,4,"(511.0, 43.0)"
1770093861.553,512,4,"(511.0, 43.0)"
1770093861.564,512,4,"(511.0, 43.0)"
1770093861.575,512,4,"(511.0, 43.0)"
1770093861.585,512,4,"(511.0, 43.0)"
1770093861.595,512,4,"(511.0, 43.0)"
1770093861.606,512,4,"(511.0, 43.0)"
1770093861.616,512,4,"(511.0, 43.0)"
1770093861.626,512,4,"(511.0, 43.0)"
1770093861.637,512,4,"(511.0, 43.0)"
1770093861.648,512,4,"(511.0, 43.0)"
1770093861.658,512,4,"(511.0, 43.0)"
1770093861.669,512,4,"(511.0, 43.0)"
1770093861.68,512,4,"(511.0, 43.0)"
1770093861.692,512,4,"(511.0, 43.0)"
1770093861.702,512,4,"(511.0, 43.0)"
1770093861.712,512,4,"(511.0, 43.0)"
1770093861.723,512,4,"(511.0, 43.0)"
1770093861.733,512,4,"(511.0, 43.0)"
1770093861.743,512,4,"(511.0, 43.0)"
1770093861.753,512,4,"(511.0, 43.0)"
1770093861.764,512,4,"(511.0, 43.0)"
1770093861.774,512,4,"(511.0, 43.0)"
1770093861.785,512,4,"(511.0, 43.0)"
1770093861.797,512,4,"(511.0, 43.0)"
1770093861.807,512,4,"(511.0, 43.0)"
1770093861.817,512,4,"(511.0, 43.0)"
1770093861.828,512,4,"(511.0, 43.0)"
1770093861.839,512,4,"(511.0, 43.0)"
1770093861.849,512,4,"(511.0, 43.0)"
1770093861.86,512,4,"(511.0, 43.0)"
1770093861.872,512,4,"(511.0, 43.0)"
1770093861.883,512,4,"(511.0, 43.0)"
1770093861.894,512,4,"(511.0, 43.0)"
1770093861.904,512,4,"(511.0, 43.0)"
1770093861.915,512,4,"(511.0, 43.0)"
1770093861.925,512,4,"(511.0, 43.0)"
1770093861.937,512,4,"(511.0, 43.0)"
1770093861.948,512,4,"(511.0, 43.0)"
1770093861.958,512,4,"(511.0, 43.0)"
1770093861.968,512,4,"(511.0, 43.0)"
1770093861.978,512,4,"(511.0, 43.0)"
1770093861.99,512,4,"(511.0, 43.0)"
1770093862.001,512,4,"(511.0, 43.0)"
1770093862.012,512,4,"(511.0, 65.0)"
1770093862.022,512,4,"(511.0, 65.0)"
1770093862.032,512,4,"(511.0, 65.0)"
1770093862.046,512,4,"(511.0, 43.0)"
1770093862.057,512,4,"(511.0, 43.0)"
1770093862.067,512,4,"(511.0, 43.0)"
1770093862.079,512,4,"(511.0, 65.0)"
1770093862.089,512,4,"(511.0, 87.0)"
1770093862.1,512,4,"(511.0, 87.0)"
1770093862.114,512,4,"(511.0, 87.0)"
1770093862.124,512,4,"(511.0, 87.0)"
1770093862.136,512,4,"(511.0, 87.0)"
1770093862.147,512,4,"(511.0, 87.0)"
1770093862.161,512,4,"(511.0, 87.0)"
1770093862.172,512,4,"(511.0, 87.0)"
1770093862.183,512,4,"(511.0, 87.0)"
1770093862.194,512,4,"(511.0, 87.0)"
1770093862.205,512,4,"(511.0, 87.0)"
1770093862.215,512,4,"(511.0, 87.0)"
1770093862.226,512,4,"(511.0, 87.0)"
1770093862.236,512,4,"(511.0, 87.0)"
1770093862.246,512,4,"(511.0, 87.0)"
1770093862.258,512,4,"(511.0, 87.0)"
1770093862.269,512,4,"(511.0, 87.0)"
1770093862.279,512,4,"(511.0, 87.0)"
1770093862.29,512,4,"(511.0, 87.0)"
1770093862.301,512,4,"(511.0, 87.0)"
1770093862.312,512,4,"(511.0, 65.0)"
1770093862.322,512,4,"(511.0, 65.0)"
1770093862.333,512,4,"(511.0, 43.0)"
1770093862.344,512,4,"(511.0, 43.0)"
1770093862.355,512,4,"(511.0, 43.0)"
1770093862.365,512,4,"(511.0, 43.0)"
1770093862.376,512,4,"(511.0, 43.0)"
1770093862.387,512,4,"(511.0, 43.0)"
1770093862.398,512,4,"(511.0, 43.0)"
1770093862.408,512,4,"(511.0, 43.0)"
1770093862.419,512,4,"(511.0, 43.0)"
1770093862.43,512,4,"(511.0, 43.0)"
1770093862.442,512,4,"(511.0, 43.0)"
1770093862.453,512,4,"(511.0, 21.0)"
1770093862.463,512,4,"(511.0, 21.0)"
1770093862.474,512,4,"(511.0, 21.0)"
1770093862.485,512,4,"(511.0, 0.0)"
1770093862.496,512,4,"(511.0, 0.0)"
1770093862.508,512,4,"(511.0, 0.0)"
1770093862.519,512,4,"(511.0, 21.0)"
1770093862.529,512,4,"(511.0, 21.0)"
1770093862.54,512,4,"(511.0, 21.0)"
1770093862.551,512,4,"(511.0, 43.0)"
1770093873.536,512,1,"(511.0, 0.0)"
1770093873.546,512,1,"(511.0, 0.0)"
1770093873.557,512,1,"(511.0, 0.0)"
1770093873.567,512,1,"(511.0, 0.0)"
1770093873.578,512,1,"(511.0, 0.0)"
1770093873.588,512,1,"(511.0, 0.0)"
1770093873.599,512,1,"(511.0, 0.0)"
1770093873.61,512,1,"(511.0, 0.0)"
1770093873.621,512,1,"(511.0, 0.0)"
1770093873.631,512,1,"(511.0, 0.0)"
1770093873.642,512,1,"(511.0, 0.0)"
1770093873.653,512,1,"(511.0, 0.0)"
1770093873.663,512,1,"(511.0, 0.0)"
1770093873.673,512,1,"(511.0, 0.0)"
1770093873.684,512,1,"(511.0, 0.0)"
1770093873.694,512,1,"(511.0, 0.0)"
1770093873.704,512,1,"(511.0, 0.0)"
1770093873.714,512,1,"(511.0, 0.0)"
1770093873.725,512,1,"(511.0, 0.0)"
1770093873.735,512,1,"(511.0, 0.0)"
1770093873.746,512,1,"(511.0, 0.0)"
1770093873.757,512,1,"(511.0, 0.0)"
1770093873.768,512,1,"(511.0, 0.0)"
1770093873.778,512,1,"(511.0, 0.0)"
1770093873.789,512,1,"(511.0, 0.0)"
1770093873.8,512,1,"(511.0, 0.0)"
1770093873.811,512,1,"(511.0, 0.0)"
1770093873.821,512,1,"(511.0, 0.0)"
1770093873.832,512,1,"(511.0, 0.0)"
1770093873.842,512,1,"(511.0, 0.0)"
1770093873.852,512,1,"(511.0, 0.0)"
1770093873.863,512,1,"(511.0, 0.0)"
1770093873.874,512,1,"(511.0, 0.0)"
1770093873.884,512,1,"(511.0, 0.0)"
1770093873.895,512,1,"(511.0, 0.0)"
1770093873.906,512,1,"(511.0, 0.0)"
1770093873.917,512,1,"(511.0, 0.0)"
1770093873.927,512,1,"(511.0, 0.0)"
1770093873.937,512,1,"(511.0, 0.0)"
1770093873.947,512,1,"(511.0, 0.0)"
1770093873.957,512,1,"(511.0, 0.0)"
1770093873.967,512,1,"(511.0, 0.0)"
1770093873.978,512,1,"(511.0, 0.0)"
1770093873.988,512,1,"(511.0, 0.0)"
1770093873.999,512,1,"(511.0, 0.0)"
1770093874.011,512,1,"(511.0, 0.0)"
1770093874.021,512,1,"(511.0, 0.0)"
1770093874.032,512,1,"(511.0, 0.0)"
1770093874.043,512,1,"(511.0, 0.0)"
1770093874.054,512,1,"(511.0, 0.0)"
1770093874.065,512,1,"(511.0, 0.0)"
1770093874.076,512,1,"(511.0, 0.0)"
1770093874.086,512,1,"(511.0, 0.0)"
1770093874.097,512,1,"(511.0, 0.0)"
1770093874.107,512,1,"(511.0, 0.0)"
1770093874.118,512,1,"(511.0, 0.0)"
1770093874.128,512,1,"(511.0, 0.0)"
1770093874.139,512,1,"(511.0, 0.0)"
1770093874.15,512,1,"(511.0, 0.0)"
1770093874.16,512,1,"(511.0, 0.0)"
1770093874.17,512,1,"(511.0, 0.0)"
1770093874.18,512,1,"(511.0, 0.0)"
1770093874.191,512,1,"(511.0, 0.0)"
1770093874.202,512,1,"(511.0, 0.0)"
1770093874.212,512,1,"(511.0, 0.0)"
1770093874.224,512,1,"(511.0, 0.0)"
1770093874.234,512,1,"(511.0, 0.0)"
1770093874.244,512,1,"(511.0, 0.0)"
1770093874.255,512,1,"(511.0, 0.0)"
1770093874.265,512,1,"(511.0, 0.0)"
1770093874.276,512,1,"(511.0, 0.0)"
1770093874.287,512,1,"(511.0, 0.0)"
1770093874.299,512,1,"(511.0, 0.0)"
1770093874.31,512,1,"(511.0, 0.0)"
1770093874.32,512,1,"(511.0, 0.0)"
1770093874.33,512,1,"(511.0, 0.0)"
1770093874.341,512,1,"(511.0, 0.0)"
1770093874.352,512,1,"(511.0, 0.0)"
1770093874.362,512,1,"(511.0, 0.0)"
1770093874.372,512,1,"(511.0, 0.0)"
1770093874.383,512,1,"(511.0, 0.0)"
1770093874.393,512,1,"(511.0, 0.0)"
1770093874.404,512,1,"(511.0, 0.0)"
1770093874.415,512,1,"(511.0, 0.0)"
1770093874.425,512,1,"(511.0, 0.0)"
1770093874.436,512,1,"(511.0, 0.0)"
1770093874.448,512,1,"(511.0, 0.0)"
1770093874.458,512,1,"(511.0, 0.0)"
1770093874.468,512,1,"(511.0, 0.0)"
1770093874.479,512,1,"(511.0, 0.0)"
1770093874.489,512,1,"(511.0, 0.0)"
1770093874.5,512,1,"(511.0, 0.0)"
1770093874.512,512,1,"(511.0, 0.0)"
1770093874.522,512,1,"(511.0, 0.0)"
1770093874.533,512,1,"(511.0, 0.0)"
1770093874.543,512,1,"(511.0, 0.0)"
1770093874.553,512,1,"(511.0, 0.0)"
1770093874.565,512,1,"(511.0, 0.0)"
1770093874.577,512,1,"(511.0, 0.0)"
1770093874.587,512,1,"(511.0, 0.0)"
1770093874.599,512,1,"(511.0, 0.0)"
1770093874.61,512,1,"(511.0, 0.0)"
1770093874.621,512,1,"(511.0, 0.0)"
1770093874.631,512,1,"(511.0, 0.0)"
1770093874.642,512,1,"(511.0, 0.0)"
1770093874.652,512,1,"(511.0, 0.0)"
1770093874.662,512,1,"(511.0, 0.0)"
1770093874.673,512,1,"(511.0, 0.0)"
1770093874.683,512,1,"(511.0, 0.0)"
1770093874.693,512,1,"(511.0, 0.0)"
1770093874.703,512,1,"(511.0, 0.0)"
1770093874.713,512,1,"(511.0, 0.0)"
1770093874.724,512,1,"(511.0, 0.0)"
1770093874.735,512,1,"(511.0, 0.0)"
1770093874.746,512,1,"(511.0, 0.0)"
1770093874.756,512,1,"(511.0, 0.0)"
1770093874.767,512,1,"(511.0, 0.0)"
1770093874.777,512,1,"(511.0, 0.0)"
1770093874.787,512,1,"(511.0, 0.0)"
1770093874.798,512,1,"(511.0, 0.0)"
1770093874.81,512,1,"(511.0, 0.0)"
1770093874.82,512,1,"(511.0, 0.0)"
1770093874.832,512,1,"(511.0, 0.0)"
1770093874.843,512,1,"(511.0, 0.0)"
1770093874.854,512,1,"(511.0, 0.0)"
1770093874.865,512,1,"(511.0, 0.0)"
1770093874.876,512,1,"(511.0, 0.0)"
1770093874.886,512,1,"(511.0, 0.0)"
1770093874.898,512,1,"(511.0, 0.0)"
1770093874.908,512,1,"(511.0, 0.0)"
1770093874.919,512,1,"(511.0, 0.0)"
1770093874.93,512,1,"(511.0, 0.0)"
1770093874.941,512,1,"(511.0, 0.0)"
1770093874.951,512,1,"(511.0, 0.0)"
1770093874.962,512,1,"(511.0, 0.0)"
1770093874.972,512,1,"(511.0, 0.0)"
1770093874.983,512,1,"(511.0, 0.0)"
1770093874.993,512,1,"(511.0, 0.0)"
1770093875.003,512,1,"(511.0, 0.0)"
1770093875.014,512,1,"(511.0, 0.0)"
1770093875.024,512,1,"(511.0, 0.0)"
1770093875.035,512,1,"(511.0, 0.0)"
1770093875.049,512,1,"(511.0, 0.0)"
1770093875.059,512,1,"(511.0, 0.0)"
1770093875.069,512,1,"(511.0, 0.0)"
1770093875.08,512,1,"(511.0, 0.0)"
1770093875.091,512,1,"(511.0, 0.0)"
1770093875.102,512,1,"(511.0, 0.0)"
1770093875.113,512,1,"(511.0, 0.0)"
1770093875.123,512,1,"(511.0, 0.0)"
1770093875.133,512,1,"(511.0, 0.0)"
1770093875.145,512,1,"(511.0, 0.0)"
1770093875.155,512,1,"(511.0, 0.0)"
1770093875.166,512,1,"(511.0, 0.0)"
1770093875.177,512,1,"(511.0, 0.0)"
1770093875.187,512,1,"(511.0, 0.0)"
1770093875.198,512,1,"(511.0, 0.0)"
1770093875.208,512,1,"(511.0, 0.0)"
1770093875.219,512,1,"(511.0, 0.0)"
1770093875.231,512,1,"(511.0, 0.0)"
1770093875.241,512,1,"(511.0, 0.0)"
1770093875.251,512,1,"(511.0, 0.0)"
1770093875.261,512,1,"(511.0, 0.0)"
1770093875.272,512,1,"(511.0, 0.0)"
1770093875.282,512,1,"(511.0, 0.0)"
1770093875.292,512,1,"(511.0, 0.0)"
1770093875.303,512,1,"(511.0, 0.0)"
1770093875.314,512,1,"(511.0, 0.0)"
1770093875.324,512,1,"(511.0, 0.0)"
1770093875.334,512,1,"(511.0, 0.0)"
1770093875.345,512,1,"(511.0, 0.0)"
1770093875.357,512,1,"(511.0, 0.0)"
1770093875.367,512,1,"(511.0, 0.0)"
1770093875.379,512,1,"(511.0, 0.0)"
1770093875.389,512,1,"(511.0, 0.0)"
1770093875.399,512,1,"(511.0, 0.0)"
1770093875.41,512,1,"(511.0, 0.0)"
1770093875.421,512,1,"(511.0, 0.0)"
1770093875.432,512,1,"(511.0, 0.0)"
1770093875.442,512,1,"(511.0, 0.0)"
1770093875.452,512,1,"(511.0, 0.0)"
1770093875.463,512,1,"(511.0, 0.0)"
1770093875.474,512,1,"(511.0, 0.0)"
1770093875.484,512,1,"(511.0, 0.0)"
1770093875.497,512,1,"(511.0, 0.0)"
1770093875.507,512,1,"(511.0, 0.0)"
1770093875.518,512,1,"(511.0, 0.0)"
1770093875.529,512,1,"(511.0, 0.0)"
1770093875.539,512,1,"(511.0, 0.0)"
1770093875.55,512,1,"(511.0, 0.0)"
1770093875.561,512,1,"(511.0, 0.0)"
1770093875.571,512,1,"(511.0, 0.0)"
1770093875.581,512,1,"(511.0, 0.0)"
1770093875.591,512,1,"(511.0, 0.0)"
1770093875.601,512,1,"(511.0, 0.0)"
1770093875.612,512,1,"(511.0, 0.0)"
1770093875.624,512,1,"(511.0, 0.0)"
1770093875.634,512,1,"(511.0, 0.0)"
1770093875.644,512,1,"(511.0, 0.0)"
1770093875.654,512,1,"(511.0, 0.0)"
1770093875.665,512,1,"(511.0, 0.0)"
1770093875.675,512,1,"(511.0, 0.0)"
1770093875.686,512,1,"(511.0, 0.0)"
1770093875.697,512,1,"(511.0, 0.0)"
1770093875.708,512,1,"(511.0, 0.0)"
1770093875.718,512,1,"(511.0, 0.0)"
1770093875.73,512,1,"(511.0, 0.0)"
1770093875.74,512,1,"(511.0, 0.0)"
1770093875.75,512,1,"(511.0, 0.0)"
1770093875.761,512,1,"(511.0, 0.0)"
1770093875.771,512,1,"(511.0, 0.0)"
1770093875.781,512,1,"(511.0, 0.0)"
1770093875.792,512,1,"(511.0, 0.0)"
1770093875.802,512,1,"(511.0, 0.0)"
1770093875.815,512,1,"(511.0, 0.0)"
1770093875.825,512,1,"(511.0, 0.0)"
1770093875.836,512,1,"(511.0, 0.0)"
1770093875.848,512,1,"(511.0, 0.0)"
1770093875.859,512,1,"(511.0, 0.0)"
1770093875.869,512,1,"(511.0, 0.0)"
1770093875.88,512,1,"(511.0, 0.0)"
1770093875.891,512,1,"(511.0, 0.0)"
1770093875.901,512,1,"(511.0, 0.0)"
1770093875.912,512,1,"(511.0, 0.0)"
1770093875.923,512,1,"(511.0, 0.0)"
1770093875.933,512,1,"(511.0, 0.0)"
1770093875.943,512,1,"(511.0, 0.0)"
1770093875.954,512,1,"(511.0, 0.0)"
1770093875.964,512,1,"(511.0, 0.0)"
1770093875.974,512,1,"(511.0, 0.0)"
1770093875.985,512,1,"(511.0, 0.0)"
1770093875.996,512,1,"(511.0, 0.0)"
1770093876.007,512,1,"(511.0, 0.0)"
1770093876.017,512,1,"(511.0, 0.0)"
1770093876.028,512,1,"(511.0, 0.0)"
1770093876.039,512,1,"(511.0, 0.0)"
1770093876.05,512,1,"(511.0, 0.0)"
1770093876.06,512,1,"(511.0, 0.0)"
1770093876.072,512,1,"(511.0, 0.0)"
1770093876.082,512,1,"(511.0, 0.0)"
1770093876.094,512,1,"(511.0, 0.0)"
1770093876.104,512,1,"(511.0, 0.0)"
1770093876.115,512,1,"(511.0, 0.0)"
1770093876.126,512,1,"(511.0, 0.0)"
1770093876.137,512,1,"(511.0, 0.0)"
1770093876.148,512,1,"(511.0, 0.0)"
1770093876.158,512,1,"(511.0, 0.0)"
1770093876.168,512,1,"(511.0, 0.0)"
1770093876.179,512,1,"(511.0, 0.0)"
1770093876.19,512,1,"(511.0, 0.0)"
1770093876.2,512,1,"(511.0, 0.0)"
1770093876.21,512,1,"(511.0, 0.0)"
1770093876.221,512,1,"(511.0, 0.0)"
1770093876.232,512,1,"(511.0, 0.0)"
1770093876.243,512,1,"(511.0, 0.0)"
1770093876.254,512,1,"(511.0, 0.0)"
1770093876.264,512,1,"(511.0, 0.0)"
1770093876.275,512,1,"(511.0, 0.0)"
1770093876.286,512,1,"(511.0, 0.0)"
1770093876.296,512,1,"(511.0, 0.0)"
1770093876.306,512,1,"(511.0, 0.0)"
1770093876.318,512,1,"(511.0, 0.0)"
1770093876.328,512,1,"(511.0, 0.0)"
1770093876.339,512,1,"(511.0, 0.0)"
1770093876.351,512,1,"(511.0, 0.0)"
1770093876.363,512,1,"(511.0, 0.0)"
1770093876.373,512,1,"(511.0, 0.0)"
1770093876.384,512,1,"(511.0, 0.0)"
1770093876.395,512,1,"(511.0, 0.0)"
1770093876.406,512,1,"(511.0, 0.0)"
1770093876.417,512,1,"(511.0, 0.0)"
1770093876.427,512,1,"(511.0, 0.0)"
1770093876.437,512,1,"(511.0, 0.0)"
1770093876.449,512,1,"(511.0, 0.0)"
1770093876.46,512,1,"(511.0, 0.0)"
1770093876.47,512,1,"(511.0, 0.0)"
1770093876.483,512,1,"(511.0, 0.0)"
1770093876.494,512,1,"(511.0, 0.0)"
1770093876.505,512,1,"(511.0, 0.0)"
1770093876.515,512,1,"(511.0, 0.0)"
1770093876.526,512,1,"(511.0, 0.0)"
1770093876.537,512,1,"(511.0, 0.0)"
1770093879.427,512,2,"(511.0, 0.0)"
1770093879.437,512,2,"(511.0, 0.0)"
1770093879.447,512,2,"(511.0, 0.0)"
1770093879.458,512,2,"(511.0, 0.0)"
1770093879.469,512,2,"(511.0, 0.0)"
1770093879.48,512,2,"(511.0, 0.0)"
1770093879.492,512,2,"(511.0, 0.0)"
1770093879.503,512,2,"(511.0, 0.0)"
1770093879.514,512,2,"(511.0, 0.0)"
1770093879.525,512,2,"(511.0, 0.0)"
1770093879.537,512,2,"(511.0, 0.0)"
1770093879.549,512,2,"(511.0, 0.0)"
1770093879.56,512,2,"(511.0, 0.0)"
1770093879.571,512,2,"(511.0, 0.0)"
1770093879.582,512,2,"(511.0, 0.0)"
1770093879.593,512,2,"(511.0, 0.0)"
1770093879.604,512,2,"(511.0, 0.0)"
1770093879.615,512,2,"(511.0, 0.0)"
1770093879.626,512,2,"(511.0, 0.0)"
1770093879.636,512,2,"(511.0, 0.0)"
1770093879.646,512,2,"(511.0, 0.0)"
1770093879.657,512,2,"(511.0, 0.0)"
1770093879.667,512,2,"(511.0, 0.0)"
1770093879.678,512,2,"(511.0, 0.0)"
1770093879.689,512,2,"(511.0, 0.0)"
1770093879.7,512,2,"(511.0, 0.0)"
1770093879.71,512,2,"(511.0, 0.0)"
1770093879.722,512,2,"(511.0, 0.0)"
1770093879.732,512,2,"(511.0, 0.0)"
1770093879.742,512,2,"(511.0, 0.0)"
1770093879.753,512,2,"(511.0, 0.0)"
1770093879.763,512,2,"(511.0, 0.0)"
1770093879.774,512,2,"(511.0, 0.0)"
1770093879.786,512,2,"(511.0, 0.0)"
1770093879.796,512,2,"(511.0, 0.0)"
1770093879.806,512,2,"(511.0, 0.0)"
1770093879.816,512,2,"(511.0, 0.0)"
1770093879.827,512,2,"(511.0, 0.0)"
1770093879.838,512,2,"(511.0, 0.0)"
1770093879.849,512,2,"(511.0, 0.0)"
1770093879.859,512,2,"(511.0, 0.0)"
1770093879.869,512,2,"(511.0, 0.0)"
1770093879.879,512,2,"(511.0, 0.0)"
1770093879.889,512,2,"(511.0, 0.0)"
1770093879.9,512,2,"(511.0, 0.0)"
1770093879.91,512,2,"(511.0, 0.0)"
1770093879.921,512,2,"(511.0, 0.0)"
1770093879.932,512,2,"(511.0, 0.0)"
1770093879.942,512,2,"(511.0, 0.0)"
1770093879.953,512,2,"(511.0, 0.0)"
1770093879.964,512,2,"(511.0, 0.0)"
1770093879.974,512,2,"(511.0, 0.0)"
1770093879.985,512,2,"(409.0, 21.0)"
1770093879.995,512,2,"(409.0, 43.0)"
1770093880.006,512,2,"(511.0, 65.0)"
1770093880.017,512,2,"(511.0, 65.0)"
1770093880.027,512,2,"(613.0, 87.0)"
1770093880.038,512,2,"(511.0, 108.0)"
1770093880.048,512,2,"(511.0, 108.0)"
1770093880.058,512,2,"(511.0, 130.0)"
1770093880.068,512,2,"(511.0, 130.0)"
1770093880.08,512,2,"(511.0, 130.0)"
1770093880.09,512,2,"(409.0, 152.0)"
1770093880.101,512,2,"(613.0, 174.0)"
1770093880.111,512,2,"(613.0, 174.0)"
1770093880.123,512,2,"(511.0, 195.0)"
1770093880.134,512,2,"(511.0, 217.0)"
1770093880.145,512,2,"(511.0, 239.0)"
1770093880.157,512,2,"(511.0, 261.0)"
1770093880.168,512,2,"(511.0, 261.0)"
1770093880.178,512,2,"(511.0, 282.0)"
1770093880.189,512,2,"(511.0, 304.0)"
1770093880.2,512,2,"(511.0, 304.0)"
1770093880.212,512,2,"(511.0, 304.0)"
1770093880.222,512,2,"(511.0, 326.0)"
1770093880.233,512,2,"(409.0, 348.0)"
1770093880.244,512,2,"(409.0, 348.0)"
1770093880.256,512,2,"(306.0, 348.0)"
1770093880.267,512,2,"(409.0, 370.0)"
1770093880.277,512,2,"(613.0, 391.0)"
1770093880.289,512,2,"(409.0, 413.0)"
1770093880.3,512,2,"(511.0, 413.0)"
1770093880.31,512,2,"(511.0, 413.0)"
1770093880.322,512,2,"(511.0, 413.0)"
1770093880.332,512,2,"(511.0, 413.0)"
1770093880.344,512,2,"(511.0, 413.0)"
1770093880.357,512,2,"(511.0, 391.0)"
1770093880.368,512,2,"(511.0, 391.0)"
1770093880.379,512,2,"(409.0, 391.0)"
1770093880.391,512,2,"(511.0, 391.0)"
1770093880.401,512,2,"(511.0, 413.0)"
1770093880.411,512,2,"(409.0, 413.0)"
1770093880.421,512,2,"(409.0, 435.0)"
1770093880.432,512,2,"(511.0, 435.0)"
1770093880.443,512,2,"(511.0, 457.0)"
1770093880.453,512,2,"(613.0, 457.0)"
1770093880.463,512,2,"(511.0, 478.0)"
1770093880.476,512,2,"(409.0, 478.0)"
1770093880.486,512,2,"(409.0, 478.0)"
1770093880.497,512,2,"(409.0, 478.0)"
1770093880.507,512,2,"(511.0, 478.0)"
1770093880.517,512,2,"(511.0, 457.0)"
1770093880.528,512,2,"(511.0, 435.0)"
1770093880.539,512,2,"(511.0, 413.0)"
1770093880.549,512,2,"(511.0, 413.0)"
1770093880.559,512,2,"(613.0, 435.0)"
1770093880.57,512,2,"(613.0, 457.0)"
1770093880.58,512,2,"(511.0, 457.0)"
1770093880.591,512,2,"(613.0, 478.0)"
1770093880.601,512,2,"(511.0, 478.0)"
1770093880.612,512,2,"(409.0, 478.0)"
1770093880.622,512,2,"(511.0, 478.0)"
1770093880.633,512,2,"(511.0, 478.0)"
1770093880.643,512,2,"(511.0, 478.0)"
1770093880.654,512,2,"(511.0, 457.0)"
1770093880.665,512,2,"(511.0, 435.0)"
1770093880.676,512,2,"(511.0, 413.0)"
1770093880.687,512,2,"(511.0, 391.0)"
1770093880.697,512,2,"(409.0, 370.0)"
1770093880.71,512,2,"(511.0, 348.0)"
1770093880.72,512,2,"(511.0, 348.0)"
1770093880.73,512,2,"(511.0, 348.0)"
1770093880.741,512,2,"(511.0, 326.0)"
1770093880.751,512,2,"(511.0, 326.0)"
1770093880.762,512,2,"(511.0, 304.0)"
1770093880.773,512,2,"(511.0, 304.0)"
1770093880.783,512,2,"(511.0, 304.0)"
1770093880.793,512,2,"(511.0, 304.0)"
1770093880.805,512,2,"(511.0, 304.0)"
1770093880.816,512,2,"(511.0, 282.0)"
1770093880.828,512,2,"(409.0, 261.0)"
1770093880.839,512,2,"(511.0, 261.0)"
1770093880.85,512,2,"(511.0, 261.0)"
1770093880.86,512,2,"(511.0, 261.0)"
1770093880.87,512,2,"(613.0, 261.0)"
1770093880.881,512,2,"(511.0, 282.0)"
1770093880.892,512,2,"(511.0, 304.0)"
1770093880.903,512,2,"(613.0, 304.0)"
1770093880.915,512,2,"(613.0, 304.0)"
1770093880.925,512,2,"(409.0, 304.0)"
1770093880.936,512,2,"(511.0, 326.0)"
1770093880.947,512,2,"(511.0, 348.0)"
1770093880.958,512,2,"(511.0, 348.0)"
1770093880.969,512,2,"(409.0, 370.0)"
1770093880.979,512,2,"(409.0, 370.0)"
1770093880.99,512,2,"(511.0, 391.0)"
1770093881.0,512,2,"(511.0, 391.0)"
1770093881.01,512,2,"(511.0, 391.0)"
1770093881.021,512,2,"(511.0, 391.0)"
1770093881.032,512,2,"(511.0, 370.0)"
1770093881.042,512,2,"(511.0, 370.0)"
1770093881.052,512,2,"(511.0, 348.0)"
1770093881.062,512,2,"(511.0, 326.0)"
1770093881.073,512,2,"(511.0, 304.0)"
1770093881.083,512,2,"(511.0, 304.0)"
1770093881.093,512,2,"(511.0, 304.0)"
1770093881.103,512,2,"(511.0, 304.0)"
1770093881.113,512,2,"(511.0, 304.0)"
1770093881.123,512,2,"(511.0, 282.0)"
1770093881.134,512,2,"(511.0, 261.0)"
1770093881.144,512,2,"(511.0, 261.0)"
1770093881.155,512,2,"(511.0, 217.0)"
1770093881.165,512,2,"(511.0, 217.0)"
1770093881.175,512,2,"(511.0, 217.0)"
1770093881.185,512,2,"(511.0, 195.0)"
1770093881.195,512,2,"(511.0, 195.0)"
1770093881.206,512,2,"(511.0, 174.0)"
1770093881.217,512,2,"(511.0, 174.0)"
1770093881.227,512,2,"(511.0, 152.0)"
1770093881.237,512,2,"(511.0, 152.0)"
1770093881.247,512,2,"(511.0, 152.0)"
1770093881.257,512,2,"(511.0, 152.0)"
1770093881.268,512,2,"(511.0, 152.0)"
1770093881.279,512,2,"(511.0, 152.0)"
1770093881.289,512,2,"(511.0, 152.0)"
1770093881.3,512,2,"(511.0, 152.0)"
1770093881.31,512,2,"(511.0, 152.0)"
1770093881.32,512,2,"(511.0, 152.0)"
1770093881.332,512,2,"(511.0, 130.0)"
1770093881.343,512,2,"(511.0, 130.0)"
1770093881.353,512,2,"(511.0, 130.0)"
1770093881.364,512,2,"(511.0, 130.0)"
1770093881.374,512,2,"(511.0, 130.0)"
1770093881.386,512,2,"(511.0, 130.0)"
1770093881.397,512,2,"(511.0, 130.0)"
1770093881.407,512,2,"(511.0, 130.0)"
1770093881.418,512,2,"(511.0, 152.0)"
1770093881.429,512,2,"(511.0, 174.0)"
1770093881.44,512,2,"(511.0, 174.0)"
1770093881.451,512,2,"(511.0, 195.0)"
1770093881.461,512,2,"(511.0, 217.0)"
1770093881.473,512,2,"(511.0, 217.0)"
1770093881.484,512,2,"(511.0, 195.0)"
1770093881.494,512,2,"(511.0, 195.0)"
1770093881.505,512,2,"(511.0, 174.0)"
1770093881.515,512,2,"(511.0, 174.0)"
1770093881.525,512,2,"(511.0, 174.0)"
1770093881.536,512,2,"(511.0, 174.0)"
1770093881.546,512,2,"(511.0, 174.0)"
1770093881.559,512,2,"(511.0, 174.0)"
1770093881.569,512,2,"(511.0, 174.0)"
1770093881.579,512,2,"(511.0, 174.0)"
1770093881.589,512,2,"(511.0, 174.0)"
1770093881.6,512,2,"(511.0, 174.0)"
1770093881.61,512,2,"(511.0, 174.0)"
1770093881.623,512,2,"(511.0, 174.0)"
1770093881.634,512,2,"(511.0, 174.0)"
1770093881.644,512,2,"(511.0, 174.0)"
1770093881.656,512,2,"(511.0, 174.0)"
1770093881.667,512,2,"(511.0, 152.0)"
1770093881.677,512,2,"(511.0, 152.0)"
1770093881.689,512,2,"(511.0, 130.0)"
1770093881.7,512,2,"(511.0, 130.0)"
1770093881.711,512,2,"(511.0, 130.0)"
1770093881.722,512,2,"(511.0, 130.0)"
1770093881.732,512,2,"(511.0, 130.0)"
1770093881.742,512,2,"(511.0, 130.0)"
1770093881.753,512,2,"(511.0, 130.0)"
1770093881.765,512,2,"(511.0, 130.0)"
1770093881.775,512,2,"(511.0, 130.0)"
1770093881.785,512,2,"(511.0, 130.0)"
1770093881.795,512,2,"(511.0, 130.0)"
1770093881.805,512,2,"(511.0, 130.0)"
1770093881.816,512,2,"(511.0, 130.0)"
1770093881.826,512,2,"(511.0, 130.0)"
1770093881.838,512,2,"(511.0, 130.0)"
1770093881.848,512,2,"(511.0, 130.0)"
1770093881.858,512,2,"(511.0, 130.0)"
1770093881.869,512,2,"(511.0, 130.0)"
1770093881.88,512,2,"(511.0, 130.0)"
1770093881.89,512,2,"(511.0, 130.0)"
1770093881.902,512,2,"(511.0, 130.0)"
1770093881.912,512,2,"(511.0, 130.0)"
1770093881.922,512,2,"(511.0, 130.0)"
1770093881.932,512,2,"(511.0, 130.0)"
1770093881.943,512,2,"(511.0, 130.0)"
1770093881.955,512,2,"(511.0, 130.0)"
1770093881.966,512,2,"(511.0, 130.0)"
1770093881.976,512,2,"(511.0, 130.0)"
1770093881.988,512,2,"(511.0, 130.0)"
1770093881.999,512,2,"(511.0, 130.0)"
1770093882.01,512,2,"(511.0, 130.0)"
1770093882.021,512,2,"(511.0, 130.0)"
1770093882.031,512,2,"(511.0, 130.0)"
1770093882.041,512,2,"(511.0, 130.0)"
1770093882.052,512,2,"(511.0, 130.0)"
1770093882.062,512,2,"(511.0, 130.0)"
1770093882.073,512,2,"(511.0, 130.0)"
1770093882.083,512,2,"(511.0, 130.0)"
1770093882.093,512,2,"(511.0, 130.0)"
1770093882.104,512,2,"(511.0, 130.0)"
1770093882.115,512,2,"(511.0, 130.0)"
1770093882.126,512,2,"(511.0, 130.0)"
1770093882.136,512,2,"(511.0, 130.0)"
1770093882.147,512,2,"(511.0, 130.0)"
1770093882.158,512,2,"(511.0, 130.0)"
1770093882.17,512,2,"(511.0, 130.0)"
1770093882.18,512,2,"(511.0, 130.0)"
1770093882.191,512,2,"(511.0, 108.0)"
1770093882.201,512,2,"(511.0, 108.0)"
1770093882.213,512,2,"(511.0, 108.0)"
1770093882.225,512,2,"(511.0, 130.0)"
1770093882.237,512,2,"(511.0, 130.0)"
1770093882.247,512,2,"(511.0, 130.0)"
1770093882.257,512,2,"(511.0, 130.0)"
1770093882.267,512,2,"(511.0, 130.0)"
1770093882.277,512,2,"(511.0, 130.0)"
1770093882.287,512,2,"(511.0, 130.0)"
1770093882.298,512,2,"(511.0, 130.0)"
1770093882.308,512,2,"(511.0, 130.0)"
1770093882.319,512,2,"(511.0, 108.0)"
1770093882.329,512,2,"(511.0, 108.0)"
1770093882.34,512,2,"(511.0, 87.0)"
1770093882.351,512,2,"(511.0, 87.0)"
1770093882.363,512,2,"(511.0, 87.0)"
1770093882.373,512,2,"(511.0, 87.0)"
1770093882.384,512,2,"(511.0, 87.0)"
1770093882.395,512,2,"(511.0, 87.0)"
1770093882.406,512,2,"(511.0, 87.0)"
1770093882.417,512,2,"(511.0, 87.0)"
1770093884.81,512,3,"(511.0, 0.0)"
1770093884.822,512,3,"(511.0, 0.0)"
1770093884.832,512,3,"(511.0, 0.0)"
1770093884.843,512,3,"(511.0, 0.0)"
1770093884.853,512,3,"(511.0, 0.0)"
1770093884.863,512,3,"(511.0, 0.0)"
1770093884.874,512,3,"(511.0, 0.0)"
1770093884.884,512,3,"(511.0, 0.0)"
1770093884.895,512,3,"(511.0, 0.0)"
1770093884.906,512,3,"(511.0, 0.0)"
1770093884.917,512,3,"(511.0, 0.0)"
1770093884.928,512,3,"(511.0, 0.0)"
1770093884.938,512,3,"(511.0, 0.0)"
1770093884.949,512,3,"(511.0, 0.0)"
1770093884.961,512,3,"(511.0, 0.0)"
1770093884.971,512,3,"(511.0, 0.0)"
1770093884.982,512,3,"(511.0, 0.0)"
1770093884.999,512,3,"(511.0, 0.0)"
1770093885.009,512,3,"(511.0, 0.0)"
1770093885.019,512,3,"(511.0, 0.0)"
1770093885.032,512,3,"(511.0, 0.0)"
1770093885.048,512,3,"(511.0, 0.0)"
1770093885.058,512,3,"(511.0, 0.0)"
1770093885.069,512,3,"(511.0, 0.0)"
1770093885.08,512,3,"(511.0, 0.0)"
1770093885.09,512,3,"(511.0, 0.0)"
1770093885.1,512,3,"(511.0, 0.0)"
1770093885.118,512,3,"(511.0, 0.0)"
1770093885.129,512,3,"(511.0, 0.0)"
1770093885.14,512,3,"(511.0, 0.0)"
1770093885.15,512,3,"(511.0, 0.0)"
1770093885.164,512,3,"(511.0, 0.0)"
1770093885.174,512,3,"(511.0, 0.0)"
1770093885.186,512,3,"(511.0, 0.0)"
1770093885.2,512,3,"(511.0, 0.0)"
1770093885.211,512,3,"(511.0, 0.0)"
1770093885.221,512,3,"(511.0, 0.0)"
1770093885.232,512,3,"(511.0, 0.0)"
1770093885.242,512,3,"(511.0, 0.0)"
1770093885.252,512,3,"(511.0, 0.0)"
1770093885.266,512,3,"(511.0, 0.0)"
1770093885.277,512,3,"(511.0, 0.0)"
1770093885.287,512,3,"(511.0, 0.0)"
1770093885.301,512,3,"(511.0, 0.0)"
1770093885.312,512,3,"(511.0, 0.0)"
1770093885.323,512,3,"(511.0, 0.0)"
1770093885.334,512,3,"(511.0, 0.0)"
1770093885.35,512,3,"(511.0, 0.0)"
1770093885.36,512,3,"(511.0, 0.0)"
1770093885.37,512,3,"(511.0, 0.0)"
1770093885.381,512,3,"(511.0, 0.0)"
1770093885.392,512,3,"(511.0, 0.0)"
1770093885.402,512,3,"(511.0, 0.0)"
1770093885.413,512,3,"(511.0, 0.0)"
1770093885.424,512,3,"(511.0, 0.0)"
1770093885.435,512,3,"(511.0, 0.0)"
1770093885.446,512,3,"(511.0, 0.0)"
1770093885.457,512,3,"(511.0, 0.0)"
1770093885.467,512,3,"(511.0, 0.0)"
1770093885.478,512,3,"(511.0, 0.0)"
1770093885.489,512,3,"(511.0, 0.0)"
1770093885.501,512,3,"(511.0, 0.0)"
1770093885.511,512,3,"(511.0, 0.0)"
1770093885.521,512,3,"(511.0, 0.0)"
1770093885.537,512,3,"(511.0, 0.0)"
1770093885.547,512,3,"(511.0, 0.0)"
1770093885.557,512,3,"(511.0, 0.0)"
1770093885.568,512,3,"(511.0, 0.0)"
1770093885.578,512,3,"(511.0, 0.0)"
1770093885.588,512,3,"(511.0, 0.0)"
1770093885.602,512,3,"(511.0, 0.0)"
1770093885.612,512,3,"(511.0, 0.0)"
1770093885.622,512,3,"(511.0, 0.0)"
1770093885.633,512,3,"(511.0, 0.0)"
1770093885.643,512,3,"(511.0, 0.0)"
1770093885.653,512,3,"(511.0, 0.0)"
1770093885.663,512,3,"(511.0, 0.0)"
1770093885.674,512,3,"(511.0, 0.0)"
1770093885.687,512,3,"(511.0, 0.0)"
1770093885.697,512,3,"(511.0, 0.0)"
1770093885.709,512,3,"(511.0, 0.0)"
1770093885.72,512,3,"(511.0, 0.0)"
1770093885.73,512,3,"(511.0, 0.0)"
1770093885.741,512,3,"(511.0, 0.0)"
1770093885.754,512,3,"(511.0, 0.0)"
1770093885.765,512,3,"(511.0, 0.0)"
1770093885.775,512,3,"(511.0, 0.0)"
1770093885.786,512,3,"(511.0, 0.0)"
1770093885.797,512,3,"(511.0, 0.0)"
1770093885.807,512,3,"(511.0, 0.0)"
1770093885.818,512,3,"(511.0, 0.0)"
1770093885.829,512,3,"(511.0, 0.0)"
1770093885.839,512,3,"(511.0, 0.0)"
1770093885.85,512,3,"(511.0, 0.0)"
1770093885.86,512,3,"(511.0, 0.0)"
1770093885.871,512,3,"(511.0, 0.0)"
1770093885.881,512,3,"(511.0, 0.0)"
1770093885.891,512,3,"(511.0, 0.0)"
1770093885.902,512,3,"(511.0, 0.0)"
1770093885.912,512,3,"(511.0, 0.0)"
1770093885.924,512,3,"(511.0, 0.0)"
1770093885.934,512,3,"(511.0, 0.0)"
1770093885.945,512,3,"(511.0, 0.0)"
1770093885.956,512,3,"(511.0, 0.0)"
1770093885.967,512,3,"(511.0, 0.0)"
1770093885.978,512,3,"(511.0, 0.0)"
1770093885.988,512,3,"(511.0, 0.0)"
1770093885.998,512,3,"(511.0, 0.0)"
1770093886.009,512,3,"(511.0, 0.0)"
1770093886.02,512,3,"(511.0, 0.0)"
1770093886.03,512,3,"(511.0, 0.0)"
1770093886.04,512,3,"(511.0, 0.0)"
1770093886.052,512,3,"(511.0, 0.0)"
1770093886.063,512,3,"(511.0, 0.0)"
1770093886.074,512,3,"(511.0, 0.0)"
1770093886.084,512,3,"(511.0, 0.0)"
1770093886.094,512,3,"(511.0, 0.0)"
1770093886.105,512,3,"(511.0, 0.0)"
1770093886.118,512,3,"(511.0, 0.0)"
1770093886.129,512,3,"(511.0, 0.0)"
1770093886.139,512,3,"(511.0, 0.0)"
1770093886.15,512,3,"(511.0, 0.0)"
1770093886.16,512,3,"(511.0, 0.0)"
1770093886.17,512,3,"(511.0, 0.0)"
1770093886.18,512,3,"(511.0, 0.0)"
1770093886.19,512,3,"(511.0, 0.0)"
1770093886.201,512,3,"(511.0, 21.0)"
1770093886.212,512,3,"(511.0, 21.0)"
1770093886.222,512,3,"(511.0, 43.0)"
1770093886.235,512,3,"(511.0, 43.0)"
1770093886.246,512,3,"(511.0, 43.0)"
1770093886.257,512,3,"(511.0, 43.0)"
1770093886.268,512,3,"(511.0, 43.0)"
1770093886.278,512,3,"(511.0, 43.0)"
1770093886.289,512,3,"(511.0, 43.0)"
1770093886.3,512,3,"(511.0, 43.0)"
1770093886.31,512,3,"(511.0, 21.0)"
1770093886.32,512,3,"(511.0, 21.0)"
1770093886.335,512,3,"(511.0, 0.0)"
1770093886.35,512,3,"(511.0, 0.0)"
1770093886.361,512,3,"(511.0, 0.0)"
1770093886.371,512,3,"(511.0, 0.0)"
1770093886.381,512,3,"(511.0, 0.0)"
1770093886.392,512,3,"(511.0, 0.0)"
1770093886.403,512,3,"(511.0, 0.0)"
1770093886.414,512,3,"(511.0, 0.0)"
1770093886.425,512,3,"(511.0, 0.0)"
1770093886.435,512,3,"(511.0, 0.0)"
1770093886.447,512,3,"(511.0, 0.0)"
1770093886.457,512,3,"(511.0, 0.0)"
1770093886.468,512,3,"(511.0, 0.0)"
1770093886.478,512,3,"(511.0, 0.0)"
1770093886.489,512,3,"(511.0, 0.0)"
1770093886.499,512,3,"(511.0, 0.0)"
1770093886.51,512,3,"(511.0, 0.0)"
1770093886.521,512,3,"(511.0, 0.0)"
1770093886.534,512,3,"(511.0, 0.0)"
1770093886.545,512,3,"(511.0, 0.0)"
1770093886.555,512,3,"(511.0, 0.0)"
1770093886.571,512,3,"(511.0, 0.0)"
1770093886.581,512,3,"(511.0, 0.0)"
1770093886.591,512,3,"(511.0, 0.0)"
1770093886.602,512,3,"(511.0, 0.0)"
1770093886.612,512,3,"(511.0, 0.0)"
1770093886.622,512,3,"(511.0, 0.0)"
1770093886.633,512,3,"(511.0, 0.0)"
1770093886.644,512,3,"(511.0, 0.0)"
1770093886.654,512,3,"(511.0, 0.0)"
1770093886.666,512,3,"(511.0, 0.0)"
1770093886.677,512,3,"(511.0, 0.0)"
1770093886.688,512,3,"(511.0, 0.0)"
1770093886.699,512,3,"(511.0, 0.0)"
1770093886.71,512,3,"(511.0, 0.0)"
1770093886.721,512,3,"(511.0, 0.0)"
1770093886.731,512,3,"(511.0, 0.0)"
1770093886.742,512,3,"(511.0, 0.0)"
1770093886.752,512,3,"(511.0, 0.0)"
1770093886.762,512,3,"(511.0, 0.0)"
1770093886.773,512,3,"(511.0, 0.0)"
1770093886.783,512,3,"(511.0, 0.0)"
1770093886.793,512,3,"(511.0, 0.0)"
1770093886.803,512,3,"(511.0, 0.0)"
1770093886.814,512,3,"(511.0, 0.0)"
1770093886.825,512,3,"(511.0, 0.0)"
1770093886.836,512,3,"(511.0, 21.0)"
1770093886.847,512,3,"(511.0, 21.0)"
1770093886.857,512,3,"(511.0, 43.0)"
1770093886.868,512,3,"(511.0, 43.0)"
1770093886.879,512,3,"(511.0, 43.0)"
1770093886.89,512,3,"(511.0, 43.0)"
1770093886.901,512,3,"(511.0, 43.0)"
1770093886.912,512,3,"(511.0, 43.0)"
1770093886.922,512,3,"(511.0, 21.0)"
1770093886.933,512,3,"(511.0, 21.0)"
1770093886.943,512,3,"(511.0, 0.0)"
1770093886.953,512,3,"(511.0, 0.0)"
1770093886.964,512,3,"(511.0, 21.0)"
1770093886.974,512,3,"(511.0, 21.0)"
1770093886.985,512,3,"(511.0, 43.0)"
1770093886.997,512,3,"(511.0, 43.0)"
1770093887.007,512,3,"(511.0, 43.0)"
1770093887.018,512,3,"(511.0, 21.0)"
1770093887.029,512,3,"(511.0, 21.0)"
1770093887.04,512,3,"(511.0, 0.0)"
1770093887.05,512,3,"(511.0, 0.0)"
1770093887.061,512,3,"(511.0, 0.0)"
1770093887.071,512,3,"(511.0, 0.0)"
1770093887.081,512,3,"(511.0, 0.0)"
1770093887.091,512,3,"(511.0, 0.0)"
1770093887.101,512,3,"(511.0, 0.0)"
1770093887.114,512,3,"(511.0, 0.0)"
1770093887.124,512,3,"(511.0, 0.0)"
1770093887.135,512,3,"(511.0, 0.0)"
1770093887.146,512,3,"(511.0, 21.0)"
1770093887.156,512,3,"(511.0, 21.0)"
1770093887.166,512,3,"(511.0, 43.0)"
1770093887.177,512,3,"(511.0, 43.0)"
1770093887.188,512,3,"(511.0, 43.0)"
1770093887.199,512,3,"(511.0, 21.0)"
1770093887.209,512,3,"(511.0, 0.0)"
1770093887.219,512,3,"(511.0, 0.0)"
1770093887.232,512,3,"(511.0, 0.0)"
1770093887.243,512,3,"(511.0, 0.0)"
1770093887.254,512,3,"(511.0, 21.0)"
1770093887.265,512,3,"(511.0, 21.0)"
1770093887.276,512,3,"(511.0, 43.0)"
1770093887.286,512,3,"(511.0, 43.0)"
1770093887.298,512,3,"(511.0, 43.0)"
1770093887.309,512,3,"(511.0, 43.0)"
1770093887.32,512,3,"(511.0, 43.0)"
1770093887.332,512,3,"(511.0, 43.0)"
1770093887.343,512,3,"(511.0, 43.0)"
1770093887.354,512,3,"(511.0, 43.0)"
1770093887.364,512,3,"(511.0, 43.0)"
1770093887.375,512,3,"(511.0, 43.0)"
1770093887.385,512,3,"(511.0, 43.0)"
1770093887.397,512,3,"(511.0, 43.0)"
1770093887.407,512,3,"(511.0, 43.0)"
1770093887.417,512,3,"(511.0, 43.0)"
1770093887.428,512,3,"(511.0, 43.0)"
1770093887.438,512,3,"(511.0, 43.0)"
1770093887.449,512,3,"(511.0, 43.0)"
1770093887.461,512,3,"(511.0, 43.0)"
1770093887.471,512,3,"(511.0, 43.0)"
1770093887.484,512,3,"(511.0, 43.0)"
1770093887.495,512,3,"(511.0, 43.0)"
1770093887.506,512,3,"(511.0, 43.0)"
1770093887.518,512,3,"(511.0, 43.0)"
1770093887.528,512,3,"(511.0, 43.0)"
1770093887.539,512,3,"(511.0, 43.0)"
1770093887.552,512,3,"(511.0, 43.0)"
1770093887.563,512,3,"(511.0, 43.0)"
1770093887.574,512,3,"(511.0, 43.0)"
1770093887.586,512,3,"(511.0, 43.0)"
1770093887.597,512,3,"(511.0, 43.0)"
1770093887.607,512,3,"(511.0, 43.0)"
1770093887.618,512,3,"(511.0, 43.0)"
1770093887.629,512,3,"(511.0, 43.0)"
1770093887.639,512,3,"(511.0, 43.0)"
1770093887.65,512,3,"(511.0, 43.0)"
1770093887.661,512,3,"(511.0, 43.0)"
1770093887.671,512,3,"(511.0, 43.0)"
1770093887.681,512,3,"(511.0, 43.0)"
1770093887.691,512,3,"(511.0, 43.0)"
1770093887.703,512,3,"(511.0, 43.0)"
1770093887.713,512,3,"(511.0, 43.0)"
1770093887.724,512,3,"(511.0, 43.0)"
1770093887.734,512,3,"(511.0, 43.0)"
1770093887.744,512,3,"(511.0, 43.0)"
1770093887.755,512,3,"(511.0, 43.0)"
1770093887.765,512,3,"(511.0, 43.0)"
1770093887.775,512,3,"(511.0, 43.0)"
1770093887.785,512,3,"(511.0, 43.0)"
1770093887.796,512,3,"(511.0, 21.0)"
1770093887.806,512,3,"(511.0, 21.0)"
1770093887.816,512,3,"(511.0, 21.0)"
1770093891.457,512,4,"(511.0, 0.0)"
1770093891.467,512,4,"(511.0, 0.0)"
1770093891.478,512,4,"(511.0, 0.0)"
1770093891.488,512,4,"(511.0, 0.0)"
1770093891.498,512,4,"(511.0, 0.0)"
1770093891.508,512,4,"(511.0, 0.0)"
1770093891.519,512,4,"(511.0, 0.0)"
1770093891.529,512,4,"(511.0, 0.0)"
1770093891.539,512,4,"(511.0, 0.0)"
1770093891.549,512,4,"(511.0, 0.0)"
1770093891.559,512,4,"(511.0, 0.0)"
1770093891.569,512,4,"(511.0, 0.0)"
1770093891.579,512,4,"(511.0, 0.0)"
1770093891.589,512,4,"(511.0, 0.0)"
1770093891.599,512,4,"(511.0, 0.0)"
1770093891.609,512,4,"(511.0, 0.0)"
1770093891.619,512,4,"(511.0, 0.0)"
1770093891.629,512,4,"(511.0, 0.0)"
1770093891.64,512,4,"(511.0, 0.0)"
1770093891.65,512,4,"(511.0, 0.0)"
1770093891.66,512,4,"(511.0, 0.0)"
1770093891.67,512,4,"(511.0, 0.0)"
1770093891.681,512,4,"(511.0, 0.0)"
1770093891.691,512,4,"(511.0, 0.0)"
1770093891.701,512,4,"(511.0, 0.0)"
1770093891.711,512,4,"(511.0, 0.0)"
1770093891.721,512,4,"(511.0, 0.0)"
1770093891.731,512,4,"(511.0, 0.0)"
1770093891.741,512,4,"(511.0, 0.0)"
1770093891.751,512,4,"(511.0, 0.0)"
1770093891.761,512,4,"(511.0, 0.0)"
1770093891.772,512,4,"(511.0, 0.0)"
1770093891.782,512,4,"(511.0, 0.0)"
1770093891.794,512,4,"(511.0, 0.0)"
1770093891.805,512,4,"(511.0, 0.0)"
1770093891.815,512,4,"(511.0, 0.0)"
1770093891.825,512,4,"(511.0, 0.0)"
1770093891.836,512,4,"(511.0, 0.0)"
1770093891.846,512,4,"(511.0, 0.0)"
1770093891.857,512,4,"(511.0, 0.0)"
1770093891.868,512,4,"(511.0, 0.0)"
1770093891.879,512,4,"(511.0, 0.0)"
1770093891.889,512,4,"(511.0, 0.0)"
1770093891.901,512,4,"(511.0, 0.0)"
1770093891.911,512,4,"(511.0, 0.0)"
1770093891.921,512,4,"(511.0, 0.0)"
1770093891.931,512,4,"(511.0, 0.0)"
1770093891.941,512,4,"(511.0, 0.0)"
1770093891.951,512,4,"(511.0, 0.0)"
1770093891.962,512,4,"(511.0, 0.0)"
1770093891.972,512,4,"(511.0, 0.0)"
1770093891.982,512,4,"(511.0, 0.0)"
1770093891.992,512,4,"(511.0, 0.0)"
1770093892.003,512,4,"(511.0, 0.0)"
1770093892.013,512,4,"(511.0, 0.0)"
1770093892.023,512,4,"(511.0, 0.0)"
1770093892.033,512,4,"(511.0, 0.0)"
1770093892.044,512,4,"(511.0, 0.0)"
1770093892.054,512,4,"(511.0, 0.0)"
1770093892.065,512,4,"(511.0, 0.0)"
1770093892.075,512,4,"(511.0, 0.0)"
1770093892.086,512,4,"(511.0, 0.0)"
1770093892.096,512,4,"(511.0, 0.0)"
1770093892.107,512,4,"(511.0, 0.0)"
1770093892.117,512,4,"(511.0, 0.0)"
1770093892.128,512,4,"(511.0, 0.0)"
1770093892.138,512,4,"(511.0, 0.0)"
1770093892.148,512,4,"(511.0, 0.0)"
1770093892.159,512,4,"(511.0, 0.0)"
1770093892.17,512,4,"(511.0, 0.0)"
1770093892.18,512,4,"(511.0, 0.0)"
1770093892.19,512,4,"(511.0, 0.0)"
1770093892.201,512,4,"(511.0, 0.0)"
1770093892.212,512,4,"(511.0, 0.0)"
1770093892.223,512,4,"(511.0, 0.0)"
1770093892.234,512,4,"(511.0, 0.0)"
1770093892.245,512,4,"(511.0, 0.0)"
1770093892.255,512,4,"(511.0, 0.0)"
1770093892.267,512,4,"(511.0, 0.0)"
1770093892.278,512,4,"(511.0, 0.0)"
1770093892.288,512,4,"(511.0, 0.0)"
1770093892.3,512,4,"(511.0, 0.0)"
1770093892.311,512,4,"(511.0, 0.0)"
1770093892.321,512,4,"(511.0, 0.0)"
1770093892.332,512,4,"(511.0, 0.0)"
1770093892.343,512,4,"(511.0, 0.0)"
1770093892.354,512,4,"(511.0, 0.0)"
1770093892.366,512,4,"(511.0, 0.0)"
1770093892.377,512,4,"(511.0, 0.0)"
1770093892.388,512,4,"(511.0, 0.0)"
1770093892.399,512,4,"(511.0, 0.0)"
1770093892.409,512,4,"(511.0, 0.0)"
1770093892.42,512,4,"(511.0, 0.0)"
1770093892.431,512,4,"(511.0, 0.0)"
1770093892.441,512,4,"(511.0, 0.0)"
1770093892.452,512,4,"(511.0, 0.0)"
1770093892.467,512,4,"(511.0, 0.0)"
1770093892.478,512,4,"(511.0, 0.0)"
1770093892.489,512,4,"(511.0, 0.0)"
1770093892.5,512,4,"(511.0, 0.0)"
1770093892.51,512,4,"(511.0, 0.0)"
1770093892.522,512,4,"(511.0, 0.0)"
1770093892.532,512,4,"(511.0, 0.0)"
1770093892.543,512,4,"(511.0, 0.0)"
1770093892.554,512,4,"(511.0, 21.0)"
1770093892.564,512,4,"(511.0, 21.0)"
1770093892.575,512,4,"(511.0, 43.0)"
1770093892.586,512,4,"(511.0, 43.0)"
1770093892.597,512,4,"(511.0, 43.0)"
1770093892.607,512,4,"(511.0, 43.0)"
1770093892.619,512,4,"(511.0, 43.0)"
1770093892.629,512,4,"(511.0, 43.0)"
1770093892.639,512,4,"(511.0, 43.0)"
1770093892.65,512,4,"(511.0, 43.0)"
1770093892.66,512,4,"(511.0, 43.0)"
1770093892.671,512,4,"(511.0, 43.0)"
1770093892.681,512,4,"(511.0, 43.0)"
1770093892.692,512,4,"(511.0, 43.0)"
1770093892.702,512,4,"(511.0, 43.0)"
1770093892.712,512,4,"(511.0, 43.0)"
1770093892.724,512,4,"(511.0, 43.0)"
1770093892.734,512,4,"(511.0, 43.0)"
1770093892.745,512,4,"(511.0, 43.0)"
1770093892.755,512,4,"(511.0, 43.0)"
1770093892.765,512,4,"(511.0, 43.0)"
1770093892.775,512,4,"(511.0, 43.0)"
1770093892.787,512,4,"(511.0, 43.0)"
1770093892.799,512,4,"(511.0, 43.0)"
1770093892.81,512,4,"(511.0, 43.0)"
1770093892.82,512,4,"(511.0, 43.0)"
1770093892.831,512,4,"(511.0, 43.0)"
1770093892.841,512,4,"(511.0, 43.0)"
1770093892.852,512,4,"(511.0, 43.0)"
1770093892.862,512,4,"(511.0, 43.0)"
1770093892.872,512,4,"(511.0, 43.0)"
1770093892.884,512,4,"(511.0, 21.0)"
1770093892.895,512,4,"(511.0, 21.0)"
1770093892.906,512,4,"(511.0, 21.0)"
1770093892.917,512,4,"(511.0, 21.0)"
1770093892.927,512,4,"(511.0, 21.0)"
1770093892.938,512,4,"(511.0, 43.0)"
1770093892.95,512,4,"(511.0, 43.0)"
1770093892.96,512,4,"(511.0, 43.0)"
1770093892.971,512,4,"(511.0, 43.0)"
1770093892.982,512,4,"(511.0, 43.0)"
1770093892.993,512,4,"(511.0, 43.0)"
1770093893.004,512,4,"(511.0, 43.0)"
1770093893.014,512,4,"(511.0, 43.0)"
1770093893.024,512,4,"(511.0, 43.0)"
1770093893.035,512,4,"(511.0, 21.0)"
1770093893.045,512,4,"(511.0, 21.0)"
1770093893.056,512,4,"(511.0, 0.0)"
1770093893.067,512,4,"(511.0, 0.0)"
1770093893.078,512,4,"(511.0, 0.0)"
1770093893.089,512,4,"(511.0, 0.0)"
1770093893.1,512,4,"(511.0, 0.0)"
1770093893.111,512,4,"(511.0, 0.0)"
1770093893.122,512,4,"(511.0, 0.0)"
1770093893.132,512,4,"(511.0, 0.0)"
1770093893.143,512,4,"(511.0, 0.0)"
1770093893.156,512,4,"(511.0, 0.0)"
1770093893.166,512,4,"(511.0, 0.0)"
1770093893.177,512,4,"(511.0, 0.0)"
1770093893.189,512,4,"(511.0, 0.0)"
1770093893.2,512,4,"(511.0, 0.0)"
1770093893.211,512,4,"(511.0, 0.0)"
1770093893.222,512,4,"(511.0, 21.0)"
1770093893.233,512,4,"(511.0, 21.0)"
1770093893.243,512,4,"(511.0, 21.0)"
1770093893.253,512,4,"(511.0, 21.0)"
1770093893.264,512,4,"(511.0, 21.0)"
1770093893.275,512,4,"(511.0, 43.0)"
1770093893.288,512,4,"(511.0, 43.0)"
1770093893.298,512,4,"(511.0, 43.0)"
1770093893.309,512,4,"(511.0, 43.0)"
1770093893.319,512,4,"(511.0, 43.0)"
1770093893.33,512,4,"(511.0, 43.0)"
1770093893.341,512,4,"(511.0, 43.0)"
1770093893.351,512,4,"(511.0, 43.0)"
1770093893.361,512,4,"(511.0, 43.0)"
1770093893.373,512,4,"(511.0, 43.0)"
1770093893.383,512,4,"(511.0, 43.0)"
1770093893.393,512,4,"(511.0, 43.0)"
1770093893.406,512,4,"(511.0, 43.0)"
1770093893.417,512,4,"(511.0, 43.0)"
1770093893.427,512,4,"(511.0, 43.0)"
1770093893.437,512,4,"(511.0, 43.0)"
1770093893.448,512,4,"(511.0, 43.0)"
1770093893.458,512,4,"(511.0, 43.0)"
1770093893.47,512,4,"(511.0, 43.0)"
1770093893.482,512,4,"(511.0, 43.0)"
1770093893.493,512,4,"(511.0, 43.0)"
1770093893.505,512,4,"(511.0, 43.0)"
1770093893.516,512,4,"(511.0, 43.0)"
1770093893.527,512,4,"(511.0, 43.0)"
1770093893.537,512,4,"(511.0, 43.0)"
1770093893.547,512,4,"(511.0, 43.0)"
1770093893.558,512,4,"(511.0, 43.0)"
1770093893.569,512,4,"(511.0, 43.0)"
1770093893.58,512,4,"(511.0, 43.0)"
1770093893.59,512,4,"(511.0, 43.0)"
1770093893.6,512,4,"(511.0, 43.0)"
1770093893.611,512,4,"(511.0, 43.0)"
1770093893.622,512,4,"(511.0, 43.0)"
1770093893.633,512,4,"(511.0, 43.0)"
1770093893.644,512,4,"(511.0, 43.0)"
1770093893.656,512,4,"(511.0, 43.0)"
1770093893.667,512,4,"(511.0, 43.0)"
1770093893.677,512,4,"(511.0, 43.0)"
1770093893.687,512,4,"(511.0, 43.0)"
1770093893.697,512,4,"(511.0, 43.0)"
1770093893.708,512,4,"(511.0, 43.0)"
1770093893.718,512,4,"(511.0, 43.0)"
1770093893.73,512,4,"(511.0, 43.0)"
1770093893.74,512,4,"(511.0, 43.0)"
1770093893.75,512,4,"(511.0, 43.0)"
1770093893.76,512,4,"(511.0, 43.0)"
1770093893.771,512,4,"(511.0, 43.0)"
1770093893.781,512,4,"(511.0, 43.0)"
1770093893.792,512,4,"(511.0, 43.0)"
1770093893.803,512,4,"(511.0, 43.0)"
1770093893.813,512,4,"(511.0, 43.0)"
1770093893.824,512,4,"(511.0, 43.0)"
1770093893.834,512,4,"(511.0, 43.0)"
1770093893.844,512,4,"(511.0, 43.0)"
1770093893.854,512,4,"(511.0, 43.0)"
1770093893.865,512,4,"(511.0, 43.0)"
1770093893.876,512,4,"(511.0, 43.0)"
1770093893.887,512,4,"(511.0, 43.0)"
1770093893.897,512,4,"(511.0, 43.0)"
1770093893.907,512,4,"(511.0, 43.0)"
1770093893.918,512,4,"(511.0, 43.0)"
1770093893.928,512,4,"(511.0, 43.0)"
1770093893.938,512,4,"(511.0, 43.0)"
1770093893.948,512,4,"(511.0, 43.0)"
1770093893.959,512,4,"(511.0, 43.0)"
1770093893.97,512,4,"(511.0, 43.0)"
1770093893.981,512,4,"(511.0, 43.0)"
1770093893.992,512,4,"(511.0, 43.0)"
1770093894.002,512,4,"(511.0, 43.0)"
1770093894.013,512,4,"(511.0, 43.0)"
1770093894.023,512,4,"(511.0, 43.0)"
1770093894.033,512,4,"(511.0, 43.0)"
1770093894.044,512,4,"(511.0, 43.0)"
1770093894.055,512,4,"(511.0, 43.0)"
1770093894.065,512,4,"(511.0, 43.0)"
1770093894.075,512,4,"(511.0, 43.0)"
1770093894.086,512,4,"(511.0, 43.0)"
1770093894.097,512,4,"(511.0, 43.0)"
1770093894.107,512,4,"(511.0, 43.0)"
1770093894.117,512,4,"(511.0, 43.0)"
1770093894.127,512,4,"(511.0, 43.0)"
1770093894.138,512,4,"(511.0, 43.0)"
1770093894.149,512,4,"(511.0, 43.0)"
1770093894.16,512,4,"(511.0, 43.0)"
1770093894.172,512,4,"(511.0, 43.0)"
1770093894.182,512,4,"(511.0, 43.0)"
1770093894.192,512,4,"(511.0, 43.0)"
1770093894.202,512,4,"(511.0, 43.0)"
1770093894.214,512,4,"(511.0, 43.0)"
1770093894.224,512,4,"(511.0, 43.0)"
1770093894.235,512,4,"(511.0, 43.0)"
1770093894.245,512,4,"(511.0, 43.0)"
1770093894.255,512,4,"(511.0, 43.0)"
1770093894.266,512,4,"(511.0, 43.0)"
1770093894.277,512,4,"(511.0, 43.0)"
1770093894.287,512,4,"(511.0, 43.0)"
1770093894.297,512,4,"(511.0, 43.0)"
1770093894.308,512,4,"(511.0, 43.0)"
1770093894.319,512,4,"(511.0, 43.0)"
1770093894.329,512,4,"(511.0, 43.0)"
1770093894.339,512,4,"(511.0, 43.0)"
1770093894.351,512,4,"(511.0, 43.0)"
1770093894.361,512,4,"(511.0, 43.0)"
1770093894.371,512,4,"(511.0, 43.0)"
1770093894.382,512,4,"(511.0, 43.0)"
1770093894.393,512,4,"(511.0, 43.0)"
1770093894.404,512,4,"(511.0, 43.0)"
1770093894.415,512,4,"(511.0, 43.0)"
1770093894.425,512,4,"(511.0, 43.0)"
1770093894.437,512,4,"(511.0, 43.0)"
1770093894.447,512,4,"(511.0, 43.0)"
1770221708.872,702,1,"(523.0, 159.0)"
1770221708.882,702,1,"(523.0, 162.0)"
1770221708.893,702,1,"(523.0, 162.0)"
1770221708.903,702,1,"(523.0, 162.0)"
1770221708.914,702,1,"(523.0, 162.0)"
1770221708.925,702,1,"(523.0, 162.0)"
1770221708.935,702,1,"(523.0, 162.0)"
1770221708.947,702,1,"(523.0, 162.0)"
1770221708.957,702,1,"(523.0, 165.0)"
1770221708.968,702,1,"(523.0, 165.0)"
1770221708.978,702,1,"(523.0, 165.0)"
1770221708.989,702,1,"(523.0, 165.0)"
1770221708.999,702,1,"(523.0, 165.0)"
1770221709.009,702,1,"(523.0, 162.0)"
1770221709.02,702,1,"(523.0, 162.0)"
1770221709.031,702,1,"(523.0, 162.0)"
1770221709.042,702,1,"(523.0, 162.0)"
1770221709.054,702,1,"(523.0, 162.0)"
1770221709.064,702,1,"(523.0, 162.0)"
1770221709.075,702,1,"(523.0, 162.0)"
1770221709.086,702,1,"(523.0, 162.0)"
1770221709.097,702,1,"(523.0, 162.0)"
1770221709.108,702,1,"(523.0, 159.0)"
1770221709.118,702,1,"(523.0, 159.0)"
1770221709.129,702,1,"(523.0, 159.0)"
1770221709.139,702,1,"(523.0, 159.0)"
1770221709.15,702,1,"(523.0, 162.0)"
1770221709.16,702,1,"(523.0, 162.0)"
1770221709.171,702,1,"(523.0, 162.0)"
1770221709.182,702,1,"(523.0, 162.0)"
1770221709.192,702,1,"(523.0, 162.0)"
1770221709.202,702,1,"(523.0, 162.0)"
1770221709.213,702,1,"(523.0, 162.0)"
1770221709.224,702,1,"(523.0, 162.0)"
1770221709.234,702,1,"(523.0, 162.0)"
1770221709.245,702,1,"(523.0, 162.0)"
1770221709.255,702,1,"(523.0, 162.0)"
1770221709.266,702,1,"(523.0, 162.0)"
1770221709.278,702,1,"(523.0, 162.0)"
1770221709.289,702,1,"(523.0, 162.0)"
1770221709.3,702,1,"(523.0, 162.0)"
1770221709.311,702,1,"(523.0, 162.0)"
1770221709.321,702,1,"(523.0, 162.0)"
1770221709.332,702,1,"(523.0, 162.0)"
1770221709.342,702,1,"(523.0, 162.0)"
1770221709.353,702,1,"(523.0, 162.0)"
1770221709.363,702,1,"(523.0, 162.0)"
1770221709.374,702,1,"(523.0, 162.0)"
1770221709.385,702,1,"(523.0, 162.0)"
1770221709.395,702,1,"(523.0, 162.0)"
1770221709.406,702,1,"(523.0, 162.0)"
1770221709.416,702,1,"(523.0, 159.0)"
1770221709.427,702,1,"(523.0, 159.0)"
1770221709.438,702,1,"(523.0, 159.0)"
1770221709.448,702,1,"(523.0, 159.0)"
1770221709.459,702,1,"(523.0, 159.0)"
1770221709.47,702,1,"(523.0, 159.0)"
1770221709.48,702,1,"(523.0, 159.0)"
1770221709.491,702,1,"(523.0, 157.0)"
1770221709.501,702,1,"(523.0, 157.0)"
1770221709.513,702,1,"(523.0, 154.0)"
1770221709.523,702,1,"(523.0, 154.0)"
1770221709.534,702,1,"(523.0, 154.0)"
1770221709.545,702,1,"(523.0, 154.0)"
1770221709.555,702,1,"(523.0, 154.0)"
1770221709.566,702,1,"(523.0, 154.0)"
1770221709.577,702,1,"(523.0, 151.0)"
1770221709.587,702,1,"(523.0, 151.0)"
1770221709.598,702,1,"(523.0, 151.0)"
1770221709.61,702,1,"(523.0, 148.0)"
1770221709.62,702,1,"(523.0, 148.0)"
1770221709.631,702,1,"(523.0, 148.0)"
1770221709.641,702,1,"(523.0, 148.0)"
1770221709.652,702,1,"(523.0, 148.0)"
1770221709.662,702,1,"(523.0, 148.0)"
1770221709.672,702,1,"(523.0, 148.0)"
1770221709.682,702,1,"(523.0, 148.0)"
1770221709.692,702,1,"(523.0, 148.0)"
1770221709.702,702,1,"(523.0, 148.0)"
1770221709.713,702,1,"(523.0, 148.0)"
1770221709.726,702,1,"(523.0, 148.0)"
1770221709.736,702,1,"(523.0, 148.0)"
1770221709.746,702,1,"(523.0, 148.0)"
1770221709.757,702,1,"(523.0, 148.0)"
1770221709.767,702,1,"(523.0, 148.0)"
1770221709.778,702,1,"(523.0, 148.0)"
1770221709.789,702,1,"(523.0, 148.0)"
1770221709.799,702,1,"(523.0, 148.0)"
1770221709.809,702,1,"(523.0, 151.0)"
1770221709.82,702,1,"(523.0, 151.0)"
1770221709.83,702,1,"(523.0, 151.0)"
1770221709.841,702,1,"(523.0, 151.0)"
1770221709.851,702,1,"(523.0, 151.0)"
1770221709.861,702,1,"(523.0, 151.0)"
1770221709.872,702,1,"(523.0, 154.0)"
1770221709.882,702,1,"(523.0, 154.0)"
1770221709.892,702,1,"(523.0, 154.0)"
1770221709.903,702,1,"(523.0, 154.0)"
1770221709.913,702,1,"(523.0, 154.0)"
1770221709.923,702,1,"(523.0, 154.0)"
1770221709.934,702,1,"(523.0, 154.0)"
1770221709.945,702,1,"(523.0, 154.0)"
1770221709.955,702,1,"(523.0, 151.0)"
1770221709.966,702,1,"(523.0, 151.0)"
1770221709.976,702,1,"(523.0, 148.0)"
1770221709.987,702,1,"(523.0, 148.0)"
1770221709.997,702,1,"(523.0, 148.0)"
1770221710.008,702,1,"(523.0, 148.0)"
1770221710.018,702,1,"(523.0, 148.0)"
1770221710.029,702,1,"(523.0, 148.0)"
1770221710.04,702,1,"(523.0, 148.0)"
1770221710.05,702,1,"(523.0, 148.0)"
1770221710.061,702,1,"(523.0, 148.0)"
1770221710.074,702,1,"(523.0, 148.0)"
1770221710.086,702,1,"(523.0, 148.0)"
1770221710.096,702,1,"(523.0, 151.0)"
1770221710.107,702,1,"(523.0, 151.0)"
1770221710.117,702,1,"(523.0, 154.0)"
1770221710.128,702,1,"(523.0, 154.0)"
1770221710.139,702,1,"(523.0, 154.0)"
1770221710.149,702,1,"(523.0, 154.0)"
1770221710.16,702,1,"(523.0, 154.0)"
1770221710.17,702,1,"(523.0, 154.0)"
1770221710.18,702,1,"(523.0, 154.0)"
1770221710.191,702,1,"(523.0, 154.0)"
1770221710.201,702,1,"(523.0, 154.0)"
1770221710.212,702,1,"(523.0, 154.0)"
1770221710.223,702,1,"(523.0, 154.0)"
1770221710.235,702,1,"(523.0, 154.0)"
1770221710.245,702,1,"(523.0, 154.0)"
1770221710.256,702,1,"(523.0, 154.0)"
1770221710.266,702,1,"(523.0, 154.0)"
1770221710.276,702,1,"(523.0, 154.0)"
1770221710.287,702,1,"(523.0, 157.0)"
1770221710.297,702,1,"(523.0, 157.0)"
1770221710.307,702,1,"(523.0, 157.0)"
1770221710.318,702,1,"(523.0, 159.0)"
1770221710.328,702,1,"(523.0, 159.0)"
1770221710.339,702,1,"(523.0, 159.0)"
1770221710.349,702,1,"(523.0, 159.0)"
1770221710.36,702,1,"(523.0, 159.0)"
1770221710.371,702,1,"(523.0, 159.0)"
1770221710.381,702,1,"(523.0, 159.0)"
1770221710.392,702,1,"(523.0, 159.0)"
1770221710.403,702,1,"(523.0, 159.0)"
1770221710.413,702,1,"(523.0, 159.0)"
1770221710.424,702,1,"(523.0, 159.0)"
1770221710.435,702,1,"(523.0, 159.0)"
1770221710.445,702,1,"(523.0, 159.0)"
1770221710.455,702,1,"(523.0, 159.0)"
1770221710.466,702,1,"(523.0, 162.0)"
1770221710.477,702,1,"(523.0, 162.0)"
1770221710.487,702,1,"(523.0, 162.0)"
1770221710.498,702,1,"(523.0, 165.0)"
1770221710.508,702,1,"(523.0, 165.0)"
1770221710.519,702,1,"(523.0, 165.0)"
1770221710.529,702,1,"(523.0, 165.0)"
1770221710.54,702,1,"(523.0, 165.0)"
1770221710.551,702,1,"(523.0, 165.0)"
1770221710.562,702,1,"(523.0, 165.0)"
1770221710.573,702,1,"(523.0, 165.0)"
1770221710.584,702,1,"(523.0, 165.0)"
1770221710.594,702,1,"(523.0, 165.0)"
1770221710.604,702,1,"(523.0, 165.0)"
1770221710.615,702,1,"(523.0, 168.0)"
1770221710.625,702,1,"(523.0, 168.0)"
1770221710.635,702,1,"(523.0, 168.0)"
1770221710.646,702,1,"(523.0, 168.0)"
1770221710.657,702,1,"(523.0, 170.0)"
1770221710.667,702,1,"(523.0, 170.0)"
1770221710.678,702,1,"(523.0, 170.0)"
1770221710.689,702,1,"(523.0, 170.0)"
1770221710.699,702,1,"(523.0, 170.0)"
1770221710.709,702,1,"(523.0, 170.0)"
1770221710.72,702,1,"(523.0, 170.0)"
1770221710.731,702,1,"(523.0, 170.0)"
1770221710.741,702,1,"(523.0, 170.0)"
1770221710.752,702,1,"(523.0, 170.0)"
1770221710.762,702,1,"(523.0, 170.0)"
1770221710.773,702,1,"(523.0, 170.0)"
1770221710.784,702,1,"(523.0, 170.0)"
1770221710.794,702,1,"(523.0, 170.0)"
1770221710.805,702,1,"(523.0, 170.0)"
1770221710.815,702,1,"(523.0, 170.0)"
1770221710.826,702,1,"(523.0, 170.0)"
1770221710.837,702,1,"(523.0, 170.0)"
1770221710.847,702,1,"(523.0, 170.0)"
1770221710.857,702,1,"(523.0, 170.0)"
1770221710.867,702,1,"(523.0, 170.0)"
1770221710.878,702,1,"(523.0, 170.0)"
1770221710.889,702,1,"(523.0, 170.0)"
1770221710.9,702,1,"(523.0, 173.0)"
1770221710.91,702,1,"(523.0, 173.0)"
1770221710.92,702,1,"(523.0, 173.0)"
1770221710.931,702,1,"(523.0, 173.0)"
1770221710.941,702,1,"(523.0, 173.0)"
1770221710.951,702,1,"(523.0, 176.0)"
1770221710.962,702,1,"(523.0, 176.0)"
1770221710.973,702,1,"(523.0, 176.0)"
1770221710.984,702,1,"(523.0, 176.0)"
1770221710.994,702,1,"(523.0, 176.0)"
1770221711.005,702,1,"(523.0, 176.0)"
1770221711.015,702,1,"(523.0, 176.0)"
1770221711.025,702,1,"(523.0, 176.0)"
1770221711.036,702,1,"(523.0, 176.0)"
1770221711.047,702,1,"(523.0, 176.0)"
1770221711.057,702,1,"(523.0, 176.0)"
1770221711.068,702,1,"(523.0, 176.0)"
1770221711.078,702,1,"(523.0, 176.0)"
1770221711.089,702,1,"(523.0, 176.0)"
1770221711.099,702,1,"(523.0, 176.0)"
1770221711.11,702,1,"(523.0, 176.0)"
1770221711.121,702,1,"(523.0, 176.0)"
1770221711.131,702,1,"(523.0, 176.0)"
1770221711.143,702,1,"(523.0, 176.0)"
1770221711.153,702,1,"(523.0, 176.0)"
1770221711.164,702,1,"(523.0, 176.0)"
1770221711.174,702,1,"(523.0, 176.0)"
1770221711.185,702,1,"(523.0, 176.0)"
1770221711.195,702,1,"(523.0, 176.0)"
1770221711.206,702,1,"(523.0, 176.0)"
1770221711.216,702,1,"(523.0, 176.0)"
1770221711.226,702,1,"(523.0, 176.0)"
1770221711.237,702,1,"(523.0, 176.0)"
1770221711.247,702,1,"(523.0, 176.0)"
1770221711.257,702,1,"(523.0, 176.0)"
1770221711.268,702,1,"(523.0, 176.0)"
1770221711.279,702,1,"(523.0, 176.0)"
1770221711.289,702,1,"(523.0, 176.0)"
1770221711.3,702,1,"(523.0, 176.0)"
1770221711.31,702,1,"(523.0, 173.0)"
1770221711.32,702,1,"(523.0, 173.0)"
1770221711.331,702,1,"(523.0, 173.0)"
1770221711.342,702,1,"(523.0, 173.0)"
1770221711.352,702,1,"(523.0, 173.0)"
1770221711.363,702,1,"(523.0, 173.0)"
1770221711.374,702,1,"(523.0, 173.0)"
1770221711.384,702,1,"(523.0, 170.0)"
1770221711.394,702,1,"(523.0, 170.0)"
1770221711.405,702,1,"(523.0, 170.0)"
1770221711.415,702,1,"(523.0, 170.0)"
1770221711.426,702,1,"(523.0, 170.0)"
1770221711.437,702,1,"(523.0, 170.0)"
1770221711.447,702,1,"(523.0, 170.0)"
1770221711.458,702,1,"(523.0, 170.0)"
1770221711.468,702,1,"(523.0, 170.0)"
1770221711.478,702,1,"(523.0, 170.0)"
1770221711.489,702,1,"(523.0, 170.0)"
1770221711.5,702,1,"(523.0, 170.0)"
1770221711.511,702,1,"(523.0, 170.0)"
1770221711.521,702,1,"(523.0, 170.0)"
1770221711.531,702,1,"(523.0, 170.0)"
1770221711.541,702,1,"(523.0, 170.0)"
1770221711.552,702,1,"(523.0, 170.0)"
1770221711.562,702,1,"(523.0, 170.0)"
1770221711.572,702,1,"(523.0, 170.0)"
1770221711.582,702,1,"(523.0, 170.0)"
1770221711.592,702,1,"(523.0, 168.0)"
1770221711.603,702,1,"(523.0, 168.0)"
1770221711.613,702,1,"(523.0, 168.0)"
1770221711.624,702,1,"(523.0, 168.0)"
1770221711.635,702,1,"(523.0, 168.0)"
1770221711.645,702,1,"(523.0, 168.0)"
1770221711.656,702,1,"(523.0, 168.0)"
1770221711.666,702,1,"(523.0, 168.0)"
1770221711.677,702,1,"(523.0, 168.0)"
1770221711.687,702,1,"(523.0, 165.0)"
1770221711.698,702,1,"(523.0, 165.0)"
1770221711.709,702,1,"(523.0, 165.0)"
1770221711.72,702,1,"(523.0, 165.0)"
1770221711.73,702,1,"(523.0, 165.0)"
1770221711.74,702,1,"(523.0, 165.0)"
1770221711.75,702,1,"(523.0, 165.0)"
1770221711.761,702,1,"(523.0, 165.0)"
1770221711.771,702,1,"(523.0, 165.0)"
1770221711.782,702,1,"(523.0, 165.0)"
1770221711.792,702,1,"(523.0, 165.0)"
1770221711.803,702,1,"(523.0, 165.0)"
1770221711.814,702,1,"(523.0, 165.0)"
1770221711.824,702,1,"(523.0, 162.0)"
1770221711.834,702,1,"(523.0, 162.0)"
1770221711.845,702,1,"(523.0, 162.0)"
1770221711.856,702,1,"(523.0, 162.0)"
1770221711.866,702,1,"(523.0, 165.0)"
1770221722.25,702,2,"(523.0, 107.0)"
1770221722.264,702,2,"(523.0, 110.0)"
1770221722.275,702,2,"(547.0, 110.0)"
1770221722.286,702,2,"(523.0, 113.0)"
1770221722.298,702,2,"(523.0, 113.0)"
1770221722.309,702,2,"(547.0, 113.0)"
1770221722.319,702,2,"(523.0, 113.0)"
1770221722.331,702,2,"(523.0, 113.0)"
1770221722.342,702,2,"(523.0, 110.0)"
1770221722.352,702,2,"(499.0, 110.0)"
1770221722.363,702,2,"(499.0, 110.0)"
1770221722.373,702,2,"(523.0, 110.0)"
1770221722.384,702,2,"(523.0, 107.0)"
1770221722.395,702,2,"(523.0, 107.0)"
1770221722.405,702,2,"(547.0, 107.0)"
1770221722.417,702,2,"(523.0, 110.0)"
1770221722.427,702,2,"(523.0, 113.0)"
1770221722.438,702,2,"(523.0, 113.0)"
1770221722.45,702,2,"(499.0, 115.0)"
1770221722.461,702,2,"(547.0, 118.0)"
1770221722.472,702,2,"(499.0, 118.0)"
1770221722.484,702,2,"(547.0, 115.0)"
1770221722.495,702,2,"(523.0, 110.0)"
1770221722.505,702,2,"(523.0, 107.0)"
1770221722.519,702,2,"(523.0, 104.0)"
1770221722.529,702,2,"(547.0, 104.0)"
1770221722.54,702,2,"(523.0, 104.0)"
1770221722.551,702,2,"(523.0, 104.0)"
1770221722.561,702,2,"(523.0, 102.0)"
1770221722.573,702,2,"(523.0, 102.0)"
1770221722.583,702,2,"(523.0, 102.0)"
1770221722.594,702,2,"(523.0, 102.0)"
1770221722.605,702,2,"(499.0, 107.0)"
1770221722.616,702,2,"(523.0, 107.0)"
1770221722.627,702,2,"(523.0, 107.0)"
1770221722.638,702,2,"(523.0, 107.0)"
1770221722.648,702,2,"(523.0, 107.0)"
1770221722.659,702,2,"(523.0, 107.0)"
1770221722.67,702,2,"(523.0, 107.0)"
1770221722.681,702,2,"(523.0, 104.0)"
1770221722.691,702,2,"(499.0, 104.0)"
1770221722.703,702,2,"(523.0, 102.0)"
1770221722.714,702,2,"(523.0, 102.0)"
1770221722.724,702,2,"(523.0, 102.0)"
1770221722.736,702,2,"(523.0, 102.0)"
1770221722.746,702,2,"(547.0, 104.0)"
1770221722.757,702,2,"(523.0, 107.0)"
1770221722.77,702,2,"(523.0, 110.0)"
1770221722.781,702,2,"(547.0, 115.0)"
1770221722.792,702,2,"(523.0, 115.0)"
1770221722.802,702,2,"(523.0, 115.0)"
1770221722.812,702,2,"(523.0, 115.0)"
1770221722.822,702,2,"(523.0, 118.0)"
1770221722.835,702,2,"(523.0, 118.0)"
1770221722.847,702,2,"(547.0, 118.0)"
1770221722.857,702,2,"(523.0, 118.0)"
1770221722.868,702,2,"(523.0, 118.0)"
1770221722.878,702,2,"(523.0, 118.0)"
1770221722.889,702,2,"(523.0, 121.0)"
1770221722.9,702,2,"(523.0, 121.0)"
1770221722.91,702,2,"(523.0, 124.0)"
1770221722.92,702,2,"(523.0, 124.0)"
1770221722.931,702,2,"(523.0, 124.0)"
1770221722.943,702,2,"(523.0, 124.0)"
1770221722.953,702,2,"(523.0, 126.0)"
1770221722.964,702,2,"(523.0, 126.0)"
1770221722.975,702,2,"(523.0, 126.0)"
1770221722.986,702,2,"(523.0, 129.0)"
1770221722.996,702,2,"(499.0, 129.0)"
1770221723.007,702,2,"(523.0, 129.0)"
1770221723.019,702,2,"(523.0, 129.0)"
1770221723.03,702,2,"(523.0, 126.0)"
1770221723.041,702,2,"(523.0, 126.0)"
1770221723.052,702,2,"(523.0, 126.0)"
1770221723.062,702,2,"(523.0, 129.0)"
1770221723.072,702,2,"(499.0, 129.0)"
1770221723.083,702,2,"(499.0, 129.0)"
1770221723.094,702,2,"(523.0, 129.0)"
1770221723.104,702,2,"(523.0, 126.0)"
1770221723.115,702,2,"(523.0, 124.0)"
1770221723.126,702,2,"(523.0, 121.0)"
1770221723.137,702,2,"(523.0, 118.0)"
1770221723.148,702,2,"(523.0, 115.0)"
1770221723.159,702,2,"(523.0, 115.0)"
1770221723.17,702,2,"(523.0, 115.0)"
1770221723.181,702,2,"(523.0, 115.0)"
1770221723.192,702,2,"(523.0, 115.0)"
1770221723.205,702,2,"(523.0, 113.0)"
1770221723.216,702,2,"(523.0, 110.0)"
1770221723.226,702,2,"(523.0, 107.0)"
1770221723.239,702,2,"(523.0, 104.0)"
1770221723.249,702,2,"(523.0, 102.0)"
1770221723.26,702,2,"(523.0, 99.0)"
1770221723.273,702,2,"(523.0, 99.0)"
1770221723.283,702,2,"(523.0, 102.0)"
1770221723.294,702,2,"(523.0, 102.0)"
1770221723.305,702,2,"(523.0, 102.0)"
1770221723.316,702,2,"(523.0, 102.0)"
1770221723.326,702,2,"(523.0, 102.0)"
1770221723.337,702,2,"(523.0, 102.0)"
1770221723.347,702,2,"(523.0, 102.0)"
1770221723.358,702,2,"(523.0, 102.0)"
1770221723.369,702,2,"(523.0, 104.0)"
1770221723.38,702,2,"(523.0, 104.0)"
1770221723.391,702,2,"(523.0, 104.0)"
1770221723.403,702,2,"(523.0, 104.0)"
1770221723.413,702,2,"(523.0, 104.0)"
1770221723.424,702,2,"(523.0, 104.0)"
1770221723.436,702,2,"(523.0, 107.0)"
1770221723.447,702,2,"(523.0, 107.0)"
1770221723.458,702,2,"(523.0, 110.0)"
1770221723.469,702,2,"(523.0, 110.0)"
1770221723.48,702,2,"(523.0, 115.0)"
1770221723.49,702,2,"(523.0, 115.0)"
1770221723.501,702,2,"(523.0, 118.0)"
1770221723.512,702,2,"(523.0, 121.0)"
1770221723.523,702,2,"(523.0, 121.0)"
1770221723.533,702,2,"(523.0, 121.0)"
1770221723.544,702,2,"(523.0, 124.0)"
1770221723.555,702,2,"(523.0, 124.0)"
1770221723.566,702,2,"(523.0, 126.0)"
1770221723.577,702,2,"(523.0, 126.0)"
1770221723.588,702,2,"(523.0, 124.0)"
1770221723.599,702,2,"(523.0, 121.0)"
1770221723.61,702,2,"(523.0, 121.0)"
1770221723.622,702,2,"(523.0, 121.0)"
1770221723.633,702,2,"(523.0, 121.0)"
1770221723.644,702,2,"(523.0, 121.0)"
1770221723.655,702,2,"(523.0, 121.0)"
1770221723.665,702,2,"(523.0, 121.0)"
1770221723.676,702,2,"(523.0, 121.0)"
1770221723.687,702,2,"(523.0, 124.0)"
1770221723.697,702,2,"(523.0, 121.0)"
1770221723.708,702,2,"(523.0, 121.0)"
1770221723.718,702,2,"(547.0, 118.0)"
1770221723.729,702,2,"(499.0, 118.0)"
1770221723.74,702,2,"(523.0, 115.0)"
1770221723.751,702,2,"(523.0, 113.0)"
1770221723.761,702,2,"(523.0, 110.0)"
1770221723.774,702,2,"(523.0, 107.0)"
1770221723.785,702,2,"(523.0, 102.0)"
1770221723.795,702,2,"(547.0, 99.0)"
1770221723.807,702,2,"(547.0, 96.0)"
1770221723.818,702,2,"(523.0, 93.0)"
1770221723.828,702,2,"(523.0, 93.0)"
1770221723.841,702,2,"(523.0, 93.0)"
1770221723.852,702,2,"(523.0, 93.0)"
1770221723.863,702,2,"(523.0, 93.0)"
1770221723.876,702,2,"(523.0, 93.0)"
1770221723.887,702,2,"(523.0, 93.0)"
1770221723.897,702,2,"(523.0, 90.0)"
1770221723.91,702,2,"(499.0, 90.0)"
1770221723.92,702,2,"(523.0, 88.0)"
1770221723.931,702,2,"(523.0, 88.0)"
1770221723.942,702,2,"(523.0, 85.0)"
1770221723.953,702,2,"(523.0, 85.0)"
1770221723.963,702,2,"(523.0, 82.0)"
1770221723.975,702,2,"(523.0, 82.0)"
1770221723.986,702,2,"(523.0, 85.0)"
1770221723.997,702,2,"(523.0, 85.0)"
1770221724.007,702,2,"(523.0, 88.0)"
1770221724.017,702,2,"(523.0, 88.0)"
1770221724.028,702,2,"(523.0, 88.0)"
1770221724.04,702,2,"(547.0, 90.0)"
1770221724.051,702,2,"(523.0, 90.0)"
1770221724.062,702,2,"(523.0, 90.0)"
1770221724.074,702,2,"(523.0, 90.0)"
1770221724.085,702,2,"(523.0, 88.0)"
1770221724.096,702,2,"(523.0, 88.0)"
1770221724.107,702,2,"(523.0, 88.0)"
1770221724.118,702,2,"(523.0, 88.0)"
1770221724.129,702,2,"(523.0, 88.0)"
1770221724.14,702,2,"(523.0, 88.0)"
1770221724.151,702,2,"(523.0, 85.0)"
1770221724.161,702,2,"(523.0, 85.0)"
1770221724.174,702,2,"(523.0, 85.0)"
1770221724.184,702,2,"(523.0, 85.0)"
1770221724.195,702,2,"(523.0, 85.0)"
1770221724.207,702,2,"(523.0, 85.0)"
1770221724.218,702,2,"(547.0, 85.0)"
1770221724.228,702,2,"(523.0, 85.0)"
1770221724.24,702,2,"(523.0, 85.0)"
1770221724.251,702,2,"(523.0, 85.0)"
1770221724.263,702,2,"(523.0, 85.0)"
1770221724.274,702,2,"(523.0, 82.0)"
1770221724.285,702,2,"(547.0, 79.0)"
1770221724.295,702,2,"(523.0, 79.0)"
1770221724.309,702,2,"(523.0, 79.0)"
1770221724.319,702,2,"(523.0, 79.0)"
1770221724.33,702,2,"(523.0, 82.0)"
1770221724.341,702,2,"(523.0, 82.0)"
1770221724.351,702,2,"(523.0, 82.0)"
1770221724.362,702,2,"(523.0, 82.0)"
1770221724.373,702,2,"(523.0, 82.0)"
1770221724.384,702,2,"(523.0, 82.0)"
1770221724.394,702,2,"(523.0, 82.0)"
1770221724.405,702,2,"(523.0, 82.0)"
1770221724.416,702,2,"(523.0, 85.0)"
1770221724.426,702,2,"(523.0, 88.0)"
1770221724.437,702,2,"(523.0, 88.0)"
1770221724.448,702,2,"(523.0, 88.0)"
1770221724.459,702,2,"(523.0, 88.0)"
1770221724.47,702,2,"(523.0, 88.0)"
1770221724.48,702,2,"(523.0, 88.0)"
1770221724.493,702,2,"(499.0, 90.0)"
1770221724.503,702,2,"(499.0, 90.0)"
1770221724.514,702,2,"(499.0, 93.0)"
1770221724.526,702,2,"(523.0, 96.0)"
1770221724.536,702,2,"(499.0, 96.0)"
1770221724.547,702,2,"(523.0, 99.0)"
1770221724.559,702,2,"(547.0, 99.0)"
1770221724.57,702,2,"(523.0, 99.0)"
1770221724.581,702,2,"(523.0, 99.0)"
1770221724.591,702,2,"(523.0, 99.0)"
1770221724.601,702,2,"(523.0, 99.0)"
1770221724.612,702,2,"(523.0, 99.0)"
1770221724.624,702,2,"(523.0, 99.0)"
1770221724.634,702,2,"(523.0, 99.0)"
1770221724.645,702,2,"(523.0, 99.0)"
1770221724.658,702,2,"(523.0, 96.0)"
1770221724.668,702,2,"(523.0, 96.0)"
1770221724.679,702,2,"(499.0, 93.0)"
1770221724.691,702,2,"(499.0, 93.0)"
1770221724.702,702,2,"(523.0, 96.0)"
1770221724.712,702,2,"(523.0, 99.0)"
1770221724.725,702,2,"(523.0, 99.0)"
1770221724.736,702,2,"(523.0, 102.0)"
1770221724.746,702,2,"(523.0, 102.0)"
1770221724.759,702,2,"(523.0, 102.0)"
1770221724.769,702,2,"(523.0, 102.0)"
1770221724.78,702,2,"(523.0, 104.0)"
1770221724.792,702,2,"(523.0, 104.0)"
1770221724.802,702,2,"(523.0, 102.0)"
1770221724.813,702,2,"(523.0, 102.0)"
1770221724.825,702,2,"(523.0, 99.0)"
1770221724.836,702,2,"(523.0, 99.0)"
1770221724.846,702,2,"(523.0, 99.0)"
1770221724.858,702,2,"(523.0, 99.0)"
1770221724.869,702,2,"(523.0, 102.0)"
1770221724.88,702,2,"(523.0, 102.0)"
1770221724.89,702,2,"(499.0, 104.0)"
1770221724.901,702,2,"(523.0, 107.0)"
1770221724.912,702,2,"(523.0, 110.0)"
1770221724.925,702,2,"(523.0, 113.0)"
1770221724.936,702,2,"(499.0, 113.0)"
1770221724.947,702,2,"(523.0, 110.0)"
1770221724.96,702,2,"(523.0, 107.0)"
1770221724.971,702,2,"(547.0, 104.0)"
1770221724.981,702,2,"(523.0, 104.0)"
1770221724.993,702,2,"(523.0, 104.0)"
1770221725.003,702,2,"(499.0, 102.0)"
1770221725.013,702,2,"(523.0, 99.0)"
1770221725.024,702,2,"(523.0, 96.0)"
1770221725.034,702,2,"(523.0, 96.0)"
1770221725.045,702,2,"(523.0, 96.0)"
1770221725.056,702,2,"(523.0, 96.0)"
1770221725.067,702,2,"(523.0, 99.0)"
1770221725.077,702,2,"(523.0, 99.0)"
1770221725.088,702,2,"(523.0, 99.0)"
1770221725.099,702,2,"(523.0, 99.0)"
1770221725.109,702,2,"(523.0, 99.0)"
1770221725.12,702,2,"(523.0, 99.0)"
1770221725.131,702,2,"(523.0, 99.0)"
1770221725.143,702,2,"(523.0, 96.0)"
1770221725.154,702,2,"(523.0, 93.0)"
1770221725.164,702,2,"(523.0, 90.0)"
1770221725.176,702,2,"(523.0, 88.0)"
1770221725.186,702,2,"(523.0, 88.0)"
1770221725.197,702,2,"(523.0, 88.0)"
1770221725.211,702,2,"(523.0, 88.0)"
1770221725.222,702,2,"(523.0, 88.0)"
1770221725.233,702,2,"(523.0, 88.0)"
1770221725.244,702,2,"(523.0, 88.0)"
1770221725.255,702,2,"(523.0, 88.0)"
1770222157.82,799,1,"(613.0, 0.0)"
1770222157.831,799,1,"(613.0, 0.0)"
1770222157.842,799,1,"(613.0, 0.0)"
1770222157.852,799,1,"(613.0, 0.0)"
1770222157.863,799,1,"(613.0, 0.0)"
1770222157.874,799,1,"(613.0, 0.0)"
1770222157.885,799,1,"(613.0, 0.0)"
1770222157.897,799,1,"(613.0, 0.0)"
1770222157.908,799,1,"(613.0, 0.0)"
1770222157.919,799,1,"(613.0, 0.0)"
1770222157.932,799,1,"(613.0, 0.0)"
1770222157.943,799,1,"(613.0, 0.0)"
1770222157.953,799,1,"(613.0, 0.0)"
1770222157.963,799,1,"(613.0, 0.0)"
1770222157.974,799,1,"(613.0, 0.0)"
1770222157.985,799,1,"(613.0, 0.0)"
1770222157.995,799,1,"(613.0, 0.0)"
1770222158.006,799,1,"(613.0, 0.0)"
1770222158.017,799,1,"(613.0, 0.0)"
1770222158.027,799,1,"(613.0, 0.0)"
1770222158.038,799,1,"(613.0, 0.0)"
1770222158.049,799,1,"(613.0, 0.0)"
1770222158.059,799,1,"(613.0, 0.0)"
1770222158.07,799,1,"(613.0, 0.0)"
1770222158.08,799,1,"(613.0, 0.0)"
1770222158.091,799,1,"(613.0, 0.0)"
1770222158.102,799,1,"(613.0, 0.0)"
1770222158.112,799,1,"(613.0, 0.0)"
1770222158.123,799,1,"(613.0, 0.0)"
1770222158.133,799,1,"(613.0, 0.0)"
1770222158.143,799,1,"(613.0, 0.0)"
1770222158.154,799,1,"(613.0, 0.0)"
1770222158.165,799,1,"(613.0, 0.0)"
1770222158.176,799,1,"(613.0, 0.0)"
1770222158.186,799,1,"(613.0, 0.0)"
1770222158.196,799,1,"(613.0, 0.0)"
1770222158.207,799,1,"(613.0, 0.0)"
1770222158.217,799,1,"(613.0, 0.0)"
1770222158.227,799,1,"(613.0, 0.0)"
1770222158.237,799,1,"(613.0, 0.0)"
1770222158.248,799,1,"(613.0, 0.0)"
1770222158.26,799,1,"(613.0, 0.0)"
1770222158.272,799,1,"(613.0, 0.0)"
1770222158.282,799,1,"(613.0, 0.0)"
1770222158.293,799,1,"(613.0, 0.0)"
1770222158.303,799,1,"(613.0, 0.0)"
1770222158.314,799,1,"(613.0, 0.0)"
1770222158.326,799,1,"(613.0, 0.0)"
1770222158.336,799,1,"(613.0, 0.0)"
1770222158.346,799,1,"(613.0, 0.0)"
1770222158.357,799,1,"(613.0, 0.0)"
1770222158.367,799,1,"(613.0, 0.0)"
1770222158.377,799,1,"(613.0, 0.0)"
1770222158.388,799,1,"(613.0, 0.0)"
1770222158.399,799,1,"(613.0, 0.0)"
1770222158.41,799,1,"(613.0, 0.0)"
1770222158.421,799,1,"(613.0, 0.0)"
1770222158.431,799,1,"(613.0, 0.0)"
1770222158.443,799,1,"(613.0, 0.0)"
1770222158.454,799,1,"(613.0, 0.0)"
1770222158.465,799,1,"(613.0, 0.0)"
1770222158.476,799,1,"(613.0, 0.0)"
1770222158.486,799,1,"(613.0, 0.0)"
1770222158.497,799,1,"(613.0, 0.0)"
1770222158.507,799,1,"(613.0, 0.0)"
1770222158.518,799,1,"(613.0, 0.0)"
1770222158.529,799,1,"(613.0, 0.0)"
1770222158.539,799,1,"(613.0, 0.0)"
1770222158.55,799,1,"(613.0, 0.0)"
1770222158.56,799,1,"(613.0, 0.0)"
1770222158.57,799,1,"(613.0, 0.0)"
1770222158.581,799,1,"(613.0, 0.0)"
1770222158.592,799,1,"(613.0, 0.0)"
1770222158.602,799,1,"(613.0, 0.0)"
1770222158.613,799,1,"(613.0, 0.0)"
1770222158.625,799,1,"(613.0, 0.0)"
1770222158.635,799,1,"(613.0, 0.0)"
1770222158.645,799,1,"(613.0, 0.0)"
1770222158.656,799,1,"(613.0, 0.0)"
1770222158.666,799,1,"(613.0, 0.0)"
1770222158.676,799,1,"(613.0, 0.0)"
1770222158.688,799,1,"(613.0, 0.0)"
1770222158.699,799,1,"(613.0, 0.0)"
1770222158.709,799,1,"(613.0, 0.0)"
1770222158.719,799,1,"(613.0, 0.0)"
1770222158.73,799,1,"(613.0, 0.0)"
1770222158.74,799,1,"(613.0, 0.0)"
1770222158.752,799,1,"(613.0, 0.0)"
1770222158.763,799,1,"(613.0, 0.0)"
1770222158.774,799,1,"(613.0, 0.0)"
1770222158.784,799,1,"(613.0, 0.0)"
1770222158.794,799,1,"(613.0, 0.0)"
1770222158.806,799,1,"(613.0, 0.0)"
1770222158.817,799,1,"(613.0, 0.0)"
1770222158.827,799,1,"(613.0, 0.0)"
1770222158.84,799,1,"(613.0, 0.0)"
1770222158.85,799,1,"(613.0, 0.0)"
1770222158.861,799,1,"(613.0, 0.0)"
1770222158.872,799,1,"(613.0, 0.0)"
1770222158.883,799,1,"(613.0, 0.0)"
1770222158.894,799,1,"(613.0, 0.0)"
1770222158.907,799,1,"(613.0, 0.0)"
1770222158.918,799,1,"(613.0, 0.0)"
1770222158.928,799,1,"(613.0, 0.0)"
1770222158.939,799,1,"(613.0, 0.0)"
1770222158.95,799,1,"(613.0, 0.0)"
1770222158.961,799,1,"(613.0, 0.0)"
1770222158.971,799,1,"(613.0, 0.0)"
1770222158.983,799,1,"(613.0, 0.0)"
1770222158.993,799,1,"(613.0, 0.0)"
1770222159.004,799,1,"(613.0, 0.0)"
1770222159.014,799,1,"(613.0, 0.0)"
1770222159.026,799,1,"(613.0, 0.0)"
1770222159.036,799,1,"(613.0, 0.0)"
1770222159.047,799,1,"(613.0, 0.0)"
1770222159.057,799,1,"(613.0, 0.0)"
1770222159.067,799,1,"(613.0, 0.0)"
1770222159.079,799,1,"(613.0, 0.0)"
1770222159.09,799,1,"(613.0, 0.0)"
1770222159.101,799,1,"(613.0, 0.0)"
1770222159.111,799,1,"(613.0, 0.0)"
1770222159.123,799,1,"(613.0, 0.0)"
1770222159.133,799,1,"(613.0, 0.0)"
1770222159.143,799,1,"(613.0, 0.0)"
1770222159.156,799,1,"(613.0, 0.0)"
1770222159.166,799,1,"(613.0, 0.0)"
1770222159.177,799,1,"(613.0, 0.0)"
1770222159.189,799,1,"(613.0, 0.0)"
1770222159.199,799,1,"(613.0, 0.0)"
1770222159.21,799,1,"(613.0, 0.0)"
1770222159.221,799,1,"(613.0, 0.0)"
1770222159.231,799,1,"(613.0, 0.0)"
1770222159.242,799,1,"(613.0, 0.0)"
1770222159.255,799,1,"(613.0, 0.0)"
1770222159.266,799,1,"(613.0, 0.0)"
1770222159.277,799,1,"(613.0, 0.0)"
1770222159.288,799,1,"(613.0, 0.0)"
1770222159.299,799,1,"(613.0, 0.0)"
1770222159.31,799,1,"(613.0, 0.0)"
1770222159.322,799,1,"(613.0, 0.0)"
1770222159.333,799,1,"(613.0, 0.0)"
1770222159.344,799,1,"(613.0, 0.0)"
1770222159.355,799,1,"(613.0, 0.0)"
1770222159.366,799,1,"(613.0, 0.0)"
1770222159.376,799,1,"(613.0, 0.0)"
1770222159.388,799,1,"(613.0, 0.0)"
1770222159.399,799,1,"(613.0, 0.0)"
1770222159.41,799,1,"(613.0, 0.0)"
1770222159.421,799,1,"(613.0, 0.0)"
1770222159.431,799,1,"(613.0, 0.0)"
1770222159.441,799,1,"(613.0, 0.0)"
1770222159.454,799,1,"(613.0, 0.0)"
1770222159.465,799,1,"(613.0, 0.0)"
1770222159.475,799,1,"(613.0, 0.0)"
1770222159.487,799,1,"(613.0, 0.0)"
1770222159.497,799,1,"(613.0, 0.0)"
1770222159.509,799,1,"(613.0, 0.0)"
1770222159.519,799,1,"(613.0, 0.0)"
1770222159.53,799,1,"(613.0, 0.0)"
1770222159.54,799,1,"(613.0, 0.0)"
1770222159.55,799,1,"(613.0, 0.0)"
1770222159.561,799,1,"(613.0, 0.0)"
1770222159.571,799,1,"(613.0, 0.0)"
1770222159.582,799,1,"(613.0, 0.0)"
1770222159.593,799,1,"(613.0, 0.0)"
1770222159.604,799,1,"(613.0, 0.0)"
1770222159.615,799,1,"(613.0, 0.0)"
1770222159.626,799,1,"(613.0, 0.0)"
1770222159.637,799,1,"(613.0, 0.0)"
1770222159.647,799,1,"(613.0, 0.0)"
1770222159.657,799,1,"(613.0, 0.0)"
1770222159.668,799,1,"(613.0, 0.0)"
1770222159.678,799,1,"(613.0, 0.0)"
1770222159.688,799,1,"(613.0, 0.0)"
1770222159.698,799,1,"(613.0, 0.0)"
1770222159.709,799,1,"(613.0, 0.0)"
1770222159.719,799,1,"(613.0, 0.0)"
1770222159.729,799,1,"(613.0, 0.0)"
1770222159.74,799,1,"(613.0, 0.0)"
1770222159.751,799,1,"(613.0, 0.0)"
1770222159.762,799,1,"(613.0, 0.0)"
1770222159.773,799,1,"(613.0, 0.0)"
1770222159.783,799,1,"(613.0, 0.0)"
1770222159.794,799,1,"(613.0, 0.0)"
1770222159.804,799,1,"(613.0, 0.0)"
1770222159.815,799,1,"(613.0, 0.0)"
1770222159.825,799,1,"(613.0, 0.0)"
1770222159.837,799,1,"(613.0, 0.0)"
1770222159.847,799,1,"(613.0, 0.0)"
1770222159.858,799,1,"(613.0, 0.0)"
1770222159.869,799,1,"(613.0, 0.0)"
1770222159.88,799,1,"(613.0, 0.0)"
1770222159.891,799,1,"(613.0, 0.0)"
1770222159.901,799,1,"(613.0, 0.0)"
1770222159.911,799,1,"(613.0, 0.0)"
1770222159.923,799,1,"(613.0, 0.0)"
1770222159.934,799,1,"(613.0, 0.0)"
1770222159.944,799,1,"(613.0, 0.0)"
1770222159.955,799,1,"(613.0, 0.0)"
1770222159.966,799,1,"(613.0, 0.0)"
1770222159.977,799,1,"(613.0, 0.0)"
1770222159.987,799,1,"(613.0, 0.0)"
1770222159.999,799,1,"(613.0, 0.0)"
1770222160.009,799,1,"(613.0, 0.0)"
1770222160.021,799,1,"(613.0, 0.0)"
1770222160.032,799,1,"(613.0, 0.0)"
1770222160.042,799,1,"(613.0, 0.0)"
1770222160.054,799,1,"(613.0, 0.0)"
1770222160.064,799,1,"(613.0, 0.0)"
1770222160.075,799,1,"(613.0, 0.0)"
1770222160.086,799,1,"(613.0, 0.0)"
1770222160.097,799,1,"(613.0, 0.0)"
1770222160.107,799,1,"(613.0, 0.0)"
1770222160.118,799,1,"(613.0, 0.0)"
1770222160.129,799,1,"(613.0, 0.0)"
1770222160.14,799,1,"(613.0, 0.0)"
1770222160.151,799,1,"(613.0, 0.0)"
1770222160.161,799,1,"(613.0, 0.0)"
1770222160.173,799,1,"(613.0, 0.0)"
1770222160.183,799,1,"(613.0, 0.0)"
1770222160.193,799,1,"(613.0, 0.0)"
1770222160.204,799,1,"(613.0, 0.0)"
1770222160.215,799,1,"(613.0, 0.0)"
1770222160.226,799,1,"(613.0, 0.0)"
1770222160.236,799,1,"(613.0, 0.0)"
1770222160.247,799,1,"(613.0, 0.0)"
1770222160.258,799,1,"(613.0, 0.0)"
1770222160.271,799,1,"(613.0, 0.0)"
1770222160.282,799,1,"(613.0, 0.0)"
1770222160.292,799,1,"(613.0, 0.0)"
1770222160.302,799,1,"(613.0, 0.0)"
1770222160.313,799,1,"(613.0, 0.0)"
1770222160.324,799,1,"(613.0, 0.0)"
1770222160.334,799,1,"(613.0, 0.0)"
1770222160.345,799,1,"(613.0, 0.0)"
1770222160.355,799,1,"(613.0, 0.0)"
1770222160.365,799,1,"(613.0, 0.0)"
1770222160.376,799,1,"(613.0, 0.0)"
1770222160.386,799,1,"(613.0, 0.0)"
1770222160.397,799,1,"(613.0, 0.0)"
1770222160.407,799,1,"(613.0, 0.0)"
1770222160.421,799,1,"(613.0, 0.0)"
1770222160.431,799,1,"(613.0, 0.0)"
1770222160.442,799,1,"(613.0, 0.0)"
1770222160.452,799,1,"(613.0, 0.0)"
1770222160.462,799,1,"(613.0, 0.0)"
1770222160.473,799,1,"(613.0, 0.0)"
1770222160.485,799,1,"(613.0, 0.0)"
1770222160.496,799,1,"(613.0, 0.0)"
1770222160.506,799,1,"(613.0, 0.0)"
1770222160.517,799,1,"(613.0, 0.0)"
1770222160.528,799,1,"(613.0, 0.0)"
1770222160.538,799,1,"(613.0, 0.0)"
1770222160.549,799,1,"(613.0, 0.0)"
1770222160.559,799,1,"(613.0, 0.0)"
1770222160.57,799,1,"(613.0, 0.0)"
1770222160.58,799,1,"(613.0, 0.0)"
1770222160.591,799,1,"(613.0, 0.0)"
1770222160.602,799,1,"(613.0, 0.0)"
1770222160.613,799,1,"(613.0, 0.0)"
1770222160.623,799,1,"(613.0, 0.0)"
1770222160.635,799,1,"(613.0, 0.0)"
1770222160.645,799,1,"(613.0, 0.0)"
1770222160.656,799,1,"(613.0, 0.0)"
1770222160.667,799,1,"(613.0, 0.0)"
1770222160.677,799,1,"(613.0, 0.0)"
1770222160.687,799,1,"(613.0, 0.0)"
1770222160.699,799,1,"(613.0, 0.0)"
1770222160.709,799,1,"(613.0, 0.0)"
1770222160.719,799,1,"(613.0, 0.0)"
1770222160.732,799,1,"(613.0, 0.0)"
1770222160.742,799,1,"(613.0, 0.0)"
1770222160.753,799,1,"(613.0, 0.0)"
1770222160.766,799,1,"(613.0, 0.0)"
1770222160.777,799,1,"(613.0, 0.0)"
1770222160.787,799,1,"(613.0, 0.0)"
1770222160.798,799,1,"(613.0, 0.0)"
1770222160.808,799,1,"(613.0, 0.0)"
1770222160.818,799,1,"(613.0, 0.0)"
1770222160.828,799,1,"(613.0, 0.0)"
1770222165.129,799,2,"(511.0, 962.0)"
1770222165.14,799,2,"(511.0, 962.0)"
1770222165.151,799,2,"(682.0, 962.0)"
1770222165.161,799,2,"(511.0, 932.0)"
1770222165.172,799,2,"(511.0, 932.0)"
1770222165.182,799,2,"(511.0, 902.0)"
1770222165.193,799,2,"(682.0, 902.0)"
1770222165.204,799,2,"(682.0, 902.0)"
1770222165.215,799,2,"(682.0, 902.0)"
1770222165.225,799,2,"(341.0, 932.0)"
1770222165.235,799,2,"(511.0, 932.0)"
1770222165.246,799,2,"(170.0, 932.0)"
1770222165.256,799,2,"(341.0, 932.0)"
1770222165.267,799,2,"(341.0, 932.0)"
1770222165.277,799,2,"(341.0, 932.0)"
1770222165.288,799,2,"(511.0, 902.0)"
1770222165.299,799,2,"(682.0, 902.0)"
1770222165.309,799,2,"(682.0, 902.0)"
1770222165.319,799,2,"(511.0, 902.0)"
1770222165.33,799,2,"(511.0, 932.0)"
1770222165.341,799,2,"(511.0, 932.0)"
1770222165.351,799,2,"(511.0, 962.0)"
1770222165.362,799,2,"(511.0, 962.0)"
1770222165.373,799,2,"(511.0, 962.0)"
1770222165.383,799,2,"(511.0, 962.0)"
1770222165.394,799,2,"(511.0, 962.0)"
1770222165.405,799,2,"(511.0, 962.0)"
1770222165.415,799,2,"(341.0, 962.0)"
1770222165.427,799,2,"(511.0, 962.0)"
1770222165.437,799,2,"(511.0, 992.0)"
1770222165.447,799,2,"(341.0, 992.0)"
1770222165.458,799,2,"(170.0, 1023.0)"
1770222165.469,799,2,"(341.0, 1023.0)"
1770222165.48,799,2,"(511.0, 1023.0)"
1770222165.492,799,2,"(511.0, 1023.0)"
1770222165.503,799,2,"(511.0, 1023.0)"
1770222165.514,799,2,"(170.0, 1023.0)"
1770222165.524,799,2,"(511.0, 1023.0)"
1770222165.534,799,2,"(511.0, 1023.0)"
1770222165.545,799,2,"(852.0, 995.0)"
1770222165.556,799,2,"(511.0, 967.0)"
1770222165.566,799,2,"(682.0, 967.0)"
1770222165.577,799,2,"(682.0, 995.0)"
1770222165.587,799,2,"(682.0, 1023.0)"
1770222165.597,799,2,"(852.0, 1023.0)"
1770222165.609,799,2,"(341.0, 1023.0)"
1770222165.619,799,2,"(170.0, 1023.0)"
1770222165.629,799,2,"(341.0, 1023.0)"
1770222165.64,799,2,"(341.0, 1023.0)"
1770222165.651,799,2,"(511.0, 1023.0)"
1770222165.661,799,2,"(682.0, 1023.0)"
1770222165.673,799,2,"(682.0, 1023.0)"
1770222165.684,799,2,"(511.0, 998.0)"
1770222165.694,799,2,"(682.0, 998.0)"
1770222165.707,799,2,"(682.0, 949.0)"
1770222165.717,799,2,"(682.0, 925.0)"
1770222165.727,799,2,"(682.0, 876.0)"
1770222165.741,799,2,"(511.0, 852.0)"
1770222165.752,799,2,"(511.0, 828.0)"
1770222165.763,799,2,"(511.0, 779.0)"
1770222165.773,799,2,"(511.0, 779.0)"
1770222165.784,799,2,"(511.0, 755.0)"
1770222165.794,799,2,"(511.0, 755.0)"
1770222165.805,799,2,"(170.0, 730.0)"
1770222165.815,799,2,"(341.0, 730.0)"
1770222165.825,799,2,"(341.0, 755.0)"
1770222165.836,799,2,"(341.0, 779.0)"
1770222165.846,799,2,"(852.0, 755.0)"
1770222165.857,799,2,"(852.0, 755.0)"
1770222165.868,799,2,"(511.0, 730.0)"
1770222165.879,799,2,"(511.0, 730.0)"
1770222165.889,799,2,"(511.0, 706.0)"
1770222165.9,799,2,"(511.0, 657.0)"
1770222165.911,799,2,"(341.0, 633.0)"
1770222165.922,799,2,"(511.0, 633.0)"
1770222165.933,799,2,"(511.0, 633.0)"
1770222165.944,799,2,"(170.0, 633.0)"
1770222165.955,799,2,"(511.0, 682.0)"
1770222165.965,799,2,"(511.0, 730.0)"
1770222165.976,799,2,"(341.0, 755.0)"
1770222165.988,799,2,"(170.0, 755.0)"
1770222165.998,799,2,"(170.0, 755.0)"
1770222166.009,799,2,"(682.0, 755.0)"
1770222166.019,799,2,"(730.0, 779.0)"
1770222166.029,799,2,"(767.0, 779.0)"
1770222166.04,799,2,"(511.0, 828.0)"
1770222166.051,799,2,"(383.0, 828.0)"
1770222166.062,799,2,"(127.0, 852.0)"
1770222166.072,799,2,"(383.0, 852.0)"
1770222166.082,799,2,"(511.0, 828.0)"
1770222166.093,799,2,"(511.0, 779.0)"
1770222166.104,799,2,"(639.0, 755.0)"
1770222166.115,799,2,"(511.0, 755.0)"
1770222166.125,799,2,"(511.0, 755.0)"
1770222166.138,799,2,"(511.0, 779.0)"
1770222166.149,799,2,"(639.0, 803.0)"
1770222166.159,799,2,"(639.0, 803.0)"
1770222166.171,799,2,"(511.0, 828.0)"
1770222166.182,799,2,"(639.0, 828.0)"
1770222166.193,799,2,"(639.0, 828.0)"
1770222166.205,799,2,"(511.0, 828.0)"
1770222166.216,799,2,"(767.0, 828.0)"
1770222166.226,799,2,"(383.0, 803.0)"
1770222166.237,799,2,"(511.0, 779.0)"
1770222166.247,799,2,"(511.0, 779.0)"
1770222166.258,799,2,"(511.0, 779.0)"
1770222166.269,799,2,"(639.0, 779.0)"
1770222166.279,799,2,"(383.0, 755.0)"
1770222166.291,799,2,"(255.0, 755.0)"
1770222166.302,799,2,"(639.0, 730.0)"
1770222166.312,799,2,"(383.0, 730.0)"
1770222166.322,799,2,"(383.0, 706.0)"
1770222166.332,799,2,"(383.0, 706.0)"
1770222166.343,799,2,"(511.0, 706.0)"
1770222166.353,799,2,"(511.0, 706.0)"
1770222166.364,799,2,"(255.0, 706.0)"
1770222166.375,799,2,"(511.0, 706.0)"
1770222166.386,799,2,"(511.0, 730.0)"
1770222166.396,799,2,"(511.0, 755.0)"
1770222166.407,799,2,"(767.0, 755.0)"
1770222166.418,799,2,"(511.0, 779.0)"
1770222166.428,799,2,"(511.0, 755.0)"
1770222166.438,799,2,"(511.0, 755.0)"
1770222166.449,799,2,"(511.0, 730.0)"
1770222166.46,799,2,"(255.0, 706.0)"
1770222166.471,799,2,"(383.0, 706.0)"
1770222166.481,799,2,"(511.0, 730.0)"
1770222166.493,799,2,"(511.0, 755.0)"
1770222166.503,799,2,"(511.0, 779.0)"
1770222166.514,799,2,"(511.0, 779.0)"
1770222166.524,799,2,"(383.0, 803.0)"
1770222166.535,799,2,"(383.0, 803.0)"
1770222166.545,799,2,"(511.0, 803.0)"
1770222166.556,799,2,"(511.0, 779.0)"
1770222166.567,799,2,"(511.0, 779.0)"
1770222166.577,799,2,"(639.0, 779.0)"
1770222166.589,799,2,"(511.0, 779.0)"
1770222166.599,799,2,"(383.0, 779.0)"
1770222166.611,799,2,"(639.0, 779.0)"
1770222166.622,799,2,"(383.0, 803.0)"
1770222166.633,799,2,"(255.0, 803.0)"
1770222166.644,799,2,"(383.0, 803.0)"
1770222166.655,799,2,"(383.0, 779.0)"
1770222166.665,799,2,"(511.0, 755.0)"
1770222166.676,799,2,"(511.0, 755.0)"
1770222166.686,799,2,"(511.0, 779.0)"
1770222166.697,799,2,"(511.0, 779.0)"
1770222166.708,799,2,"(639.0, 803.0)"
1770222166.718,799,2,"(383.0, 803.0)"
1770222166.729,799,2,"(255.0, 803.0)"
1770222166.74,799,2,"(255.0, 779.0)"
1770222166.751,799,2,"(639.0, 755.0)"
1770222166.761,799,2,"(767.0, 755.0)"
1770222166.772,799,2,"(639.0, 779.0)"
1770222166.782,799,2,"(639.0, 803.0)"
1770222166.793,799,2,"(639.0, 828.0)"
1770222166.804,799,2,"(383.0, 828.0)"
1770222166.814,799,2,"(255.0, 828.0)"
1770222166.824,799,2,"(639.0, 828.0)"
1770222166.835,799,2,"(511.0, 852.0)"
1770222166.846,799,2,"(639.0, 876.0)"
1770222166.857,799,2,"(511.0, 901.0)"
1770222166.868,799,2,"(255.0, 901.0)"
1770222166.878,799,2,"(383.0, 901.0)"
1770222166.889,799,2,"(511.0, 925.0)"
1770222166.9,799,2,"(511.0, 949.0)"
1770222166.91,799,2,"(639.0, 949.0)"
1770222166.921,799,2,"(383.0, 974.0)"
1770222166.931,799,2,"(511.0, 974.0)"
1770222166.943,799,2,"(511.0, 974.0)"
1770222166.954,799,2,"(383.0, 949.0)"
1770222166.964,799,2,"(767.0, 949.0)"
1770222166.977,799,2,"(639.0, 925.0)"
1770222166.988,799,2,"(511.0, 925.0)"
1770222166.998,799,2,"(383.0, 925.0)"
1770222167.011,799,2,"(511.0, 901.0)"
1770222167.022,799,2,"(511.0, 876.0)"
1770222167.032,799,2,"(511.0, 852.0)"
1770222167.043,799,2,"(511.0, 828.0)"
1770222167.054,799,2,"(383.0, 828.0)"
1770222167.065,799,2,"(511.0, 803.0)"
1770222167.076,799,2,"(511.0, 803.0)"
1770222167.086,799,2,"(511.0, 779.0)"
1770222167.097,799,2,"(511.0, 755.0)"
1770222167.11,799,2,"(511.0, 755.0)"
1770222167.12,799,2,"(511.0, 755.0)"
1770222167.131,799,2,"(511.0, 730.0)"
1770222167.143,799,2,"(511.0, 706.0)"
1770222167.153,799,2,"(255.0, 657.0)"
1770222167.164,799,2,"(511.0, 657.0)"
1770222167.175,799,2,"(639.0, 682.0)"
1770222167.185,799,2,"(895.0, 730.0)"
1770222167.196,799,2,"(895.0, 755.0)"
1770222167.208,799,2,"(511.0, 755.0)"
1770222167.219,799,2,"(511.0, 755.0)"
1770222167.229,799,2,"(511.0, 755.0)"
1770222167.241,799,2,"(511.0, 730.0)"
1770222167.252,799,2,"(383.0, 730.0)"
1770222167.262,799,2,"(255.0, 755.0)"
1770222167.274,799,2,"(639.0, 755.0)"
1770222167.285,799,2,"(383.0, 779.0)"
1770222167.295,799,2,"(767.0, 779.0)"
1770222167.306,799,2,"(767.0, 779.0)"
1770222167.316,799,2,"(511.0, 779.0)"
1770222167.326,799,2,"(511.0, 828.0)"
1770222167.337,799,2,"(383.0, 852.0)"
1770222167.347,799,2,"(511.0, 852.0)"
1770222167.359,799,2,"(383.0, 852.0)"
1770222167.37,799,2,"(511.0, 828.0)"
1770222167.38,799,2,"(511.0, 828.0)"
1770222167.392,799,2,"(511.0, 828.0)"
1770222167.403,799,2,"(511.0, 852.0)"
1770222167.414,799,2,"(511.0, 852.0)"
1770222167.426,799,2,"(383.0, 803.0)"
1770222167.437,799,2,"(383.0, 755.0)"
1770222167.448,799,2,"(511.0, 730.0)"
1770222167.462,799,2,"(511.0, 730.0)"
1770222167.472,799,2,"(511.0, 730.0)"
1770222167.482,799,2,"(383.0, 730.0)"
1770222167.492,799,2,"(511.0, 730.0)"
1770222167.503,799,2,"(511.0, 755.0)"
1770222167.513,799,2,"(511.0, 755.0)"
1770222167.524,799,2,"(511.0, 755.0)"
1770222167.534,799,2,"(511.0, 755.0)"
1770222167.545,799,2,"(511.0, 755.0)"
1770222167.556,799,2,"(511.0, 755.0)"
1770222167.567,799,2,"(639.0, 755.0)"
1770222167.577,799,2,"(511.0, 730.0)"
1770222167.588,799,2,"(511.0, 706.0)"
1770222167.598,799,2,"(383.0, 682.0)"
1770222167.608,799,2,"(511.0, 682.0)"
1770222167.618,799,2,"(511.0, 682.0)"
1770222167.628,799,2,"(511.0, 682.0)"
1770222167.639,799,2,"(511.0, 682.0)"
1770222167.65,799,2,"(511.0, 682.0)"
1770222167.663,799,2,"(639.0, 657.0)"
1770222167.674,799,2,"(767.0, 657.0)"
1770222167.684,799,2,"(511.0, 682.0)"
1770222167.694,799,2,"(383.0, 682.0)"
1770222167.705,799,2,"(511.0, 682.0)"
1770222167.716,799,2,"(639.0, 682.0)"
1770222167.726,799,2,"(511.0, 682.0)"
1770222167.736,799,2,"(511.0, 682.0)"
1770222167.747,799,2,"(511.0, 706.0)"
1770222167.757,799,2,"(383.0, 706.0)"
1770222167.768,799,2,"(383.0, 706.0)"
1770222167.78,799,2,"(383.0, 682.0)"
1770222167.791,799,2,"(511.0, 682.0)"
1770222167.801,799,2,"(511.0, 657.0)"
1770222167.812,799,2,"(511.0, 657.0)"
1770222167.823,799,2,"(511.0, 657.0)"
1770222167.833,799,2,"(511.0, 633.0)"
1770222167.845,799,2,"(511.0, 633.0)"
1770222167.856,799,2,"(767.0, 633.0)"
1770222167.866,799,2,"(639.0, 633.0)"
1770222167.876,799,2,"(639.0, 657.0)"
1770222167.886,799,2,"(511.0, 682.0)"
1770222167.897,799,2,"(383.0, 682.0)"
1770222167.907,799,2,"(383.0, 682.0)"
1770222167.918,799,2,"(383.0, 682.0)"
1770222167.929,799,2,"(383.0, 682.0)"
1770222167.939,799,2,"(383.0, 682.0)"
1770222167.95,799,2,"(511.0, 682.0)"
1770222167.962,799,2,"(511.0, 706.0)"
1770222167.972,799,2,"(255.0, 730.0)"
1770222167.983,799,2,"(511.0, 730.0)"
1770222167.995,799,2,"(511.0, 755.0)"
1770222168.006,799,2,"(255.0, 779.0)"
1770222168.016,799,2,"(639.0, 779.0)"
1770222168.029,799,2,"(639.0, 755.0)"
1770222168.039,799,2,"(511.0, 755.0)"
1770222168.049,799,2,"(511.0, 755.0)"
1770222168.062,799,2,"(511.0, 755.0)"
1770222168.072,799,2,"(511.0, 779.0)"
1770222168.082,799,2,"(511.0, 779.0)"
1770222168.095,799,2,"(511.0, 779.0)"
1770222168.105,799,2,"(511.0, 779.0)"
1770222168.116,799,2,"(511.0, 779.0)"
1770222172.355,799,3,"(511.0, 48.0)"
1770222172.366,799,3,"(511.0, 48.0)"
1770222172.376,799,3,"(511.0, 48.0)"
1770222172.387,799,3,"(511.0, 48.0)"
1770222172.398,799,3,"(511.0, 48.0)"
1770222172.409,799,3,"(511.0, 48.0)"
1770222172.421,799,3,"(511.0, 48.0)"
1770222172.432,799,3,"(511.0, 48.0)"
1770222172.442,799,3,"(511.0, 48.0)"
1770222172.454,799,3,"(511.0, 48.0)"
1770222172.465,799,3,"(511.0, 48.0)"
1770222172.475,799,3,"(511.0, 48.0)"
1770222172.485,799,3,"(511.0, 48.0)"
1770222172.496,799,3,"(511.0, 48.0)"
1770222172.507,799,3,"(511.0, 48.0)"
1770222172.519,799,3,"(511.0, 48.0)"
1770222172.529,799,3,"(511.0, 48.0)"
1770222172.54,799,3,"(511.0, 48.0)"
1770222172.55,799,3,"(511.0, 48.0)"
1770222172.561,799,3,"(511.0, 48.0)"
1770222172.572,799,3,"(511.0, 48.0)"
1770222172.583,799,3,"(511.0, 48.0)"
1770222172.593,799,3,"(511.0, 48.0)"
1770222172.604,799,3,"(511.0, 48.0)"
1770222172.614,799,3,"(511.0, 48.0)"
1770222172.625,799,3,"(511.0, 48.0)"
1770222172.636,799,3,"(511.0, 48.0)"
1770222172.648,799,3,"(511.0, 48.0)"
1770222172.658,799,3,"(511.0, 48.0)"
1770222172.67,799,3,"(511.0, 48.0)"
1770222172.681,799,3,"(511.0, 48.0)"
1770222172.692,799,3,"(511.0, 48.0)"
1770222172.702,799,3,"(511.0, 48.0)"
1770222172.713,799,3,"(511.0, 73.0)"
1770222172.723,799,3,"(511.0, 73.0)"
1770222172.734,799,3,"(511.0, 97.0)"
1770222172.744,799,3,"(511.0, 97.0)"
1770222172.755,799,3,"(511.0, 97.0)"
1770222172.766,799,3,"(511.0, 97.0)"
1770222172.776,799,3,"(511.0, 97.0)"
1770222172.787,799,3,"(511.0, 97.0)"
1770222172.799,799,3,"(511.0, 97.0)"
1770222172.809,799,3,"(511.0, 97.0)"
1770222172.82,799,3,"(511.0, 97.0)"
1770222172.83,799,3,"(511.0, 97.0)"
1770222172.84,799,3,"(511.0, 97.0)"
1770222172.854,799,3,"(511.0, 97.0)"
1770222172.864,799,3,"(511.0, 97.0)"
1770222172.874,799,3,"(511.0, 121.0)"
1770222172.886,799,3,"(511.0, 121.0)"
1770222172.896,799,3,"(511.0, 146.0)"
1770222172.907,799,3,"(511.0, 146.0)"
1770222172.917,799,3,"(511.0, 146.0)"
1770222172.927,799,3,"(511.0, 146.0)"
1770222172.937,799,3,"(511.0, 146.0)"
1770222172.948,799,3,"(511.0, 146.0)"
1770222172.958,799,3,"(511.0, 146.0)"
1770222172.968,799,3,"(511.0, 146.0)"
1770222172.978,799,3,"(511.0, 146.0)"
1770222172.989,799,3,"(511.0, 121.0)"
1770222173.0,799,3,"(511.0, 121.0)"
1770222173.01,799,3,"(511.0, 97.0)"
1770222173.022,799,3,"(511.0, 97.0)"
1770222173.032,799,3,"(511.0, 97.0)"
1770222173.042,799,3,"(511.0, 97.0)"
1770222173.052,799,3,"(511.0, 97.0)"
1770222173.063,799,3,"(511.0, 97.0)"
1770222173.074,799,3,"(511.0, 97.0)"
1770222173.084,799,3,"(511.0, 97.0)"
1770222173.095,799,3,"(511.0, 97.0)"
1770222173.106,799,3,"(511.0, 97.0)"
1770222173.116,799,3,"(511.0, 73.0)"
1770222173.126,799,3,"(511.0, 73.0)"
1770222173.137,799,3,"(511.0, 48.0)"
1770222173.148,799,3,"(511.0, 48.0)"
1770222173.158,799,3,"(511.0, 48.0)"
1770222173.169,799,3,"(511.0, 48.0)"
1770222173.18,799,3,"(511.0, 48.0)"
1770222173.191,799,3,"(511.0, 48.0)"
1770222173.201,799,3,"(511.0, 48.0)"
1770222173.212,799,3,"(511.0, 48.0)"
1770222173.222,799,3,"(511.0, 48.0)"
1770222173.233,799,3,"(511.0, 48.0)"
1770222173.243,799,3,"(511.0, 48.0)"
1770222173.254,799,3,"(511.0, 48.0)"
1770222173.264,799,3,"(511.0, 48.0)"
1770222173.275,799,3,"(511.0, 48.0)"
1770222173.286,799,3,"(511.0, 48.0)"
1770222173.297,799,3,"(511.0, 48.0)"
1770222173.307,799,3,"(511.0, 24.0)"
1770222173.318,799,3,"(511.0, 24.0)"
1770222173.33,799,3,"(511.0, 24.0)"
1770222173.34,799,3,"(511.0, 24.0)"
1770222173.35,799,3,"(511.0, 48.0)"
1770222173.36,799,3,"(511.0, 48.0)"
1770222173.373,799,3,"(511.0, 48.0)"
1770222173.384,799,3,"(511.0, 48.0)"
1770222173.394,799,3,"(511.0, 48.0)"
1770222173.406,799,3,"(511.0, 48.0)"
1770222173.417,799,3,"(511.0, 48.0)"
1770222173.428,799,3,"(511.0, 48.0)"
1770222173.439,799,3,"(511.0, 48.0)"
1770222173.449,799,3,"(511.0, 48.0)"
1770222173.459,799,3,"(511.0, 48.0)"
1770222173.47,799,3,"(511.0, 48.0)"
1770222173.48,799,3,"(511.0, 48.0)"
1770222173.491,799,3,"(511.0, 48.0)"
1770222173.502,799,3,"(511.0, 48.0)"
1770222173.512,799,3,"(511.0, 48.0)"
1770222173.523,799,3,"(511.0, 48.0)"
1770222173.533,799,3,"(511.0, 48.0)"
1770222173.544,799,3,"(511.0, 48.0)"
1770222173.555,799,3,"(511.0, 48.0)"
1770222173.565,799,3,"(511.0, 48.0)"
1770222173.576,799,3,"(511.0, 48.0)"
1770222173.587,799,3,"(511.0, 48.0)"
1770222173.598,799,3,"(511.0, 48.0)"
1770222173.609,799,3,"(511.0, 48.0)"
1770222173.622,799,3,"(511.0, 48.0)"
1770222173.633,799,3,"(511.0, 48.0)"
1770222173.644,799,3,"(511.0, 48.0)"
1770222173.655,799,3,"(511.0, 48.0)"
1770222173.666,799,3,"(511.0, 48.0)"
1770222173.676,799,3,"(511.0, 48.0)"
1770222173.688,799,3,"(511.0, 48.0)"
1770222173.698,799,3,"(511.0, 24.0)"
1770222173.708,799,3,"(511.0, 24.0)"
1770222173.72,799,3,"(511.0, 0.0)"
1770222173.73,799,3,"(511.0, 0.0)"
1770222173.741,799,3,"(511.0, 0.0)"
1770222173.753,799,3,"(511.0, 0.0)"
1770222173.763,799,3,"(511.0, 24.0)"
1770222173.774,799,3,"(511.0, 48.0)"
1770222173.784,799,3,"(511.0, 48.0)"
1770222173.794,799,3,"(511.0, 48.0)"
1770222173.805,799,3,"(511.0, 48.0)"
1770222173.816,799,3,"(511.0, 48.0)"
1770222173.827,799,3,"(511.0, 48.0)"
1770222173.838,799,3,"(511.0, 48.0)"
1770222173.85,799,3,"(511.0, 48.0)"
1770222173.86,799,3,"(511.0, 48.0)"
1770222173.871,799,3,"(511.0, 48.0)"
1770222173.882,799,3,"(511.0, 48.0)"
1770222173.892,799,3,"(511.0, 48.0)"
1770222173.902,799,3,"(511.0, 48.0)"
1770222173.913,799,3,"(511.0, 48.0)"
1770222173.924,799,3,"(511.0, 48.0)"
1770222173.935,799,3,"(511.0, 48.0)"
1770222173.945,799,3,"(511.0, 48.0)"
1770222173.956,799,3,"(511.0, 48.0)"
1770222173.966,799,3,"(511.0, 48.0)"
1770222173.977,799,3,"(511.0, 48.0)"
1770222173.99,799,3,"(511.0, 48.0)"
1770222174.001,799,3,"(511.0, 48.0)"
1770222174.011,799,3,"(511.0, 48.0)"
1770222174.022,799,3,"(511.0, 48.0)"
1770222174.033,799,3,"(511.0, 48.0)"
1770222174.044,799,3,"(511.0, 48.0)"
1770222174.054,799,3,"(511.0, 48.0)"
1770222174.065,799,3,"(511.0, 48.0)"
1770222174.075,799,3,"(511.0, 48.0)"
1770222174.085,799,3,"(511.0, 48.0)"
1770222174.095,799,3,"(511.0, 48.0)"
1770222174.107,799,3,"(511.0, 48.0)"
1770222174.118,799,3,"(511.0, 48.0)"
1770222174.129,799,3,"(511.0, 48.0)"
1770222174.14,799,3,"(511.0, 48.0)"
1770222174.15,799,3,"(511.0, 48.0)"
1770222174.161,799,3,"(511.0, 48.0)"
1770222174.171,799,3,"(511.0, 48.0)"
1770222174.181,799,3,"(511.0, 48.0)"
1770222174.193,799,3,"(511.0, 48.0)"
1770222174.203,799,3,"(511.0, 48.0)"
1770222174.214,799,3,"(511.0, 48.0)"
1770222174.225,799,3,"(511.0, 24.0)"
1770222174.235,799,3,"(511.0, 0.0)"
1770222174.246,799,3,"(511.0, 0.0)"
1770222174.256,799,3,"(511.0, 0.0)"
1770222174.267,799,3,"(511.0, 0.0)"
1770222174.277,799,3,"(511.0, 0.0)"
1770222174.288,799,3,"(511.0, 0.0)"
1770222174.299,799,3,"(511.0, 0.0)"
1770222174.311,799,3,"(511.0, 0.0)"
1770222174.322,799,3,"(511.0, 0.0)"
1770222174.332,799,3,"(511.0, 0.0)"
1770222174.343,799,3,"(511.0, 0.0)"
1770222174.353,799,3,"(511.0, 0.0)"
1770222174.363,799,3,"(511.0, 0.0)"
1770222174.374,799,3,"(511.0, 0.0)"
1770222174.384,799,3,"(511.0, 0.0)"
1770222174.395,799,3,"(511.0, 0.0)"
1770222174.406,799,3,"(511.0, 0.0)"
1770222174.417,799,3,"(511.0, 0.0)"
1770222174.43,799,3,"(511.0, 0.0)"
1770222174.441,799,3,"(511.0, 0.0)"
1770222174.452,799,3,"(511.0, 0.0)"
1770222174.462,799,3,"(511.0, 0.0)"
1770222174.474,799,3,"(511.0, 0.0)"
1770222174.484,799,3,"(511.0, 0.0)"
1770222174.495,799,3,"(511.0, 0.0)"
1770222174.505,799,3,"(511.0, 0.0)"
1770222174.515,799,3,"(511.0, 0.0)"
1770222174.527,799,3,"(511.0, 0.0)"
1770222174.538,799,3,"(511.0, 0.0)"
1770222174.549,799,3,"(511.0, 0.0)"
1770222174.56,799,3,"(511.0, 0.0)"
1770222174.571,799,3,"(511.0, 0.0)"
1770222174.581,799,3,"(511.0, 0.0)"
1770222174.592,799,3,"(511.0, 0.0)"
1770222174.602,799,3,"(511.0, 0.0)"
1770222174.613,799,3,"(511.0, 0.0)"
1770222174.623,799,3,"(511.0, 0.0)"
1770222174.633,799,3,"(511.0, 0.0)"
1770222174.644,799,3,"(511.0, 0.0)"
1770222174.654,799,3,"(511.0, 0.0)"
1770222174.665,799,3,"(511.0, 0.0)"
1770222174.676,799,3,"(511.0, 0.0)"
1770222174.686,799,3,"(511.0, 0.0)"
1770222174.697,799,3,"(511.0, 0.0)"
1770222174.709,799,3,"(511.0, 0.0)"
1770222174.719,799,3,"(511.0, 0.0)"
1770222174.73,799,3,"(511.0, 0.0)"
1770222174.741,799,3,"(511.0, 0.0)"
1770222174.751,799,3,"(511.0, 0.0)"
1770222174.761,799,3,"(511.0, 0.0)"
1770222174.772,799,3,"(511.0, 0.0)"
1770222174.783,799,3,"(511.0, 0.0)"
1770222174.793,799,3,"(511.0, 24.0)"
1770222174.804,799,3,"(511.0, 24.0)"
1770222174.814,799,3,"(511.0, 48.0)"
1770222174.825,799,3,"(511.0, 48.0)"
1770222174.835,799,3,"(511.0, 48.0)"
1770222174.845,799,3,"(511.0, 24.0)"
1770222174.856,799,3,"(511.0, 24.0)"
1770222174.866,799,3,"(511.0, 0.0)"
1770222174.876,799,3,"(511.0, 0.0)"
1770222174.886,799,3,"(511.0, 0.0)"
1770222174.896,799,3,"(511.0, 0.0)"
1770222174.907,799,3,"(511.0, 0.0)"
1770222174.917,799,3,"(511.0, 0.0)"
1770222174.928,799,3,"(511.0, 0.0)"
1770222174.938,799,3,"(511.0, 0.0)"
1770222174.948,799,3,"(511.0, 24.0)"
1770222174.96,799,3,"(511.0, 24.0)"
1770222174.971,799,3,"(511.0, 0.0)"
1770222174.981,799,3,"(511.0, 0.0)"
1770222174.993,799,3,"(511.0, 0.0)"
1770222175.004,799,3,"(511.0, 0.0)"
1770222175.014,799,3,"(511.0, 0.0)"
1770222175.026,799,3,"(511.0, 0.0)"
1770222175.037,799,3,"(511.0, 0.0)"
1770222175.047,799,3,"(511.0, 0.0)"
1770222175.06,799,3,"(511.0, 0.0)"
1770222175.07,799,3,"(511.0, 0.0)"
1770222175.081,799,3,"(511.0, 0.0)"
1770222175.092,799,3,"(511.0, 0.0)"
1770222175.102,799,3,"(511.0, 0.0)"
1770222175.112,799,3,"(511.0, 0.0)"
1770222175.122,799,3,"(511.0, 0.0)"
1770222175.133,799,3,"(511.0, 0.0)"
1770222175.143,799,3,"(511.0, 0.0)"
1770222175.154,799,3,"(511.0, 0.0)"
1770222175.165,799,3,"(511.0, 0.0)"
1770222175.176,799,3,"(511.0, 0.0)"
1770222175.186,799,3,"(511.0, 0.0)"
1770222175.197,799,3,"(511.0, 0.0)"
1770222175.209,799,3,"(511.0, 0.0)"
1770222175.219,799,3,"(511.0, 0.0)"
1770222175.23,799,3,"(511.0, 0.0)"
1770222175.242,799,3,"(511.0, 0.0)"
1770222175.252,799,3,"(511.0, 0.0)"
1770222175.262,799,3,"(511.0, 0.0)"
1770222175.275,799,3,"(511.0, 0.0)"
1770222175.286,799,3,"(511.0, 0.0)"
1770222175.297,799,3,"(511.0, 0.0)"
1770222175.309,799,3,"(511.0, 0.0)"
1770222175.32,799,3,"(511.0, 0.0)"
1770222175.331,799,3,"(511.0, 0.0)"
1770222175.343,799,3,"(511.0, 0.0)"
1770222175.354,799,3,"(511.0, 0.0)"
1770222186.056,799,4,"(511.0, 97.0)"
1770222186.066,799,4,"(511.0, 97.0)"
1770222186.077,799,4,"(511.0, 97.0)"
1770222186.088,799,4,"(511.0, 97.0)"
1770222186.098,799,4,"(511.0, 97.0)"
1770222186.108,799,4,"(511.0, 97.0)"
1770222186.121,799,4,"(511.0, 97.0)"
1770222186.131,799,4,"(511.0, 97.0)"
1770222186.142,799,4,"(511.0, 97.0)"
1770222186.154,799,4,"(511.0, 97.0)"
1770222186.164,799,4,"(511.0, 97.0)"
1770222186.175,799,4,"(511.0, 121.0)"
1770222186.188,799,4,"(511.0, 121.0)"
1770222186.198,799,4,"(511.0, 146.0)"
1770222186.209,799,4,"(511.0, 146.0)"
1770222186.22,799,4,"(511.0, 121.0)"
1770222186.231,799,4,"(511.0, 121.0)"
1770222186.241,799,4,"(511.0, 121.0)"
1770222186.253,799,4,"(511.0, 121.0)"
1770222186.263,799,4,"(511.0, 146.0)"
1770222186.274,799,4,"(511.0, 146.0)"
1770222186.286,799,4,"(511.0, 146.0)"
1770222186.297,799,4,"(511.0, 146.0)"
1770222186.307,799,4,"(511.0, 146.0)"
1770222186.317,799,4,"(511.0, 146.0)"
1770222186.327,799,4,"(511.0, 170.0)"
1770222186.338,799,4,"(511.0, 170.0)"
1770222186.348,799,4,"(511.0, 170.0)"
1770222186.359,799,4,"(511.0, 146.0)"
1770222186.369,799,4,"(511.0, 146.0)"
1770222186.38,799,4,"(511.0, 146.0)"
1770222186.391,799,4,"(511.0, 146.0)"
1770222186.401,799,4,"(511.0, 146.0)"
1770222186.412,799,4,"(511.0, 146.0)"
1770222186.423,799,4,"(511.0, 146.0)"
1770222186.434,799,4,"(511.0, 146.0)"
1770222186.444,799,4,"(511.0, 146.0)"
1770222186.455,799,4,"(511.0, 146.0)"
1770222186.465,799,4,"(511.0, 146.0)"
1770222186.475,799,4,"(511.0, 146.0)"
1770222186.487,799,4,"(511.0, 146.0)"
1770222186.498,799,4,"(511.0, 146.0)"
1770222186.509,799,4,"(511.0, 146.0)"
1770222186.519,799,4,"(511.0, 146.0)"
1770222186.53,799,4,"(511.0, 146.0)"
1770222186.54,799,4,"(511.0, 146.0)"
1770222186.55,799,4,"(511.0, 146.0)"
1770222186.561,799,4,"(511.0, 146.0)"
1770222186.573,799,4,"(511.0, 146.0)"
1770222186.584,799,4,"(511.0, 146.0)"
1770222186.594,799,4,"(511.0, 146.0)"
1770222186.604,799,4,"(511.0, 146.0)"
1770222186.615,799,4,"(511.0, 146.0)"
1770222186.626,799,4,"(511.0, 146.0)"
1770222186.636,799,4,"(511.0, 146.0)"
1770222186.647,799,4,"(511.0, 146.0)"
1770222186.657,799,4,"(511.0, 146.0)"
1770222186.669,799,4,"(511.0, 170.0)"
1770222186.679,799,4,"(511.0, 194.0)"
1770222186.689,799,4,"(511.0, 194.0)"
1770222186.7,799,4,"(511.0, 194.0)"
1770222186.71,799,4,"(511.0, 194.0)"
1770222186.72,799,4,"(511.0, 219.0)"
1770222186.731,799,4,"(511.0, 219.0)"
1770222186.744,799,4,"(511.0, 243.0)"
1770222186.754,799,4,"(511.0, 243.0)"
1770222186.764,799,4,"(511.0, 243.0)"
1770222186.775,799,4,"(511.0, 267.0)"
1770222186.786,799,4,"(511.0, 267.0)"
1770222186.796,799,4,"(511.0, 267.0)"
1770222186.806,799,4,"(511.0, 292.0)"
1770222186.817,799,4,"(511.0, 292.0)"
1770222186.827,799,4,"(511.0, 292.0)"
1770222186.838,799,4,"(511.0, 292.0)"
1770222186.849,799,4,"(511.0, 292.0)"
1770222186.863,799,4,"(511.0, 292.0)"
1770222186.873,799,4,"(511.0, 292.0)"
1770222186.883,799,4,"(511.0, 292.0)"
1770222186.894,799,4,"(511.0, 267.0)"
1770222186.904,799,4,"(511.0, 267.0)"
1770222186.915,799,4,"(511.0, 243.0)"
1770222186.927,799,4,"(511.0, 243.0)"
1770222186.937,799,4,"(511.0, 219.0)"
1770222186.948,799,4,"(511.0, 219.0)"
1770222186.96,799,4,"(511.0, 194.0)"
1770222186.971,799,4,"(511.0, 194.0)"
1770222186.981,799,4,"(511.0, 170.0)"
1770222186.993,799,4,"(511.0, 170.0)"
1770222187.004,799,4,"(511.0, 146.0)"
1770222187.014,799,4,"(511.0, 121.0)"
1770222187.026,799,4,"(511.0, 121.0)"
1770222187.036,799,4,"(511.0, 97.0)"
1770222187.046,799,4,"(511.0, 97.0)"
1770222187.058,799,4,"(511.0, 97.0)"
1770222187.068,799,4,"(511.0, 97.0)"
1770222187.079,799,4,"(511.0, 97.0)"
1770222187.089,799,4,"(511.0, 97.0)"
1770222187.1,799,4,"(511.0, 73.0)"
1770222187.111,799,4,"(511.0, 73.0)"
1770222187.121,799,4,"(511.0, 73.0)"
1770222187.132,799,4,"(511.0, 48.0)"
1770222187.142,799,4,"(511.0, 48.0)"
1770222187.153,799,4,"(511.0, 48.0)"
1770222187.163,799,4,"(511.0, 48.0)"
1770222187.173,799,4,"(511.0, 48.0)"
1770222187.184,799,4,"(511.0, 48.0)"
1770222187.194,799,4,"(511.0, 48.0)"
1770222187.204,799,4,"(511.0, 73.0)"
1770222187.215,799,4,"(511.0, 73.0)"
1770222187.225,799,4,"(511.0, 73.0)"
1770222187.235,799,4,"(511.0, 97.0)"
1770222187.246,799,4,"(511.0, 97.0)"
1770222187.256,799,4,"(511.0, 97.0)"
1770222187.266,799,4,"(511.0, 97.0)"
1770222187.277,799,4,"(511.0, 97.0)"
1770222187.287,799,4,"(511.0, 97.0)"
1770222187.297,799,4,"(511.0, 97.0)"
1770222187.308,799,4,"(511.0, 97.0)"
1770222187.318,799,4,"(511.0, 121.0)"
1770222187.329,799,4,"(511.0, 121.0)"
1770222187.34,799,4,"(511.0, 97.0)"
1770222187.35,799,4,"(511.0, 97.0)"
1770222187.362,799,4,"(511.0, 97.0)"
1770222187.374,799,4,"(511.0, 97.0)"
1770222187.384,799,4,"(511.0, 121.0)"
1770222187.395,799,4,"(511.0, 146.0)"
1770222187.406,799,4,"(511.0, 146.0)"
1770222187.417,799,4,"(511.0, 146.0)"
1770222187.427,799,4,"(511.0, 146.0)"
1770222187.441,799,4,"(511.0, 146.0)"
1770222187.451,799,4,"(511.0, 146.0)"
1770222187.462,799,4,"(511.0, 146.0)"
1770222187.472,799,4,"(511.0, 146.0)"
1770222187.483,799,4,"(511.0, 146.0)"
1770222187.494,799,4,"(511.0, 146.0)"
1770222187.504,799,4,"(511.0, 146.0)"
1770222187.515,799,4,"(511.0, 146.0)"
1770222187.525,799,4,"(511.0, 146.0)"
1770222187.535,799,4,"(511.0, 121.0)"
1770222187.546,799,4,"(511.0, 121.0)"
1770222187.556,799,4,"(511.0, 121.0)"
1770222187.567,799,4,"(511.0, 97.0)"
1770222187.577,799,4,"(511.0, 97.0)"
1770222187.588,799,4,"(511.0, 121.0)"
1770222187.598,799,4,"(511.0, 121.0)"
1770222187.608,799,4,"(511.0, 146.0)"
1770222187.618,799,4,"(511.0, 146.0)"
1770222187.629,799,4,"(511.0, 146.0)"
1770222187.64,799,4,"(511.0, 146.0)"
1770222187.651,799,4,"(511.0, 146.0)"
1770222187.661,799,4,"(511.0, 146.0)"
1770222187.674,799,4,"(511.0, 146.0)"
1770222187.685,799,4,"(511.0, 146.0)"
1770222187.695,799,4,"(511.0, 146.0)"
1770222187.706,799,4,"(511.0, 146.0)"
1770222187.716,799,4,"(511.0, 146.0)"
1770222187.727,799,4,"(511.0, 146.0)"
1770222187.738,799,4,"(511.0, 121.0)"
1770222187.749,799,4,"(511.0, 121.0)"
1770222187.759,799,4,"(511.0, 97.0)"
1770222187.769,799,4,"(511.0, 97.0)"
1770222187.779,799,4,"(511.0, 97.0)"
1770222187.79,799,4,"(511.0, 97.0)"
1770222187.801,799,4,"(511.0, 97.0)"
1770222187.812,799,4,"(511.0, 97.0)"
1770222187.823,799,4,"(511.0, 97.0)"
1770222187.833,799,4,"(511.0, 97.0)"
1770222187.844,799,4,"(511.0, 97.0)"
1770222187.855,799,4,"(511.0, 97.0)"
1770222187.865,799,4,"(511.0, 97.0)"
1770222187.875,799,4,"(511.0, 73.0)"
1770222187.886,799,4,"(511.0, 73.0)"
1770222187.897,799,4,"(511.0, 48.0)"
1770222187.907,799,4,"(511.0, 48.0)"
1770222187.918,799,4,"(511.0, 73.0)"
1770222187.929,799,4,"(511.0, 73.0)"
1770222187.94,799,4,"(511.0, 97.0)"
1770222187.95,799,4,"(511.0, 97.0)"
1770222187.961,799,4,"(511.0, 97.0)"
1770222187.973,799,4,"(511.0, 97.0)"
1770222187.984,799,4,"(511.0, 97.0)"
1770222187.994,799,4,"(511.0, 121.0)"
1770222188.006,799,4,"(511.0, 121.0)"
1770222188.016,799,4,"(511.0, 146.0)"
1770222188.027,799,4,"(511.0, 146.0)"
1770222188.039,799,4,"(511.0, 146.0)"
1770222188.049,799,4,"(511.0, 146.0)"
1770222188.059,799,4,"(511.0, 170.0)"
1770222188.071,799,4,"(511.0, 170.0)"
1770222188.081,799,4,"(511.0, 194.0)"
1770222188.092,799,4,"(511.0, 194.0)"
1770222188.105,799,4,"(511.0, 194.0)"
1770222188.116,799,4,"(511.0, 194.0)"
1770222188.126,799,4,"(511.0, 194.0)"
1770222188.137,799,4,"(511.0, 194.0)"
1770222188.148,799,4,"(511.0, 194.0)"
1770222188.16,799,4,"(511.0, 194.0)"
1770222188.171,799,4,"(511.0, 194.0)"
1770222188.181,799,4,"(511.0, 194.0)"
1770222188.191,799,4,"(511.0, 194.0)"
1770222188.205,799,4,"(511.0, 194.0)"
1770222188.216,799,4,"(511.0, 194.0)"
1770222188.226,799,4,"(511.0, 194.0)"
1770222188.237,799,4,"(511.0, 194.0)"
1770222188.247,799,4,"(511.0, 194.0)"
1770222188.257,799,4,"(511.0, 170.0)"
1770222188.271,799,4,"(511.0, 170.0)"
1770222188.282,799,4,"(511.0, 170.0)"
1770222188.292,799,4,"(511.0, 170.0)"
1770222188.303,799,4,"(639.0, 170.0)"
1770222188.313,799,4,"(511.0, 194.0)"
1770222188.324,799,4,"(511.0, 194.0)"
1770222188.334,799,4,"(511.0, 194.0)"
1770222188.345,799,4,"(511.0, 194.0)"
1770222188.355,799,4,"(511.0, 194.0)"
1770222188.365,799,4,"(511.0, 194.0)"
1770222188.376,799,4,"(511.0, 194.0)"
1770222188.387,799,4,"(511.0, 219.0)"
1770222188.397,799,4,"(511.0, 219.0)"
1770222188.407,799,4,"(511.0, 219.0)"
1770222188.418,799,4,"(511.0, 219.0)"
1770222188.428,799,4,"(511.0, 219.0)"
1770222188.439,799,4,"(511.0, 219.0)"
1770222188.452,799,4,"(511.0, 194.0)"
1770222188.462,799,4,"(511.0, 219.0)"
1770222188.472,799,4,"(511.0, 219.0)"
1770222188.483,799,4,"(511.0, 194.0)"
1770222188.493,799,4,"(511.0, 194.0)"
1770222188.503,799,4,"(511.0, 194.0)"
1770222188.513,799,4,"(511.0, 194.0)"
1770222188.524,799,4,"(511.0, 194.0)"
1770222188.535,799,4,"(511.0, 194.0)"
1770222188.547,799,4,"(511.0, 194.0)"
1770222188.557,799,4,"(511.0, 194.0)"
1770222188.57,799,4,"(511.0, 194.0)"
1770222188.581,799,4,"(511.0, 194.0)"
1770222188.592,799,4,"(511.0, 194.0)"
1770222188.603,799,4,"(511.0, 194.0)"
1770222188.613,799,4,"(511.0, 194.0)"
1770222188.624,799,4,"(511.0, 194.0)"
1770222188.634,799,4,"(511.0, 194.0)"
1770222188.645,799,4,"(511.0, 194.0)"
1770222188.656,799,4,"(511.0, 194.0)"
1770222188.669,799,4,"(511.0, 194.0)"
1770222188.679,799,4,"(639.0, 194.0)"
1770222188.689,799,4,"(511.0, 194.0)"
1770222188.702,799,4,"(511.0, 194.0)"
1770222188.713,799,4,"(511.0, 194.0)"
1770222188.724,799,4,"(511.0, 194.0)"
1770222188.735,799,4,"(511.0, 194.0)"
1770222188.745,799,4,"(511.0, 194.0)"
1770222188.756,799,4,"(511.0, 194.0)"
1770222188.766,799,4,"(511.0, 194.0)"
1770222188.777,799,4,"(511.0, 194.0)"
1770222188.787,799,4,"(511.0, 194.0)"
1770222188.798,799,4,"(511.0, 194.0)"
1770222188.809,799,4,"(511.0, 194.0)"
1770222188.82,799,4,"(511.0, 194.0)"
1770222188.831,799,4,"(511.0, 194.0)"
1770222188.841,799,4,"(511.0, 194.0)"
1770222188.852,799,4,"(511.0, 194.0)"
1770222188.862,799,4,"(511.0, 194.0)"
1770222188.872,799,4,"(511.0, 194.0)"
1770222188.883,799,4,"(511.0, 219.0)"
1770222188.893,799,4,"(511.0, 219.0)"
1770222188.904,799,4,"(511.0, 243.0)"
1770222188.914,799,4,"(511.0, 243.0)"
1770222188.925,799,4,"(511.0, 243.0)"
1770222188.936,799,4,"(511.0, 243.0)"
1770222188.946,799,4,"(511.0, 243.0)"
1770222188.956,799,4,"(511.0, 243.0)"
1770222188.967,799,4,"(511.0, 243.0)"
1770222188.978,799,4,"(511.0, 243.0)"
1770222188.988,799,4,"(511.0, 243.0)"
1770222189.0,799,4,"(511.0, 243.0)"
1770222189.011,799,4,"(511.0, 243.0)"
1770222189.022,799,4,"(511.0, 243.0)"
1770222189.034,799,4,"(511.0, 243.0)"
1770222189.045,799,4,"(511.0, 243.0)"
1770222189.056,799,4,"(511.0, 243.0)"
1770222203.115,799,1,"(511.0, 0.0)"
1770222203.125,799,1,"(511.0, 0.0)"
1770222203.136,799,1,"(511.0, 0.0)"
1770222203.147,799,1,"(511.0, 0.0)"
1770222203.157,799,1,"(511.0, 0.0)"
1770222203.168,799,1,"(511.0, 0.0)"
1770222203.178,799,1,"(511.0, 0.0)"
1770222203.188,799,1,"(511.0, 0.0)"
1770222203.199,799,1,"(511.0, 0.0)"
1770222203.21,799,1,"(511.0, 0.0)"
1770222203.22,799,1,"(511.0, 0.0)"
1770222203.23,799,1,"(511.0, 0.0)"
1770222203.241,799,1,"(511.0, 0.0)"
1770222203.251,799,1,"(511.0, 0.0)"
1770222203.265,799,1,"(511.0, 0.0)"
1770222203.275,799,1,"(511.0, 0.0)"
1770222203.285,799,1,"(511.0, 0.0)"
1770222203.295,799,1,"(511.0, 0.0)"
1770222203.306,799,1,"(511.0, 0.0)"
1770222203.316,799,1,"(511.0, 0.0)"
1770222203.326,799,1,"(511.0, 0.0)"
1770222203.337,799,1,"(511.0, 0.0)"
1770222203.347,799,1,"(511.0, 0.0)"
1770222203.357,799,1,"(511.0, 0.0)"
1770222203.368,799,1,"(511.0, 0.0)"
1770222203.381,799,1,"(511.0, 0.0)"
1770222203.392,799,1,"(511.0, 0.0)"
1770222203.403,799,1,"(511.0, 0.0)"
1770222203.414,799,1,"(511.0, 0.0)"
1770222203.425,799,1,"(511.0, 0.0)"
1770222203.435,799,1,"(511.0, 0.0)"
1770222203.446,799,1,"(511.0, 0.0)"
1770222203.457,799,1,"(511.0, 0.0)"
1770222203.467,799,1,"(511.0, 0.0)"
1770222203.479,799,1,"(511.0, 0.0)"
1770222203.489,799,1,"(511.0, 0.0)"
1770222203.5,799,1,"(511.0, 0.0)"
1770222203.511,799,1,"(511.0, 0.0)"
1770222203.521,799,1,"(511.0, 0.0)"
1770222203.532,799,1,"(511.0, 0.0)"
1770222203.542,799,1,"(511.0, 0.0)"
1770222203.553,799,1,"(511.0, 0.0)"
1770222203.564,799,1,"(511.0, 0.0)"
1770222203.574,799,1,"(511.0, 0.0)"
1770222203.585,799,1,"(511.0, 0.0)"
1770222203.595,799,1,"(511.0, 0.0)"
1770222203.606,799,1,"(511.0, 0.0)"
1770222203.616,799,1,"(511.0, 0.0)"
1770222203.627,799,1,"(511.0, 0.0)"
1770222203.637,799,1,"(511.0, 0.0)"
1770222203.648,799,1,"(511.0, 0.0)"
1770222203.658,799,1,"(511.0, 0.0)"
1770222203.669,799,1,"(511.0, 0.0)"
1770222203.679,799,1,"(511.0, 0.0)"
1770222203.69,799,1,"(511.0, 0.0)"
1770222203.701,799,1,"(511.0, 0.0)"
1770222203.711,799,1,"(511.0, 0.0)"
1770222203.721,799,1,"(511.0, 0.0)"
1770222203.732,799,1,"(511.0, 0.0)"
1770222203.743,799,1,"(511.0, 0.0)"
1770222203.753,799,1,"(511.0, 0.0)"
1770222203.764,799,1,"(511.0, 0.0)"
1770222203.774,799,1,"(511.0, 0.0)"
1770222203.785,799,1,"(511.0, 0.0)"
1770222203.795,799,1,"(511.0, 0.0)"
1770222203.805,799,1,"(511.0, 0.0)"
1770222203.816,799,1,"(511.0, 0.0)"
1770222203.826,799,1,"(511.0, 0.0)"
1770222203.837,799,1,"(511.0, 0.0)"
1770222203.847,799,1,"(511.0, 0.0)"
1770222203.859,799,1,"(511.0, 0.0)"
1770222203.869,799,1,"(511.0, 0.0)"
1770222203.88,799,1,"(511.0, 0.0)"
1770222203.89,799,1,"(511.0, 0.0)"
1770222203.901,799,1,"(511.0, 0.0)"
1770222203.911,799,1,"(511.0, 0.0)"
1770222203.922,799,1,"(511.0, 0.0)"
1770222203.932,799,1,"(511.0, 0.0)"
1770222203.942,799,1,"(511.0, 0.0)"
1770222203.954,799,1,"(511.0, 0.0)"
1770222203.964,799,1,"(511.0, 0.0)"
1770222203.974,799,1,"(511.0, 0.0)"
1770222203.985,799,1,"(511.0, 0.0)"
1770222203.995,799,1,"(511.0, 0.0)"
1770222204.006,799,1,"(511.0, 0.0)"
1770222204.017,799,1,"(511.0, 0.0)"
1770222204.028,799,1,"(511.0, 0.0)"
1770222204.039,799,1,"(511.0, 0.0)"
1770222204.05,799,1,"(511.0, 0.0)"
1770222204.06,799,1,"(511.0, 0.0)"
1770222204.071,799,1,"(511.0, 0.0)"
1770222204.081,799,1,"(511.0, 0.0)"
1770222204.091,799,1,"(511.0, 0.0)"
1770222204.104,799,1,"(511.0, 0.0)"
1770222204.115,799,1,"(511.0, 0.0)"
1770222204.125,799,1,"(511.0, 0.0)"
1770222204.137,799,1,"(511.0, 0.0)"
1770222204.148,799,1,"(511.0, 0.0)"
1770222204.158,799,1,"(511.0, 0.0)"
1770222204.171,799,1,"(511.0, 0.0)"
1770222204.182,799,1,"(511.0, 0.0)"
1770222204.193,799,1,"(511.0, 0.0)"
1770222204.204,799,1,"(511.0, 0.0)"
1770222204.214,799,1,"(511.0, 0.0)"
1770222204.225,799,1,"(511.0, 0.0)"
1770222204.237,799,1,"(511.0, 0.0)"
1770222204.249,799,1,"(511.0, 0.0)"
1770222204.259,799,1,"(511.0, 0.0)"
1770222204.272,799,1,"(511.0, 0.0)"
1770222204.282,799,1,"(511.0, 0.0)"
1770222204.292,799,1,"(511.0, 0.0)"
1770222204.304,799,1,"(511.0, 0.0)"
1770222204.315,799,1,"(511.0, 0.0)"
1770222204.325,799,1,"(511.0, 0.0)"
1770222204.335,799,1,"(511.0, 0.0)"
1770222204.346,799,1,"(511.0, 0.0)"
1770222204.357,799,1,"(511.0, 0.0)"
1770222204.367,799,1,"(511.0, 0.0)"
1770222204.378,799,1,"(511.0, 0.0)"
1770222204.39,799,1,"(511.0, 0.0)"
1770222204.401,799,1,"(511.0, 0.0)"
1770222204.411,799,1,"(511.0, 0.0)"
1770222204.422,799,1,"(511.0, 0.0)"
1770222204.433,799,1,"(511.0, 0.0)"
1770222204.443,799,1,"(511.0, 0.0)"
1770222204.453,799,1,"(511.0, 0.0)"
1770222204.464,799,1,"(511.0, 0.0)"
1770222204.475,799,1,"(511.0, 0.0)"
1770222204.485,799,1,"(511.0, 0.0)"
1770222204.496,799,1,"(511.0, 0.0)"
1770222204.506,799,1,"(511.0, 0.0)"
1770222204.517,799,1,"(511.0, 0.0)"
1770222204.528,799,1,"(511.0, 0.0)"
1770222204.539,799,1,"(511.0, 0.0)"
1770222204.549,799,1,"(511.0, 0.0)"
1770222204.559,799,1,"(511.0, 0.0)"
1770222204.57,799,1,"(511.0, 0.0)"
1770222204.58,799,1,"(511.0, 0.0)"
1770222204.591,799,1,"(511.0, 0.0)"
1770222204.603,799,1,"(511.0, 0.0)"
1770222204.613,799,1,"(511.0, 0.0)"
1770222204.623,799,1,"(511.0, 0.0)"
1770222204.634,799,1,"(511.0, 0.0)"
1770222204.645,799,1,"(511.0, 0.0)"
1770222204.655,799,1,"(511.0, 0.0)"
1770222204.666,799,1,"(511.0, 0.0)"
1770222204.676,799,1,"(511.0, 0.0)"
1770222204.687,799,1,"(511.0, 0.0)"
1770222204.697,799,1,"(511.0, 0.0)"
1770222204.708,799,1,"(511.0, 0.0)"
1770222204.718,799,1,"(511.0, 0.0)"
1770222204.728,799,1,"(511.0, 0.0)"
1770222204.74,799,1,"(511.0, 0.0)"
1770222204.751,799,1,"(511.0, 0.0)"
1770222204.761,799,1,"(511.0, 0.0)"
1770222204.772,799,1,"(511.0, 0.0)"
1770222204.782,799,1,"(511.0, 0.0)"
1770222204.793,799,1,"(511.0, 0.0)"
1770222204.803,799,1,"(511.0, 0.0)"
1770222204.814,799,1,"(511.0, 0.0)"
1770222204.825,799,1,"(511.0, 0.0)"
1770222204.835,799,1,"(511.0, 0.0)"
1770222204.846,799,1,"(511.0, 0.0)"
1770222204.857,799,1,"(511.0, 0.0)"
1770222204.869,799,1,"(511.0, 0.0)"
1770222204.879,799,1,"(511.0, 0.0)"
1770222204.89,799,1,"(511.0, 0.0)"
1770222204.9,799,1,"(511.0, 0.0)"
1770222204.91,799,1,"(511.0, 0.0)"
1770222204.921,799,1,"(511.0, 0.0)"
1770222204.931,799,1,"(511.0, 0.0)"
1770222204.942,799,1,"(511.0, 0.0)"
1770222204.952,799,1,"(511.0, 0.0)"
1770222204.963,799,1,"(511.0, 0.0)"
1770222204.973,799,1,"(511.0, 0.0)"
1770222204.984,799,1,"(511.0, 0.0)"
1770222204.994,799,1,"(511.0, 0.0)"
1770222205.005,799,1,"(511.0, 0.0)"
1770222205.016,799,1,"(511.0, 0.0)"
1770222205.026,799,1,"(511.0, 0.0)"
1770222205.039,799,1,"(511.0, 0.0)"
1770222205.049,799,1,"(511.0, 0.0)"
1770222205.061,799,1,"(511.0, 0.0)"
1770222205.071,799,1,"(511.0, 0.0)"
1770222205.081,799,1,"(511.0, 0.0)"
1770222205.092,799,1,"(511.0, 0.0)"
1770222205.102,799,1,"(511.0, 0.0)"
1770222205.113,799,1,"(511.0, 0.0)"
1770222205.123,799,1,"(511.0, 0.0)"
1770222205.133,799,1,"(511.0, 0.0)"
1770222205.144,799,1,"(511.0, 0.0)"
1770222205.155,799,1,"(511.0, 0.0)"
1770222205.165,799,1,"(511.0, 0.0)"
1770222205.176,799,1,"(511.0, 0.0)"
1770222205.186,799,1,"(511.0, 0.0)"
1770222205.196,799,1,"(511.0, 0.0)"
1770222205.206,799,1,"(511.0, 0.0)"
1770222205.217,799,1,"(511.0, 0.0)"
1770222205.228,799,1,"(511.0, 0.0)"
1770222205.238,799,1,"(511.0, 0.0)"
1770222205.248,799,1,"(511.0, 0.0)"
1770222205.259,799,1,"(511.0, 0.0)"
1770222205.27,799,1,"(511.0, 0.0)"
1770222205.281,799,1,"(511.0, 0.0)"
1770222205.291,799,1,"(511.0, 0.0)"
1770222205.302,799,1,"(511.0, 0.0)"
1770222205.312,799,1,"(511.0, 0.0)"
1770222205.322,799,1,"(511.0, 0.0)"
1770222205.334,799,1,"(511.0, 0.0)"
1770222205.345,799,1,"(511.0, 0.0)"
1770222205.355,799,1,"(511.0, 0.0)"
1770222205.366,799,1,"(511.0, 0.0)"
1770222205.377,799,1,"(511.0, 0.0)"
1770222205.387,799,1,"(511.0, 0.0)"
1770222205.398,799,1,"(511.0, 0.0)"
1770222205.41,799,1,"(511.0, 0.0)"
1770222205.421,799,1,"(511.0, 0.0)"
1770222205.431,799,1,"(511.0, 0.0)"
1770222205.442,799,1,"(511.0, 0.0)"
1770222205.453,799,1,"(511.0, 0.0)"
1770222205.463,799,1,"(511.0, 0.0)"
1770222205.473,799,1,"(511.0, 0.0)"
1770222205.485,799,1,"(511.0, 0.0)"
1770222205.496,799,1,"(511.0, 0.0)"
1770222205.507,799,1,"(511.0, 0.0)"
1770222205.518,799,1,"(511.0, 0.0)"
1770222205.528,799,1,"(511.0, 0.0)"
1770222205.538,799,1,"(511.0, 0.0)"
1770222205.549,799,1,"(511.0, 0.0)"
1770222205.56,799,1,"(511.0, 0.0)"
1770222205.57,799,1,"(511.0, 0.0)"
1770222205.581,799,1,"(511.0, 0.0)"
1770222205.592,799,1,"(511.0, 0.0)"
1770222205.603,799,1,"(511.0, 0.0)"
1770222205.613,799,1,"(511.0, 0.0)"
1770222205.624,799,1,"(511.0, 0.0)"
1770222205.635,799,1,"(511.0, 0.0)"
1770222205.646,799,1,"(511.0, 0.0)"
1770222205.656,799,1,"(511.0, 0.0)"
1770222205.668,799,1,"(511.0, 0.0)"
1770222205.679,799,1,"(511.0, 0.0)"
1770222205.689,799,1,"(511.0, 0.0)"
1770222205.7,799,1,"(511.0, 0.0)"
1770222205.71,799,1,"(511.0, 0.0)"
1770222205.72,799,1,"(511.0, 0.0)"
1770222205.73,799,1,"(511.0, 0.0)"
1770222205.74,799,1,"(511.0, 0.0)"
1770222205.751,799,1,"(511.0, 0.0)"
1770222205.761,799,1,"(511.0, 0.0)"
1770222205.772,799,1,"(511.0, 0.0)"
1770222205.782,799,1,"(511.0, 0.0)"
1770222205.792,799,1,"(511.0, 0.0)"
1770222205.803,799,1,"(511.0, 0.0)"
1770222205.814,799,1,"(511.0, 0.0)"
1770222205.824,799,1,"(511.0, 0.0)"
1770222205.834,799,1,"(511.0, 0.0)"
1770222205.844,799,1,"(511.0, 0.0)"
1770222205.854,799,1,"(511.0, 0.0)"
1770222205.865,799,1,"(511.0, 0.0)"
1770222205.875,799,1,"(511.0, 0.0)"
1770222205.885,799,1,"(511.0, 0.0)"
1770222205.897,799,1,"(511.0, 0.0)"
1770222205.907,799,1,"(511.0, 0.0)"
1770222205.918,799,1,"(511.0, 0.0)"
1770222205.928,799,1,"(511.0, 0.0)"
1770222205.939,799,1,"(511.0, 0.0)"
1770222205.949,799,1,"(511.0, 0.0)"
1770222205.96,799,1,"(511.0, 0.0)"
1770222205.97,799,1,"(511.0, 0.0)"
1770222205.981,799,1,"(511.0, 0.0)"
1770222205.992,799,1,"(511.0, 0.0)"
1770222206.003,799,1,"(511.0, 0.0)"
1770222206.013,799,1,"(511.0, 0.0)"
1770222206.023,799,1,"(511.0, 0.0)"
1770222206.035,799,1,"(511.0, 0.0)"
1770222206.045,799,1,"(511.0, 0.0)"
1770222206.055,799,1,"(511.0, 0.0)"
1770222206.067,799,1,"(511.0, 0.0)"
1770222206.077,799,1,"(511.0, 0.0)"
1770222206.087,799,1,"(511.0, 0.0)"
1770222206.097,799,1,"(511.0, 0.0)"
1770222206.107,799,1,"(511.0, 0.0)"
1770222209.307,799,2,"(639.0, 487.0)"
1770222209.317,799,2,"(639.0, 487.0)"
1770222209.328,799,2,"(639.0, 511.0)"
1770222209.339,799,2,"(511.0, 511.0)"
1770222209.349,799,2,"(511.0, 535.0)"
1770222209.36,799,2,"(383.0, 535.0)"
1770222209.37,799,2,"(511.0, 560.0)"
1770222209.381,799,2,"(639.0, 584.0)"
1770222209.391,799,2,"(767.0, 608.0)"
1770222209.403,799,2,"(639.0, 633.0)"
1770222209.413,799,2,"(511.0, 657.0)"
1770222209.424,799,2,"(383.0, 682.0)"
1770222209.435,799,2,"(255.0, 706.0)"
1770222209.445,799,2,"(383.0, 730.0)"
1770222209.456,799,2,"(383.0, 779.0)"
1770222209.467,799,2,"(639.0, 779.0)"
1770222209.478,799,2,"(511.0, 803.0)"
1770222209.488,799,2,"(767.0, 803.0)"
1770222209.499,799,2,"(639.0, 803.0)"
1770222209.509,799,2,"(511.0, 803.0)"
1770222209.522,799,2,"(511.0, 803.0)"
1770222209.532,799,2,"(383.0, 828.0)"
1770222209.543,799,2,"(511.0, 828.0)"
1770222209.553,799,2,"(511.0, 852.0)"
1770222209.564,799,2,"(511.0, 852.0)"
1770222209.575,799,2,"(511.0, 828.0)"
1770222209.586,799,2,"(383.0, 803.0)"
1770222209.596,799,2,"(511.0, 779.0)"
1770222209.606,799,2,"(639.0, 779.0)"
1770222209.617,799,2,"(511.0, 755.0)"
1770222209.628,799,2,"(383.0, 730.0)"
1770222209.638,799,2,"(639.0, 730.0)"
1770222209.649,799,2,"(767.0, 730.0)"
1770222209.659,799,2,"(511.0, 730.0)"
1770222209.67,799,2,"(639.0, 730.0)"
1770222209.681,799,2,"(895.0, 730.0)"
1770222209.691,799,2,"(511.0, 730.0)"
1770222209.702,799,2,"(511.0, 706.0)"
1770222209.712,799,2,"(383.0, 682.0)"
1770222209.724,799,2,"(255.0, 657.0)"
1770222209.734,799,2,"(511.0, 633.0)"
1770222209.745,799,2,"(511.0, 608.0)"
1770222209.756,799,2,"(383.0, 633.0)"
1770222209.767,799,2,"(255.0, 633.0)"
1770222209.778,799,2,"(639.0, 633.0)"
1770222209.791,799,2,"(511.0, 633.0)"
1770222209.801,799,2,"(511.0, 633.0)"
1770222209.812,799,2,"(511.0, 633.0)"
1770222209.824,799,2,"(511.0, 633.0)"
1770222209.835,799,2,"(639.0, 657.0)"
1770222209.845,799,2,"(511.0, 682.0)"
1770222209.855,799,2,"(639.0, 706.0)"
1770222209.866,799,2,"(511.0, 755.0)"
1770222209.877,799,2,"(767.0, 803.0)"
1770222209.887,799,2,"(767.0, 828.0)"
1770222209.898,799,2,"(895.0, 852.0)"
1770222209.909,799,2,"(639.0, 852.0)"
1770222209.919,799,2,"(511.0, 828.0)"
1770222209.93,799,2,"(511.0, 828.0)"
1770222209.942,799,2,"(511.0, 803.0)"
1770222209.952,799,2,"(511.0, 803.0)"
1770222209.962,799,2,"(639.0, 779.0)"
1770222209.973,799,2,"(511.0, 779.0)"
1770222209.983,799,2,"(511.0, 755.0)"
1770222209.995,799,2,"(511.0, 755.0)"
1770222210.005,799,2,"(511.0, 730.0)"
1770222210.016,799,2,"(639.0, 730.0)"
1770222210.027,799,2,"(511.0, 730.0)"
1770222210.037,799,2,"(383.0, 755.0)"
1770222210.048,799,2,"(639.0, 755.0)"
1770222210.061,799,2,"(511.0, 755.0)"
1770222210.071,799,2,"(511.0, 755.0)"
1770222210.082,799,2,"(511.0, 755.0)"
1770222210.092,799,2,"(511.0, 755.0)"
1770222210.103,799,2,"(383.0, 730.0)"
1770222210.113,799,2,"(511.0, 706.0)"
1770222210.124,799,2,"(511.0, 657.0)"
1770222210.134,799,2,"(511.0, 633.0)"
1770222210.145,799,2,"(767.0, 608.0)"
1770222210.155,799,2,"(895.0, 584.0)"
1770222210.165,799,2,"(511.0, 608.0)"
1770222210.177,799,2,"(639.0, 633.0)"
1770222210.187,799,2,"(511.0, 633.0)"
1770222210.197,799,2,"(511.0, 657.0)"
1770222210.207,799,2,"(255.0, 657.0)"
1770222210.218,799,2,"(383.0, 706.0)"
1770222210.228,799,2,"(383.0, 730.0)"
1770222210.239,799,2,"(383.0, 755.0)"
1770222210.249,799,2,"(895.0, 779.0)"
1770222210.26,799,2,"(511.0, 779.0)"
1770222210.27,799,2,"(511.0, 803.0)"
1770222210.281,799,2,"(639.0, 779.0)"
1770222210.293,799,2,"(1023.0, 779.0)"
1770222210.304,799,2,"(895.0, 803.0)"
1770222210.314,799,2,"(383.0, 828.0)"
1770222210.325,799,2,"(511.0, 876.0)"
1770222210.335,799,2,"(127.0, 901.0)"
1770222210.345,799,2,"(383.0, 925.0)"
1770222210.355,799,2,"(639.0, 949.0)"
1770222210.366,799,2,"(511.0, 974.0)"
1770222210.378,799,2,"(511.0, 974.0)"
1770222210.388,799,2,"(511.0, 974.0)"
1770222210.399,799,2,"(255.0, 949.0)"
1770222210.41,799,2,"(639.0, 949.0)"
1770222210.421,799,2,"(511.0, 925.0)"
1770222210.432,799,2,"(511.0, 925.0)"
1770222210.442,799,2,"(511.0, 949.0)"
1770222210.453,799,2,"(383.0, 974.0)"
1770222210.464,799,2,"(511.0, 998.0)"
1770222210.474,799,2,"(255.0, 1023.0)"
1770222210.485,799,2,"(255.0, 998.0)"
1770222210.496,799,2,"(255.0, 974.0)"
1770222210.508,799,2,"(639.0, 974.0)"
1770222210.519,799,2,"(511.0, 998.0)"
1770222210.529,799,2,"(639.0, 998.0)"
1770222210.539,799,2,"(639.0, 998.0)"
1770222210.55,799,2,"(639.0, 974.0)"
1770222210.56,799,2,"(383.0, 949.0)"
1770222210.57,799,2,"(511.0, 901.0)"
1770222210.581,799,2,"(511.0, 876.0)"
1770222210.591,799,2,"(639.0, 852.0)"
1770222210.602,799,2,"(383.0, 828.0)"
1770222210.612,799,2,"(511.0, 828.0)"
1770222210.625,799,2,"(383.0, 803.0)"
1770222210.636,799,2,"(383.0, 803.0)"
1770222210.646,799,2,"(511.0, 803.0)"
1770222210.657,799,2,"(511.0, 803.0)"
1770222210.668,799,2,"(639.0, 779.0)"
1770222210.679,799,2,"(511.0, 755.0)"
1770222210.691,799,2,"(383.0, 730.0)"
1770222210.702,799,2,"(639.0, 706.0)"
1770222210.712,799,2,"(511.0, 682.0)"
1770222210.723,799,2,"(255.0, 657.0)"
1770222210.733,799,2,"(383.0, 633.0)"
1770222210.744,799,2,"(255.0, 633.0)"
1770222210.755,799,2,"(511.0, 657.0)"
1770222210.766,799,2,"(511.0, 657.0)"
1770222210.776,799,2,"(511.0, 657.0)"
1770222210.787,799,2,"(511.0, 657.0)"
1770222210.797,799,2,"(383.0, 682.0)"
1770222210.808,799,2,"(511.0, 706.0)"
1770222210.819,799,2,"(383.0, 706.0)"
1770222210.829,799,2,"(511.0, 706.0)"
1770222210.841,799,2,"(767.0, 706.0)"
1770222210.851,799,2,"(383.0, 682.0)"
1770222210.862,799,2,"(511.0, 706.0)"
1770222210.874,799,2,"(511.0, 730.0)"
1770222210.884,799,2,"(511.0, 755.0)"
1770222210.894,799,2,"(383.0, 779.0)"
1770222210.905,799,2,"(0.0, 828.0)"
1770222210.915,799,2,"(127.0, 852.0)"
1770222210.926,799,2,"(511.0, 876.0)"
1770222210.939,799,2,"(383.0, 925.0)"
1770222210.95,799,2,"(511.0, 974.0)"
1770222210.961,799,2,"(639.0, 1023.0)"
1770222210.972,799,2,"(1023.0, 1023.0)"
1770222210.982,799,2,"(909.0, 1023.0)"
1770222210.993,799,2,"(682.0, 1023.0)"
1770222211.005,799,2,"(227.0, 1023.0)"
1770222211.016,799,2,"(568.0, 1023.0)"
1770222211.026,799,2,"(454.0, 1023.0)"
1770222211.037,799,2,"(568.0, 1023.0)"
1770222211.047,799,2,"(454.0, 1023.0)"
1770222211.058,799,2,"(454.0, 1023.0)"
1770222211.068,799,2,"(568.0, 981.0)"
1770222211.078,799,2,"(682.0, 960.0)"
1770222211.091,799,2,"(454.0, 960.0)"
1770222211.101,799,2,"(227.0, 960.0)"
1770222211.111,799,2,"(454.0, 981.0)"
1770222211.124,799,2,"(454.0, 1002.0)"
1770222211.134,799,2,"(341.0, 1023.0)"
1770222211.145,799,2,"(0.0, 1023.0)"
1770222211.155,799,2,"(716.0, 1023.0)"
1770222211.166,799,2,"(511.0, 1023.0)"
1770222211.176,799,2,"(511.0, 1023.0)"
1770222211.187,799,2,"(818.0, 1023.0)"
1770222211.197,799,2,"(613.0, 1023.0)"
1770222211.208,799,2,"(511.0, 1023.0)"
1770222211.22,799,2,"(613.0, 1005.0)"
1770222211.231,799,2,"(409.0, 1005.0)"
1770222211.242,799,2,"(306.0, 987.0)"
1770222211.254,799,2,"(716.0, 1005.0)"
1770222211.264,799,2,"(716.0, 987.0)"
1770222211.275,799,2,"(613.0, 987.0)"
1770222211.287,799,2,"(409.0, 969.0)"
1770222211.298,799,2,"(716.0, 969.0)"
1770222211.309,799,2,"(306.0, 969.0)"
1770222211.319,799,2,"(409.0, 987.0)"
1770222211.33,799,2,"(511.0, 1005.0)"
1770222211.34,799,2,"(716.0, 1023.0)"
1770222211.351,799,2,"(818.0, 1023.0)"
1770222211.361,799,2,"(818.0, 1023.0)"
1770222211.373,799,2,"(409.0, 1023.0)"
1770222211.385,799,2,"(716.0, 1005.0)"
1770222211.395,799,2,"(613.0, 988.0)"
1770222211.406,799,2,"(204.0, 970.0)"
1770222211.417,799,2,"(511.0, 953.0)"
1770222211.427,799,2,"(511.0, 918.0)"
1770222211.439,799,2,"(306.0, 884.0)"
1770222211.449,799,2,"(102.0, 849.0)"
1770222211.459,799,2,"(409.0, 832.0)"
1770222211.471,799,2,"(511.0, 814.0)"
1770222211.481,799,2,"(511.0, 814.0)"
1770222211.492,799,2,"(306.0, 780.0)"
1770222211.502,799,2,"(511.0, 762.0)"
1770222211.513,799,2,"(716.0, 728.0)"
1770222211.524,799,2,"(511.0, 710.0)"
1770222211.534,799,2,"(613.0, 710.0)"
1770222211.545,799,2,"(716.0, 710.0)"
1770222211.557,799,2,"(613.0, 728.0)"
1770222211.567,799,2,"(511.0, 745.0)"
1770222211.577,799,2,"(511.0, 728.0)"
1770222211.589,799,2,"(613.0, 728.0)"
1770222211.599,799,2,"(613.0, 710.0)"
1770222211.611,799,2,"(511.0, 693.0)"
1770222211.623,799,2,"(511.0, 676.0)"
1770222211.634,799,2,"(511.0, 658.0)"
1770222211.644,799,2,"(716.0, 658.0)"
1770222211.655,799,2,"(818.0, 641.0)"
1770222211.665,799,2,"(306.0, 641.0)"
1770222211.676,799,2,"(613.0, 624.0)"
1770222211.686,799,2,"(204.0, 624.0)"
1770222211.696,799,2,"(409.0, 624.0)"
1770222211.708,799,2,"(511.0, 641.0)"
1770222211.719,799,2,"(511.0, 641.0)"
1770222211.73,799,2,"(306.0, 641.0)"
1770222211.742,799,2,"(306.0, 641.0)"
1770222211.752,799,2,"(306.0, 658.0)"
1770222211.762,799,2,"(511.0, 676.0)"
1770222211.773,799,2,"(409.0, 693.0)"
1770222211.783,799,2,"(409.0, 693.0)"
1770222211.794,799,2,"(511.0, 710.0)"
1770222211.804,799,2,"(306.0, 710.0)"
1770222211.814,799,2,"(306.0, 693.0)"
1770222211.826,799,2,"(511.0, 676.0)"
1770222211.837,799,2,"(511.0, 658.0)"
1770222211.857,799,2,"(511.0, 658.0)"
1770222211.868,799,2,"(511.0, 658.0)"
1770222211.879,799,2,"(511.0, 658.0)"
1770222211.889,799,2,"(511.0, 658.0)"
1770222211.9,799,2,"(409.0, 658.0)"
1770222211.911,799,2,"(511.0, 641.0)"
1770222211.922,799,2,"(409.0, 624.0)"
1770222211.932,799,2,"(306.0, 624.0)"
1770222211.942,799,2,"(306.0, 606.0)"
1770222211.952,799,2,"(613.0, 606.0)"
1770222211.963,799,2,"(409.0, 589.0)"
1770222211.973,799,2,"(613.0, 589.0)"
1770222211.984,799,2,"(613.0, 589.0)"
1770222211.994,799,2,"(409.0, 589.0)"
1770222212.005,799,2,"(613.0, 589.0)"
1770222212.015,799,2,"(306.0, 589.0)"
1770222212.026,799,2,"(613.0, 589.0)"
1770222212.036,799,2,"(613.0, 589.0)"
1770222212.047,799,2,"(818.0, 589.0)"
1770222212.057,799,2,"(716.0, 589.0)"
1770222212.067,799,2,"(409.0, 606.0)"
1770222212.079,799,2,"(409.0, 606.0)"
1770222212.09,799,2,"(306.0, 624.0)"
1770222212.101,799,2,"(511.0, 624.0)"
1770222212.113,799,2,"(511.0, 606.0)"
1770222212.123,799,2,"(511.0, 606.0)"
1770222212.134,799,2,"(511.0, 589.0)"
1770222212.144,799,2,"(511.0, 589.0)"
1770222212.154,799,2,"(511.0, 589.0)"
1770222212.164,799,2,"(409.0, 572.0)"
1770222212.175,799,2,"(613.0, 572.0)"
1770222212.185,799,2,"(613.0, 572.0)"
1770222212.196,799,2,"(511.0, 572.0)"
1770222212.206,799,2,"(613.0, 589.0)"
1770222212.217,799,2,"(613.0, 589.0)"
1770222212.227,799,2,"(511.0, 572.0)"
1770222212.237,799,2,"(511.0, 572.0)"
1770222212.251,799,2,"(511.0, 554.0)"
1770222212.261,799,2,"(511.0, 537.0)"
1770222212.271,799,2,"(613.0, 537.0)"
1770222212.282,799,2,"(511.0, 485.0)"
1770222212.292,799,2,"(613.0, 468.0)"
1770222212.303,799,2,"(613.0, 433.0)"
1770222212.313,799,2,"(511.0, 433.0)"
1770222217.606,799,3,"(511.0, 34.0)"
1770222217.616,799,3,"(511.0, 34.0)"
1770222217.626,799,3,"(511.0, 34.0)"
1770222217.637,799,3,"(511.0, 34.0)"
1770222217.647,799,3,"(511.0, 17.0)"
1770222217.658,799,3,"(511.0, 17.0)"
1770222217.668,799,3,"(511.0, 0.0)"
1770222217.679,799,3,"(511.0, 0.0)"
1770222217.69,799,3,"(511.0, 0.0)"
1770222217.702,799,3,"(511.0, 0.0)"
1770222217.713,799,3,"(511.0, 0.0)"
1770222217.723,799,3,"(511.0, 0.0)"
1770222217.733,799,3,"(511.0, 0.0)"
1770222217.744,799,3,"(511.0, 0.0)"
1770222217.754,799,3,"(511.0, 0.0)"
1770222217.764,799,3,"(511.0, 0.0)"
1770222217.775,799,3,"(511.0, 0.0)"
1770222217.785,799,3,"(511.0, 0.0)"
1770222217.796,799,3,"(511.0, 0.0)"
1770222217.807,799,3,"(511.0, 0.0)"
1770222217.817,799,3,"(511.0, 0.0)"
1770222217.828,799,3,"(511.0, 0.0)"
1770222217.838,799,3,"(511.0, 0.0)"
1770222217.849,799,3,"(511.0, 0.0)"
1770222217.86,799,3,"(511.0, 0.0)"
1770222217.872,799,3,"(511.0, 0.0)"
1770222217.882,799,3,"(511.0, 0.0)"
1770222217.893,799,3,"(511.0, 0.0)"
1770222217.905,799,3,"(511.0, 0.0)"
1770222217.915,799,3,"(511.0, 0.0)"
1770222217.926,799,3,"(511.0, 0.0)"
1770222217.937,799,3,"(511.0, 0.0)"
1770222217.948,799,3,"(511.0, 0.0)"
1770222217.958,799,3,"(511.0, 0.0)"
1770222217.968,799,3,"(511.0, 17.0)"
1770222217.979,799,3,"(511.0, 17.0)"
1770222217.99,799,3,"(511.0, 34.0)"
1770222218.001,799,3,"(511.0, 34.0)"
1770222218.011,799,3,"(511.0, 34.0)"
1770222218.022,799,3,"(511.0, 34.0)"
1770222218.033,799,3,"(511.0, 34.0)"
1770222218.043,799,3,"(511.0, 34.0)"
1770222218.054,799,3,"(511.0, 52.0)"
1770222218.064,799,3,"(511.0, 52.0)"
1770222218.075,799,3,"(511.0, 69.0)"
1770222218.085,799,3,"(511.0, 69.0)"
1770222218.096,799,3,"(511.0, 69.0)"
1770222218.106,799,3,"(511.0, 69.0)"
1770222218.117,799,3,"(511.0, 69.0)"
1770222218.127,799,3,"(511.0, 69.0)"
1770222218.138,799,3,"(511.0, 69.0)"
1770222218.149,799,3,"(511.0, 69.0)"
1770222218.16,799,3,"(511.0, 86.0)"
1770222218.171,799,3,"(511.0, 86.0)"
1770222218.182,799,3,"(511.0, 104.0)"
1770222218.193,799,3,"(511.0, 104.0)"
1770222218.205,799,3,"(511.0, 104.0)"
1770222218.216,799,3,"(511.0, 104.0)"
1770222218.226,799,3,"(511.0, 104.0)"
1770222218.238,799,3,"(511.0, 104.0)"
1770222218.249,799,3,"(511.0, 104.0)"
1770222218.259,799,3,"(511.0, 86.0)"
1770222218.272,799,3,"(511.0, 86.0)"
1770222218.282,799,3,"(511.0, 69.0)"
1770222218.293,799,3,"(511.0, 69.0)"
1770222218.304,799,3,"(511.0, 69.0)"
1770222218.315,799,3,"(511.0, 69.0)"
1770222218.325,799,3,"(511.0, 69.0)"
1770222218.336,799,3,"(511.0, 69.0)"
1770222218.346,799,3,"(511.0, 69.0)"
1770222218.357,799,3,"(511.0, 69.0)"
1770222218.369,799,3,"(511.0, 69.0)"
1770222218.38,799,3,"(511.0, 69.0)"
1770222218.391,799,3,"(511.0, 69.0)"
1770222218.403,799,3,"(511.0, 69.0)"
1770222218.413,799,3,"(511.0, 69.0)"
1770222218.423,799,3,"(511.0, 69.0)"
1770222218.434,799,3,"(511.0, 69.0)"
1770222218.445,799,3,"(511.0, 69.0)"
1770222218.456,799,3,"(511.0, 69.0)"
1770222218.466,799,3,"(511.0, 69.0)"
1770222218.476,799,3,"(511.0, 69.0)"
1770222218.487,799,3,"(511.0, 69.0)"
1770222218.498,799,3,"(511.0, 69.0)"
1770222218.508,799,3,"(511.0, 69.0)"
1770222218.518,799,3,"(511.0, 69.0)"
1770222218.529,799,3,"(511.0, 69.0)"
1770222218.539,799,3,"(511.0, 69.0)"
1770222218.549,799,3,"(511.0, 69.0)"
1770222218.56,799,3,"(511.0, 69.0)"
1770222218.57,799,3,"(511.0, 52.0)"
1770222218.581,799,3,"(511.0, 52.0)"
1770222218.591,799,3,"(511.0, 34.0)"
1770222218.603,799,3,"(511.0, 34.0)"
1770222218.613,799,3,"(511.0, 34.0)"
1770222218.623,799,3,"(511.0, 34.0)"
1770222218.634,799,3,"(511.0, 34.0)"
1770222218.644,799,3,"(511.0, 34.0)"
1770222218.655,799,3,"(511.0, 52.0)"
1770222218.665,799,3,"(511.0, 52.0)"
1770222218.676,799,3,"(511.0, 69.0)"
1770222218.687,799,3,"(511.0, 69.0)"
1770222218.698,799,3,"(511.0, 69.0)"
1770222218.708,799,3,"(511.0, 69.0)"
1770222218.72,799,3,"(511.0, 52.0)"
1770222218.731,799,3,"(511.0, 52.0)"
1770222218.742,799,3,"(511.0, 34.0)"
1770222218.753,799,3,"(511.0, 34.0)"
1770222218.764,799,3,"(511.0, 34.0)"
1770222218.775,799,3,"(511.0, 34.0)"
1770222218.788,799,3,"(511.0, 34.0)"
1770222218.798,799,3,"(511.0, 34.0)"
1770222218.809,799,3,"(511.0, 34.0)"
1770222218.82,799,3,"(511.0, 52.0)"
1770222218.831,799,3,"(511.0, 52.0)"
1770222218.841,799,3,"(511.0, 52.0)"
1770222218.853,799,3,"(511.0, 69.0)"
1770222218.864,799,3,"(511.0, 69.0)"
1770222218.874,799,3,"(511.0, 69.0)"
1770222218.884,799,3,"(511.0, 69.0)"
1770222218.895,799,3,"(511.0, 69.0)"
1770222218.906,799,3,"(511.0, 52.0)"
1770222218.916,799,3,"(511.0, 52.0)"
1770222218.927,799,3,"(511.0, 52.0)"
1770222218.937,799,3,"(511.0, 52.0)"
1770222218.947,799,3,"(511.0, 52.0)"
1770222218.957,799,3,"(511.0, 52.0)"
1770222218.97,799,3,"(511.0, 69.0)"
1770222218.981,799,3,"(511.0, 69.0)"
1770222218.992,799,3,"(511.0, 69.0)"
1770222219.003,799,3,"(511.0, 69.0)"
1770222219.013,799,3,"(511.0, 69.0)"
1770222219.024,799,3,"(511.0, 69.0)"
1770222219.035,799,3,"(511.0, 69.0)"
1770222219.045,799,3,"(511.0, 69.0)"
1770222219.055,799,3,"(511.0, 69.0)"
1770222219.065,799,3,"(511.0, 69.0)"
1770222219.076,799,3,"(511.0, 69.0)"
1770222219.086,799,3,"(511.0, 52.0)"
1770222219.097,799,3,"(511.0, 52.0)"
1770222219.107,799,3,"(511.0, 34.0)"
1770222219.12,799,3,"(511.0, 34.0)"
1770222219.132,799,3,"(511.0, 34.0)"
1770222219.142,799,3,"(511.0, 34.0)"
1770222219.154,799,3,"(511.0, 34.0)"
1770222219.165,799,3,"(511.0, 34.0)"
1770222219.176,799,3,"(511.0, 34.0)"
1770222219.186,799,3,"(511.0, 34.0)"
1770222219.197,799,3,"(511.0, 34.0)"
1770222219.207,799,3,"(511.0, 34.0)"
1770222219.219,799,3,"(511.0, 34.0)"
1770222219.23,799,3,"(511.0, 34.0)"
1770222219.24,799,3,"(511.0, 34.0)"
1770222219.252,799,3,"(511.0, 34.0)"
1770222219.263,799,3,"(511.0, 34.0)"
1770222219.274,799,3,"(511.0, 34.0)"
1770222219.287,799,3,"(511.0, 34.0)"
1770222219.299,799,3,"(511.0, 34.0)"
1770222219.309,799,3,"(511.0, 34.0)"
1770222219.32,799,3,"(511.0, 34.0)"
1770222219.33,799,3,"(511.0, 34.0)"
1770222219.341,799,3,"(511.0, 34.0)"
1770222219.351,799,3,"(511.0, 34.0)"
1770222219.362,799,3,"(511.0, 34.0)"
1770222219.372,799,3,"(511.0, 34.0)"
1770222219.383,799,3,"(511.0, 34.0)"
1770222219.393,799,3,"(511.0, 34.0)"
1770222219.404,799,3,"(511.0, 34.0)"
1770222219.414,799,3,"(511.0, 52.0)"
1770222219.425,799,3,"(511.0, 52.0)"
1770222219.436,799,3,"(511.0, 52.0)"
1770222219.447,799,3,"(511.0, 52.0)"
1770222219.458,799,3,"(511.0, 52.0)"
1770222219.471,799,3,"(511.0, 69.0)"
1770222219.481,799,3,"(511.0, 69.0)"
1770222219.492,799,3,"(511.0, 69.0)"
1770222219.503,799,3,"(511.0, 69.0)"
1770222219.513,799,3,"(511.0, 69.0)"
1770222219.524,799,3,"(511.0, 69.0)"
1770222219.534,799,3,"(511.0, 69.0)"
1770222219.545,799,3,"(511.0, 69.0)"
1770222219.556,799,3,"(511.0, 69.0)"
1770222219.566,799,3,"(511.0, 69.0)"
1770222219.577,799,3,"(511.0, 69.0)"
1770222219.588,799,3,"(511.0, 69.0)"
1770222219.599,799,3,"(511.0, 69.0)"
1770222219.61,799,3,"(511.0, 69.0)"
1770222219.621,799,3,"(511.0, 69.0)"
1770222219.632,799,3,"(511.0, 69.0)"
1770222219.642,799,3,"(511.0, 69.0)"
1770222219.652,799,3,"(511.0, 69.0)"
1770222219.663,799,3,"(511.0, 69.0)"
1770222219.673,799,3,"(511.0, 69.0)"
1770222219.683,799,3,"(511.0, 52.0)"
1770222219.694,799,3,"(511.0, 52.0)"
1770222219.704,799,3,"(511.0, 34.0)"
1770222219.714,799,3,"(511.0, 34.0)"
1770222219.725,799,3,"(511.0, 34.0)"
1770222219.735,799,3,"(511.0, 34.0)"
1770222219.746,799,3,"(511.0, 34.0)"
1770222219.756,799,3,"(511.0, 34.0)"
1770222219.767,799,3,"(511.0, 34.0)"
1770222219.777,799,3,"(511.0, 34.0)"
1770222219.789,799,3,"(511.0, 34.0)"
1770222219.799,799,3,"(511.0, 34.0)"
1770222219.81,799,3,"(511.0, 34.0)"
1770222219.823,799,3,"(511.0, 34.0)"
1770222219.833,799,3,"(511.0, 34.0)"
1770222219.844,799,3,"(511.0, 34.0)"
1770222219.854,799,3,"(511.0, 34.0)"
1770222219.865,799,3,"(511.0, 34.0)"
1770222219.875,799,3,"(511.0, 34.0)"
1770222219.886,799,3,"(511.0, 34.0)"
1770222219.896,799,3,"(511.0, 34.0)"
1770222219.906,799,3,"(511.0, 34.0)"
1770222219.917,799,3,"(511.0, 34.0)"
1770222219.928,799,3,"(511.0, 34.0)"
1770222219.939,799,3,"(511.0, 34.0)"
1770222219.949,799,3,"(511.0, 34.0)"
1770222219.959,799,3,"(511.0, 34.0)"
1770222219.97,799,3,"(511.0, 34.0)"
1770222219.981,799,3,"(511.0, 34.0)"
1770222219.991,799,3,"(511.0, 34.0)"
1770222220.002,799,3,"(511.0, 34.0)"
1770222220.012,799,3,"(511.0, 34.0)"
1770222220.023,799,3,"(511.0, 34.0)"
1770222220.034,799,3,"(511.0, 34.0)"
1770222220.044,799,3,"(511.0, 34.0)"
1770222220.055,799,3,"(511.0, 34.0)"
1770222220.065,799,3,"(511.0, 34.0)"
1770222220.075,799,3,"(511.0, 34.0)"
1770222220.088,799,3,"(511.0, 34.0)"
1770222220.099,799,3,"(511.0, 34.0)"
1770222220.11,799,3,"(511.0, 34.0)"
1770222220.121,799,3,"(511.0, 34.0)"
1770222220.131,799,3,"(511.0, 34.0)"
1770222220.142,799,3,"(511.0, 34.0)"
1770222220.152,799,3,"(511.0, 34.0)"
1770222220.163,799,3,"(511.0, 34.0)"
1770222220.174,799,3,"(511.0, 34.0)"
1770222220.184,799,3,"(511.0, 34.0)"
1770222220.195,799,3,"(511.0, 34.0)"
1770222220.206,799,3,"(511.0, 34.0)"
1770222220.216,799,3,"(511.0, 34.0)"
1770222220.226,799,3,"(511.0, 34.0)"
1770222220.238,799,3,"(511.0, 34.0)"
1770222220.249,799,3,"(511.0, 34.0)"
1770222220.26,799,3,"(511.0, 34.0)"
1770222220.272,799,3,"(511.0, 34.0)"
1770222220.282,799,3,"(511.0, 34.0)"
1770222220.293,799,3,"(511.0, 34.0)"
1770222220.303,799,3,"(511.0, 34.0)"
1770222220.313,799,3,"(511.0, 34.0)"
1770222220.324,799,3,"(511.0, 34.0)"
1770222220.334,799,3,"(511.0, 34.0)"
1770222220.345,799,3,"(511.0, 34.0)"
1770222220.355,799,3,"(511.0, 34.0)"
1770222220.365,799,3,"(511.0, 34.0)"
1770222220.375,799,3,"(511.0, 52.0)"
1770222220.386,799,3,"(511.0, 52.0)"
1770222220.397,799,3,"(511.0, 69.0)"
1770222220.407,799,3,"(511.0, 69.0)"
1770222220.417,799,3,"(511.0, 69.0)"
1770222220.428,799,3,"(511.0, 69.0)"
1770222220.44,799,3,"(511.0, 69.0)"
1770222220.451,799,3,"(511.0, 69.0)"
1770222220.461,799,3,"(511.0, 69.0)"
1770222220.472,799,3,"(511.0, 69.0)"
1770222220.482,799,3,"(511.0, 69.0)"
1770222220.492,799,3,"(511.0, 69.0)"
1770222220.503,799,3,"(511.0, 69.0)"
1770222220.514,799,3,"(511.0, 69.0)"
1770222220.524,799,3,"(511.0, 69.0)"
1770222220.536,799,3,"(511.0, 69.0)"
1770222220.546,799,3,"(511.0, 69.0)"
1770222220.556,799,3,"(511.0, 69.0)"
1770222220.567,799,3,"(511.0, 69.0)"
1770222220.578,799,3,"(511.0, 69.0)"
1770222220.59,799,3,"(511.0, 69.0)"
1770222220.601,799,3,"(511.0, 69.0)"
1770222224.647,799,4,"(511.0, 0.0)"
1770222224.658,799,4,"(511.0, 0.0)"
1770222224.668,799,4,"(511.0, 0.0)"
1770222224.678,799,4,"(511.0, 0.0)"
1770222224.688,799,4,"(511.0, 0.0)"
1770222224.699,799,4,"(511.0, 0.0)"
1770222224.711,799,4,"(511.0, 0.0)"
1770222224.722,799,4,"(511.0, 0.0)"
1770222224.732,799,4,"(511.0, 0.0)"
1770222224.744,799,4,"(511.0, 0.0)"
1770222224.755,799,4,"(511.0, 0.0)"
1770222224.765,799,4,"(511.0, 17.0)"
1770222224.777,799,4,"(511.0, 34.0)"
1770222224.789,799,4,"(511.0, 34.0)"
1770222224.8,799,4,"(511.0, 34.0)"
1770222224.811,799,4,"(511.0, 52.0)"
1770222224.822,799,4,"(511.0, 52.0)"
1770222224.833,799,4,"(511.0, 69.0)"
1770222224.843,799,4,"(511.0, 69.0)"
1770222224.854,799,4,"(511.0, 69.0)"
1770222224.864,799,4,"(511.0, 86.0)"
1770222224.875,799,4,"(511.0, 86.0)"
1770222224.885,799,4,"(511.0, 104.0)"
1770222224.896,799,4,"(511.0, 104.0)"
1770222224.906,799,4,"(511.0, 121.0)"
1770222224.916,799,4,"(511.0, 138.0)"
1770222224.927,799,4,"(511.0, 138.0)"
1770222224.938,799,4,"(409.0, 138.0)"
1770222224.948,799,4,"(511.0, 138.0)"
1770222224.958,799,4,"(511.0, 173.0)"
1770222224.969,799,4,"(511.0, 173.0)"
1770222224.979,799,4,"(613.0, 190.0)"
1770222224.989,799,4,"(409.0, 208.0)"
1770222225.0,799,4,"(511.0, 225.0)"
1770222225.01,799,4,"(511.0, 225.0)"
1770222225.021,799,4,"(409.0, 242.0)"
1770222225.031,799,4,"(511.0, 242.0)"
1770222225.042,799,4,"(613.0, 242.0)"
1770222225.054,799,4,"(511.0, 242.0)"
1770222225.064,799,4,"(511.0, 242.0)"
1770222225.075,799,4,"(511.0, 260.0)"
1770222225.085,799,4,"(511.0, 277.0)"
1770222225.096,799,4,"(511.0, 277.0)"
1770222225.106,799,4,"(511.0, 260.0)"
1770222225.117,799,4,"(511.0, 260.0)"
1770222225.128,799,4,"(511.0, 242.0)"
1770222225.138,799,4,"(511.0, 242.0)"
1770222225.149,799,4,"(511.0, 242.0)"
1770222225.159,799,4,"(511.0, 242.0)"
1770222225.17,799,4,"(511.0, 242.0)"
1770222225.182,799,4,"(511.0, 242.0)"
1770222225.192,799,4,"(511.0, 260.0)"
1770222225.203,799,4,"(511.0, 260.0)"
1770222225.213,799,4,"(511.0, 294.0)"
1770222225.224,799,4,"(409.0, 294.0)"
1770222225.235,799,4,"(511.0, 312.0)"
1770222225.245,799,4,"(613.0, 312.0)"
1770222225.256,799,4,"(511.0, 312.0)"
1770222225.267,799,4,"(511.0, 312.0)"
1770222225.277,799,4,"(409.0, 312.0)"
1770222225.289,799,4,"(511.0, 312.0)"
1770222225.3,799,4,"(511.0, 329.0)"
1770222225.311,799,4,"(511.0, 329.0)"
1770222225.323,799,4,"(409.0, 329.0)"
1770222225.334,799,4,"(511.0, 312.0)"
1770222225.344,799,4,"(511.0, 312.0)"
1770222225.355,799,4,"(613.0, 312.0)"
1770222225.365,799,4,"(613.0, 312.0)"
1770222225.376,799,4,"(511.0, 346.0)"
1770222225.386,799,4,"(409.0, 364.0)"
1770222225.397,799,4,"(511.0, 398.0)"
1770222225.407,799,4,"(306.0, 416.0)"
1770222225.417,799,4,"(511.0, 416.0)"
1770222225.428,799,4,"(613.0, 416.0)"
1770222225.44,799,4,"(511.0, 416.0)"
1770222225.45,799,4,"(511.0, 398.0)"
1770222225.461,799,4,"(409.0, 381.0)"
1770222225.474,799,4,"(511.0, 364.0)"
1770222225.484,799,4,"(511.0, 346.0)"
1770222225.495,799,4,"(511.0, 346.0)"
1770222225.505,799,4,"(409.0, 346.0)"
1770222225.517,799,4,"(511.0, 346.0)"
1770222225.527,799,4,"(511.0, 346.0)"
1770222225.537,799,4,"(409.0, 346.0)"
1770222225.547,799,4,"(511.0, 346.0)"
1770222225.558,799,4,"(511.0, 346.0)"
1770222225.569,799,4,"(511.0, 346.0)"
1770222225.579,799,4,"(511.0, 346.0)"
1770222225.59,799,4,"(409.0, 346.0)"
1770222225.6,799,4,"(511.0, 346.0)"
1770222225.611,799,4,"(511.0, 346.0)"
1770222225.622,799,4,"(511.0, 364.0)"
1770222225.633,799,4,"(511.0, 364.0)"
1770222225.643,799,4,"(409.0, 346.0)"
1770222225.654,799,4,"(409.0, 346.0)"
1770222225.664,799,4,"(511.0, 346.0)"
1770222225.674,799,4,"(511.0, 364.0)"
1770222225.685,799,4,"(613.0, 364.0)"
1770222225.695,799,4,"(511.0, 381.0)"
1770222225.706,799,4,"(511.0, 381.0)"
1770222225.717,799,4,"(716.0, 381.0)"
1770222225.727,799,4,"(409.0, 381.0)"
1770222225.739,799,4,"(409.0, 398.0)"
1770222225.751,799,4,"(306.0, 416.0)"
1770222225.761,799,4,"(204.0, 433.0)"
1770222225.771,799,4,"(511.0, 468.0)"
1770222225.782,799,4,"(511.0, 485.0)"
1770222225.793,799,4,"(511.0, 502.0)"
1770222225.803,799,4,"(511.0, 520.0)"
1770222225.814,799,4,"(613.0, 520.0)"
1770222225.825,799,4,"(306.0, 537.0)"
1770222225.836,799,4,"(511.0, 554.0)"
1770222225.846,799,4,"(511.0, 572.0)"
1770222225.857,799,4,"(409.0, 572.0)"
1770222225.867,799,4,"(409.0, 554.0)"
1770222225.877,799,4,"(511.0, 554.0)"
1770222225.887,799,4,"(613.0, 554.0)"
1770222225.897,799,4,"(613.0, 572.0)"
1770222225.908,799,4,"(511.0, 572.0)"
1770222225.919,799,4,"(511.0, 589.0)"
1770222225.93,799,4,"(511.0, 589.0)"
1770222225.941,799,4,"(511.0, 589.0)"
1770222225.951,799,4,"(511.0, 589.0)"
1770222225.961,799,4,"(511.0, 589.0)"
1770222225.972,799,4,"(511.0, 589.0)"
1770222225.983,799,4,"(511.0, 572.0)"
1770222225.994,799,4,"(511.0, 554.0)"
1770222226.005,799,4,"(511.0, 520.0)"
1770222226.015,799,4,"(511.0, 485.0)"
1770222226.025,799,4,"(511.0, 450.0)"
1770222226.036,799,4,"(511.0, 433.0)"
1770222226.047,799,4,"(511.0, 416.0)"
1770222226.058,799,4,"(511.0, 398.0)"
1770222226.069,799,4,"(511.0, 381.0)"
1770222226.079,799,4,"(511.0, 364.0)"
1770222226.09,799,4,"(511.0, 346.0)"
1770222226.101,799,4,"(511.0, 346.0)"
1770222226.112,799,4,"(409.0, 329.0)"
1770222226.122,799,4,"(511.0, 329.0)"
1770222226.132,799,4,"(511.0, 312.0)"
1770222226.143,799,4,"(511.0, 294.0)"
1770222226.153,799,4,"(511.0, 260.0)"
1770222226.163,799,4,"(511.0, 242.0)"
1770222226.176,799,4,"(511.0, 208.0)"
1770222226.186,799,4,"(511.0, 190.0)"
1770222226.197,799,4,"(511.0, 190.0)"
1770222226.21,799,4,"(511.0, 173.0)"
1770222226.221,799,4,"(511.0, 173.0)"
1770222226.231,799,4,"(511.0, 173.0)"
1770222226.241,799,4,"(511.0, 173.0)"
1770222226.252,799,4,"(511.0, 173.0)"
1770222226.262,799,4,"(613.0, 173.0)"
1770222226.273,799,4,"(511.0, 190.0)"
1770222226.284,799,4,"(511.0, 190.0)"
1770222226.294,799,4,"(511.0, 208.0)"
1770222226.306,799,4,"(511.0, 208.0)"
1770222226.316,799,4,"(511.0, 225.0)"
1770222226.326,799,4,"(511.0, 225.0)"
1770222226.339,799,4,"(511.0, 225.0)"
1770222226.349,799,4,"(511.0, 225.0)"
1770222226.359,799,4,"(511.0, 225.0)"
1770222226.373,799,4,"(511.0, 225.0)"
1770222226.383,799,4,"(511.0, 242.0)"
1770222226.394,799,4,"(511.0, 242.0)"
1770222226.404,799,4,"(511.0, 242.0)"
1770222226.415,799,4,"(511.0, 242.0)"
1770222226.426,799,4,"(409.0, 242.0)"
1770222226.436,799,4,"(511.0, 242.0)"
1770222226.447,799,4,"(511.0, 260.0)"
1770222226.458,799,4,"(511.0, 260.0)"
1770222226.468,799,4,"(511.0, 242.0)"
1770222226.48,799,4,"(511.0, 242.0)"
1770222226.49,799,4,"(511.0, 242.0)"
1770222226.5,799,4,"(511.0, 242.0)"
1770222226.511,799,4,"(511.0, 242.0)"
1770222226.521,799,4,"(511.0, 225.0)"
1770222226.531,799,4,"(511.0, 225.0)"
1770222226.542,799,4,"(511.0, 208.0)"
1770222226.553,799,4,"(511.0, 190.0)"
1770222226.563,799,4,"(511.0, 190.0)"
1770222226.574,799,4,"(511.0, 173.0)"
1770222226.584,799,4,"(511.0, 173.0)"
1770222226.595,799,4,"(511.0, 173.0)"
1770222226.607,799,4,"(511.0, 173.0)"
1770222226.617,799,4,"(409.0, 173.0)"
1770222226.628,799,4,"(511.0, 173.0)"
1770222226.638,799,4,"(511.0, 173.0)"
1770222226.649,799,4,"(511.0, 173.0)"
1770222226.659,799,4,"(511.0, 173.0)"
1770222226.671,799,4,"(511.0, 173.0)"
1770222226.682,799,4,"(511.0, 156.0)"
1770222226.692,799,4,"(511.0, 156.0)"
1770222226.704,799,4,"(511.0, 156.0)"
1770222226.714,799,4,"(511.0, 156.0)"
1770222226.725,799,4,"(409.0, 156.0)"
1770222226.738,799,4,"(511.0, 156.0)"
1770222226.748,799,4,"(511.0, 156.0)"
1770222226.759,799,4,"(511.0, 156.0)"
1770222226.772,799,4,"(511.0, 138.0)"
1770222226.782,799,4,"(511.0, 156.0)"
1770222226.792,799,4,"(511.0, 156.0)"
1770222226.803,799,4,"(511.0, 173.0)"
1770222226.814,799,4,"(511.0, 190.0)"
1770222226.824,799,4,"(409.0, 190.0)"
1770222226.834,799,4,"(409.0, 208.0)"
1770222226.844,799,4,"(511.0, 208.0)"
1770222226.855,799,4,"(511.0, 208.0)"
1770222226.865,799,4,"(511.0, 208.0)"
1770222226.875,799,4,"(511.0, 208.0)"
1770222226.886,799,4,"(511.0, 208.0)"
1770222226.897,799,4,"(511.0, 208.0)"
1770222226.907,799,4,"(511.0, 208.0)"
1770222226.919,799,4,"(511.0, 208.0)"
1770222226.93,799,4,"(511.0, 225.0)"
1770222226.941,799,4,"(511.0, 225.0)"
1770222226.953,799,4,"(511.0, 225.0)"
1770222226.963,799,4,"(511.0, 208.0)"
1770222226.974,799,4,"(511.0, 208.0)"
1770222226.985,799,4,"(511.0, 208.0)"
1770222226.996,799,4,"(511.0, 225.0)"
1770222227.007,799,4,"(613.0, 225.0)"
1770222227.019,799,4,"(511.0, 242.0)"
1770222227.029,799,4,"(511.0, 242.0)"
1770222227.041,799,4,"(511.0, 242.0)"
1770222227.051,799,4,"(511.0, 242.0)"
1770222227.061,799,4,"(511.0, 242.0)"
1770222227.072,799,4,"(511.0, 242.0)"
1770222227.083,799,4,"(511.0, 242.0)"
1770222227.094,799,4,"(511.0, 242.0)"
1770222227.105,799,4,"(511.0, 242.0)"
1770222227.117,799,4,"(511.0, 242.0)"
1770222227.128,799,4,"(511.0, 242.0)"
1770222227.138,799,4,"(511.0, 260.0)"
1770222227.149,799,4,"(511.0, 260.0)"
1770222227.16,799,4,"(511.0, 277.0)"
1770222227.17,799,4,"(511.0, 277.0)"
1770222227.181,799,4,"(511.0, 277.0)"
1770222227.192,799,4,"(511.0, 277.0)"
1770222227.202,799,4,"(511.0, 277.0)"
1770222227.212,799,4,"(511.0, 277.0)"
1770222227.223,799,4,"(511.0, 277.0)"
1770222227.233,799,4,"(511.0, 277.0)"
1770222227.244,799,4,"(511.0, 260.0)"
1770222227.254,799,4,"(511.0, 260.0)"
1770222227.265,799,4,"(511.0, 242.0)"
1770222227.275,799,4,"(511.0, 242.0)"
1770222227.286,799,4,"(511.0, 242.0)"
1770222227.296,799,4,"(511.0, 242.0)"
1770222227.306,799,4,"(613.0, 242.0)"
1770222227.32,799,4,"(511.0, 242.0)"
1770222227.33,799,4,"(511.0, 242.0)"
1770222227.341,799,4,"(409.0, 260.0)"
1770222227.352,799,4,"(511.0, 260.0)"
1770222227.362,799,4,"(511.0, 277.0)"
1770222227.373,799,4,"(409.0, 277.0)"
1770222227.383,799,4,"(409.0, 277.0)"
1770222227.394,799,4,"(511.0, 260.0)"
1770222227.405,799,4,"(511.0, 260.0)"
1770222227.415,799,4,"(511.0, 242.0)"
1770222227.425,799,4,"(613.0, 242.0)"
1770222227.436,799,4,"(511.0, 242.0)"
1770222227.446,799,4,"(511.0, 242.0)"
1770222227.456,799,4,"(511.0, 242.0)"
1770222227.467,799,4,"(511.0, 242.0)"
1770222227.479,799,4,"(511.0, 242.0)"
1770222227.49,799,4,"(511.0, 242.0)"
1770222227.501,799,4,"(511.0, 242.0)"
1770222227.512,799,4,"(511.0, 242.0)"
1770222227.523,799,4,"(511.0, 242.0)"
1770222227.533,799,4,"(511.0, 260.0)"
1770222227.544,799,4,"(511.0, 260.0)"
1770222227.554,799,4,"(511.0, 242.0)"
1770222227.564,799,4,"(409.0, 242.0)"
1770222227.575,799,4,"(613.0, 242.0)"
1770222227.585,799,4,"(511.0, 242.0)"
1770222227.596,799,4,"(511.0, 242.0)"
1770222227.607,799,4,"(511.0, 242.0)"
1770222227.618,799,4,"(613.0, 242.0)"
1770222227.629,799,4,"(511.0, 242.0)"
1770222227.64,799,4,"(511.0, 242.0)"
1770222227.65,799,4,"(511.0, 242.0)"
1770222239.072,799,1,"(511.0, 0.0)"
1770222239.082,799,1,"(511.0, 0.0)"
1770222239.093,799,1,"(511.0, 0.0)"
1770222239.103,799,1,"(511.0, 0.0)"
1770222239.114,799,1,"(511.0, 0.0)"
1770222239.124,799,1,"(511.0, 0.0)"
1770222239.135,799,1,"(511.0, 0.0)"
1770222239.145,799,1,"(511.0, 0.0)"
1770222239.156,799,1,"(511.0, 0.0)"
1770222239.167,799,1,"(511.0, 0.0)"
1770222239.177,799,1,"(511.0, 0.0)"
1770222239.187,799,1,"(511.0, 0.0)"
1770222239.198,799,1,"(511.0, 0.0)"
1770222239.208,799,1,"(511.0, 0.0)"
1770222239.219,799,1,"(511.0, 0.0)"
1770222239.23,799,1,"(511.0, 0.0)"
1770222239.241,799,1,"(511.0, 0.0)"
1770222239.253,799,1,"(511.0, 0.0)"
1770222239.264,799,1,"(511.0, 0.0)"
1770222239.275,799,1,"(511.0, 0.0)"
1770222239.287,799,1,"(511.0, 0.0)"
1770222239.297,799,1,"(511.0, 0.0)"
1770222239.308,799,1,"(511.0, 0.0)"
1770222239.321,799,1,"(511.0, 0.0)"
1770222239.331,799,1,"(511.0, 0.0)"
1770222239.342,799,1,"(511.0, 0.0)"
1770222239.354,799,1,"(511.0, 0.0)"
1770222239.365,799,1,"(511.0, 0.0)"
1770222239.375,799,1,"(511.0, 0.0)"
1770222239.386,799,1,"(511.0, 0.0)"
1770222239.397,799,1,"(511.0, 0.0)"
1770222239.408,799,1,"(511.0, 0.0)"
1770222239.42,799,1,"(511.0, 0.0)"
1770222239.431,799,1,"(511.0, 0.0)"
1770222239.442,799,1,"(511.0, 0.0)"
1770222239.453,799,1,"(511.0, 0.0)"
1770222239.464,799,1,"(511.0, 0.0)"
1770222239.474,799,1,"(511.0, 0.0)"
1770222239.485,799,1,"(511.0, 0.0)"
1770222239.495,799,1,"(511.0, 0.0)"
1770222239.506,799,1,"(511.0, 0.0)"
1770222239.516,799,1,"(511.0, 0.0)"
1770222239.527,799,1,"(511.0, 0.0)"
1770222239.537,799,1,"(511.0, 0.0)"
1770222239.548,799,1,"(511.0, 0.0)"
1770222239.558,799,1,"(511.0, 0.0)"
1770222239.57,799,1,"(511.0, 0.0)"
1770222239.581,799,1,"(511.0, 0.0)"
1770222239.592,799,1,"(511.0, 0.0)"
1770222239.602,799,1,"(511.0, 0.0)"
1770222239.613,799,1,"(511.0, 0.0)"
1770222239.623,799,1,"(511.0, 0.0)"
1770222239.633,799,1,"(511.0, 0.0)"
1770222239.644,799,1,"(511.0, 0.0)"
1770222239.654,799,1,"(511.0, 0.0)"
1770222239.665,799,1,"(511.0, 0.0)"
1770222239.675,799,1,"(511.0, 0.0)"
1770222239.686,799,1,"(511.0, 0.0)"
1770222239.697,799,1,"(511.0, 0.0)"
1770222239.707,799,1,"(511.0, 0.0)"
1770222239.721,799,1,"(511.0, 0.0)"
1770222239.731,799,1,"(511.0, 0.0)"
1770222239.741,799,1,"(511.0, 0.0)"
1770222239.754,799,1,"(511.0, 0.0)"
1770222239.764,799,1,"(511.0, 0.0)"
1770222239.775,799,1,"(511.0, 0.0)"
1770222239.786,799,1,"(511.0, 0.0)"
1770222239.796,799,1,"(511.0, 0.0)"
1770222239.807,799,1,"(511.0, 0.0)"
1770222239.818,799,1,"(511.0, 0.0)"
1770222239.829,799,1,"(511.0, 0.0)"
1770222239.839,799,1,"(511.0, 0.0)"
1770222239.852,799,1,"(511.0, 0.0)"
1770222239.863,799,1,"(511.0, 17.0)"
1770222239.873,799,1,"(511.0, 17.0)"
1770222239.884,799,1,"(511.0, 34.0)"
1770222239.894,799,1,"(511.0, 34.0)"
1770222239.905,799,1,"(511.0, 34.0)"
1770222239.915,799,1,"(511.0, 34.0)"
1770222239.926,799,1,"(511.0, 17.0)"
1770222239.936,799,1,"(511.0, 17.0)"
1770222239.947,799,1,"(511.0, 17.0)"
1770222239.957,799,1,"(511.0, 17.0)"
1770222239.967,799,1,"(511.0, 17.0)"
1770222239.979,799,1,"(511.0, 34.0)"
1770222239.989,799,1,"(511.0, 34.0)"
1770222240.001,799,1,"(511.0, 34.0)"
1770222240.012,799,1,"(511.0, 34.0)"
1770222240.022,799,1,"(511.0, 34.0)"
1770222240.033,799,1,"(511.0, 17.0)"
1770222240.044,799,1,"(511.0, 17.0)"
1770222240.054,799,1,"(511.0, 0.0)"
1770222240.065,799,1,"(511.0, 0.0)"
1770222240.076,799,1,"(511.0, 0.0)"
1770222240.087,799,1,"(511.0, 0.0)"
1770222240.097,799,1,"(511.0, 0.0)"
1770222240.108,799,1,"(511.0, 0.0)"
1770222240.118,799,1,"(511.0, 0.0)"
1770222240.129,799,1,"(511.0, 0.0)"
1770222240.139,799,1,"(511.0, 0.0)"
1770222240.15,799,1,"(511.0, 0.0)"
1770222240.161,799,1,"(511.0, 0.0)"
1770222240.172,799,1,"(511.0, 17.0)"
1770222240.183,799,1,"(511.0, 17.0)"
1770222240.194,799,1,"(511.0, 34.0)"
1770222240.204,799,1,"(511.0, 34.0)"
1770222240.215,799,1,"(511.0, 34.0)"
1770222240.226,799,1,"(511.0, 34.0)"
1770222240.237,799,1,"(511.0, 34.0)"
1770222240.247,799,1,"(511.0, 34.0)"
1770222240.258,799,1,"(511.0, 17.0)"
1770222240.269,799,1,"(511.0, 17.0)"
1770222240.279,799,1,"(511.0, 0.0)"
1770222240.29,799,1,"(511.0, 0.0)"
1770222240.302,799,1,"(511.0, 0.0)"
1770222240.312,799,1,"(511.0, 0.0)"
1770222240.322,799,1,"(511.0, 0.0)"
1770222240.335,799,1,"(511.0, 0.0)"
1770222240.345,799,1,"(511.0, 0.0)"
1770222240.356,799,1,"(511.0, 0.0)"
1770222240.367,799,1,"(511.0, 0.0)"
1770222240.377,799,1,"(511.0, 0.0)"
1770222240.388,799,1,"(511.0, 0.0)"
1770222240.398,799,1,"(511.0, 0.0)"
1770222240.409,799,1,"(511.0, 0.0)"
1770222240.42,799,1,"(511.0, 0.0)"
1770222240.43,799,1,"(511.0, 0.0)"
1770222240.44,799,1,"(511.0, 0.0)"
1770222240.451,799,1,"(511.0, 0.0)"
1770222240.462,799,1,"(511.0, 0.0)"
1770222240.472,799,1,"(511.0, 0.0)"
1770222240.483,799,1,"(511.0, 0.0)"
1770222240.494,799,1,"(511.0, 0.0)"
1770222240.504,799,1,"(511.0, 0.0)"
1770222240.515,799,1,"(511.0, 0.0)"
1770222240.525,799,1,"(511.0, 0.0)"
1770222240.535,799,1,"(511.0, 0.0)"
1770222240.547,799,1,"(511.0, 0.0)"
1770222240.557,799,1,"(511.0, 0.0)"
1770222240.567,799,1,"(511.0, 0.0)"
1770222240.577,799,1,"(511.0, 0.0)"
1770222240.589,799,1,"(511.0, 0.0)"
1770222240.599,799,1,"(511.0, 0.0)"
1770222240.609,799,1,"(511.0, 0.0)"
1770222240.619,799,1,"(511.0, 0.0)"
1770222240.63,799,1,"(511.0, 0.0)"
1770222240.641,799,1,"(511.0, 0.0)"
1770222240.652,799,1,"(511.0, 0.0)"
1770222240.662,799,1,"(511.0, 0.0)"
1770222240.673,799,1,"(511.0, 0.0)"
1770222240.684,799,1,"(511.0, 0.0)"
1770222240.694,799,1,"(511.0, 17.0)"
1770222240.704,799,1,"(511.0, 17.0)"
1770222240.715,799,1,"(511.0, 17.0)"
1770222240.726,799,1,"(511.0, 0.0)"
1770222240.737,799,1,"(511.0, 0.0)"
1770222240.747,799,1,"(511.0, 0.0)"
1770222240.757,799,1,"(511.0, 0.0)"
1770222240.767,799,1,"(511.0, 0.0)"
1770222240.777,799,1,"(511.0, 0.0)"
1770222240.787,799,1,"(511.0, 0.0)"
1770222240.798,799,1,"(511.0, 0.0)"
1770222240.808,799,1,"(511.0, 0.0)"
1770222240.819,799,1,"(511.0, 0.0)"
1770222240.832,799,1,"(511.0, 0.0)"
1770222240.842,799,1,"(511.0, 0.0)"
1770222240.852,799,1,"(511.0, 0.0)"
1770222240.864,799,1,"(511.0, 0.0)"
1770222240.875,799,1,"(511.0, 0.0)"
1770222240.886,799,1,"(511.0, 0.0)"
1770222240.897,799,1,"(511.0, 0.0)"
1770222240.907,799,1,"(511.0, 0.0)"
1770222240.918,799,1,"(511.0, 0.0)"
1770222240.929,799,1,"(511.0, 0.0)"
1770222240.939,799,1,"(511.0, 0.0)"
1770222240.95,799,1,"(511.0, 0.0)"
1770222240.962,799,1,"(511.0, 17.0)"
1770222240.972,799,1,"(511.0, 17.0)"
1770222240.983,799,1,"(511.0, 34.0)"
1770222240.993,799,1,"(511.0, 34.0)"
1770222241.004,799,1,"(511.0, 34.0)"
1770222241.014,799,1,"(511.0, 34.0)"
1770222241.025,799,1,"(511.0, 34.0)"
1770222241.036,799,1,"(511.0, 34.0)"
1770222241.046,799,1,"(511.0, 34.0)"
1770222241.056,799,1,"(511.0, 34.0)"
1770222241.067,799,1,"(511.0, 34.0)"
1770222241.078,799,1,"(511.0, 34.0)"
1770222241.089,799,1,"(511.0, 34.0)"
1770222241.099,799,1,"(511.0, 34.0)"
1770222241.11,799,1,"(511.0, 34.0)"
1770222241.121,799,1,"(511.0, 34.0)"
1770222241.131,799,1,"(511.0, 34.0)"
1770222241.142,799,1,"(511.0, 17.0)"
1770222241.152,799,1,"(511.0, 17.0)"
1770222241.163,799,1,"(511.0, 0.0)"
1770222241.174,799,1,"(511.0, 0.0)"
1770222241.184,799,1,"(511.0, 0.0)"
1770222241.195,799,1,"(511.0, 0.0)"
1770222241.205,799,1,"(511.0, 0.0)"
1770222241.215,799,1,"(511.0, 0.0)"
1770222241.228,799,1,"(511.0, 0.0)"
1770222241.239,799,1,"(511.0, 0.0)"
1770222241.249,799,1,"(511.0, 0.0)"
1770222241.259,799,1,"(511.0, 0.0)"
1770222241.269,799,1,"(511.0, 0.0)"
1770222241.28,799,1,"(511.0, 0.0)"
1770222241.29,799,1,"(511.0, 0.0)"
1770222241.3,799,1,"(511.0, 0.0)"
1770222241.311,799,1,"(511.0, 0.0)"
1770222241.321,799,1,"(511.0, 0.0)"
1770222241.332,799,1,"(511.0, 0.0)"
1770222241.342,799,1,"(511.0, 0.0)"
1770222241.352,799,1,"(511.0, 0.0)"
1770222241.363,799,1,"(511.0, 0.0)"
1770222241.373,799,1,"(511.0, 0.0)"
1770222241.384,799,1,"(511.0, 0.0)"
1770222241.396,799,1,"(511.0, 0.0)"
1770222241.406,799,1,"(511.0, 0.0)"
1770222241.416,799,1,"(511.0, 0.0)"
1770222241.427,799,1,"(511.0, 0.0)"
1770222241.437,799,1,"(511.0, 0.0)"
1770222241.448,799,1,"(511.0, 0.0)"
1770222241.458,799,1,"(511.0, 0.0)"
1770222241.468,799,1,"(511.0, 0.0)"
1770222241.479,799,1,"(511.0, 0.0)"
1770222241.49,799,1,"(511.0, 0.0)"
1770222241.501,799,1,"(511.0, 0.0)"
1770222241.511,799,1,"(511.0, 0.0)"
1770222241.522,799,1,"(511.0, 0.0)"
1770222241.532,799,1,"(511.0, 0.0)"
1770222241.543,799,1,"(511.0, 0.0)"
1770222241.554,799,1,"(511.0, 0.0)"
1770222241.565,799,1,"(511.0, 0.0)"
1770222241.575,799,1,"(511.0, 0.0)"
1770222241.585,799,1,"(511.0, 0.0)"
1770222241.596,799,1,"(511.0, 0.0)"
1770222241.606,799,1,"(511.0, 0.0)"
1770222241.616,799,1,"(511.0, 0.0)"
1770222241.627,799,1,"(511.0, 0.0)"
1770222241.638,799,1,"(511.0, 0.0)"
1770222241.648,799,1,"(511.0, 0.0)"
1770222241.661,799,1,"(511.0, 0.0)"
1770222241.671,799,1,"(511.0, 0.0)"
1770222241.681,799,1,"(511.0, 0.0)"
1770222241.692,799,1,"(511.0, 0.0)"
1770222241.703,799,1,"(511.0, 0.0)"
1770222241.713,799,1,"(511.0, 0.0)"
1770222241.724,799,1,"(511.0, 0.0)"
1770222241.734,799,1,"(511.0, 0.0)"
1770222241.744,799,1,"(511.0, 0.0)"
1770222241.757,799,1,"(511.0, 0.0)"
1770222241.769,799,1,"(511.0, 0.0)"
1770222241.78,799,1,"(511.0, 0.0)"
1770222241.79,799,1,"(511.0, 0.0)"
1770222241.801,799,1,"(511.0, 0.0)"
1770222241.811,799,1,"(511.0, 0.0)"
1770222241.822,799,1,"(511.0, 0.0)"
1770222241.833,799,1,"(511.0, 0.0)"
1770222241.843,799,1,"(511.0, 0.0)"
1770222241.857,799,1,"(511.0, 0.0)"
1770222241.867,799,1,"(511.0, 0.0)"
1770222241.878,799,1,"(511.0, 0.0)"
1770222241.889,799,1,"(511.0, 0.0)"
1770222241.9,799,1,"(511.0, 0.0)"
1770222241.91,799,1,"(511.0, 0.0)"
1770222241.921,799,1,"(511.0, 0.0)"
1770222241.931,799,1,"(511.0, 0.0)"
1770222241.941,799,1,"(511.0, 0.0)"
1770222241.952,799,1,"(511.0, 0.0)"
1770222241.963,799,1,"(511.0, 0.0)"
1770222241.974,799,1,"(511.0, 0.0)"
1770222241.985,799,1,"(511.0, 0.0)"
1770222241.995,799,1,"(511.0, 0.0)"
1770222242.006,799,1,"(511.0, 0.0)"
1770222242.016,799,1,"(511.0, 0.0)"
1770222242.027,799,1,"(511.0, 0.0)"
1770222242.039,799,1,"(511.0, 0.0)"
1770222242.049,799,1,"(511.0, 0.0)"
1770222242.059,799,1,"(511.0, 0.0)"
1770222242.07,799,1,"(511.0, 0.0)"
1770222245.313,799,2,"(465.0, 745.0)"
1770222245.323,799,2,"(465.0, 745.0)"
1770222245.334,799,2,"(465.0, 728.0)"
1770222245.344,799,2,"(465.0, 728.0)"
1770222245.355,799,2,"(372.0, 710.0)"
1770222245.365,799,2,"(465.0, 710.0)"
1770222245.376,799,2,"(279.0, 710.0)"
1770222245.387,799,2,"(279.0, 710.0)"
1770222245.398,799,2,"(372.0, 728.0)"
1770222245.409,799,2,"(372.0, 728.0)"
1770222245.42,799,2,"(372.0, 728.0)"
1770222245.431,799,2,"(372.0, 710.0)"
1770222245.443,799,2,"(651.0, 693.0)"
1770222245.453,799,2,"(465.0, 693.0)"
1770222245.464,799,2,"(465.0, 710.0)"
1770222245.475,799,2,"(465.0, 710.0)"
1770222245.485,799,2,"(465.0, 710.0)"
1770222245.496,799,2,"(465.0, 710.0)"
1770222245.507,799,2,"(465.0, 693.0)"
1770222245.518,799,2,"(372.0, 658.0)"
1770222245.529,799,2,"(372.0, 624.0)"
1770222245.542,799,2,"(372.0, 624.0)"
1770222245.552,799,2,"(465.0, 624.0)"
1770222245.563,799,2,"(558.0, 624.0)"
1770222245.574,799,2,"(372.0, 641.0)"
1770222245.585,799,2,"(465.0, 658.0)"
1770222245.596,799,2,"(372.0, 676.0)"
1770222245.607,799,2,"(465.0, 710.0)"
1770222245.619,799,2,"(279.0, 728.0)"
1770222245.629,799,2,"(186.0, 728.0)"
1770222245.64,799,2,"(186.0, 728.0)"
1770222245.651,799,2,"(372.0, 728.0)"
1770222245.661,799,2,"(558.0, 728.0)"
1770222245.672,799,2,"(372.0, 710.0)"
1770222245.683,799,2,"(465.0, 693.0)"
1770222245.694,799,2,"(465.0, 693.0)"
1770222245.705,799,2,"(465.0, 658.0)"
1770222245.715,799,2,"(558.0, 641.0)"
1770222245.726,799,2,"(372.0, 641.0)"
1770222245.736,799,2,"(465.0, 641.0)"
1770222245.747,799,2,"(465.0, 658.0)"
1770222245.758,799,2,"(279.0, 658.0)"
1770222245.769,799,2,"(465.0, 658.0)"
1770222245.78,799,2,"(465.0, 658.0)"
1770222245.792,799,2,"(372.0, 641.0)"
1770222245.802,799,2,"(465.0, 624.0)"
1770222245.812,799,2,"(465.0, 606.0)"
1770222245.823,799,2,"(465.0, 589.0)"
1770222245.834,799,2,"(465.0, 554.0)"
1770222245.844,799,2,"(465.0, 520.0)"
1770222245.854,799,2,"(558.0, 502.0)"
1770222245.864,799,2,"(372.0, 485.0)"
1770222245.875,799,2,"(465.0, 468.0)"
1770222245.885,799,2,"(465.0, 468.0)"
1770222245.895,799,2,"(465.0, 450.0)"
1770222245.906,799,2,"(558.0, 450.0)"
1770222245.917,799,2,"(372.0, 450.0)"
1770222245.927,799,2,"(465.0, 450.0)"
1770222245.937,799,2,"(465.0, 468.0)"
1770222245.948,799,2,"(465.0, 485.0)"
1770222245.959,799,2,"(465.0, 502.0)"
1770222245.97,799,2,"(744.0, 520.0)"
1770222245.981,799,2,"(651.0, 537.0)"
1770222245.992,799,2,"(372.0, 537.0)"
1770222246.002,799,2,"(465.0, 554.0)"
1770222246.012,799,2,"(744.0, 554.0)"
1770222246.025,799,2,"(372.0, 572.0)"
1770222246.035,799,2,"(558.0, 589.0)"
1770222246.046,799,2,"(465.0, 606.0)"
1770222246.056,799,2,"(651.0, 641.0)"
1770222246.066,799,2,"(372.0, 658.0)"
1770222246.076,799,2,"(279.0, 676.0)"
1770222246.086,799,2,"(465.0, 693.0)"
1770222246.097,799,2,"(651.0, 728.0)"
1770222246.111,799,2,"(372.0, 745.0)"
1770222246.122,799,2,"(651.0, 780.0)"
1770222246.133,799,2,"(465.0, 797.0)"
1770222246.144,799,2,"(279.0, 797.0)"
1770222246.155,799,2,"(744.0, 797.0)"
1770222246.165,799,2,"(651.0, 797.0)"
1770222246.175,799,2,"(465.0, 797.0)"
1770222246.186,799,2,"(465.0, 797.0)"
1770222246.197,799,2,"(465.0, 780.0)"
1770222246.209,799,2,"(372.0, 780.0)"
1770222246.22,799,2,"(372.0, 780.0)"
1770222246.231,799,2,"(651.0, 780.0)"
1770222246.242,799,2,"(465.0, 762.0)"
1770222246.253,799,2,"(372.0, 745.0)"
1770222246.264,799,2,"(465.0, 745.0)"
1770222246.274,799,2,"(558.0, 728.0)"
1770222246.285,799,2,"(465.0, 728.0)"
1770222246.295,799,2,"(465.0, 728.0)"
1770222246.305,799,2,"(558.0, 728.0)"
1770222246.315,799,2,"(558.0, 728.0)"
1770222246.327,799,2,"(465.0, 728.0)"
1770222246.337,799,2,"(465.0, 710.0)"
1770222246.348,799,2,"(465.0, 693.0)"
1770222246.36,799,2,"(465.0, 658.0)"
1770222246.371,799,2,"(558.0, 606.0)"
1770222246.382,799,2,"(465.0, 589.0)"
1770222246.393,799,2,"(465.0, 554.0)"
1770222246.403,799,2,"(465.0, 537.0)"
1770222246.413,799,2,"(465.0, 520.0)"
1770222246.424,799,2,"(465.0, 520.0)"
1770222246.434,799,2,"(465.0, 502.0)"
1770222246.445,799,2,"(465.0, 502.0)"
1770222246.455,799,2,"(558.0, 520.0)"
1770222246.466,799,2,"(279.0, 520.0)"
1770222246.479,799,2,"(465.0, 537.0)"
1770222246.489,799,2,"(651.0, 554.0)"
1770222246.5,799,2,"(465.0, 572.0)"
1770222246.51,799,2,"(558.0, 572.0)"
1770222246.521,799,2,"(465.0, 589.0)"
1770222246.531,799,2,"(465.0, 572.0)"
1770222246.543,799,2,"(465.0, 554.0)"
1770222246.554,799,2,"(465.0, 537.0)"
1770222246.564,799,2,"(465.0, 537.0)"
1770222246.577,799,2,"(465.0, 537.0)"
1770222246.587,799,2,"(372.0, 537.0)"
1770222246.598,799,2,"(279.0, 554.0)"
1770222246.611,799,2,"(372.0, 589.0)"
1770222246.622,799,2,"(372.0, 641.0)"
1770222246.632,799,2,"(279.0, 658.0)"
1770222246.644,799,2,"(279.0, 676.0)"
1770222246.655,799,2,"(372.0, 693.0)"
1770222246.665,799,2,"(279.0, 693.0)"
1770222246.676,799,2,"(279.0, 710.0)"
1770222246.686,799,2,"(558.0, 728.0)"
1770222246.697,799,2,"(465.0, 745.0)"
1770222246.709,799,2,"(465.0, 762.0)"
1770222246.72,799,2,"(372.0, 762.0)"
1770222246.73,799,2,"(465.0, 762.0)"
1770222246.741,799,2,"(372.0, 745.0)"
1770222246.753,799,2,"(558.0, 710.0)"
1770222246.763,799,2,"(372.0, 693.0)"
1770222246.775,799,2,"(372.0, 676.0)"
1770222246.785,799,2,"(372.0, 693.0)"
1770222246.796,799,2,"(372.0, 693.0)"
1770222246.806,799,2,"(465.0, 710.0)"
1770222246.816,799,2,"(558.0, 710.0)"
1770222246.827,799,2,"(465.0, 693.0)"
1770222246.838,799,2,"(465.0, 676.0)"
1770222246.849,799,2,"(279.0, 676.0)"
1770222246.86,799,2,"(465.0, 676.0)"
1770222246.871,799,2,"(372.0, 658.0)"
1770222246.882,799,2,"(465.0, 641.0)"
1770222246.894,799,2,"(372.0, 606.0)"
1770222246.904,799,2,"(465.0, 589.0)"
1770222246.916,799,2,"(465.0, 572.0)"
1770222246.927,799,2,"(558.0, 572.0)"
1770222246.939,799,2,"(465.0, 554.0)"
1770222246.949,799,2,"(372.0, 537.0)"
1770222246.962,799,2,"(465.0, 520.0)"
1770222246.972,799,2,"(279.0, 520.0)"
1770222246.983,799,2,"(372.0, 520.0)"
1770222246.994,799,2,"(279.0, 537.0)"
1770222247.005,799,2,"(186.0, 572.0)"
1770222247.016,799,2,"(279.0, 589.0)"
1770222247.026,799,2,"(465.0, 589.0)"
1770222247.037,799,2,"(279.0, 589.0)"
1770222247.048,799,2,"(465.0, 589.0)"
1770222247.059,799,2,"(465.0, 589.0)"
1770222247.069,799,2,"(465.0, 589.0)"
1770222247.08,799,2,"(372.0, 624.0)"
1770222247.091,799,2,"(279.0, 624.0)"
1770222247.102,799,2,"(279.0, 624.0)"
1770222247.113,799,2,"(465.0, 624.0)"
1770222247.124,799,2,"(651.0, 606.0)"
1770222247.135,799,2,"(465.0, 606.0)"
1770222247.145,799,2,"(465.0, 606.0)"
1770222247.155,799,2,"(465.0, 606.0)"
1770222247.167,799,2,"(651.0, 624.0)"
1770222247.178,799,2,"(465.0, 624.0)"
1770222247.188,799,2,"(558.0, 624.0)"
1770222247.199,799,2,"(465.0, 641.0)"
1770222247.211,799,2,"(465.0, 658.0)"
1770222247.222,799,2,"(372.0, 676.0)"
1770222247.232,799,2,"(465.0, 676.0)"
1770222247.244,799,2,"(558.0, 676.0)"
1770222247.255,799,2,"(651.0, 641.0)"
1770222247.265,799,2,"(465.0, 641.0)"
1770222247.276,799,2,"(372.0, 641.0)"
1770222247.286,799,2,"(465.0, 641.0)"
1770222247.297,799,2,"(651.0, 676.0)"
1770222247.307,799,2,"(465.0, 693.0)"
1770222247.318,799,2,"(558.0, 710.0)"
1770222247.328,799,2,"(744.0, 710.0)"
1770222247.339,799,2,"(651.0, 710.0)"
1770222247.349,799,2,"(279.0, 693.0)"
1770222247.361,799,2,"(372.0, 693.0)"
1770222247.372,799,2,"(465.0, 676.0)"
1770222247.382,799,2,"(279.0, 676.0)"
1770222247.392,799,2,"(465.0, 658.0)"
1770222247.403,799,2,"(558.0, 658.0)"
1770222247.413,799,2,"(558.0, 658.0)"
1770222247.424,799,2,"(465.0, 676.0)"
1770222247.435,799,2,"(372.0, 676.0)"
1770222247.446,799,2,"(558.0, 693.0)"
1770222247.457,799,2,"(465.0, 710.0)"
1770222247.467,799,2,"(465.0, 710.0)"
1770222247.479,799,2,"(93.0, 710.0)"
1770222247.489,799,2,"(279.0, 693.0)"
1770222247.5,799,2,"(465.0, 676.0)"
1770222247.511,799,2,"(651.0, 658.0)"
1770222247.522,799,2,"(558.0, 658.0)"
1770222247.532,799,2,"(465.0, 641.0)"
1770222247.546,799,2,"(465.0, 641.0)"
1770222247.557,799,2,"(465.0, 624.0)"
1770222247.567,799,2,"(558.0, 606.0)"
1770222247.578,799,2,"(372.0, 572.0)"
1770222247.589,799,2,"(372.0, 554.0)"
1770222247.599,799,2,"(465.0, 554.0)"
1770222247.61,799,2,"(465.0, 554.0)"
1770222247.621,799,2,"(465.0, 554.0)"
1770222247.631,799,2,"(465.0, 554.0)"
1770222247.641,799,2,"(465.0, 554.0)"
1770222247.652,799,2,"(465.0, 554.0)"
1770222247.663,799,2,"(465.0, 554.0)"
1770222247.673,799,2,"(465.0, 554.0)"
1770222247.684,799,2,"(651.0, 554.0)"
1770222247.695,799,2,"(372.0, 537.0)"
1770222247.707,799,2,"(651.0, 520.0)"
1770222247.717,799,2,"(465.0, 502.0)"
1770222247.73,799,2,"(465.0, 485.0)"
1770222247.74,799,2,"(558.0, 485.0)"
1770222247.751,799,2,"(651.0, 485.0)"
1770222247.764,799,2,"(465.0, 485.0)"
1770222247.774,799,2,"(465.0, 468.0)"
1770222247.785,799,2,"(465.0, 468.0)"
1770222247.795,799,2,"(465.0, 468.0)"
1770222247.806,799,2,"(465.0, 468.0)"
1770222247.816,799,2,"(558.0, 485.0)"
1770222247.827,799,2,"(465.0, 502.0)"
1770222247.837,799,2,"(465.0, 502.0)"
1770222247.847,799,2,"(465.0, 520.0)"
1770222247.858,799,2,"(558.0, 537.0)"
1770222247.869,799,2,"(465.0, 554.0)"
1770222247.88,799,2,"(465.0, 554.0)"
1770222247.891,799,2,"(465.0, 589.0)"
1770222247.901,799,2,"(372.0, 606.0)"
1770222247.911,799,2,"(465.0, 624.0)"
1770222247.922,799,2,"(465.0, 658.0)"
1770222247.933,799,2,"(465.0, 676.0)"
1770222247.945,799,2,"(558.0, 676.0)"
1770222247.956,799,2,"(558.0, 693.0)"
1770222247.966,799,2,"(558.0, 676.0)"
1770222247.977,799,2,"(558.0, 658.0)"
1770222247.987,799,2,"(279.0, 658.0)"
1770222247.998,799,2,"(465.0, 676.0)"
1770222248.009,799,2,"(558.0, 676.0)"
1770222248.019,799,2,"(465.0, 710.0)"
1770222248.03,799,2,"(465.0, 728.0)"
1770222248.041,799,2,"(372.0, 745.0)"
1770222248.051,799,2,"(558.0, 745.0)"
1770222248.061,799,2,"(465.0, 728.0)"
1770222248.072,799,2,"(465.0, 710.0)"
1770222248.082,799,2,"(465.0, 693.0)"
1770222248.093,799,2,"(279.0, 676.0)"
1770222248.103,799,2,"(558.0, 658.0)"
1770222248.114,799,2,"(558.0, 658.0)"
1770222248.125,799,2,"(465.0, 676.0)"
1770222248.135,799,2,"(558.0, 676.0)"
1770222248.146,799,2,"(558.0, 676.0)"
1770222248.157,799,2,"(651.0, 658.0)"
1770222248.167,799,2,"(279.0, 658.0)"
1770222248.18,799,2,"(186.0, 641.0)"
1770222248.191,799,2,"(279.0, 658.0)"
1770222248.201,799,2,"(93.0, 693.0)"
1770222248.212,799,2,"(0.0, 762.0)"
1770222248.223,799,2,"(93.0, 814.0)"
1770222248.234,799,2,"(372.0, 849.0)"
1770222248.247,799,2,"(372.0, 866.0)"
1770222248.257,799,2,"(186.0, 866.0)"
1770222248.268,799,2,"(465.0, 866.0)"
1770222248.281,799,2,"(558.0, 849.0)"
1770222248.291,799,2,"(465.0, 849.0)"
1770222248.302,799,2,"(186.0, 849.0)"
1770222251.917,799,3,"(465.0, 34.0)"
1770222251.929,799,3,"(465.0, 34.0)"
1770222251.939,799,3,"(465.0, 34.0)"
1770222251.95,799,3,"(465.0, 34.0)"
1770222251.961,799,3,"(465.0, 34.0)"
1770222251.971,799,3,"(465.0, 34.0)"
1770222251.982,799,3,"(465.0, 34.0)"
1770222251.992,799,3,"(465.0, 34.0)"
1770222252.002,799,3,"(465.0, 34.0)"
1770222252.013,799,3,"(465.0, 34.0)"
1770222252.024,799,3,"(465.0, 34.0)"
1770222252.034,799,3,"(465.0, 34.0)"
1770222252.045,799,3,"(465.0, 34.0)"
1770222252.056,799,3,"(465.0, 34.0)"
1770222252.067,799,3,"(465.0, 34.0)"
1770222252.078,799,3,"(465.0, 34.0)"
1770222252.09,799,3,"(465.0, 34.0)"
1770222252.1,799,3,"(465.0, 34.0)"
1770222252.111,799,3,"(465.0, 34.0)"
1770222252.122,799,3,"(465.0, 34.0)"
1770222252.134,799,3,"(465.0, 34.0)"
1770222252.145,799,3,"(465.0, 52.0)"
1770222252.155,799,3,"(465.0, 69.0)"
1770222252.166,799,3,"(465.0, 69.0)"
1770222252.176,799,3,"(465.0, 69.0)"
1770222252.186,799,3,"(465.0, 69.0)"
1770222252.2,799,3,"(465.0, 69.0)"
1770222252.21,799,3,"(465.0, 52.0)"
1770222252.221,799,3,"(465.0, 52.0)"
1770222252.231,799,3,"(465.0, 52.0)"
1770222252.242,799,3,"(465.0, 52.0)"
1770222252.252,799,3,"(465.0, 52.0)"
1770222252.263,799,3,"(465.0, 34.0)"
1770222252.274,799,3,"(465.0, 34.0)"
1770222252.284,799,3,"(465.0, 34.0)"
1770222252.295,799,3,"(465.0, 34.0)"
1770222252.306,799,3,"(465.0, 34.0)"
1770222252.317,799,3,"(465.0, 34.0)"
1770222252.328,799,3,"(465.0, 34.0)"
1770222252.338,799,3,"(465.0, 34.0)"
1770222252.348,799,3,"(465.0, 34.0)"
1770222252.359,799,3,"(465.0, 34.0)"
1770222252.369,799,3,"(465.0, 34.0)"
1770222252.38,799,3,"(465.0, 34.0)"
1770222252.391,799,3,"(465.0, 34.0)"
1770222252.401,799,3,"(465.0, 34.0)"
1770222252.412,799,3,"(465.0, 34.0)"
1770222252.423,799,3,"(465.0, 34.0)"
1770222252.434,799,3,"(465.0, 34.0)"
1770222252.444,799,3,"(465.0, 34.0)"
1770222252.455,799,3,"(465.0, 34.0)"
1770222252.465,799,3,"(465.0, 34.0)"
1770222252.476,799,3,"(465.0, 34.0)"
1770222252.486,799,3,"(465.0, 34.0)"
1770222252.496,799,3,"(465.0, 34.0)"
1770222252.507,799,3,"(465.0, 34.0)"
1770222252.517,799,3,"(465.0, 34.0)"
1770222252.529,799,3,"(465.0, 34.0)"
1770222252.539,799,3,"(465.0, 34.0)"
1770222252.551,799,3,"(465.0, 34.0)"
1770222252.561,799,3,"(465.0, 34.0)"
1770222252.571,799,3,"(465.0, 34.0)"
1770222252.581,799,3,"(465.0, 34.0)"
1770222252.591,799,3,"(465.0, 34.0)"
1770222252.602,799,3,"(465.0, 34.0)"
1770222252.612,799,3,"(465.0, 34.0)"
1770222252.623,799,3,"(465.0, 34.0)"
1770222252.633,799,3,"(465.0, 34.0)"
1770222252.643,799,3,"(465.0, 34.0)"
1770222252.654,799,3,"(465.0, 34.0)"
1770222252.665,799,3,"(465.0, 34.0)"
1770222252.676,799,3,"(465.0, 34.0)"
1770222252.687,799,3,"(465.0, 34.0)"
1770222252.7,799,3,"(465.0, 34.0)"
1770222252.711,799,3,"(465.0, 34.0)"
1770222252.721,799,3,"(465.0, 34.0)"
1770222252.731,799,3,"(465.0, 34.0)"
1770222252.742,799,3,"(465.0, 34.0)"
1770222252.753,799,3,"(465.0, 34.0)"
1770222252.763,799,3,"(465.0, 34.0)"
1770222252.773,799,3,"(465.0, 34.0)"
1770222252.784,799,3,"(465.0, 34.0)"
1770222252.795,799,3,"(465.0, 34.0)"
1770222252.805,799,3,"(465.0, 34.0)"
1770222252.815,799,3,"(372.0, 34.0)"
1770222252.826,799,3,"(372.0, 52.0)"
1770222252.837,799,3,"(465.0, 69.0)"
1770222252.847,799,3,"(465.0, 86.0)"
1770222252.857,799,3,"(558.0, 86.0)"
1770222252.869,799,3,"(465.0, 104.0)"
1770222252.88,799,3,"(465.0, 104.0)"
1770222252.89,799,3,"(465.0, 104.0)"
1770222252.901,799,3,"(465.0, 104.0)"
1770222252.911,799,3,"(465.0, 104.0)"
1770222252.922,799,3,"(465.0, 104.0)"
1770222252.933,799,3,"(465.0, 121.0)"
1770222252.943,799,3,"(465.0, 121.0)"
1770222252.954,799,3,"(465.0, 138.0)"
1770222252.965,799,3,"(465.0, 138.0)"
1770222252.976,799,3,"(465.0, 138.0)"
1770222252.987,799,3,"(465.0, 138.0)"
1770222252.997,799,3,"(465.0, 138.0)"
1770222253.008,799,3,"(465.0, 138.0)"
1770222253.018,799,3,"(465.0, 138.0)"
1770222253.031,799,3,"(465.0, 138.0)"
1770222253.041,799,3,"(465.0, 138.0)"
1770222253.052,799,3,"(465.0, 138.0)"
1770222253.063,799,3,"(465.0, 138.0)"
1770222253.074,799,3,"(465.0, 121.0)"
1770222253.085,799,3,"(465.0, 104.0)"
1770222253.097,799,3,"(465.0, 86.0)"
1770222253.107,799,3,"(465.0, 69.0)"
1770222253.118,799,3,"(465.0, 69.0)"
1770222253.129,799,3,"(465.0, 69.0)"
1770222253.14,799,3,"(465.0, 69.0)"
1770222253.151,799,3,"(465.0, 69.0)"
1770222253.162,799,3,"(465.0, 69.0)"
1770222253.173,799,3,"(465.0, 69.0)"
1770222253.184,799,3,"(465.0, 69.0)"
1770222253.197,799,3,"(465.0, 69.0)"
1770222253.207,799,3,"(465.0, 69.0)"
1770222253.218,799,3,"(465.0, 69.0)"
1770222253.228,799,3,"(465.0, 69.0)"
1770222253.24,799,3,"(465.0, 69.0)"
1770222253.25,799,3,"(465.0, 69.0)"
1770222253.261,799,3,"(465.0, 69.0)"
1770222253.272,799,3,"(465.0, 69.0)"
1770222253.282,799,3,"(465.0, 69.0)"
1770222253.295,799,3,"(465.0, 69.0)"
1770222253.305,799,3,"(465.0, 86.0)"
1770222253.316,799,3,"(465.0, 86.0)"
1770222253.327,799,3,"(465.0, 104.0)"
1770222253.338,799,3,"(465.0, 104.0)"
1770222253.349,799,3,"(465.0, 104.0)"
1770222253.362,799,3,"(465.0, 104.0)"
1770222253.372,799,3,"(465.0, 104.0)"
1770222253.382,799,3,"(465.0, 104.0)"
1770222253.392,799,3,"(465.0, 104.0)"
1770222253.403,799,3,"(465.0, 104.0)"
1770222253.413,799,3,"(465.0, 86.0)"
1770222253.423,799,3,"(465.0, 86.0)"
1770222253.433,799,3,"(465.0, 69.0)"
1770222253.444,799,3,"(465.0, 69.0)"
1770222253.454,799,3,"(465.0, 86.0)"
1770222253.465,799,3,"(465.0, 86.0)"
1770222253.476,799,3,"(465.0, 104.0)"
1770222253.487,799,3,"(465.0, 104.0)"
1770222253.497,799,3,"(465.0, 104.0)"
1770222253.508,799,3,"(465.0, 86.0)"
1770222253.518,799,3,"(465.0, 86.0)"
1770222253.529,799,3,"(465.0, 69.0)"
1770222253.541,799,3,"(465.0, 69.0)"
1770222253.551,799,3,"(465.0, 69.0)"
1770222253.561,799,3,"(465.0, 69.0)"
1770222253.572,799,3,"(465.0, 69.0)"
1770222253.582,799,3,"(465.0, 69.0)"
1770222253.593,799,3,"(465.0, 86.0)"
1770222253.604,799,3,"(465.0, 86.0)"
1770222253.614,799,3,"(465.0, 69.0)"
1770222253.624,799,3,"(465.0, 69.0)"
1770222253.635,799,3,"(465.0, 69.0)"
1770222253.646,799,3,"(465.0, 69.0)"
1770222253.656,799,3,"(465.0, 69.0)"
1770222253.667,799,3,"(465.0, 69.0)"
1770222253.677,799,3,"(465.0, 69.0)"
1770222253.688,799,3,"(465.0, 69.0)"
1770222253.698,799,3,"(465.0, 69.0)"
1770222253.708,799,3,"(465.0, 52.0)"
1770222253.718,799,3,"(465.0, 52.0)"
1770222253.729,799,3,"(465.0, 34.0)"
1770222253.74,799,3,"(465.0, 34.0)"
1770222253.751,799,3,"(465.0, 34.0)"
1770222253.762,799,3,"(465.0, 34.0)"
1770222253.773,799,3,"(465.0, 34.0)"
1770222253.784,799,3,"(465.0, 34.0)"
1770222253.794,799,3,"(465.0, 34.0)"
1770222253.806,799,3,"(465.0, 34.0)"
1770222253.817,799,3,"(465.0, 34.0)"
1770222253.828,799,3,"(465.0, 34.0)"
1770222253.838,799,3,"(465.0, 34.0)"
1770222253.849,799,3,"(465.0, 34.0)"
1770222253.859,799,3,"(465.0, 34.0)"
1770222253.87,799,3,"(465.0, 34.0)"
1770222253.881,799,3,"(465.0, 34.0)"
1770222253.891,799,3,"(465.0, 34.0)"
1770222253.902,799,3,"(465.0, 34.0)"
1770222253.912,799,3,"(465.0, 34.0)"
1770222253.924,799,3,"(465.0, 34.0)"
1770222253.934,799,3,"(465.0, 34.0)"
1770222253.945,799,3,"(465.0, 34.0)"
1770222253.958,799,3,"(465.0, 34.0)"
1770222253.968,799,3,"(465.0, 34.0)"
1770222253.979,799,3,"(465.0, 34.0)"
1770222253.99,799,3,"(465.0, 34.0)"
1770222254.001,799,3,"(465.0, 34.0)"
1770222254.012,799,3,"(465.0, 34.0)"
1770222254.023,799,3,"(465.0, 34.0)"
1770222254.033,799,3,"(465.0, 34.0)"
1770222254.044,799,3,"(465.0, 34.0)"
1770222254.056,799,3,"(465.0, 34.0)"
1770222254.068,799,3,"(465.0, 34.0)"
1770222254.078,799,3,"(465.0, 34.0)"
1770222254.089,799,3,"(465.0, 34.0)"
1770222254.099,799,3,"(465.0, 34.0)"
1770222254.111,799,3,"(465.0, 34.0)"
1770222254.122,799,3,"(465.0, 34.0)"
1770222254.133,799,3,"(465.0, 34.0)"
1770222254.143,799,3,"(465.0, 34.0)"
1770222254.156,799,3,"(465.0, 34.0)"
1770222254.166,799,3,"(465.0, 34.0)"
1770222254.177,799,3,"(465.0, 34.0)"
1770222254.187,799,3,"(465.0, 34.0)"
1770222254.199,799,3,"(465.0, 34.0)"
1770222254.209,799,3,"(465.0, 34.0)"
1770222254.22,799,3,"(465.0, 34.0)"
1770222254.231,799,3,"(465.0, 34.0)"
1770222254.242,799,3,"(465.0, 34.0)"
1770222254.252,799,3,"(465.0, 34.0)"
1770222254.262,799,3,"(465.0, 34.0)"
1770222254.273,799,3,"(465.0, 34.0)"
1770222254.283,799,3,"(465.0, 34.0)"
1770222254.294,799,3,"(465.0, 34.0)"
1770222254.305,799,3,"(465.0, 34.0)"
1770222254.315,799,3,"(465.0, 34.0)"
1770222254.326,799,3,"(465.0, 34.0)"
1770222254.337,799,3,"(465.0, 34.0)"
1770222254.347,799,3,"(465.0, 34.0)"
1770222254.358,799,3,"(465.0, 34.0)"
1770222254.37,799,3,"(465.0, 34.0)"
1770222254.381,799,3,"(465.0, 34.0)"
1770222254.391,799,3,"(465.0, 34.0)"
1770222254.403,799,3,"(465.0, 34.0)"
1770222254.413,799,3,"(465.0, 34.0)"
1770222254.424,799,3,"(465.0, 34.0)"
1770222254.434,799,3,"(465.0, 34.0)"
1770222254.444,799,3,"(465.0, 34.0)"
1770222254.454,799,3,"(465.0, 34.0)"
1770222254.465,799,3,"(465.0, 34.0)"
1770222254.476,799,3,"(465.0, 34.0)"
1770222254.487,799,3,"(465.0, 34.0)"
1770222254.497,799,3,"(465.0, 34.0)"
1770222254.509,799,3,"(465.0, 34.0)"
1770222254.521,799,3,"(465.0, 34.0)"
1770222254.532,799,3,"(465.0, 34.0)"
1770222254.542,799,3,"(465.0, 34.0)"
1770222254.554,799,3,"(465.0, 34.0)"
1770222254.564,799,3,"(465.0, 34.0)"
1770222254.574,799,3,"(465.0, 34.0)"
1770222254.586,799,3,"(465.0, 34.0)"
1770222254.597,799,3,"(465.0, 34.0)"
1770222254.608,799,3,"(465.0, 34.0)"
1770222254.619,799,3,"(465.0, 34.0)"
1770222254.629,799,3,"(465.0, 34.0)"
1770222254.64,799,3,"(465.0, 34.0)"
1770222254.651,799,3,"(465.0, 34.0)"
1770222254.662,799,3,"(465.0, 34.0)"
1770222254.672,799,3,"(465.0, 34.0)"
1770222254.683,799,3,"(465.0, 34.0)"
1770222254.693,799,3,"(465.0, 34.0)"
1770222254.704,799,3,"(465.0, 34.0)"
1770222254.715,799,3,"(465.0, 34.0)"
1770222254.726,799,3,"(465.0, 34.0)"
1770222254.736,799,3,"(465.0, 34.0)"
1770222254.746,799,3,"(465.0, 34.0)"
1770222254.757,799,3,"(465.0, 34.0)"
1770222254.768,799,3,"(465.0, 34.0)"
1770222254.779,799,3,"(465.0, 34.0)"
1770222254.79,799,3,"(465.0, 34.0)"
1770222254.8,799,3,"(465.0, 34.0)"
1770222254.811,799,3,"(465.0, 34.0)"
1770222254.821,799,3,"(465.0, 34.0)"
1770222254.832,799,3,"(465.0, 34.0)"
1770222254.843,799,3,"(465.0, 34.0)"
1770222254.853,799,3,"(465.0, 34.0)"
1770222254.866,799,3,"(465.0, 34.0)"
1770222254.877,799,3,"(465.0, 34.0)"
1770222254.887,799,3,"(465.0, 34.0)"
1770222254.901,799,3,"(465.0, 34.0)"
1770222254.912,799,3,"(465.0, 34.0)"
1770222254.922,799,3,"(465.0, 34.0)"
1770222258.24,799,4,"(465.0, 364.0)"
1770222258.251,799,4,"(372.0, 364.0)"
1770222258.262,799,4,"(279.0, 346.0)"
1770222258.273,799,4,"(465.0, 346.0)"
1770222258.283,799,4,"(465.0, 346.0)"
1770222258.294,799,4,"(465.0, 346.0)"
1770222258.304,799,4,"(558.0, 346.0)"
1770222258.315,799,4,"(651.0, 346.0)"
1770222258.325,799,4,"(465.0, 346.0)"
1770222258.335,799,4,"(372.0, 346.0)"
1770222258.345,799,4,"(372.0, 346.0)"
1770222258.356,799,4,"(372.0, 346.0)"
1770222258.367,799,4,"(465.0, 346.0)"
1770222258.378,799,4,"(465.0, 346.0)"
1770222258.389,799,4,"(465.0, 346.0)"
1770222258.4,799,4,"(372.0, 346.0)"
1770222258.41,799,4,"(372.0, 346.0)"
1770222258.421,799,4,"(465.0, 364.0)"
1770222258.434,799,4,"(465.0, 364.0)"
1770222258.444,799,4,"(372.0, 381.0)"
1770222258.455,799,4,"(279.0, 381.0)"
1770222258.467,799,4,"(465.0, 381.0)"
1770222258.478,799,4,"(465.0, 381.0)"
1770222258.488,799,4,"(465.0, 381.0)"
1770222258.501,799,4,"(465.0, 381.0)"
1770222258.512,799,4,"(372.0, 381.0)"
1770222258.522,799,4,"(465.0, 381.0)"
1770222258.534,799,4,"(465.0, 381.0)"
1770222258.545,799,4,"(465.0, 381.0)"
1770222258.556,799,4,"(465.0, 381.0)"
1770222258.567,799,4,"(465.0, 364.0)"
1770222258.577,799,4,"(465.0, 364.0)"
1770222258.589,799,4,"(465.0, 346.0)"
1770222258.599,799,4,"(465.0, 346.0)"
1770222258.609,799,4,"(465.0, 346.0)"
1770222258.62,799,4,"(465.0, 346.0)"
1770222258.631,799,4,"(465.0, 346.0)"
1770222258.642,799,4,"(465.0, 346.0)"
1770222258.653,799,4,"(465.0, 364.0)"
1770222258.664,799,4,"(372.0, 364.0)"
1770222258.674,799,4,"(465.0, 364.0)"
1770222258.685,799,4,"(372.0, 364.0)"
1770222258.698,799,4,"(465.0, 364.0)"
1770222258.709,799,4,"(465.0, 364.0)"
1770222258.719,799,4,"(558.0, 381.0)"
1770222258.729,799,4,"(465.0, 381.0)"
1770222258.74,799,4,"(465.0, 381.0)"
1770222258.751,799,4,"(465.0, 381.0)"
1770222258.761,799,4,"(465.0, 381.0)"
1770222258.772,799,4,"(465.0, 381.0)"
1770222258.783,799,4,"(465.0, 381.0)"
1770222258.793,799,4,"(465.0, 381.0)"
1770222258.804,799,4,"(465.0, 381.0)"
1770222258.815,799,4,"(465.0, 381.0)"
1770222258.826,799,4,"(372.0, 398.0)"
1770222258.836,799,4,"(465.0, 398.0)"
1770222258.846,799,4,"(465.0, 416.0)"
1770222258.857,799,4,"(465.0, 416.0)"
1770222258.868,799,4,"(465.0, 416.0)"
1770222258.878,799,4,"(465.0, 398.0)"
1770222258.889,799,4,"(465.0, 398.0)"
1770222258.899,799,4,"(372.0, 381.0)"
1770222258.909,799,4,"(465.0, 381.0)"
1770222258.919,799,4,"(465.0, 381.0)"
1770222258.932,799,4,"(465.0, 381.0)"
1770222258.942,799,4,"(465.0, 381.0)"
1770222258.953,799,4,"(465.0, 381.0)"
1770222258.965,799,4,"(372.0, 381.0)"
1770222258.975,799,4,"(465.0, 381.0)"
1770222258.986,799,4,"(465.0, 381.0)"
1770222258.999,799,4,"(465.0, 381.0)"
1770222259.01,799,4,"(465.0, 364.0)"
1770222259.02,799,4,"(465.0, 364.0)"
1770222259.031,799,4,"(465.0, 346.0)"
1770222259.041,799,4,"(465.0, 346.0)"
1770222259.051,799,4,"(465.0, 346.0)"
1770222259.061,799,4,"(465.0, 329.0)"
1770222259.072,799,4,"(465.0, 312.0)"
1770222259.082,799,4,"(465.0, 312.0)"
1770222259.093,799,4,"(465.0, 312.0)"
1770222259.104,799,4,"(465.0, 312.0)"
1770222259.117,799,4,"(465.0, 294.0)"
1770222259.127,799,4,"(465.0, 277.0)"
1770222259.138,799,4,"(558.0, 277.0)"
1770222259.149,799,4,"(465.0, 277.0)"
1770222259.159,799,4,"(465.0, 277.0)"
1770222259.169,799,4,"(465.0, 277.0)"
1770222259.18,799,4,"(465.0, 277.0)"
1770222259.19,799,4,"(465.0, 260.0)"
1770222259.201,799,4,"(465.0, 260.0)"
1770222259.211,799,4,"(465.0, 242.0)"
1770222259.222,799,4,"(465.0, 225.0)"
1770222259.234,799,4,"(465.0, 208.0)"
1770222259.245,799,4,"(465.0, 208.0)"
1770222259.256,799,4,"(465.0, 208.0)"
1770222259.267,799,4,"(465.0, 208.0)"
1770222259.277,799,4,"(465.0, 208.0)"
1770222259.288,799,4,"(465.0, 208.0)"
1770222259.3,799,4,"(465.0, 208.0)"
1770222259.31,799,4,"(465.0, 208.0)"
1770222259.321,799,4,"(465.0, 208.0)"
1770222259.332,799,4,"(465.0, 225.0)"
1770222259.342,799,4,"(465.0, 242.0)"
1770222259.353,799,4,"(558.0, 260.0)"
1770222259.363,799,4,"(465.0, 260.0)"
1770222259.374,799,4,"(465.0, 277.0)"
1770222259.384,799,4,"(465.0, 260.0)"
1770222259.396,799,4,"(465.0, 260.0)"
1770222259.406,799,4,"(465.0, 260.0)"
1770222259.417,799,4,"(465.0, 260.0)"
1770222259.43,799,4,"(465.0, 277.0)"
1770222259.441,799,4,"(465.0, 277.0)"
1770222259.452,799,4,"(465.0, 277.0)"
1770222259.465,799,4,"(465.0, 277.0)"
1770222259.475,799,4,"(465.0, 277.0)"
1770222259.485,799,4,"(465.0, 277.0)"
1770222259.498,799,4,"(465.0, 277.0)"
1770222259.508,799,4,"(465.0, 277.0)"
1770222259.519,799,4,"(465.0, 277.0)"
1770222259.531,799,4,"(465.0, 277.0)"
1770222259.542,799,4,"(465.0, 277.0)"
1770222259.552,799,4,"(465.0, 277.0)"
1770222259.563,799,4,"(465.0, 277.0)"
1770222259.575,799,4,"(465.0, 277.0)"
1770222259.586,799,4,"(465.0, 277.0)"
1770222259.597,799,4,"(465.0, 260.0)"
1770222259.607,799,4,"(465.0, 242.0)"
1770222259.618,799,4,"(465.0, 242.0)"
1770222259.629,799,4,"(465.0, 242.0)"
1770222259.639,799,4,"(465.0, 242.0)"
1770222259.65,799,4,"(465.0, 242.0)"
1770222259.661,799,4,"(465.0, 242.0)"
1770222259.673,799,4,"(465.0, 242.0)"
1770222259.683,799,4,"(465.0, 242.0)"
1770222259.693,799,4,"(465.0, 242.0)"
1770222259.703,799,4,"(465.0, 242.0)"
1770222259.714,799,4,"(465.0, 242.0)"
1770222259.724,799,4,"(465.0, 242.0)"
1770222259.734,799,4,"(465.0, 225.0)"
1770222259.745,799,4,"(465.0, 225.0)"
1770222259.756,799,4,"(465.0, 208.0)"
1770222259.767,799,4,"(465.0, 208.0)"
1770222259.778,799,4,"(465.0, 208.0)"
1770222259.788,799,4,"(465.0, 208.0)"
1770222259.798,799,4,"(558.0, 225.0)"
1770222259.809,799,4,"(465.0, 225.0)"
1770222259.82,799,4,"(465.0, 242.0)"
1770222259.831,799,4,"(465.0, 242.0)"
1770222259.841,799,4,"(465.0, 242.0)"
1770222259.852,799,4,"(465.0, 242.0)"
1770222259.862,799,4,"(465.0, 242.0)"
1770222259.873,799,4,"(465.0, 242.0)"
1770222259.884,799,4,"(465.0, 242.0)"
1770222259.894,799,4,"(465.0, 260.0)"
1770222259.904,799,4,"(372.0, 260.0)"
1770222259.915,799,4,"(465.0, 277.0)"
1770222259.925,799,4,"(465.0, 277.0)"
1770222259.936,799,4,"(558.0, 294.0)"
1770222259.947,799,4,"(465.0, 294.0)"
1770222259.957,799,4,"(465.0, 294.0)"
1770222259.968,799,4,"(465.0, 294.0)"
1770222259.979,799,4,"(465.0, 294.0)"
1770222259.99,799,4,"(465.0, 294.0)"
1770222260.001,799,4,"(465.0, 294.0)"
1770222260.013,799,4,"(465.0, 294.0)"
1770222260.024,799,4,"(465.0, 294.0)"
1770222260.034,799,4,"(465.0, 294.0)"
1770222260.044,799,4,"(465.0, 294.0)"
1770222260.054,799,4,"(558.0, 277.0)"
1770222260.065,799,4,"(651.0, 277.0)"
1770222260.077,799,4,"(558.0, 277.0)"
1770222260.087,799,4,"(465.0, 294.0)"
1770222260.098,799,4,"(465.0, 312.0)"
1770222260.109,799,4,"(558.0, 329.0)"
1770222260.119,799,4,"(372.0, 329.0)"
1770222260.13,799,4,"(465.0, 346.0)"
1770222260.141,799,4,"(465.0, 329.0)"
1770222260.151,799,4,"(372.0, 312.0)"
1770222260.161,799,4,"(465.0, 312.0)"
1770222260.172,799,4,"(465.0, 312.0)"
1770222260.183,799,4,"(465.0, 312.0)"
1770222260.194,799,4,"(465.0, 312.0)"
1770222260.205,799,4,"(465.0, 312.0)"
1770222260.216,799,4,"(465.0, 312.0)"
1770222260.227,799,4,"(465.0, 312.0)"
1770222260.237,799,4,"(465.0, 312.0)"
1770222260.248,799,4,"(465.0, 312.0)"
1770222260.259,799,4,"(465.0, 312.0)"
1770222260.27,799,4,"(465.0, 312.0)"
1770222260.28,799,4,"(465.0, 312.0)"
1770222260.29,799,4,"(465.0, 294.0)"
1770222260.3,799,4,"(465.0, 294.0)"
1770222260.312,799,4,"(465.0, 277.0)"
1770222260.322,799,4,"(465.0, 260.0)"
1770222260.333,799,4,"(465.0, 260.0)"
1770222260.346,799,4,"(465.0, 242.0)"
1770222260.357,799,4,"(465.0, 225.0)"
1770222260.368,799,4,"(465.0, 208.0)"
1770222260.38,799,4,"(465.0, 190.0)"
1770222260.391,799,4,"(372.0, 190.0)"
1770222260.401,799,4,"(372.0, 190.0)"
1770222260.412,799,4,"(465.0, 190.0)"
1770222260.423,799,4,"(465.0, 190.0)"
1770222260.433,799,4,"(465.0, 208.0)"
1770222260.444,799,4,"(465.0, 208.0)"
1770222260.454,799,4,"(465.0, 208.0)"
1770222260.465,799,4,"(465.0, 208.0)"
1770222260.475,799,4,"(465.0, 208.0)"
1770222260.485,799,4,"(465.0, 208.0)"
1770222260.498,799,4,"(465.0, 208.0)"
1770222260.508,799,4,"(465.0, 208.0)"
1770222260.518,799,4,"(465.0, 208.0)"
1770222260.53,799,4,"(465.0, 208.0)"
1770222260.541,799,4,"(465.0, 208.0)"
1770222260.551,799,4,"(465.0, 225.0)"
1770222260.562,799,4,"(465.0, 225.0)"
1770222260.572,799,4,"(465.0, 242.0)"
1770222260.583,799,4,"(465.0, 242.0)"
1770222260.597,799,4,"(465.0, 242.0)"
1770222260.607,799,4,"(465.0, 242.0)"
1770222260.618,799,4,"(465.0, 242.0)"
1770222260.63,799,4,"(465.0, 242.0)"
1770222260.64,799,4,"(651.0, 260.0)"
1770222260.651,799,4,"(651.0, 294.0)"
1770222260.663,799,4,"(651.0, 312.0)"
1770222260.673,799,4,"(651.0, 329.0)"
1770222260.684,799,4,"(465.0, 329.0)"
1770222260.696,799,4,"(465.0, 346.0)"
1770222260.707,799,4,"(465.0, 346.0)"
1770222260.718,799,4,"(372.0, 346.0)"
1770222260.73,799,4,"(372.0, 346.0)"
1770222260.74,799,4,"(465.0, 381.0)"
1770222260.751,799,4,"(465.0, 381.0)"
1770222260.761,799,4,"(372.0, 398.0)"
1770222260.772,799,4,"(372.0, 416.0)"
1770222260.782,799,4,"(465.0, 416.0)"
1770222260.793,799,4,"(372.0, 416.0)"
1770222260.804,799,4,"(465.0, 416.0)"
1770222260.814,799,4,"(465.0, 416.0)"
1770222260.825,799,4,"(651.0, 416.0)"
1770222260.836,799,4,"(558.0, 416.0)"
1770222260.847,799,4,"(465.0, 433.0)"
1770222260.857,799,4,"(465.0, 433.0)"
1770222260.868,799,4,"(465.0, 450.0)"
1770222260.88,799,4,"(372.0, 450.0)"
1770222260.89,799,4,"(372.0, 450.0)"
1770222260.901,799,4,"(465.0, 433.0)"
1770222260.912,799,4,"(465.0, 416.0)"
1770222260.923,799,4,"(465.0, 398.0)"
1770222260.934,799,4,"(465.0, 381.0)"
1770222260.944,799,4,"(465.0, 381.0)"
1770222260.955,799,4,"(558.0, 364.0)"
1770222260.966,799,4,"(465.0, 364.0)"
1770222260.976,799,4,"(465.0, 346.0)"
1770222260.986,799,4,"(465.0, 329.0)"
1770222260.996,799,4,"(465.0, 312.0)"
1770222261.006,799,4,"(465.0, 312.0)"
1770222261.016,799,4,"(465.0, 312.0)"
1770222261.028,799,4,"(465.0, 312.0)"
1770222261.039,799,4,"(465.0, 294.0)"
1770222261.049,799,4,"(465.0, 294.0)"
1770222261.059,799,4,"(465.0, 277.0)"
1770222261.07,799,4,"(465.0, 277.0)"
1770222261.081,799,4,"(465.0, 277.0)"
1770222261.091,799,4,"(465.0, 260.0)"
1770222261.101,799,4,"(465.0, 260.0)"
1770222261.113,799,4,"(465.0, 242.0)"
1770222261.124,799,4,"(465.0, 242.0)"
1770222261.134,799,4,"(465.0, 242.0)"
1770222261.145,799,4,"(465.0, 225.0)"
1770222261.155,799,4,"(465.0, 225.0)"
1770222261.166,799,4,"(465.0, 208.0)"
1770222261.176,799,4,"(465.0, 208.0)"
1770222261.187,799,4,"(465.0, 190.0)"
1770222261.197,799,4,"(465.0, 190.0)"
1770222261.208,799,4,"(465.0, 173.0)"
1770222261.219,799,4,"(465.0, 173.0)"
1770222261.231,799,4,"(465.0, 190.0)"
1770222261.241,799,4,"(465.0, 190.0)"
1770300613.763,928,1,"(613.0, 0.0)"
1770300613.773,928,1,"(613.0, 0.0)"
1770300613.784,928,1,"(613.0, 0.0)"
1770300613.794,928,1,"(613.0, 0.0)"
1770300613.805,928,1,"(613.0, 0.0)"
1770300613.817,928,1,"(613.0, 0.0)"
1770300613.827,928,1,"(613.0, 0.0)"
1770300613.838,928,1,"(613.0, 0.0)"
1770300613.848,928,1,"(613.0, 0.0)"
1770300613.859,928,1,"(613.0, 0.0)"
1770300613.869,928,1,"(613.0, 0.0)"
1770300613.881,928,1,"(613.0, 0.0)"
1770300613.893,928,1,"(613.0, 0.0)"
1770300613.903,928,1,"(613.0, 0.0)"
1770300613.913,928,1,"(613.0, 0.0)"
1770300613.924,928,1,"(613.0, 0.0)"
1770300613.934,928,1,"(613.0, 0.0)"
1770300613.944,928,1,"(613.0, 0.0)"
1770300613.955,928,1,"(613.0, 0.0)"
1770300613.966,928,1,"(613.0, 0.0)"
1770300613.979,928,1,"(613.0, 0.0)"
1770300613.99,928,1,"(613.0, 0.0)"
1770300614.001,928,1,"(613.0, 0.0)"
1770300614.011,928,1,"(613.0, 0.0)"
1770300614.022,928,1,"(613.0, 0.0)"
1770300614.032,928,1,"(613.0, 0.0)"
1770300614.043,928,1,"(613.0, 0.0)"
1770300614.054,928,1,"(613.0, 0.0)"
1770300614.064,928,1,"(613.0, 0.0)"
1770300614.077,928,1,"(613.0, 0.0)"
1770300614.088,928,1,"(613.0, 0.0)"
1770300614.098,928,1,"(613.0, 0.0)"
1770300614.109,928,1,"(613.0, 0.0)"
1770300614.12,928,1,"(613.0, 0.0)"
1770300614.131,928,1,"(613.0, 0.0)"
1770300614.143,928,1,"(613.0, 0.0)"
1770300614.153,928,1,"(613.0, 0.0)"
1770300614.163,928,1,"(613.0, 0.0)"
1770300614.175,928,1,"(613.0, 0.0)"
1770300614.186,928,1,"(613.0, 0.0)"
1770300614.197,928,1,"(613.0, 0.0)"
1770300614.209,928,1,"(613.0, 0.0)"
1770300614.219,928,1,"(613.0, 0.0)"
1770300614.229,928,1,"(613.0, 0.0)"
1770300614.242,928,1,"(613.0, 0.0)"
1770300614.254,928,1,"(613.0, 0.0)"
1770300614.264,928,1,"(613.0, 0.0)"
1770300614.274,928,1,"(613.0, 0.0)"
1770300614.285,928,1,"(613.0, 0.0)"
1770300614.295,928,1,"(613.0, 0.0)"
1770300614.307,928,1,"(613.0, 0.0)"
1770300614.318,928,1,"(613.0, 0.0)"
1770300614.328,928,1,"(613.0, 0.0)"
1770300614.338,928,1,"(613.0, 0.0)"
1770300614.348,928,1,"(613.0, 0.0)"
1770300614.359,928,1,"(613.0, 0.0)"
1770300614.369,928,1,"(613.0, 0.0)"
1770300614.38,928,1,"(613.0, 0.0)"
1770300614.393,928,1,"(613.0, 0.0)"
1770300614.403,928,1,"(613.0, 0.0)"
1770300614.414,928,1,"(613.0, 0.0)"
1770300614.424,928,1,"(613.0, 0.0)"
1770300614.435,928,1,"(613.0, 0.0)"
1770300614.445,928,1,"(613.0, 0.0)"
1770300614.456,928,1,"(613.0, 0.0)"
1770300614.466,928,1,"(613.0, 0.0)"
1770300614.478,928,1,"(613.0, 0.0)"
1770300614.489,928,1,"(613.0, 0.0)"
1770300614.499,928,1,"(613.0, 0.0)"
1770300614.512,928,1,"(613.0, 0.0)"
1770300614.523,928,1,"(613.0, 0.0)"
1770300614.533,928,1,"(613.0, 0.0)"
1770300614.545,928,1,"(613.0, 0.0)"
1770300614.556,928,1,"(613.0, 0.0)"
1770300614.566,928,1,"(613.0, 0.0)"
1770300614.576,928,1,"(613.0, 0.0)"
1770300614.586,928,1,"(613.0, 0.0)"
1770300614.597,928,1,"(613.0, 0.0)"
1770300614.607,928,1,"(613.0, 0.0)"
1770300614.618,928,1,"(613.0, 0.0)"
1770300614.628,928,1,"(613.0, 0.0)"
1770300614.638,928,1,"(613.0, 0.0)"
1770300614.649,928,1,"(613.0, 0.0)"
1770300614.66,928,1,"(613.0, 0.0)"
1770300614.671,928,1,"(613.0, 0.0)"
1770300614.681,928,1,"(613.0, 0.0)"
1770300614.692,928,1,"(613.0, 0.0)"
1770300614.703,928,1,"(613.0, 0.0)"
1770300614.713,928,1,"(613.0, 0.0)"
1770300614.724,928,1,"(613.0, 0.0)"
1770300614.735,928,1,"(613.0, 0.0)"
1770300614.747,928,1,"(613.0, 0.0)"
1770300614.758,928,1,"(613.0, 0.0)"
1770300614.768,928,1,"(613.0, 0.0)"
1770300614.779,928,1,"(613.0, 0.0)"
1770300614.789,928,1,"(613.0, 0.0)"
1770300614.8,928,1,"(613.0, 0.0)"
1770300614.81,928,1,"(613.0, 0.0)"
1770300614.821,928,1,"(613.0, 0.0)"
1770300614.831,928,1,"(613.0, 0.0)"
1770300614.841,928,1,"(613.0, 0.0)"
1770300614.853,928,1,"(613.0, 0.0)"
1770300614.863,928,1,"(613.0, 0.0)"
1770300614.874,928,1,"(613.0, 0.0)"
1770300614.885,928,1,"(613.0, 0.0)"
1770300614.895,928,1,"(613.0, 0.0)"
1770300614.905,928,1,"(613.0, 0.0)"
1770300614.917,928,1,"(613.0, 0.0)"
1770300614.928,928,1,"(613.0, 0.0)"
1770300614.938,928,1,"(613.0, 0.0)"
1770300614.949,928,1,"(613.0, 0.0)"
1770300614.96,928,1,"(613.0, 0.0)"
1770300614.971,928,1,"(613.0, 0.0)"
1770300614.982,928,1,"(613.0, 0.0)"
1770300614.993,928,1,"(613.0, 0.0)"
1770300615.004,928,1,"(613.0, 0.0)"
1770300615.016,928,1,"(613.0, 0.0)"
1770300615.026,928,1,"(613.0, 0.0)"
1770300615.037,928,1,"(613.0, 0.0)"
1770300615.05,928,1,"(613.0, 0.0)"
1770300615.06,928,1,"(613.0, 0.0)"
1770300615.071,928,1,"(613.0, 0.0)"
1770300615.082,928,1,"(613.0, 0.0)"
1770300615.092,928,1,"(613.0, 0.0)"
1770300615.103,928,1,"(613.0, 0.0)"
1770300615.114,928,1,"(613.0, 0.0)"
1770300615.125,928,1,"(613.0, 0.0)"
1770300615.136,928,1,"(613.0, 0.0)"
1770300615.146,928,1,"(613.0, 0.0)"
1770300615.157,928,1,"(613.0, 0.0)"
1770300615.168,928,1,"(613.0, 0.0)"
1770300615.179,928,1,"(613.0, 0.0)"
1770300615.189,928,1,"(613.0, 0.0)"
1770300615.199,928,1,"(613.0, 0.0)"
1770300615.21,928,1,"(613.0, 0.0)"
1770300615.22,928,1,"(613.0, 0.0)"
1770300615.231,928,1,"(613.0, 0.0)"
1770300615.241,928,1,"(613.0, 0.0)"
1770300615.252,928,1,"(613.0, 0.0)"
1770300615.263,928,1,"(613.0, 0.0)"
1770300615.274,928,1,"(613.0, 0.0)"
1770300615.284,928,1,"(613.0, 0.0)"
1770300615.294,928,1,"(613.0, 0.0)"
1770300615.305,928,1,"(613.0, 0.0)"
1770300615.317,928,1,"(613.0, 0.0)"
1770300615.328,928,1,"(613.0, 0.0)"
1770300615.338,928,1,"(613.0, 0.0)"
1770300615.351,928,1,"(613.0, 0.0)"
1770300615.361,928,1,"(613.0, 0.0)"
1770300615.371,928,1,"(613.0, 0.0)"
1770300615.384,928,1,"(613.0, 0.0)"
1770300615.396,928,1,"(613.0, 0.0)"
1770300615.406,928,1,"(613.0, 0.0)"
1770300615.419,928,1,"(613.0, 0.0)"
1770300615.429,928,1,"(613.0, 0.0)"
1770300615.44,928,1,"(613.0, 0.0)"
1770300615.452,928,1,"(613.0, 0.0)"
1770300615.462,928,1,"(613.0, 0.0)"
1770300615.474,928,1,"(613.0, 39.0)"
1770300615.485,928,1,"(818.0, 78.0)"
1770300615.495,928,1,"(613.0, 118.0)"
1770300615.505,928,1,"(613.0, 157.0)"
1770300615.518,928,1,"(818.0, 196.0)"
1770300615.529,928,1,"(682.0, 275.0)"
1770300615.54,928,1,"(511.0, 354.0)"
1770300615.551,928,1,"(682.0, 432.0)"
1770300615.563,928,1,"(511.0, 511.0)"
1770300615.573,928,1,"(852.0, 550.0)"
1770300615.585,928,1,"(682.0, 590.0)"
1770300615.595,928,1,"(511.0, 629.0)"
1770300615.607,928,1,"(511.0, 668.0)"
1770300615.619,928,1,"(511.0, 668.0)"
1770300615.63,928,1,"(511.0, 708.0)"
1770300615.641,928,1,"(511.0, 708.0)"
1770300615.653,928,1,"(511.0, 708.0)"
1770300615.664,928,1,"(511.0, 708.0)"
1770300615.674,928,1,"(511.0, 708.0)"
1770300615.685,928,1,"(511.0, 708.0)"
1770300615.696,928,1,"(511.0, 668.0)"
1770300615.707,928,1,"(511.0, 668.0)"
1770300615.72,928,1,"(511.0, 629.0)"
1770300615.73,928,1,"(511.0, 590.0)"
1770300615.741,928,1,"(511.0, 590.0)"
1770300615.753,928,1,"(511.0, 550.0)"
1770300615.764,928,1,"(511.0, 511.0)"
1770300615.774,928,1,"(511.0, 472.0)"
1770300615.785,928,1,"(511.0, 393.0)"
1770300615.796,928,1,"(511.0, 314.0)"
1770300615.806,928,1,"(511.0, 236.0)"
1770300615.816,928,1,"(511.0, 157.0)"
1770300615.827,928,1,"(511.0, 118.0)"
1770300615.838,928,1,"(511.0, 78.0)"
1770300615.85,928,1,"(511.0, 39.0)"
1770300615.86,928,1,"(511.0, 0.0)"
1770300615.871,928,1,"(511.0, 0.0)"
1770300615.882,928,1,"(511.0, 0.0)"
1770300615.892,928,1,"(511.0, 0.0)"
1770300615.903,928,1,"(511.0, 0.0)"
1770300615.913,928,1,"(511.0, 0.0)"
1770300615.924,928,1,"(511.0, 0.0)"
1770300615.935,928,1,"(511.0, 0.0)"
1770300615.947,928,1,"(511.0, 0.0)"
1770300615.957,928,1,"(511.0, 0.0)"
1770300615.969,928,1,"(511.0, 0.0)"
1770300615.979,928,1,"(511.0, 0.0)"
1770300615.99,928,1,"(511.0, 0.0)"
1770300616.001,928,1,"(511.0, 0.0)"
1770300616.012,928,1,"(511.0, 0.0)"
1770300616.022,928,1,"(511.0, 0.0)"
1770300616.035,928,1,"(511.0, 0.0)"
1770300616.045,928,1,"(511.0, 0.0)"
1770300616.056,928,1,"(511.0, 0.0)"
1770300616.069,928,1,"(511.0, 0.0)"
1770300616.08,928,1,"(511.0, 0.0)"
1770300616.091,928,1,"(511.0, 0.0)"
1770300616.101,928,1,"(511.0, 0.0)"
1770300616.112,928,1,"(511.0, 0.0)"
1770300616.123,928,1,"(511.0, 0.0)"
1770300616.134,928,1,"(511.0, 0.0)"
1770300616.146,928,1,"(511.0, 0.0)"
1770300616.156,928,1,"(511.0, 0.0)"
1770300616.166,928,1,"(511.0, 0.0)"
1770300616.177,928,1,"(511.0, 0.0)"
1770300616.187,928,1,"(511.0, 0.0)"
1770300616.198,928,1,"(511.0, 0.0)"
1770300616.208,928,1,"(511.0, 0.0)"
1770300616.218,928,1,"(511.0, 0.0)"
1770300616.228,928,1,"(511.0, 0.0)"
1770300616.239,928,1,"(511.0, 0.0)"
1770300616.251,928,1,"(511.0, 0.0)"
1770300616.261,928,1,"(511.0, 0.0)"
1770300616.272,928,1,"(511.0, 0.0)"
1770300616.282,928,1,"(511.0, 0.0)"
1770300616.293,928,1,"(511.0, 0.0)"
1770300616.303,928,1,"(511.0, 0.0)"
1770300616.313,928,1,"(511.0, 0.0)"
1770300616.324,928,1,"(511.0, 0.0)"
1770300616.337,928,1,"(511.0, 0.0)"
1770300616.347,928,1,"(511.0, 0.0)"
1770300616.358,928,1,"(511.0, 0.0)"
1770300616.37,928,1,"(511.0, 0.0)"
1770300616.38,928,1,"(511.0, 0.0)"
1770300616.391,928,1,"(511.0, 0.0)"
1770300616.401,928,1,"(511.0, 0.0)"
1770300616.411,928,1,"(511.0, 0.0)"
1770300616.422,928,1,"(511.0, 0.0)"
1770300616.433,928,1,"(511.0, 0.0)"
1770300616.444,928,1,"(511.0, 0.0)"
1770300616.456,928,1,"(511.0, 0.0)"
1770300616.466,928,1,"(511.0, 0.0)"
1770300616.477,928,1,"(511.0, 0.0)"
1770300616.487,928,1,"(511.0, 0.0)"
1770300616.498,928,1,"(511.0, 0.0)"
1770300616.508,928,1,"(511.0, 0.0)"
1770300616.519,928,1,"(511.0, 0.0)"
1770300616.529,928,1,"(511.0, 0.0)"
1770300616.541,928,1,"(511.0, 0.0)"
1770300616.551,928,1,"(511.0, 0.0)"
1770300616.561,928,1,"(511.0, 0.0)"
1770300616.572,928,1,"(511.0, 0.0)"
1770300616.582,928,1,"(511.0, 0.0)"
1770300616.593,928,1,"(511.0, 0.0)"
1770300616.603,928,1,"(511.0, 0.0)"
1770300616.613,928,1,"(511.0, 0.0)"
1770300616.624,928,1,"(511.0, 0.0)"
1770300616.634,928,1,"(511.0, 0.0)"
1770300616.644,928,1,"(511.0, 0.0)"
1770300616.656,928,1,"(511.0, 0.0)"
1770300616.666,928,1,"(511.0, 0.0)"
1770300616.677,928,1,"(511.0, 0.0)"
1770300616.689,928,1,"(511.0, 0.0)"
1770300616.7,928,1,"(511.0, 0.0)"
1770300616.711,928,1,"(511.0, 0.0)"
1770300616.721,928,1,"(511.0, 0.0)"
1770300616.731,928,1,"(511.0, 0.0)"
1770300616.742,928,1,"(511.0, 0.0)"
1770300616.752,928,1,"(511.0, 0.0)"
1770300616.763,928,1,"(511.0, 0.0)"
1770300629.834,928,2,"(511.0, 1023.0)"
1770300629.845,928,2,"(511.0, 1023.0)"
1770300629.856,928,2,"(511.0, 992.0)"
1770300629.868,928,2,"(511.0, 992.0)"
1770300629.878,928,2,"(511.0, 992.0)"
1770300629.888,928,2,"(511.0, 961.0)"
1770300629.901,928,2,"(511.0, 961.0)"
1770300629.912,928,2,"(511.0, 930.0)"
1770300629.923,928,2,"(511.0, 899.0)"
1770300629.937,928,2,"(511.0, 899.0)"
1770300629.948,928,2,"(341.0, 868.0)"
1770300629.958,928,2,"(511.0, 868.0)"
1770300629.97,928,2,"(511.0, 837.0)"
1770300629.981,928,2,"(511.0, 837.0)"
1770300629.991,928,2,"(682.0, 806.0)"
1770300630.002,928,2,"(682.0, 806.0)"
1770300630.012,928,2,"(511.0, 806.0)"
1770300630.023,928,2,"(341.0, 806.0)"
1770300630.033,928,2,"(852.0, 775.0)"
1770300630.043,928,2,"(341.0, 775.0)"
1770300630.055,928,2,"(511.0, 744.0)"
1770300630.065,928,2,"(511.0, 713.0)"
1770300630.076,928,2,"(511.0, 651.0)"
1770300630.087,928,2,"(682.0, 651.0)"
1770300630.098,928,2,"(511.0, 651.0)"
1770300630.108,928,2,"(511.0, 651.0)"
1770300630.121,928,2,"(682.0, 651.0)"
1770300630.132,928,2,"(511.0, 651.0)"
1770300630.142,928,2,"(511.0, 620.0)"
1770300630.153,928,2,"(511.0, 620.0)"
1770300630.164,928,2,"(511.0, 589.0)"
1770300630.175,928,2,"(511.0, 589.0)"
1770300630.187,928,2,"(511.0, 558.0)"
1770300630.197,928,2,"(511.0, 558.0)"
1770300630.208,928,2,"(511.0, 558.0)"
1770300630.218,928,2,"(511.0, 589.0)"
1770300630.228,928,2,"(511.0, 589.0)"
1770300630.238,928,2,"(511.0, 589.0)"
1770300630.248,928,2,"(511.0, 558.0)"
1770300630.259,928,2,"(511.0, 527.0)"
1770300630.271,928,2,"(682.0, 527.0)"
1770300630.281,928,2,"(682.0, 496.0)"
1770300630.292,928,2,"(511.0, 496.0)"
1770300630.304,928,2,"(511.0, 496.0)"
1770300630.314,928,2,"(511.0, 496.0)"
1770300630.325,928,2,"(511.0, 465.0)"
1770300630.336,928,2,"(511.0, 465.0)"
1770300630.346,928,2,"(511.0, 434.0)"
1770300630.357,928,2,"(511.0, 434.0)"
1770300630.367,928,2,"(511.0, 434.0)"
1770300630.378,928,2,"(682.0, 434.0)"
1770300630.391,928,2,"(341.0, 434.0)"
1770300630.402,928,2,"(511.0, 434.0)"
1770300630.413,928,2,"(511.0, 434.0)"
1770300630.424,928,2,"(511.0, 434.0)"
1770300630.434,928,2,"(511.0, 465.0)"
1770300630.445,928,2,"(511.0, 496.0)"
1770300630.458,928,2,"(511.0, 527.0)"
1770300630.468,928,2,"(511.0, 527.0)"
1770300630.478,928,2,"(511.0, 496.0)"
1770300630.49,928,2,"(511.0, 496.0)"
1770300630.502,928,2,"(511.0, 496.0)"
1770300630.512,928,2,"(511.0, 496.0)"
1770300630.523,928,2,"(341.0, 496.0)"
1770300630.534,928,2,"(341.0, 496.0)"
1770300630.544,928,2,"(511.0, 496.0)"
1770300630.555,928,2,"(511.0, 496.0)"
1770300630.565,928,2,"(341.0, 496.0)"
1770300630.575,928,2,"(682.0, 496.0)"
1770300630.586,928,2,"(511.0, 496.0)"
1770300630.596,928,2,"(511.0, 527.0)"
1770300630.606,928,2,"(511.0, 527.0)"
1770300630.616,928,2,"(511.0, 527.0)"
1770300630.627,928,2,"(511.0, 527.0)"
1770300630.638,928,2,"(682.0, 527.0)"
1770300630.649,928,2,"(511.0, 558.0)"
1770300630.66,928,2,"(511.0, 558.0)"
1770300630.67,928,2,"(511.0, 558.0)"
1770300630.68,928,2,"(682.0, 558.0)"
1770300630.691,928,2,"(682.0, 527.0)"
1770300630.701,928,2,"(511.0, 527.0)"
1770300630.711,928,2,"(511.0, 527.0)"
1770300630.721,928,2,"(511.0, 527.0)"
1770300630.732,928,2,"(341.0, 558.0)"
1770300630.743,928,2,"(682.0, 558.0)"
1770300630.753,928,2,"(511.0, 558.0)"
1770300630.763,928,2,"(511.0, 558.0)"
1770300630.775,928,2,"(511.0, 558.0)"
1770300630.785,928,2,"(511.0, 589.0)"
1770300630.795,928,2,"(511.0, 558.0)"
1770300630.808,928,2,"(511.0, 558.0)"
1770300630.818,928,2,"(511.0, 558.0)"
1770300630.828,928,2,"(511.0, 527.0)"
1770300630.842,928,2,"(511.0, 527.0)"
1770300630.853,928,2,"(511.0, 496.0)"
1770300630.863,928,2,"(511.0, 496.0)"
1770300630.875,928,2,"(511.0, 465.0)"
1770300630.885,928,2,"(511.0, 465.0)"
1770300630.896,928,2,"(341.0, 434.0)"
1770300630.906,928,2,"(511.0, 434.0)"
1770300630.916,928,2,"(511.0, 434.0)"
1770300630.927,928,2,"(511.0, 434.0)"
1770300630.937,928,2,"(511.0, 434.0)"
1770300630.948,928,2,"(341.0, 434.0)"
1770300630.96,928,2,"(511.0, 434.0)"
1770300630.971,928,2,"(511.0, 434.0)"
1770300630.982,928,2,"(511.0, 434.0)"
1770300630.992,928,2,"(511.0, 434.0)"
1770300631.002,928,2,"(511.0, 434.0)"
1770300631.013,928,2,"(511.0, 434.0)"
1770300631.025,928,2,"(511.0, 434.0)"
1770300631.036,928,2,"(511.0, 434.0)"
1770300631.046,928,2,"(511.0, 434.0)"
1770300631.057,928,2,"(511.0, 434.0)"
1770300631.068,928,2,"(511.0, 434.0)"
1770300631.078,928,2,"(511.0, 465.0)"
1770300631.088,928,2,"(682.0, 465.0)"
1770300631.099,928,2,"(511.0, 496.0)"
1770300631.111,928,2,"(511.0, 496.0)"
1770300631.122,928,2,"(511.0, 496.0)"
1770300631.132,928,2,"(511.0, 496.0)"
1770300631.143,928,2,"(511.0, 496.0)"
1770300631.154,928,2,"(511.0, 465.0)"
1770300631.165,928,2,"(511.0, 434.0)"
1770300631.175,928,2,"(511.0, 434.0)"
1770300631.186,928,2,"(511.0, 403.0)"
1770300631.198,928,2,"(511.0, 403.0)"
1770300631.208,928,2,"(511.0, 372.0)"
1770300631.218,928,2,"(511.0, 341.0)"
1770300631.231,928,2,"(511.0, 341.0)"
1770300631.242,928,2,"(511.0, 310.0)"
1770300631.252,928,2,"(511.0, 310.0)"
1770300631.263,928,2,"(511.0, 310.0)"
1770300631.274,928,2,"(682.0, 310.0)"
1770300631.285,928,2,"(511.0, 310.0)"
1770300631.295,928,2,"(511.0, 310.0)"
1770300631.305,928,2,"(511.0, 279.0)"
1770300631.316,928,2,"(511.0, 279.0)"
1770300631.33,928,2,"(511.0, 248.0)"
1770300631.341,928,2,"(511.0, 248.0)"
1770300631.352,928,2,"(511.0, 248.0)"
1770300631.363,928,2,"(511.0, 248.0)"
1770300631.374,928,2,"(511.0, 248.0)"
1770300631.384,928,2,"(511.0, 248.0)"
1770300631.395,928,2,"(511.0, 248.0)"
1770300631.405,928,2,"(511.0, 248.0)"
1770300631.416,928,2,"(511.0, 248.0)"
1770300631.426,928,2,"(511.0, 279.0)"
1770300631.436,928,2,"(511.0, 279.0)"
1770300631.446,928,2,"(511.0, 310.0)"
1770300631.457,928,2,"(341.0, 310.0)"
1770300631.467,928,2,"(511.0, 310.0)"
1770300631.478,928,2,"(511.0, 310.0)"
1770300631.489,928,2,"(511.0, 341.0)"
1770300631.5,928,2,"(511.0, 341.0)"
1770300631.513,928,2,"(511.0, 372.0)"
1770300631.523,928,2,"(511.0, 372.0)"
1770300631.534,928,2,"(341.0, 372.0)"
1770300631.544,928,2,"(682.0, 372.0)"
1770300631.554,928,2,"(511.0, 403.0)"
1770300631.565,928,2,"(511.0, 434.0)"
1770300631.576,928,2,"(682.0, 465.0)"
1770300631.588,928,2,"(682.0, 465.0)"
1770300631.598,928,2,"(341.0, 496.0)"
1770300631.608,928,2,"(341.0, 496.0)"
1770300631.619,928,2,"(511.0, 496.0)"
1770300631.63,928,2,"(511.0, 527.0)"
1770300631.64,928,2,"(511.0, 527.0)"
1770300631.652,928,2,"(511.0, 558.0)"
1770300631.663,928,2,"(511.0, 558.0)"
1770300631.674,928,2,"(511.0, 558.0)"
1770300631.684,928,2,"(341.0, 527.0)"
1770300631.694,928,2,"(511.0, 527.0)"
1770300631.705,928,2,"(511.0, 527.0)"
1770300631.715,928,2,"(511.0, 527.0)"
1770300631.727,928,2,"(511.0, 527.0)"
1770300631.737,928,2,"(511.0, 558.0)"
1770300631.749,928,2,"(511.0, 558.0)"
1770300631.759,928,2,"(511.0, 558.0)"
1770300631.769,928,2,"(511.0, 589.0)"
1770300631.78,928,2,"(511.0, 620.0)"
1770300631.79,928,2,"(511.0, 620.0)"
1770300631.801,928,2,"(511.0, 589.0)"
1770300631.811,928,2,"(511.0, 558.0)"
1770300631.822,928,2,"(511.0, 558.0)"
1770300631.832,928,2,"(511.0, 527.0)"
1770300631.843,928,2,"(341.0, 527.0)"
1770300631.853,928,2,"(511.0, 527.0)"
1770300631.865,928,2,"(511.0, 558.0)"
1770300631.876,928,2,"(682.0, 558.0)"
1770300631.887,928,2,"(170.0, 558.0)"
1770300631.897,928,2,"(511.0, 558.0)"
1770300631.91,928,2,"(511.0, 558.0)"
1770300631.92,928,2,"(511.0, 589.0)"
1770300631.931,928,2,"(511.0, 589.0)"
1770300631.941,928,2,"(511.0, 620.0)"
1770300631.951,928,2,"(511.0, 651.0)"
1770300631.964,928,2,"(511.0, 651.0)"
1770300631.974,928,2,"(511.0, 682.0)"
1770300631.985,928,2,"(511.0, 682.0)"
1770300631.997,928,2,"(511.0, 682.0)"
1770300632.008,928,2,"(511.0, 651.0)"
1770300632.018,928,2,"(511.0, 651.0)"
1770300632.031,928,2,"(511.0, 651.0)"
1770300632.042,928,2,"(511.0, 651.0)"
1770300632.053,928,2,"(511.0, 651.0)"
1770300632.065,928,2,"(511.0, 620.0)"
1770300632.076,928,2,"(511.0, 620.0)"
1770300632.086,928,2,"(511.0, 620.0)"
1770300632.099,928,2,"(511.0, 589.0)"
1770300632.11,928,2,"(511.0, 589.0)"
1770300632.121,928,2,"(511.0, 558.0)"
1770300632.134,928,2,"(511.0, 527.0)"
1770300632.144,928,2,"(511.0, 496.0)"
1770300632.155,928,2,"(511.0, 496.0)"
1770300632.167,928,2,"(511.0, 496.0)"
1770300632.178,928,2,"(511.0, 496.0)"
1770300632.188,928,2,"(511.0, 496.0)"
1770300632.199,928,2,"(511.0, 496.0)"
1770300632.21,928,2,"(682.0, 496.0)"
1770300632.221,928,2,"(852.0, 496.0)"
1770300632.232,928,2,"(341.0, 496.0)"
1770300632.243,928,2,"(511.0, 496.0)"
1770300632.254,928,2,"(682.0, 527.0)"
1770300632.264,928,2,"(511.0, 527.0)"
1770300632.276,928,2,"(511.0, 558.0)"
1770300632.287,928,2,"(511.0, 558.0)"
1770300632.298,928,2,"(511.0, 558.0)"
1770300632.31,928,2,"(511.0, 558.0)"
1770300632.321,928,2,"(511.0, 558.0)"
1770300632.332,928,2,"(511.0, 558.0)"
1770300632.343,928,2,"(511.0, 558.0)"
1770300632.354,928,2,"(511.0, 558.0)"
1770300632.365,928,2,"(511.0, 558.0)"
1770300632.376,928,2,"(511.0, 558.0)"
1770300632.386,928,2,"(511.0, 558.0)"
1770300632.4,928,2,"(511.0, 558.0)"
1770300632.41,928,2,"(511.0, 558.0)"
1770300632.421,928,2,"(511.0, 527.0)"
1770300632.433,928,2,"(511.0, 527.0)"
1770300632.443,928,2,"(511.0, 496.0)"
1770300632.453,928,2,"(511.0, 465.0)"
1770300632.464,928,2,"(511.0, 434.0)"
1770300632.474,928,2,"(511.0, 403.0)"
1770300632.485,928,2,"(511.0, 372.0)"
1770300632.495,928,2,"(511.0, 341.0)"
1770300632.506,928,2,"(511.0, 341.0)"
1770300632.518,928,2,"(511.0, 310.0)"
1770300632.528,928,2,"(511.0, 279.0)"
1770300632.539,928,2,"(511.0, 248.0)"
1770300632.551,928,2,"(511.0, 248.0)"
1770300632.562,928,2,"(511.0, 248.0)"
1770300632.573,928,2,"(511.0, 248.0)"
1770300632.583,928,2,"(511.0, 217.0)"
1770300632.594,928,2,"(511.0, 217.0)"
1770300632.605,928,2,"(511.0, 186.0)"
1770300632.617,928,2,"(511.0, 186.0)"
1770300632.627,928,2,"(511.0, 186.0)"
1770300632.638,928,2,"(511.0, 186.0)"
1770300632.651,928,2,"(341.0, 186.0)"
1770300632.661,928,2,"(341.0, 217.0)"
1770300632.672,928,2,"(341.0, 248.0)"
1770300632.685,928,2,"(511.0, 248.0)"
1770300632.696,928,2,"(511.0, 310.0)"
1770300632.707,928,2,"(341.0, 310.0)"
1770300632.717,928,2,"(511.0, 310.0)"
1770300632.728,928,2,"(511.0, 310.0)"
1770300632.738,928,2,"(511.0, 341.0)"
1770300632.75,928,2,"(511.0, 341.0)"
1770300632.761,928,2,"(511.0, 372.0)"
1770300632.771,928,2,"(682.0, 372.0)"
1770300632.782,928,2,"(511.0, 403.0)"
1770300632.792,928,2,"(511.0, 403.0)"
1770300632.802,928,2,"(511.0, 434.0)"
1770300632.813,928,2,"(511.0, 434.0)"
1770300632.824,928,2,"(511.0, 465.0)"
1770300632.836,928,2,"(511.0, 465.0)"
1770300632.847,928,2,"(511.0, 496.0)"
1770300645.875,928,3,"(511.0, 0.0)"
1770300645.885,928,3,"(511.0, 0.0)"
1770300645.896,928,3,"(511.0, 0.0)"
1770300645.91,928,3,"(511.0, 0.0)"
1770300645.922,928,3,"(511.0, 0.0)"
1770300645.932,928,3,"(511.0, 0.0)"
1770300645.943,928,3,"(511.0, 0.0)"
1770300645.953,928,3,"(511.0, 0.0)"
1770300645.963,928,3,"(511.0, 0.0)"
1770300645.974,928,3,"(511.0, 0.0)"
1770300645.984,928,3,"(511.0, 0.0)"
1770300645.995,928,3,"(511.0, 0.0)"
1770300646.006,928,3,"(511.0, 0.0)"
1770300646.016,928,3,"(511.0, 0.0)"
1770300646.026,928,3,"(511.0, 0.0)"
1770300646.037,928,3,"(511.0, 0.0)"
1770300646.047,928,3,"(511.0, 0.0)"
1770300646.057,928,3,"(511.0, 0.0)"
1770300646.068,928,3,"(511.0, 0.0)"
1770300646.079,928,3,"(511.0, 0.0)"
1770300646.09,928,3,"(511.0, 0.0)"
1770300646.1,928,3,"(511.0, 0.0)"
1770300646.112,928,3,"(511.0, 0.0)"
1770300646.122,928,3,"(511.0, 0.0)"
1770300646.132,928,3,"(511.0, 0.0)"
1770300646.144,928,3,"(511.0, 0.0)"
1770300646.154,928,3,"(511.0, 0.0)"
1770300646.165,928,3,"(511.0, 0.0)"
1770300646.175,928,3,"(511.0, 0.0)"
1770300646.186,928,3,"(511.0, 0.0)"
1770300646.198,928,3,"(511.0, 0.0)"
1770300646.208,928,3,"(511.0, 0.0)"
1770300646.219,928,3,"(511.0, 0.0)"
1770300646.23,928,3,"(511.0, 0.0)"
1770300646.241,928,3,"(511.0, 0.0)"
1770300646.251,928,3,"(511.0, 0.0)"
1770300646.263,928,3,"(511.0, 0.0)"
1770300646.273,928,3,"(511.0, 0.0)"
1770300646.284,928,3,"(511.0, 0.0)"
1770300646.295,928,3,"(511.0, 0.0)"
1770300646.305,928,3,"(511.0, 0.0)"
1770300646.316,928,3,"(511.0, 0.0)"
1770300646.327,928,3,"(511.0, 0.0)"
1770300646.337,928,3,"(511.0, 0.0)"
1770300646.348,928,3,"(511.0, 0.0)"
1770300646.358,928,3,"(511.0, 0.0)"
1770300646.369,928,3,"(511.0, 0.0)"
1770300646.381,928,3,"(511.0, 0.0)"
1770300646.391,928,3,"(511.0, 0.0)"
1770300646.402,928,3,"(511.0, 0.0)"
1770300646.413,928,3,"(511.0, 0.0)"
1770300646.423,928,3,"(511.0, 0.0)"
1770300646.434,928,3,"(511.0, 0.0)"
1770300646.445,928,3,"(511.0, 0.0)"
1770300646.456,928,3,"(511.0, 0.0)"
1770300646.466,928,3,"(511.0, 0.0)"
1770300646.476,928,3,"(511.0, 0.0)"
1770300646.488,928,3,"(511.0, 0.0)"
1770300646.5,928,3,"(511.0, 0.0)"
1770300646.511,928,3,"(511.0, 0.0)"
1770300646.521,928,3,"(511.0, 0.0)"
1770300646.531,928,3,"(511.0, 0.0)"
1770300646.542,928,3,"(511.0, 0.0)"
1770300646.552,928,3,"(511.0, 0.0)"
1770300646.562,928,3,"(511.0, 0.0)"
1770300646.572,928,3,"(511.0, 0.0)"
1770300646.583,928,3,"(511.0, 0.0)"
1770300646.594,928,3,"(511.0, 0.0)"
1770300646.604,928,3,"(511.0, 0.0)"
1770300646.615,928,3,"(511.0, 0.0)"
1770300646.625,928,3,"(511.0, 0.0)"
1770300646.635,928,3,"(511.0, 0.0)"
1770300646.646,928,3,"(511.0, 0.0)"
1770300646.657,928,3,"(511.0, 0.0)"
1770300646.667,928,3,"(511.0, 0.0)"
1770300646.679,928,3,"(511.0, 0.0)"
1770300646.69,928,3,"(511.0, 0.0)"
1770300646.702,928,3,"(511.0, 0.0)"
1770300646.712,928,3,"(511.0, 0.0)"
1770300646.722,928,3,"(511.0, 0.0)"
1770300646.733,928,3,"(511.0, 0.0)"
1770300646.744,928,3,"(511.0, 0.0)"
1770300646.754,928,3,"(511.0, 0.0)"
1770300646.764,928,3,"(511.0, 0.0)"
1770300646.775,928,3,"(511.0, 0.0)"
1770300646.787,928,3,"(511.0, 0.0)"
1770300646.798,928,3,"(511.0, 0.0)"
1770300646.809,928,3,"(511.0, 0.0)"
1770300646.82,928,3,"(511.0, 0.0)"
1770300646.83,928,3,"(511.0, 0.0)"
1770300646.841,928,3,"(511.0, 0.0)"
1770300646.851,928,3,"(511.0, 0.0)"
1770300646.862,928,3,"(511.0, 0.0)"
1770300646.873,928,3,"(511.0, 0.0)"
1770300646.884,928,3,"(511.0, 0.0)"
1770300646.894,928,3,"(511.0, 0.0)"
1770300646.905,928,3,"(511.0, 0.0)"
1770300646.919,928,3,"(511.0, 0.0)"
1770300646.931,928,3,"(511.0, 0.0)"
1770300646.942,928,3,"(511.0, 0.0)"
1770300646.952,928,3,"(511.0, 0.0)"
1770300646.963,928,3,"(511.0, 0.0)"
1770300646.973,928,3,"(511.0, 0.0)"
1770300646.983,928,3,"(511.0, 0.0)"
1770300646.995,928,3,"(511.0, 0.0)"
1770300647.006,928,3,"(511.0, 0.0)"
1770300647.017,928,3,"(511.0, 0.0)"
1770300647.027,928,3,"(511.0, 0.0)"
1770300647.038,928,3,"(511.0, 0.0)"
1770300647.049,928,3,"(511.0, 0.0)"
1770300647.06,928,3,"(511.0, 0.0)"
1770300647.07,928,3,"(511.0, 0.0)"
1770300647.083,928,3,"(511.0, 0.0)"
1770300647.093,928,3,"(511.0, 0.0)"
1770300647.103,928,3,"(511.0, 0.0)"
1770300647.114,928,3,"(511.0, 0.0)"
1770300647.124,928,3,"(511.0, 0.0)"
1770300647.135,928,3,"(511.0, 0.0)"
1770300647.146,928,3,"(511.0, 0.0)"
1770300647.156,928,3,"(511.0, 0.0)"
1770300647.167,928,3,"(511.0, 0.0)"
1770300647.178,928,3,"(511.0, 0.0)"
1770300647.188,928,3,"(511.0, 0.0)"
1770300647.201,928,3,"(511.0, 0.0)"
1770300647.212,928,3,"(511.0, 0.0)"
1770300647.222,928,3,"(511.0, 0.0)"
1770300647.233,928,3,"(511.0, 0.0)"
1770300647.244,928,3,"(511.0, 0.0)"
1770300647.254,928,3,"(511.0, 0.0)"
1770300647.265,928,3,"(511.0, 0.0)"
1770300647.277,928,3,"(511.0, 0.0)"
1770300647.287,928,3,"(511.0, 0.0)"
1770300647.298,928,3,"(511.0, 0.0)"
1770300647.308,928,3,"(511.0, 0.0)"
1770300647.319,928,3,"(511.0, 0.0)"
1770300647.333,928,3,"(511.0, 0.0)"
1770300647.343,928,3,"(511.0, 0.0)"
1770300647.353,928,3,"(511.0, 0.0)"
1770300647.366,928,3,"(511.0, 0.0)"
1770300647.377,928,3,"(511.0, 0.0)"
1770300647.387,928,3,"(511.0, 0.0)"
1770300647.399,928,3,"(511.0, 0.0)"
1770300647.409,928,3,"(511.0, 0.0)"
1770300647.419,928,3,"(511.0, 0.0)"
1770300647.431,928,3,"(511.0, 0.0)"
1770300647.442,928,3,"(511.0, 0.0)"
1770300647.452,928,3,"(511.0, 0.0)"
1770300647.462,928,3,"(511.0, 0.0)"
1770300647.473,928,3,"(511.0, 0.0)"
1770300647.484,928,3,"(511.0, 0.0)"
1770300647.495,928,3,"(511.0, 0.0)"
1770300647.505,928,3,"(511.0, 0.0)"
1770300647.515,928,3,"(511.0, 0.0)"
1770300647.527,928,3,"(511.0, 0.0)"
1770300647.537,928,3,"(511.0, 0.0)"
1770300647.547,928,3,"(511.0, 0.0)"
1770300647.558,928,3,"(511.0, 0.0)"
1770300647.568,928,3,"(511.0, 0.0)"
1770300647.579,928,3,"(511.0, 0.0)"
1770300647.59,928,3,"(511.0, 0.0)"
1770300647.601,928,3,"(511.0, 0.0)"
1770300647.612,928,3,"(511.0, 0.0)"
1770300647.623,928,3,"(511.0, 0.0)"
1770300647.633,928,3,"(511.0, 0.0)"
1770300647.645,928,3,"(511.0, 0.0)"
1770300647.655,928,3,"(511.0, 0.0)"
1770300647.665,928,3,"(511.0, 0.0)"
1770300647.676,928,3,"(511.0, 0.0)"
1770300647.687,928,3,"(511.0, 0.0)"
1770300647.697,928,3,"(511.0, 0.0)"
1770300647.708,928,3,"(511.0, 0.0)"
1770300647.718,928,3,"(511.0, 0.0)"
1770300647.729,928,3,"(511.0, 0.0)"
1770300647.739,928,3,"(511.0, 0.0)"
1770300647.75,928,3,"(511.0, 0.0)"
1770300647.76,928,3,"(511.0, 0.0)"
1770300647.771,928,3,"(511.0, 0.0)"
1770300647.781,928,3,"(511.0, 0.0)"
1770300647.792,928,3,"(511.0, 0.0)"
1770300647.802,928,3,"(511.0, 0.0)"
1770300647.813,928,3,"(511.0, 0.0)"
1770300647.823,928,3,"(511.0, 0.0)"
1770300647.834,928,3,"(511.0, 0.0)"
1770300647.846,928,3,"(511.0, 0.0)"
1770300647.857,928,3,"(511.0, 0.0)"
1770300647.868,928,3,"(511.0, 0.0)"
1770300647.879,928,3,"(511.0, 0.0)"
1770300647.89,928,3,"(511.0, 0.0)"
1770300647.901,928,3,"(511.0, 0.0)"
1770300647.913,928,3,"(511.0, 0.0)"
1770300647.923,928,3,"(511.0, 0.0)"
1770300647.933,928,3,"(511.0, 0.0)"
1770300647.945,928,3,"(511.0, 0.0)"
1770300647.956,928,3,"(511.0, 0.0)"
1770300647.966,928,3,"(511.0, 0.0)"
1770300647.979,928,3,"(511.0, 0.0)"
1770300647.991,928,3,"(511.0, 0.0)"
1770300648.002,928,3,"(511.0, 0.0)"
1770300648.013,928,3,"(511.0, 0.0)"
1770300648.023,928,3,"(511.0, 0.0)"
1770300648.033,928,3,"(511.0, 0.0)"
1770300648.044,928,3,"(511.0, 0.0)"
1770300648.055,928,3,"(511.0, 0.0)"
1770300648.066,928,3,"(511.0, 0.0)"
1770300648.077,928,3,"(511.0, 0.0)"
1770300648.087,928,3,"(511.0, 0.0)"
1770300648.097,928,3,"(511.0, 0.0)"
1770300648.109,928,3,"(511.0, 0.0)"
1770300648.12,928,3,"(511.0, 0.0)"
1770300648.131,928,3,"(511.0, 0.0)"
1770300648.142,928,3,"(511.0, 0.0)"
1770300648.152,928,3,"(511.0, 0.0)"
1770300648.162,928,3,"(511.0, 0.0)"
1770300648.176,928,3,"(511.0, 0.0)"
1770300648.187,928,3,"(511.0, 0.0)"
1770300648.197,928,3,"(511.0, 0.0)"
1770300648.208,928,3,"(511.0, 0.0)"
1770300648.22,928,3,"(511.0, 0.0)"
1770300648.23,928,3,"(511.0, 0.0)"
1770300648.242,928,3,"(511.0, 0.0)"
1770300648.253,928,3,"(511.0, 0.0)"
1770300648.264,928,3,"(511.0, 0.0)"
1770300648.276,928,3,"(511.0, 0.0)"
1770300648.286,928,3,"(511.0, 0.0)"
1770300648.297,928,3,"(511.0, 0.0)"
1770300648.307,928,3,"(511.0, 0.0)"
1770300648.317,928,3,"(511.0, 0.0)"
1770300648.328,928,3,"(511.0, 0.0)"
1770300648.338,928,3,"(511.0, 0.0)"
1770300648.348,928,3,"(511.0, 0.0)"
1770300648.36,928,3,"(511.0, 0.0)"
1770300648.37,928,3,"(511.0, 0.0)"
1770300648.381,928,3,"(511.0, 0.0)"
1770300648.395,928,3,"(511.0, 0.0)"
1770300648.405,928,3,"(511.0, 0.0)"
1770300648.415,928,3,"(511.0, 0.0)"
1770300648.428,928,3,"(511.0, 0.0)"
1770300648.439,928,3,"(511.0, 0.0)"
1770300648.45,928,3,"(511.0, 0.0)"
1770300648.46,928,3,"(511.0, 0.0)"
1770300648.471,928,3,"(511.0, 0.0)"
1770300648.481,928,3,"(511.0, 0.0)"
1770300648.492,928,3,"(511.0, 0.0)"
1770300648.502,928,3,"(511.0, 0.0)"
1770300648.513,928,3,"(511.0, 0.0)"
1770300648.525,928,3,"(511.0, 0.0)"
1770300648.536,928,3,"(511.0, 0.0)"
1770300648.547,928,3,"(511.0, 0.0)"
1770300648.557,928,3,"(511.0, 0.0)"
1770300648.567,928,3,"(511.0, 0.0)"
1770300648.578,928,3,"(511.0, 0.0)"
1770300648.589,928,3,"(511.0, 0.0)"
1770300648.599,928,3,"(511.0, 0.0)"
1770300648.61,928,3,"(511.0, 0.0)"
1770300648.621,928,3,"(511.0, 0.0)"
1770300648.631,928,3,"(511.0, 0.0)"
1770300648.642,928,3,"(511.0, 0.0)"
1770300648.652,928,3,"(511.0, 0.0)"
1770300648.664,928,3,"(511.0, 0.0)"
1770300648.674,928,3,"(511.0, 0.0)"
1770300648.684,928,3,"(511.0, 0.0)"
1770300648.697,928,3,"(511.0, 0.0)"
1770300648.708,928,3,"(511.0, 0.0)"
1770300648.719,928,3,"(511.0, 0.0)"
1770300648.731,928,3,"(511.0, 0.0)"
1770300648.742,928,3,"(511.0, 0.0)"
1770300648.753,928,3,"(511.0, 0.0)"
1770300648.765,928,3,"(511.0, 0.0)"
1770300648.776,928,3,"(511.0, 0.0)"
1770300648.786,928,3,"(511.0, 0.0)"
1770300648.798,928,3,"(511.0, 0.0)"
1770300648.808,928,3,"(511.0, 0.0)"
1770300648.82,928,3,"(511.0, 0.0)"
1770300648.831,928,3,"(511.0, 0.0)"
1770300648.842,928,3,"(511.0, 0.0)"
1770300648.852,928,3,"(511.0, 0.0)"
1770300648.863,928,3,"(511.0, 0.0)"
1770300648.873,928,3,"(511.0, 0.0)"
1770300678.704,928,4,"(511.0, 186.0)"
1770300678.715,928,4,"(511.0, 186.0)"
1770300678.725,928,4,"(511.0, 186.0)"
1770300678.737,928,4,"(511.0, 186.0)"
1770300678.747,928,4,"(511.0, 186.0)"
1770300678.758,928,4,"(511.0, 186.0)"
1770300678.768,928,4,"(511.0, 186.0)"
1770300678.779,928,4,"(511.0, 186.0)"
1770300678.789,928,4,"(511.0, 186.0)"
1770300678.8,928,4,"(511.0, 217.0)"
1770300678.811,928,4,"(511.0, 217.0)"
1770300678.822,928,4,"(682.0, 217.0)"
1770300678.832,928,4,"(511.0, 217.0)"
1770300678.842,928,4,"(511.0, 248.0)"
1770300678.853,928,4,"(511.0, 248.0)"
1770300678.864,928,4,"(511.0, 248.0)"
1770300678.874,928,4,"(341.0, 248.0)"
1770300678.884,928,4,"(511.0, 248.0)"
1770300678.894,928,4,"(341.0, 248.0)"
1770300678.905,928,4,"(341.0, 248.0)"
1770300678.915,928,4,"(341.0, 279.0)"
1770300678.926,928,4,"(511.0, 310.0)"
1770300678.936,928,4,"(511.0, 341.0)"
1770300678.946,928,4,"(511.0, 372.0)"
1770300678.959,928,4,"(511.0, 372.0)"
1770300678.97,928,4,"(511.0, 403.0)"
1770300678.981,928,4,"(511.0, 434.0)"
1770300678.991,928,4,"(511.0, 434.0)"
1770300679.002,928,4,"(511.0, 434.0)"
1770300679.012,928,4,"(511.0, 465.0)"
1770300679.024,928,4,"(511.0, 465.0)"
1770300679.035,928,4,"(341.0, 496.0)"
1770300679.046,928,4,"(341.0, 496.0)"
1770300679.058,928,4,"(511.0, 496.0)"
1770300679.068,928,4,"(511.0, 558.0)"
1770300679.078,928,4,"(511.0, 589.0)"
1770300679.092,928,4,"(511.0, 589.0)"
1770300679.103,928,4,"(682.0, 620.0)"
1770300679.113,928,4,"(682.0, 651.0)"
1770300679.125,928,4,"(341.0, 651.0)"
1770300679.136,928,4,"(682.0, 682.0)"
1770300679.146,928,4,"(511.0, 682.0)"
1770300679.158,928,4,"(511.0, 682.0)"
1770300679.168,928,4,"(341.0, 651.0)"
1770300679.178,928,4,"(511.0, 651.0)"
1770300679.189,928,4,"(511.0, 651.0)"
1770300679.199,928,4,"(511.0, 651.0)"
1770300679.21,928,4,"(511.0, 682.0)"
1770300679.221,928,4,"(511.0, 682.0)"
1770300679.232,928,4,"(511.0, 682.0)"
1770300679.243,928,4,"(682.0, 682.0)"
1770300679.254,928,4,"(511.0, 682.0)"
1770300679.264,928,4,"(511.0, 682.0)"
1770300679.276,928,4,"(511.0, 682.0)"
1770300679.286,928,4,"(682.0, 682.0)"
1770300679.297,928,4,"(511.0, 651.0)"
1770300679.308,928,4,"(511.0, 651.0)"
1770300679.32,928,4,"(682.0, 620.0)"
1770300679.33,928,4,"(682.0, 589.0)"
1770300679.341,928,4,"(341.0, 558.0)"
1770300679.352,928,4,"(511.0, 558.0)"
1770300679.362,928,4,"(511.0, 527.0)"
1770300679.374,928,4,"(511.0, 527.0)"
1770300679.385,928,4,"(511.0, 496.0)"
1770300679.395,928,4,"(682.0, 496.0)"
1770300679.409,928,4,"(682.0, 496.0)"
1770300679.42,928,4,"(682.0, 496.0)"
1770300679.43,928,4,"(682.0, 496.0)"
1770300679.443,928,4,"(511.0, 496.0)"
1770300679.454,928,4,"(511.0, 465.0)"
1770300679.465,928,4,"(511.0, 434.0)"
1770300679.475,928,4,"(511.0, 434.0)"
1770300679.485,928,4,"(511.0, 434.0)"
1770300679.496,928,4,"(511.0, 465.0)"
1770300679.507,928,4,"(511.0, 465.0)"
1770300679.517,928,4,"(341.0, 496.0)"
1770300679.528,928,4,"(511.0, 496.0)"
1770300679.539,928,4,"(511.0, 496.0)"
1770300679.55,928,4,"(511.0, 496.0)"
1770300679.56,928,4,"(511.0, 496.0)"
1770300679.57,928,4,"(511.0, 496.0)"
1770300679.581,928,4,"(511.0, 496.0)"
1770300679.593,928,4,"(511.0, 496.0)"
1770300679.603,928,4,"(511.0, 465.0)"
1770300679.614,928,4,"(511.0, 465.0)"
1770300679.627,928,4,"(511.0, 434.0)"
1770300679.638,928,4,"(511.0, 434.0)"
1770300679.649,928,4,"(511.0, 434.0)"
1770300679.66,928,4,"(511.0, 434.0)"
1770300679.67,928,4,"(511.0, 434.0)"
1770300679.68,928,4,"(682.0, 434.0)"
1770300679.69,928,4,"(511.0, 434.0)"
1770300679.701,928,4,"(511.0, 403.0)"
1770300679.712,928,4,"(511.0, 403.0)"
1770300679.722,928,4,"(511.0, 372.0)"
1770300679.733,928,4,"(511.0, 372.0)"
1770300679.747,928,4,"(511.0, 372.0)"
1770300679.759,928,4,"(511.0, 341.0)"
1770300679.77,928,4,"(511.0, 341.0)"
1770300679.78,928,4,"(511.0, 310.0)"
1770300679.79,928,4,"(511.0, 310.0)"
1770300679.801,928,4,"(511.0, 310.0)"
1770300679.813,928,4,"(511.0, 310.0)"
1770300679.824,928,4,"(511.0, 310.0)"
1770300679.834,928,4,"(511.0, 310.0)"
1770300679.845,928,4,"(511.0, 310.0)"
1770300679.857,928,4,"(511.0, 279.0)"
1770300679.867,928,4,"(511.0, 248.0)"
1770300679.878,928,4,"(511.0, 248.0)"
1770300679.888,928,4,"(511.0, 279.0)"
1770300679.899,928,4,"(511.0, 279.0)"
1770300679.912,928,4,"(511.0, 310.0)"
1770300679.922,928,4,"(511.0, 310.0)"
1770300679.933,928,4,"(511.0, 310.0)"
1770300679.946,928,4,"(511.0, 310.0)"
1770300679.956,928,4,"(511.0, 310.0)"
1770300679.967,928,4,"(511.0, 310.0)"
1770300679.98,928,4,"(511.0, 310.0)"
1770300679.991,928,4,"(511.0, 310.0)"
1770300680.002,928,4,"(511.0, 341.0)"
1770300680.012,928,4,"(511.0, 341.0)"
1770300680.023,928,4,"(511.0, 372.0)"
1770300680.033,928,4,"(511.0, 372.0)"
1770300680.047,928,4,"(511.0, 372.0)"
1770300680.058,928,4,"(511.0, 372.0)"
1770300680.068,928,4,"(511.0, 372.0)"
1770300680.079,928,4,"(511.0, 372.0)"
1770300680.09,928,4,"(511.0, 372.0)"
1770300680.1,928,4,"(682.0, 372.0)"
1770300680.111,928,4,"(511.0, 372.0)"
1770300680.122,928,4,"(511.0, 372.0)"
1770300680.133,928,4,"(511.0, 403.0)"
1770300680.144,928,4,"(511.0, 434.0)"
1770300680.155,928,4,"(511.0, 434.0)"
1770300680.166,928,4,"(511.0, 403.0)"
1770300680.179,928,4,"(511.0, 403.0)"
1770300680.19,928,4,"(511.0, 372.0)"
1770300680.201,928,4,"(511.0, 372.0)"
1770300680.212,928,4,"(511.0, 372.0)"
1770300680.222,928,4,"(511.0, 372.0)"
1770300680.233,928,4,"(511.0, 341.0)"
1770300680.246,928,4,"(511.0, 341.0)"
1770300680.257,928,4,"(511.0, 310.0)"
1770300680.267,928,4,"(511.0, 310.0)"
1770300680.278,928,4,"(511.0, 310.0)"
1770300680.288,928,4,"(511.0, 310.0)"
1770300680.299,928,4,"(511.0, 279.0)"
1770300680.31,928,4,"(511.0, 279.0)"
1770300680.322,928,4,"(511.0, 248.0)"
1770300680.333,928,4,"(511.0, 248.0)"
1770300680.345,928,4,"(511.0, 248.0)"
1770300680.356,928,4,"(511.0, 217.0)"
1770300680.366,928,4,"(511.0, 217.0)"
1770300680.378,928,4,"(511.0, 186.0)"
1770300680.388,928,4,"(511.0, 155.0)"
1770300680.399,928,4,"(511.0, 124.0)"
1770300680.411,928,4,"(511.0, 124.0)"
1770300680.421,928,4,"(511.0, 93.0)"
1770300680.431,928,4,"(511.0, 62.0)"
1770300680.441,928,4,"(511.0, 62.0)"
1770300680.451,928,4,"(511.0, 62.0)"
1770300680.462,928,4,"(511.0, 62.0)"
1770300680.473,928,4,"(511.0, 62.0)"
1770300680.483,928,4,"(511.0, 62.0)"
1770300680.495,928,4,"(511.0, 62.0)"
1770300680.505,928,4,"(511.0, 62.0)"
1770300680.516,928,4,"(511.0, 62.0)"
1770300680.527,928,4,"(511.0, 62.0)"
1770300680.538,928,4,"(511.0, 62.0)"
1770300680.548,928,4,"(511.0, 62.0)"
1770300680.56,928,4,"(511.0, 62.0)"
1770300680.571,928,4,"(511.0, 62.0)"
1770300680.582,928,4,"(511.0, 62.0)"
1770300680.592,928,4,"(511.0, 62.0)"
1770300680.603,928,4,"(511.0, 62.0)"
1770300680.614,928,4,"(511.0, 62.0)"
1770300680.627,928,4,"(511.0, 62.0)"
1770300680.637,928,4,"(511.0, 93.0)"
1770300680.648,928,4,"(511.0, 124.0)"
1770300680.661,928,4,"(511.0, 124.0)"
1770300680.671,928,4,"(511.0, 155.0)"
1770300680.681,928,4,"(511.0, 155.0)"
1770300680.694,928,4,"(511.0, 186.0)"
1770300680.704,928,4,"(511.0, 186.0)"
1770300680.714,928,4,"(511.0, 217.0)"
1770300680.725,928,4,"(511.0, 217.0)"
1770300680.736,928,4,"(511.0, 248.0)"
1770300680.746,928,4,"(511.0, 248.0)"
1770300680.758,928,4,"(511.0, 248.0)"
1770300680.768,928,4,"(511.0, 279.0)"
1770300680.779,928,4,"(341.0, 310.0)"
1770300680.792,928,4,"(341.0, 372.0)"
1770300680.803,928,4,"(682.0, 434.0)"
1770300680.814,928,4,"(682.0, 465.0)"
1770300680.827,928,4,"(511.0, 465.0)"
1770300680.838,928,4,"(682.0, 496.0)"
1770300680.849,928,4,"(511.0, 496.0)"
1770300680.86,928,4,"(511.0, 496.0)"
1770300680.87,928,4,"(511.0, 496.0)"
1770300680.881,928,4,"(682.0, 496.0)"
1770300680.892,928,4,"(511.0, 496.0)"
1770300680.902,928,4,"(511.0, 496.0)"
1770300680.913,928,4,"(511.0, 527.0)"
1770300680.925,928,4,"(341.0, 527.0)"
1770300680.935,928,4,"(511.0, 496.0)"
1770300680.945,928,4,"(511.0, 496.0)"
1770300680.958,928,4,"(511.0, 496.0)"
1770300680.968,928,4,"(511.0, 496.0)"
1770300680.978,928,4,"(511.0, 496.0)"
1770300680.993,928,4,"(511.0, 527.0)"
1770300681.003,928,4,"(511.0, 527.0)"
1770300681.014,928,4,"(682.0, 527.0)"
1770300681.024,928,4,"(511.0, 496.0)"
1770300681.034,928,4,"(511.0, 465.0)"
1770300681.046,928,4,"(511.0, 434.0)"
1770300681.059,928,4,"(511.0, 403.0)"
1770300681.07,928,4,"(511.0, 372.0)"
1770300681.08,928,4,"(511.0, 372.0)"
1770300681.092,928,4,"(511.0, 372.0)"
1770300681.102,928,4,"(511.0, 372.0)"
1770300681.113,928,4,"(511.0, 372.0)"
1770300681.125,928,4,"(511.0, 372.0)"
1770300681.136,928,4,"(511.0, 372.0)"
1770300681.147,928,4,"(511.0, 341.0)"
1770300681.158,928,4,"(511.0, 341.0)"
1770300681.168,928,4,"(511.0, 341.0)"
1770300681.179,928,4,"(511.0, 341.0)"
1770300681.189,928,4,"(511.0, 341.0)"
1770300681.199,928,4,"(511.0, 341.0)"
1770300681.21,928,4,"(511.0, 372.0)"
1770300681.22,928,4,"(511.0, 341.0)"
1770300681.231,928,4,"(511.0, 341.0)"
1770300681.243,928,4,"(511.0, 310.0)"
1770300681.253,928,4,"(511.0, 310.0)"
1770300681.263,928,4,"(511.0, 310.0)"
1770300681.274,928,4,"(511.0, 279.0)"
1770300681.286,928,4,"(511.0, 279.0)"
1770300681.296,928,4,"(511.0, 279.0)"
1770300681.306,928,4,"(511.0, 279.0)"
1770300681.318,928,4,"(511.0, 279.0)"
1770300681.329,928,4,"(682.0, 279.0)"
1770300681.342,928,4,"(511.0, 279.0)"
1770300681.352,928,4,"(511.0, 310.0)"
1770300681.362,928,4,"(511.0, 310.0)"
1770300681.375,928,4,"(511.0, 341.0)"
1770300681.386,928,4,"(511.0, 372.0)"
1770300681.397,928,4,"(511.0, 372.0)"
1770300681.407,928,4,"(511.0, 372.0)"
1770300681.418,928,4,"(511.0, 372.0)"
1770300681.428,928,4,"(511.0, 372.0)"
1770300681.439,928,4,"(511.0, 372.0)"
1770300681.45,928,4,"(511.0, 372.0)"
1770300681.461,928,4,"(511.0, 372.0)"
1770300681.472,928,4,"(511.0, 372.0)"
1770300681.482,928,4,"(511.0, 372.0)"
1770300681.492,928,4,"(511.0, 372.0)"
1770300681.503,928,4,"(511.0, 372.0)"
1770300681.515,928,4,"(511.0, 372.0)"
1770300681.526,928,4,"(511.0, 372.0)"
1770300681.538,928,4,"(511.0, 341.0)"
1770300681.548,928,4,"(511.0, 341.0)"
1770300681.56,928,4,"(511.0, 310.0)"
1770300681.57,928,4,"(511.0, 310.0)"
1770300681.581,928,4,"(511.0, 310.0)"
1770300681.593,928,4,"(511.0, 310.0)"
1770300681.604,928,4,"(511.0, 279.0)"
1770300681.614,928,4,"(511.0, 248.0)"
1770300681.625,928,4,"(511.0, 248.0)"
1770300681.636,928,4,"(511.0, 248.0)"
1770300681.647,928,4,"(511.0, 217.0)"
1770300681.66,928,4,"(511.0, 217.0)"
1770300681.671,928,4,"(511.0, 186.0)"
1770300681.682,928,4,"(511.0, 155.0)"
1770300681.694,928,4,"(511.0, 155.0)"
1770300681.705,928,4,"(511.0, 124.0)"
1770300723.764,928,1,"(511.0, 0.0)"
1770300723.774,928,1,"(511.0, 0.0)"
1770300723.785,928,1,"(511.0, 0.0)"
1770300723.795,928,1,"(511.0, 0.0)"
1770300723.806,928,1,"(511.0, 0.0)"
1770300723.816,928,1,"(511.0, 0.0)"
1770300723.827,928,1,"(511.0, 0.0)"
1770300723.838,928,1,"(511.0, 0.0)"
1770300723.848,928,1,"(511.0, 0.0)"
1770300723.859,928,1,"(511.0, 0.0)"
1770300723.869,928,1,"(511.0, 0.0)"
1770300723.88,928,1,"(511.0, 0.0)"
1770300723.891,928,1,"(511.0, 0.0)"
1770300723.901,928,1,"(511.0, 0.0)"
1770300723.911,928,1,"(511.0, 0.0)"
1770300723.921,928,1,"(511.0, 0.0)"
1770300723.933,928,1,"(511.0, 0.0)"
1770300723.944,928,1,"(511.0, 0.0)"
1770300723.954,928,1,"(511.0, 0.0)"
1770300723.964,928,1,"(511.0, 0.0)"
1770300723.975,928,1,"(511.0, 0.0)"
1770300723.985,928,1,"(511.0, 0.0)"
1770300723.996,928,1,"(511.0, 0.0)"
1770300724.007,928,1,"(511.0, 0.0)"
1770300724.018,928,1,"(511.0, 0.0)"
1770300724.031,928,1,"(511.0, 0.0)"
1770300724.041,928,1,"(511.0, 0.0)"
1770300724.052,928,1,"(511.0, 0.0)"
1770300724.063,928,1,"(511.0, 0.0)"
1770300724.074,928,1,"(511.0, 0.0)"
1770300724.085,928,1,"(511.0, 0.0)"
1770300724.096,928,1,"(511.0, 0.0)"
1770300724.106,928,1,"(511.0, 0.0)"
1770300724.118,928,1,"(511.0, 0.0)"
1770300724.131,928,1,"(511.0, 0.0)"
1770300724.141,928,1,"(511.0, 0.0)"
1770300724.152,928,1,"(511.0, 0.0)"
1770300724.164,928,1,"(511.0, 0.0)"
1770300724.175,928,1,"(511.0, 0.0)"
1770300724.186,928,1,"(511.0, 0.0)"
1770300724.197,928,1,"(511.0, 0.0)"
1770300724.208,928,1,"(511.0, 0.0)"
1770300724.219,928,1,"(511.0, 0.0)"
1770300724.229,928,1,"(511.0, 0.0)"
1770300724.241,928,1,"(511.0, 0.0)"
1770300724.252,928,1,"(511.0, 0.0)"
1770300724.263,928,1,"(511.0, 0.0)"
1770300724.273,928,1,"(511.0, 0.0)"
1770300724.284,928,1,"(511.0, 0.0)"
1770300724.294,928,1,"(511.0, 0.0)"
1770300724.305,928,1,"(511.0, 0.0)"
1770300724.315,928,1,"(511.0, 0.0)"
1770300724.326,928,1,"(511.0, 0.0)"
1770300724.336,928,1,"(511.0, 0.0)"
1770300724.347,928,1,"(511.0, 0.0)"
1770300724.357,928,1,"(511.0, 0.0)"
1770300724.368,928,1,"(511.0, 0.0)"
1770300724.378,928,1,"(511.0, 0.0)"
1770300724.389,928,1,"(511.0, 0.0)"
1770300724.399,928,1,"(511.0, 0.0)"
1770300724.41,928,1,"(511.0, 0.0)"
1770300724.42,928,1,"(511.0, 0.0)"
1770300724.432,928,1,"(511.0, 0.0)"
1770300724.443,928,1,"(511.0, 0.0)"
1770300724.453,928,1,"(511.0, 0.0)"
1770300724.464,928,1,"(511.0, 0.0)"
1770300724.476,928,1,"(511.0, 0.0)"
1770300724.487,928,1,"(511.0, 0.0)"
1770300724.498,928,1,"(511.0, 0.0)"
1770300724.508,928,1,"(511.0, 0.0)"
1770300724.519,928,1,"(511.0, 0.0)"
1770300724.533,928,1,"(511.0, 0.0)"
1770300724.544,928,1,"(511.0, 0.0)"
1770300724.555,928,1,"(511.0, 0.0)"
1770300724.566,928,1,"(511.0, 0.0)"
1770300724.577,928,1,"(511.0, 0.0)"
1770300724.587,928,1,"(511.0, 0.0)"
1770300724.599,928,1,"(511.0, 0.0)"
1770300724.61,928,1,"(511.0, 0.0)"
1770300724.621,928,1,"(511.0, 0.0)"
1770300724.633,928,1,"(511.0, 0.0)"
1770300724.644,928,1,"(511.0, 0.0)"
1770300724.655,928,1,"(511.0, 0.0)"
1770300724.667,928,1,"(511.0, 0.0)"
1770300724.677,928,1,"(511.0, 0.0)"
1770300724.687,928,1,"(511.0, 0.0)"
1770300724.7,928,1,"(511.0, 0.0)"
1770300724.712,928,1,"(511.0, 0.0)"
1770300724.722,928,1,"(511.0, 0.0)"
1770300724.732,928,1,"(511.0, 0.0)"
1770300724.744,928,1,"(511.0, 0.0)"
1770300724.755,928,1,"(511.0, 0.0)"
1770300724.767,928,1,"(511.0, 0.0)"
1770300724.777,928,1,"(511.0, 0.0)"
1770300724.788,928,1,"(511.0, 0.0)"
1770300724.802,928,1,"(511.0, 0.0)"
1770300724.812,928,1,"(511.0, 0.0)"
1770300724.823,928,1,"(511.0, 0.0)"
1770300724.833,928,1,"(511.0, 0.0)"
1770300724.844,928,1,"(511.0, 0.0)"
1770300724.854,928,1,"(511.0, 0.0)"
1770300724.864,928,1,"(511.0, 0.0)"
1770300724.875,928,1,"(511.0, 0.0)"
1770300724.886,928,1,"(511.0, 0.0)"
1770300724.897,928,1,"(511.0, 0.0)"
1770300724.909,928,1,"(511.0, 0.0)"
1770300724.92,928,1,"(511.0, 0.0)"
1770300724.931,928,1,"(511.0, 0.0)"
1770300724.941,928,1,"(511.0, 0.0)"
1770300724.952,928,1,"(511.0, 0.0)"
1770300724.963,928,1,"(511.0, 0.0)"
1770300724.974,928,1,"(511.0, 0.0)"
1770300724.984,928,1,"(511.0, 0.0)"
1770300724.994,928,1,"(511.0, 0.0)"
1770300725.005,928,1,"(511.0, 0.0)"
1770300725.018,928,1,"(511.0, 0.0)"
1770300725.03,928,1,"(511.0, 0.0)"
1770300725.04,928,1,"(511.0, 0.0)"
1770300725.051,928,1,"(511.0, 0.0)"
1770300725.061,928,1,"(511.0, 0.0)"
1770300725.072,928,1,"(511.0, 0.0)"
1770300725.082,928,1,"(511.0, 0.0)"
1770300725.092,928,1,"(511.0, 0.0)"
1770300725.103,928,1,"(511.0, 0.0)"
1770300725.115,928,1,"(511.0, 0.0)"
1770300725.126,928,1,"(511.0, 0.0)"
1770300725.137,928,1,"(511.0, 0.0)"
1770300725.147,928,1,"(511.0, 0.0)"
1770300725.158,928,1,"(511.0, 0.0)"
1770300725.169,928,1,"(511.0, 0.0)"
1770300725.182,928,1,"(511.0, 0.0)"
1770300725.193,928,1,"(511.0, 0.0)"
1770300725.203,928,1,"(511.0, 0.0)"
1770300725.217,928,1,"(511.0, 0.0)"
1770300725.228,928,1,"(511.0, 0.0)"
1770300725.238,928,1,"(511.0, 0.0)"
1770300725.251,928,1,"(511.0, 0.0)"
1770300725.262,928,1,"(511.0, 0.0)"
1770300725.273,928,1,"(511.0, 0.0)"
1770300725.284,928,1,"(511.0, 0.0)"
1770300725.294,928,1,"(511.0, 0.0)"
1770300725.305,928,1,"(511.0, 0.0)"
1770300725.316,928,1,"(511.0, 0.0)"
1770300725.326,928,1,"(511.0, 0.0)"
1770300725.337,928,1,"(511.0, 0.0)"
1770300725.348,928,1,"(511.0, 0.0)"
1770300725.358,928,1,"(511.0, 0.0)"
1770300725.368,928,1,"(511.0, 0.0)"
1770300725.379,928,1,"(511.0, 0.0)"
1770300725.39,928,1,"(511.0, 0.0)"
1770300725.401,928,1,"(511.0, 0.0)"
1770300725.412,928,1,"(511.0, 0.0)"
1770300725.422,928,1,"(511.0, 0.0)"
1770300725.432,928,1,"(511.0, 0.0)"
1770300725.443,928,1,"(511.0, 0.0)"
1770300725.454,928,1,"(511.0, 0.0)"
1770300725.464,928,1,"(511.0, 0.0)"
1770300725.474,928,1,"(511.0, 0.0)"
1770300725.486,928,1,"(511.0, 0.0)"
1770300725.496,928,1,"(511.0, 0.0)"
1770300725.507,928,1,"(511.0, 0.0)"
1770300725.518,928,1,"(511.0, 0.0)"
1770300725.53,928,1,"(511.0, 0.0)"
1770300725.541,928,1,"(511.0, 0.0)"
1770300725.551,928,1,"(511.0, 0.0)"
1770300725.563,928,1,"(511.0, 0.0)"
1770300725.574,928,1,"(511.0, 0.0)"
1770300725.585,928,1,"(511.0, 0.0)"
1770300725.596,928,1,"(511.0, 0.0)"
1770300725.606,928,1,"(511.0, 0.0)"
1770300725.617,928,1,"(511.0, 0.0)"
1770300725.628,928,1,"(511.0, 0.0)"
1770300725.639,928,1,"(511.0, 0.0)"
1770300725.65,928,1,"(511.0, 0.0)"
1770300725.661,928,1,"(511.0, 0.0)"
1770300725.672,928,1,"(511.0, 0.0)"
1770300725.683,928,1,"(511.0, 0.0)"
1770300725.693,928,1,"(511.0, 0.0)"
1770300725.704,928,1,"(511.0, 0.0)"
1770300725.715,928,1,"(511.0, 0.0)"
1770300725.725,928,1,"(511.0, 0.0)"
1770300725.736,928,1,"(511.0, 0.0)"
1770300725.747,928,1,"(511.0, 0.0)"
1770300725.757,928,1,"(511.0, 0.0)"
1770300725.768,928,1,"(511.0, 0.0)"
1770300725.778,928,1,"(511.0, 0.0)"
1770300725.789,928,1,"(511.0, 0.0)"
1770300725.799,928,1,"(511.0, 0.0)"
1770300725.809,928,1,"(511.0, 0.0)"
1770300725.821,928,1,"(511.0, 0.0)"
1770300725.831,928,1,"(511.0, 0.0)"
1770300725.842,928,1,"(511.0, 0.0)"
1770300725.852,928,1,"(511.0, 0.0)"
1770300725.863,928,1,"(511.0, 0.0)"
1770300725.873,928,1,"(511.0, 0.0)"
1770300725.884,928,1,"(511.0, 0.0)"
1770300725.894,928,1,"(511.0, 0.0)"
1770300725.905,928,1,"(511.0, 0.0)"
1770300725.916,928,1,"(511.0, 0.0)"
1770300725.926,928,1,"(511.0, 0.0)"
1770300725.936,928,1,"(511.0, 0.0)"
1770300725.947,928,1,"(511.0, 0.0)"
1770300725.958,928,1,"(511.0, 0.0)"
1770300725.97,928,1,"(511.0, 0.0)"
1770300725.98,928,1,"(511.0, 0.0)"
1770300725.991,928,1,"(511.0, 0.0)"
1770300726.002,928,1,"(511.0, 0.0)"
1770300726.013,928,1,"(511.0, 0.0)"
1770300726.023,928,1,"(511.0, 0.0)"
1770300726.033,928,1,"(511.0, 0.0)"
1770300726.044,928,1,"(511.0, 0.0)"
1770300726.054,928,1,"(511.0, 0.0)"
1770300726.065,928,1,"(511.0, 0.0)"
1770300726.076,928,1,"(511.0, 0.0)"
1770300726.087,928,1,"(511.0, 0.0)"
1770300726.098,928,1,"(511.0, 0.0)"
1770300726.108,928,1,"(511.0, 0.0)"
1770300726.119,928,1,"(511.0, 0.0)"
1770300726.131,928,1,"(511.0, 0.0)"
1770300726.141,928,1,"(511.0, 0.0)"
1770300726.151,928,1,"(511.0, 0.0)"
1770300726.161,928,1,"(511.0, 0.0)"
1770300726.172,928,1,"(511.0, 0.0)"
1770300726.182,928,1,"(511.0, 0.0)"
1770300726.193,928,1,"(511.0, 0.0)"
1770300726.204,928,1,"(511.0, 0.0)"
1770300726.215,928,1,"(511.0, 0.0)"
1770300726.226,928,1,"(511.0, 0.0)"
1770300726.236,928,1,"(511.0, 0.0)"
1770300726.247,928,1,"(511.0, 0.0)"
1770300726.258,928,1,"(511.0, 0.0)"
1770300726.268,928,1,"(511.0, 0.0)"
1770300726.28,928,1,"(511.0, 0.0)"
1770300726.291,928,1,"(511.0, 0.0)"
1770300726.301,928,1,"(511.0, 0.0)"
1770300726.312,928,1,"(511.0, 0.0)"
1770300726.324,928,1,"(511.0, 0.0)"
1770300726.334,928,1,"(511.0, 0.0)"
1770300726.344,928,1,"(511.0, 0.0)"
1770300726.355,928,1,"(511.0, 0.0)"
1770300726.366,928,1,"(511.0, 0.0)"
1770300726.376,928,1,"(511.0, 0.0)"
1770300726.387,928,1,"(511.0, 0.0)"
1770300726.397,928,1,"(511.0, 0.0)"
1770300726.408,928,1,"(511.0, 0.0)"
1770300726.418,928,1,"(511.0, 0.0)"
1770300726.428,928,1,"(511.0, 0.0)"
1770300726.439,928,1,"(511.0, 0.0)"
1770300726.45,928,1,"(511.0, 0.0)"
1770300726.46,928,1,"(511.0, 0.0)"
1770300726.471,928,1,"(511.0, 0.0)"
1770300726.483,928,1,"(511.0, 0.0)"
1770300726.493,928,1,"(511.0, 0.0)"
1770300726.503,928,1,"(511.0, 0.0)"
1770300726.513,928,1,"(511.0, 0.0)"
1770300726.524,928,1,"(511.0, 0.0)"
1770300726.535,928,1,"(511.0, 0.0)"
1770300726.546,928,1,"(511.0, 0.0)"
1770300726.558,928,1,"(511.0, 0.0)"
1770300726.569,928,1,"(511.0, 0.0)"
1770300726.579,928,1,"(511.0, 0.0)"
1770300726.589,928,1,"(511.0, 0.0)"
1770300726.6,928,1,"(511.0, 0.0)"
1770300726.611,928,1,"(511.0, 0.0)"
1770300726.622,928,1,"(511.0, 0.0)"
1770300726.632,928,1,"(511.0, 0.0)"
1770300726.644,928,1,"(511.0, 0.0)"
1770300726.654,928,1,"(511.0, 0.0)"
1770300726.665,928,1,"(511.0, 0.0)"
1770300726.676,928,1,"(511.0, 0.0)"
1770300726.687,928,1,"(511.0, 0.0)"
1770300726.697,928,1,"(511.0, 0.0)"
1770300726.709,928,1,"(511.0, 0.0)"
1770300726.72,928,1,"(511.0, 0.0)"
1770300726.731,928,1,"(511.0, 0.0)"
1770300726.741,928,1,"(511.0, 0.0)"
1770300726.753,928,1,"(511.0, 0.0)"
1770300726.763,928,1,"(511.0, 0.0)"
1770300726.774,928,1,"(511.0, 0.0)"
1770300730.542,928,2,"(511.0, 487.0)"
1770300730.552,928,2,"(383.0, 462.0)"
1770300730.563,928,2,"(511.0, 462.0)"
1770300730.575,928,2,"(511.0, 414.0)"
1770300730.588,928,2,"(511.0, 389.0)"
1770300730.599,928,2,"(511.0, 365.0)"
1770300730.61,928,2,"(511.0, 341.0)"
1770300730.621,928,2,"(511.0, 341.0)"
1770300730.631,928,2,"(511.0, 316.0)"
1770300730.641,928,2,"(511.0, 316.0)"
1770300730.651,928,2,"(383.0, 292.0)"
1770300730.662,928,2,"(511.0, 292.0)"
1770300730.673,928,2,"(511.0, 316.0)"
1770300730.684,928,2,"(511.0, 316.0)"
1770300730.695,928,2,"(511.0, 292.0)"
1770300730.705,928,2,"(511.0, 292.0)"
1770300730.718,928,2,"(511.0, 292.0)"
1770300730.728,928,2,"(511.0, 292.0)"
1770300730.739,928,2,"(511.0, 292.0)"
1770300730.752,928,2,"(511.0, 292.0)"
1770300730.762,928,2,"(511.0, 292.0)"
1770300730.772,928,2,"(511.0, 267.0)"
1770300730.783,928,2,"(511.0, 267.0)"
1770300730.793,928,2,"(511.0, 243.0)"
1770300730.804,928,2,"(511.0, 243.0)"
1770300730.815,928,2,"(511.0, 243.0)"
1770300730.825,928,2,"(511.0, 243.0)"
1770300730.836,928,2,"(511.0, 243.0)"
1770300730.846,928,2,"(511.0, 267.0)"
1770300730.857,928,2,"(511.0, 292.0)"
1770300730.868,928,2,"(511.0, 292.0)"
1770300730.879,928,2,"(383.0, 316.0)"
1770300730.889,928,2,"(383.0, 316.0)"
1770300730.902,928,2,"(639.0, 341.0)"
1770300730.913,928,2,"(511.0, 316.0)"
1770300730.924,928,2,"(511.0, 316.0)"
1770300730.935,928,2,"(511.0, 292.0)"
1770300730.945,928,2,"(511.0, 292.0)"
1770300730.957,928,2,"(511.0, 292.0)"
1770300730.968,928,2,"(511.0, 292.0)"
1770300730.98,928,2,"(511.0, 292.0)"
1770300730.99,928,2,"(511.0, 292.0)"
1770300731.0,928,2,"(511.0, 292.0)"
1770300731.011,928,2,"(511.0, 292.0)"
1770300731.021,928,2,"(511.0, 292.0)"
1770300731.032,928,2,"(511.0, 316.0)"
1770300731.042,928,2,"(511.0, 341.0)"
1770300731.053,928,2,"(511.0, 365.0)"
1770300731.064,928,2,"(511.0, 365.0)"
1770300731.075,928,2,"(383.0, 414.0)"
1770300731.087,928,2,"(767.0, 414.0)"
1770300731.098,928,2,"(511.0, 462.0)"
1770300731.108,928,2,"(511.0, 462.0)"
1770300731.121,928,2,"(511.0, 487.0)"
1770300731.132,928,2,"(639.0, 487.0)"
1770300731.143,928,2,"(639.0, 487.0)"
1770300731.154,928,2,"(383.0, 487.0)"
1770300731.164,928,2,"(511.0, 487.0)"
1770300731.174,928,2,"(511.0, 511.0)"
1770300731.185,928,2,"(511.0, 560.0)"
1770300731.196,928,2,"(383.0, 584.0)"
1770300731.207,928,2,"(511.0, 608.0)"
1770300731.22,928,2,"(511.0, 608.0)"
1770300731.231,928,2,"(511.0, 584.0)"
1770300731.241,928,2,"(511.0, 584.0)"
1770300731.252,928,2,"(511.0, 608.0)"
1770300731.263,928,2,"(511.0, 633.0)"
1770300731.274,928,2,"(383.0, 633.0)"
1770300731.286,928,2,"(255.0, 633.0)"
1770300731.297,928,2,"(383.0, 633.0)"
1770300731.308,928,2,"(511.0, 657.0)"
1770300731.32,928,2,"(511.0, 657.0)"
1770300731.33,928,2,"(383.0, 657.0)"
1770300731.341,928,2,"(511.0, 633.0)"
1770300731.353,928,2,"(511.0, 633.0)"
1770300731.363,928,2,"(511.0, 608.0)"
1770300731.374,928,2,"(511.0, 584.0)"
1770300731.385,928,2,"(511.0, 584.0)"
1770300731.396,928,2,"(511.0, 560.0)"
1770300731.407,928,2,"(511.0, 560.0)"
1770300731.418,928,2,"(639.0, 560.0)"
1770300731.429,928,2,"(511.0, 535.0)"
1770300731.44,928,2,"(511.0, 535.0)"
1770300731.451,928,2,"(511.0, 535.0)"
1770300731.463,928,2,"(511.0, 535.0)"
1770300731.473,928,2,"(511.0, 535.0)"
1770300731.484,928,2,"(639.0, 511.0)"
1770300731.495,928,2,"(639.0, 511.0)"
1770300731.505,928,2,"(639.0, 511.0)"
1770300731.516,928,2,"(511.0, 511.0)"
1770300731.526,928,2,"(511.0, 535.0)"
1770300731.537,928,2,"(639.0, 535.0)"
1770300731.547,928,2,"(383.0, 511.0)"
1770300731.557,928,2,"(511.0, 511.0)"
1770300731.569,928,2,"(511.0, 487.0)"
1770300731.58,928,2,"(383.0, 438.0)"
1770300731.59,928,2,"(383.0, 438.0)"
1770300731.603,928,2,"(511.0, 438.0)"
1770300731.613,928,2,"(511.0, 438.0)"
1770300731.623,928,2,"(383.0, 462.0)"
1770300731.633,928,2,"(639.0, 462.0)"
1770300731.644,928,2,"(767.0, 462.0)"
1770300731.654,928,2,"(511.0, 487.0)"
1770300731.664,928,2,"(639.0, 487.0)"
1770300731.675,928,2,"(511.0, 487.0)"
1770300731.685,928,2,"(383.0, 487.0)"
1770300731.696,928,2,"(511.0, 487.0)"
1770300731.706,928,2,"(511.0, 487.0)"
1770300731.718,928,2,"(511.0, 511.0)"
1770300731.73,928,2,"(383.0, 535.0)"
1770300731.74,928,2,"(511.0, 560.0)"
1770300731.752,928,2,"(639.0, 584.0)"
1770300731.763,928,2,"(511.0, 560.0)"
1770300731.773,928,2,"(383.0, 535.0)"
1770300731.787,928,2,"(511.0, 535.0)"
1770300731.798,928,2,"(511.0, 535.0)"
1770300731.808,928,2,"(511.0, 535.0)"
1770300731.82,928,2,"(383.0, 535.0)"
1770300731.831,928,2,"(511.0, 535.0)"
1770300731.842,928,2,"(639.0, 511.0)"
1770300731.854,928,2,"(511.0, 511.0)"
1770300731.864,928,2,"(511.0, 487.0)"
1770300731.875,928,2,"(511.0, 487.0)"
1770300731.885,928,2,"(511.0, 487.0)"
1770300731.897,928,2,"(639.0, 487.0)"
1770300731.908,928,2,"(511.0, 487.0)"
1770300731.918,928,2,"(639.0, 487.0)"
1770300731.928,928,2,"(383.0, 487.0)"
1770300731.94,928,2,"(383.0, 487.0)"
1770300731.95,928,2,"(511.0, 462.0)"
1770300731.961,928,2,"(383.0, 462.0)"
1770300731.971,928,2,"(383.0, 438.0)"
1770300731.982,928,2,"(511.0, 414.0)"
1770300731.992,928,2,"(511.0, 389.0)"
1770300732.003,928,2,"(511.0, 389.0)"
1770300732.013,928,2,"(511.0, 389.0)"
1770300732.024,928,2,"(511.0, 389.0)"
1770300732.034,928,2,"(511.0, 389.0)"
1770300732.045,928,2,"(511.0, 389.0)"
1770300732.057,928,2,"(511.0, 389.0)"
1770300732.068,928,2,"(511.0, 389.0)"
1770300732.078,928,2,"(511.0, 389.0)"
1770300732.089,928,2,"(511.0, 365.0)"
1770300732.1,928,2,"(639.0, 365.0)"
1770300732.111,928,2,"(511.0, 365.0)"
1770300732.122,928,2,"(639.0, 365.0)"
1770300732.133,928,2,"(639.0, 389.0)"
1770300732.144,928,2,"(639.0, 414.0)"
1770300732.155,928,2,"(383.0, 414.0)"
1770300732.165,928,2,"(639.0, 438.0)"
1770300732.176,928,2,"(511.0, 462.0)"
1770300732.186,928,2,"(511.0, 462.0)"
1770300732.196,928,2,"(511.0, 462.0)"
1770300732.207,928,2,"(511.0, 438.0)"
1770300732.218,928,2,"(511.0, 438.0)"
1770300732.229,928,2,"(511.0, 438.0)"
1770300732.24,928,2,"(383.0, 438.0)"
1770300732.251,928,2,"(511.0, 438.0)"
1770300732.261,928,2,"(511.0, 462.0)"
1770300732.272,928,2,"(383.0, 462.0)"
1770300732.282,928,2,"(511.0, 487.0)"
1770300732.293,928,2,"(383.0, 511.0)"
1770300732.303,928,2,"(383.0, 511.0)"
1770300732.314,928,2,"(511.0, 535.0)"
1770300732.325,928,2,"(383.0, 560.0)"
1770300732.336,928,2,"(511.0, 560.0)"
1770300732.346,928,2,"(511.0, 584.0)"
1770300732.36,928,2,"(383.0, 584.0)"
1770300732.372,928,2,"(511.0, 608.0)"
1770300732.382,928,2,"(511.0, 608.0)"
1770300732.394,928,2,"(511.0, 584.0)"
1770300732.404,928,2,"(255.0, 560.0)"
1770300732.414,928,2,"(255.0, 535.0)"
1770300732.428,928,2,"(511.0, 535.0)"
1770300732.44,928,2,"(511.0, 535.0)"
1770300732.451,928,2,"(511.0, 535.0)"
1770300732.462,928,2,"(639.0, 535.0)"
1770300732.473,928,2,"(511.0, 535.0)"
1770300732.485,928,2,"(511.0, 560.0)"
1770300732.496,928,2,"(511.0, 560.0)"
1770300732.507,928,2,"(511.0, 584.0)"
1770300732.517,928,2,"(639.0, 584.0)"
1770300732.529,928,2,"(511.0, 584.0)"
1770300732.54,928,2,"(511.0, 560.0)"
1770300732.55,928,2,"(511.0, 560.0)"
1770300732.561,928,2,"(511.0, 535.0)"
1770300732.572,928,2,"(383.0, 535.0)"
1770300732.582,928,2,"(511.0, 535.0)"
1770300732.592,928,2,"(511.0, 511.0)"
1770300732.603,928,2,"(639.0, 511.0)"
1770300732.614,928,2,"(511.0, 487.0)"
1770300732.625,928,2,"(511.0, 487.0)"
1770300732.636,928,2,"(511.0, 487.0)"
1770300732.646,928,2,"(383.0, 487.0)"
1770300732.658,928,2,"(511.0, 487.0)"
1770300732.668,928,2,"(511.0, 462.0)"
1770300732.68,928,2,"(511.0, 462.0)"
1770300732.69,928,2,"(511.0, 438.0)"
1770300732.701,928,2,"(511.0, 414.0)"
1770300732.711,928,2,"(511.0, 414.0)"
1770300732.721,928,2,"(511.0, 389.0)"
1770300732.732,928,2,"(511.0, 365.0)"
1770300732.746,928,2,"(511.0, 341.0)"
1770300732.756,928,2,"(511.0, 341.0)"
1770300732.767,928,2,"(511.0, 341.0)"
1770300732.78,928,2,"(511.0, 316.0)"
1770300732.791,928,2,"(511.0, 292.0)"
1770300732.801,928,2,"(511.0, 292.0)"
1770300732.815,928,2,"(511.0, 292.0)"
1770300732.825,928,2,"(511.0, 292.0)"
1770300732.835,928,2,"(511.0, 292.0)"
1770300732.847,928,2,"(511.0, 292.0)"
1770300732.858,928,2,"(511.0, 292.0)"
1770300732.868,928,2,"(511.0, 267.0)"
1770300732.88,928,2,"(511.0, 267.0)"
1770300732.89,928,2,"(511.0, 243.0)"
1770300732.902,928,2,"(511.0, 243.0)"
1770300732.915,928,2,"(511.0, 243.0)"
1770300732.926,928,2,"(511.0, 243.0)"
1770300732.937,928,2,"(639.0, 243.0)"
1770300732.949,928,2,"(511.0, 243.0)"
1770300732.96,928,2,"(511.0, 267.0)"
1770300732.97,928,2,"(511.0, 267.0)"
1770300732.983,928,2,"(511.0, 292.0)"
1770300732.993,928,2,"(511.0, 292.0)"
1770300733.003,928,2,"(511.0, 292.0)"
1770300733.014,928,2,"(639.0, 292.0)"
1770300733.024,928,2,"(511.0, 292.0)"
1770300733.035,928,2,"(511.0, 292.0)"
1770300733.045,928,2,"(511.0, 292.0)"
1770300733.056,928,2,"(511.0, 292.0)"
1770300733.067,928,2,"(511.0, 292.0)"
1770300733.078,928,2,"(383.0, 292.0)"
1770300733.088,928,2,"(383.0, 292.0)"
1770300733.1,928,2,"(511.0, 292.0)"
1770300733.111,928,2,"(511.0, 292.0)"
1770300733.122,928,2,"(511.0, 292.0)"
1770300733.133,928,2,"(511.0, 292.0)"
1770300733.144,928,2,"(511.0, 292.0)"
1770300733.155,928,2,"(511.0, 292.0)"
1770300733.167,928,2,"(511.0, 292.0)"
1770300733.177,928,2,"(511.0, 292.0)"
1770300733.188,928,2,"(511.0, 267.0)"
1770300733.198,928,2,"(511.0, 267.0)"
1770300733.21,928,2,"(511.0, 243.0)"
1770300733.221,928,2,"(511.0, 243.0)"
1770300733.232,928,2,"(511.0, 243.0)"
1770300733.242,928,2,"(511.0, 243.0)"
1770300733.252,928,2,"(511.0, 243.0)"
1770300733.262,928,2,"(511.0, 243.0)"
1770300733.273,928,2,"(511.0, 219.0)"
1770300733.284,928,2,"(511.0, 219.0)"
1770300733.296,928,2,"(511.0, 194.0)"
1770300733.307,928,2,"(511.0, 194.0)"
1770300733.318,928,2,"(511.0, 194.0)"
1770300733.328,928,2,"(511.0, 194.0)"
1770300733.338,928,2,"(511.0, 194.0)"
1770300733.351,928,2,"(511.0, 194.0)"
1770300733.361,928,2,"(511.0, 170.0)"
1770300733.371,928,2,"(511.0, 146.0)"
1770300733.382,928,2,"(511.0, 146.0)"
1770300733.393,928,2,"(511.0, 146.0)"
1770300733.403,928,2,"(511.0, 146.0)"
1770300733.416,928,2,"(511.0, 146.0)"
1770300733.427,928,2,"(511.0, 146.0)"
1770300733.438,928,2,"(511.0, 146.0)"
1770300733.451,928,2,"(511.0, 146.0)"
1770300733.461,928,2,"(511.0, 146.0)"
1770300733.472,928,2,"(511.0, 146.0)"
1770300733.484,928,2,"(511.0, 146.0)"
1770300733.495,928,2,"(511.0, 146.0)"
1770300733.505,928,2,"(511.0, 146.0)"
1770300733.515,928,2,"(511.0, 146.0)"
1770300733.527,928,2,"(511.0, 146.0)"
1770300733.537,928,2,"(511.0, 146.0)"
1770300733.547,928,2,"(511.0, 146.0)"
1770300738.441,928,3,"(511.0, 0.0)"
1770300738.452,928,3,"(511.0, 0.0)"
1770300738.463,928,3,"(511.0, 0.0)"
1770300738.474,928,3,"(511.0, 0.0)"
1770300738.485,928,3,"(511.0, 0.0)"
1770300738.496,928,3,"(511.0, 0.0)"
1770300738.507,928,3,"(511.0, 0.0)"
1770300738.517,928,3,"(511.0, 0.0)"
1770300738.528,928,3,"(511.0, 0.0)"
1770300738.539,928,3,"(511.0, 0.0)"
1770300738.55,928,3,"(511.0, 0.0)"
1770300738.561,928,3,"(511.0, 0.0)"
1770300738.572,928,3,"(511.0, 0.0)"
1770300738.583,928,3,"(511.0, 0.0)"
1770300738.593,928,3,"(511.0, 0.0)"
1770300738.605,928,3,"(511.0, 0.0)"
1770300738.615,928,3,"(511.0, 0.0)"
1770300738.626,928,3,"(511.0, 0.0)"
1770300738.637,928,3,"(511.0, 0.0)"
1770300738.648,928,3,"(511.0, 0.0)"
1770300738.659,928,3,"(511.0, 0.0)"
1770300738.669,928,3,"(511.0, 0.0)"
1770300738.68,928,3,"(511.0, 0.0)"
1770300738.69,928,3,"(511.0, 0.0)"
1770300738.701,928,3,"(511.0, 0.0)"
1770300738.711,928,3,"(511.0, 0.0)"
1770300738.721,928,3,"(511.0, 0.0)"
1770300738.731,928,3,"(511.0, 0.0)"
1770300738.742,928,3,"(511.0, 24.0)"
1770300738.752,928,3,"(511.0, 24.0)"
1770300738.763,928,3,"(511.0, 48.0)"
1770300738.774,928,3,"(511.0, 48.0)"
1770300738.784,928,3,"(511.0, 48.0)"
1770300738.795,928,3,"(511.0, 48.0)"
1770300738.809,928,3,"(511.0, 48.0)"
1770300738.82,928,3,"(511.0, 48.0)"
1770300738.83,928,3,"(511.0, 48.0)"
1770300738.843,928,3,"(511.0, 48.0)"
1770300738.853,928,3,"(511.0, 48.0)"
1770300738.864,928,3,"(511.0, 48.0)"
1770300738.875,928,3,"(511.0, 48.0)"
1770300738.886,928,3,"(511.0, 48.0)"
1770300738.897,928,3,"(511.0, 48.0)"
1770300738.908,928,3,"(511.0, 48.0)"
1770300738.919,928,3,"(511.0, 48.0)"
1770300738.93,928,3,"(511.0, 48.0)"
1770300738.941,928,3,"(511.0, 48.0)"
1770300738.952,928,3,"(511.0, 48.0)"
1770300738.962,928,3,"(511.0, 48.0)"
1770300738.973,928,3,"(511.0, 48.0)"
1770300738.984,928,3,"(511.0, 24.0)"
1770300738.994,928,3,"(511.0, 24.0)"
1770300739.005,928,3,"(511.0, 0.0)"
1770300739.016,928,3,"(511.0, 0.0)"
1770300739.027,928,3,"(511.0, 0.0)"
1770300739.037,928,3,"(511.0, 0.0)"
1770300739.047,928,3,"(511.0, 0.0)"
1770300739.061,928,3,"(511.0, 0.0)"
1770300739.071,928,3,"(511.0, 0.0)"
1770300739.082,928,3,"(511.0, 0.0)"
1770300739.092,928,3,"(511.0, 0.0)"
1770300739.102,928,3,"(511.0, 0.0)"
1770300739.113,928,3,"(511.0, 0.0)"
1770300739.124,928,3,"(511.0, 24.0)"
1770300739.135,928,3,"(511.0, 24.0)"
1770300739.145,928,3,"(511.0, 48.0)"
1770300739.156,928,3,"(511.0, 48.0)"
1770300739.166,928,3,"(511.0, 48.0)"
1770300739.176,928,3,"(511.0, 48.0)"
1770300739.187,928,3,"(511.0, 48.0)"
1770300739.198,928,3,"(511.0, 48.0)"
1770300739.209,928,3,"(511.0, 48.0)"
1770300739.22,928,3,"(511.0, 48.0)"
1770300739.231,928,3,"(511.0, 48.0)"
1770300739.241,928,3,"(511.0, 48.0)"
1770300739.251,928,3,"(511.0, 48.0)"
1770300739.264,928,3,"(511.0, 48.0)"
1770300739.274,928,3,"(511.0, 73.0)"
1770300739.285,928,3,"(511.0, 73.0)"
1770300739.298,928,3,"(511.0, 97.0)"
1770300739.309,928,3,"(511.0, 97.0)"
1770300739.319,928,3,"(511.0, 97.0)"
1770300739.331,928,3,"(511.0, 97.0)"
1770300739.342,928,3,"(511.0, 121.0)"
1770300739.352,928,3,"(511.0, 146.0)"
1770300739.366,928,3,"(511.0, 146.0)"
1770300739.377,928,3,"(511.0, 121.0)"
1770300739.388,928,3,"(511.0, 121.0)"
1770300739.399,928,3,"(511.0, 121.0)"
1770300739.41,928,3,"(511.0, 121.0)"
1770300739.421,928,3,"(511.0, 146.0)"
1770300739.431,928,3,"(511.0, 146.0)"
1770300739.442,928,3,"(511.0, 146.0)"
1770300739.454,928,3,"(511.0, 121.0)"
1770300739.464,928,3,"(511.0, 121.0)"
1770300739.475,928,3,"(511.0, 97.0)"
1770300739.486,928,3,"(511.0, 97.0)"
1770300739.499,928,3,"(511.0, 97.0)"
1770300739.51,928,3,"(511.0, 97.0)"
1770300739.521,928,3,"(511.0, 97.0)"
1770300739.532,928,3,"(511.0, 97.0)"
1770300739.544,928,3,"(511.0, 73.0)"
1770300739.554,928,3,"(511.0, 73.0)"
1770300739.565,928,3,"(511.0, 48.0)"
1770300739.575,928,3,"(511.0, 48.0)"
1770300739.586,928,3,"(511.0, 48.0)"
1770300739.596,928,3,"(511.0, 48.0)"
1770300739.607,928,3,"(511.0, 48.0)"
1770300739.617,928,3,"(511.0, 48.0)"
1770300739.628,928,3,"(511.0, 48.0)"
1770300739.638,928,3,"(511.0, 48.0)"
1770300739.649,928,3,"(511.0, 24.0)"
1770300739.66,928,3,"(511.0, 0.0)"
1770300739.671,928,3,"(511.0, 0.0)"
1770300739.683,928,3,"(511.0, 0.0)"
1770300739.694,928,3,"(511.0, 24.0)"
1770300739.704,928,3,"(511.0, 24.0)"
1770300739.716,928,3,"(511.0, 24.0)"
1770300739.726,928,3,"(511.0, 0.0)"
1770300739.737,928,3,"(511.0, 0.0)"
1770300739.747,928,3,"(511.0, 0.0)"
1770300739.758,928,3,"(511.0, 24.0)"
1770300739.768,928,3,"(511.0, 24.0)"
1770300739.779,928,3,"(511.0, 48.0)"
1770300739.789,928,3,"(511.0, 48.0)"
1770300739.801,928,3,"(511.0, 48.0)"
1770300739.811,928,3,"(511.0, 48.0)"
1770300739.821,928,3,"(511.0, 48.0)"
1770300739.832,928,3,"(511.0, 48.0)"
1770300739.842,928,3,"(511.0, 48.0)"
1770300739.852,928,3,"(511.0, 48.0)"
1770300739.863,928,3,"(511.0, 48.0)"
1770300739.874,928,3,"(511.0, 48.0)"
1770300739.885,928,3,"(511.0, 48.0)"
1770300739.896,928,3,"(511.0, 48.0)"
1770300739.907,928,3,"(511.0, 48.0)"
1770300739.918,928,3,"(511.0, 48.0)"
1770300739.929,928,3,"(511.0, 48.0)"
1770300739.939,928,3,"(511.0, 48.0)"
1770300739.951,928,3,"(511.0, 48.0)"
1770300739.962,928,3,"(511.0, 48.0)"
1770300739.973,928,3,"(511.0, 48.0)"
1770300739.985,928,3,"(511.0, 48.0)"
1770300739.995,928,3,"(511.0, 48.0)"
1770300740.005,928,3,"(511.0, 48.0)"
1770300740.015,928,3,"(511.0, 48.0)"
1770300740.025,928,3,"(511.0, 48.0)"
1770300740.035,928,3,"(511.0, 48.0)"
1770300740.047,928,3,"(511.0, 48.0)"
1770300740.057,928,3,"(511.0, 48.0)"
1770300740.069,928,3,"(511.0, 48.0)"
1770300740.079,928,3,"(511.0, 48.0)"
1770300740.09,928,3,"(511.0, 48.0)"
1770300740.101,928,3,"(511.0, 48.0)"
1770300740.111,928,3,"(511.0, 48.0)"
1770300740.122,928,3,"(511.0, 48.0)"
1770300740.135,928,3,"(511.0, 48.0)"
1770300740.145,928,3,"(511.0, 48.0)"
1770300740.156,928,3,"(511.0, 48.0)"
1770300740.167,928,3,"(511.0, 48.0)"
1770300740.179,928,3,"(511.0, 48.0)"
1770300740.189,928,3,"(511.0, 48.0)"
1770300740.201,928,3,"(511.0, 48.0)"
1770300740.212,928,3,"(511.0, 48.0)"
1770300740.222,928,3,"(511.0, 48.0)"
1770300740.232,928,3,"(511.0, 24.0)"
1770300740.242,928,3,"(511.0, 24.0)"
1770300740.252,928,3,"(511.0, 0.0)"
1770300740.262,928,3,"(511.0, 0.0)"
1770300740.273,928,3,"(511.0, 0.0)"
1770300740.286,928,3,"(511.0, 0.0)"
1770300740.296,928,3,"(511.0, 0.0)"
1770300740.306,928,3,"(511.0, 0.0)"
1770300740.318,928,3,"(511.0, 0.0)"
1770300740.328,928,3,"(511.0, 0.0)"
1770300740.339,928,3,"(511.0, 0.0)"
1770300740.351,928,3,"(511.0, 0.0)"
1770300740.361,928,3,"(511.0, 0.0)"
1770300740.372,928,3,"(511.0, 0.0)"
1770300740.384,928,3,"(511.0, 0.0)"
1770300740.395,928,3,"(511.0, 0.0)"
1770300740.405,928,3,"(511.0, 0.0)"
1770300740.416,928,3,"(511.0, 0.0)"
1770300740.426,928,3,"(511.0, 0.0)"
1770300740.437,928,3,"(511.0, 0.0)"
1770300740.448,928,3,"(511.0, 0.0)"
1770300740.458,928,3,"(511.0, 0.0)"
1770300740.469,928,3,"(511.0, 0.0)"
1770300740.48,928,3,"(511.0, 0.0)"
1770300740.491,928,3,"(511.0, 0.0)"
1770300740.502,928,3,"(511.0, 0.0)"
1770300740.513,928,3,"(511.0, 0.0)"
1770300740.523,928,3,"(511.0, 0.0)"
1770300740.533,928,3,"(511.0, 0.0)"
1770300740.543,928,3,"(511.0, 0.0)"
1770300740.555,928,3,"(511.0, 0.0)"
1770300740.566,928,3,"(511.0, 0.0)"
1770300740.576,928,3,"(511.0, 0.0)"
1770300740.588,928,3,"(511.0, 0.0)"
1770300740.598,928,3,"(511.0, 0.0)"
1770300740.609,928,3,"(511.0, 0.0)"
1770300740.621,928,3,"(511.0, 0.0)"
1770300740.632,928,3,"(511.0, 0.0)"
1770300740.642,928,3,"(511.0, 0.0)"
1770300740.655,928,3,"(511.0, 0.0)"
1770300740.665,928,3,"(511.0, 0.0)"
1770300740.675,928,3,"(511.0, 0.0)"
1770300740.686,928,3,"(511.0, 0.0)"
1770300740.697,928,3,"(511.0, 0.0)"
1770300740.707,928,3,"(511.0, 0.0)"
1770300740.718,928,3,"(511.0, 0.0)"
1770300740.728,928,3,"(511.0, 0.0)"
1770300740.739,928,3,"(511.0, 0.0)"
1770300740.75,928,3,"(511.0, 0.0)"
1770300740.76,928,3,"(511.0, 0.0)"
1770300740.772,928,3,"(511.0, 0.0)"
1770300740.784,928,3,"(511.0, 0.0)"
1770300740.794,928,3,"(511.0, 0.0)"
1770300740.805,928,3,"(511.0, 0.0)"
1770300740.815,928,3,"(511.0, 0.0)"
1770300740.825,928,3,"(511.0, 0.0)"
1770300740.836,928,3,"(511.0, 0.0)"
1770300740.846,928,3,"(511.0, 0.0)"
1770300740.858,928,3,"(511.0, 0.0)"
1770300740.868,928,3,"(511.0, 0.0)"
1770300740.878,928,3,"(511.0, 0.0)"
1770300740.889,928,3,"(511.0, 0.0)"
1770300740.9,928,3,"(511.0, 0.0)"
1770300740.911,928,3,"(511.0, 0.0)"
1770300740.922,928,3,"(511.0, 0.0)"
1770300740.932,928,3,"(511.0, 0.0)"
1770300740.943,928,3,"(511.0, 0.0)"
1770300740.953,928,3,"(511.0, 0.0)"
1770300740.963,928,3,"(511.0, 0.0)"
1770300740.974,928,3,"(511.0, 0.0)"
1770300740.984,928,3,"(511.0, 0.0)"
1770300740.995,928,3,"(511.0, 0.0)"
1770300741.006,928,3,"(511.0, 0.0)"
1770300741.017,928,3,"(511.0, 0.0)"
1770300741.027,928,3,"(511.0, 0.0)"
1770300741.038,928,3,"(511.0, 0.0)"
1770300741.049,928,3,"(511.0, 0.0)"
1770300741.06,928,3,"(511.0, 0.0)"
1770300741.07,928,3,"(511.0, 0.0)"
1770300741.08,928,3,"(511.0, 0.0)"
1770300741.091,928,3,"(511.0, 0.0)"
1770300741.102,928,3,"(511.0, 0.0)"
1770300741.113,928,3,"(511.0, 0.0)"
1770300741.124,928,3,"(511.0, 0.0)"
1770300741.135,928,3,"(511.0, 0.0)"
1770300741.146,928,3,"(511.0, 0.0)"
1770300741.157,928,3,"(511.0, 0.0)"
1770300741.168,928,3,"(511.0, 0.0)"
1770300741.179,928,3,"(511.0, 0.0)"
1770300741.191,928,3,"(511.0, 0.0)"
1770300741.203,928,3,"(511.0, 0.0)"
1770300741.214,928,3,"(511.0, 0.0)"
1770300741.225,928,3,"(511.0, 0.0)"
1770300741.236,928,3,"(511.0, 0.0)"
1770300741.248,928,3,"(511.0, 0.0)"
1770300741.258,928,3,"(511.0, 0.0)"
1770300741.268,928,3,"(511.0, 0.0)"
1770300741.278,928,3,"(511.0, 0.0)"
1770300741.29,928,3,"(511.0, 0.0)"
1770300741.301,928,3,"(511.0, 0.0)"
1770300741.312,928,3,"(511.0, 24.0)"
1770300741.323,928,3,"(511.0, 24.0)"
1770300741.333,928,3,"(511.0, 48.0)"
1770300741.343,928,3,"(511.0, 48.0)"
1770300741.354,928,3,"(511.0, 48.0)"
1770300741.365,928,3,"(511.0, 48.0)"
1770300741.376,928,3,"(511.0, 24.0)"
1770300741.387,928,3,"(511.0, 24.0)"
1770300741.397,928,3,"(511.0, 0.0)"
1770300741.407,928,3,"(511.0, 0.0)"
1770300741.418,928,3,"(511.0, 0.0)"
1770300741.428,928,3,"(511.0, 24.0)"
1770300747.095,928,4,"(511.0, 292.0)"
1770300747.106,928,4,"(511.0, 292.0)"
1770300747.116,928,4,"(511.0, 267.0)"
1770300747.126,928,4,"(511.0, 243.0)"
1770300747.137,928,4,"(511.0, 219.0)"
1770300747.147,928,4,"(511.0, 194.0)"
1770300747.159,928,4,"(511.0, 194.0)"
1770300747.169,928,4,"(511.0, 170.0)"
1770300747.18,928,4,"(511.0, 146.0)"
1770300747.192,928,4,"(511.0, 121.0)"
1770300747.202,928,4,"(511.0, 97.0)"
1770300747.213,928,4,"(511.0, 73.0)"
1770300747.224,928,4,"(511.0, 48.0)"
1770300747.235,928,4,"(511.0, 48.0)"
1770300747.245,928,4,"(511.0, 24.0)"
1770300747.257,928,4,"(511.0, 24.0)"
1770300747.268,928,4,"(511.0, 0.0)"
1770300747.28,928,4,"(511.0, 0.0)"
1770300747.291,928,4,"(511.0, 0.0)"
1770300747.302,928,4,"(511.0, 0.0)"
1770300747.312,928,4,"(511.0, 0.0)"
1770300747.327,928,4,"(511.0, 0.0)"
1770300747.337,928,4,"(511.0, 0.0)"
1770300747.348,928,4,"(511.0, 0.0)"
1770300747.359,928,4,"(511.0, 0.0)"
1770300747.37,928,4,"(511.0, 0.0)"
1770300747.38,928,4,"(511.0, 0.0)"
1770300747.392,928,4,"(511.0, 0.0)"
1770300747.402,928,4,"(511.0, 0.0)"
1770300747.413,928,4,"(511.0, 0.0)"
1770300747.426,928,4,"(511.0, 0.0)"
1770300747.437,928,4,"(511.0, 0.0)"
1770300747.447,928,4,"(511.0, 0.0)"
1770300747.457,928,4,"(511.0, 0.0)"
1770300747.468,928,4,"(511.0, 0.0)"
1770300747.478,928,4,"(511.0, 0.0)"
1770300747.489,928,4,"(511.0, 0.0)"
1770300747.499,928,4,"(511.0, 0.0)"
1770300747.51,928,4,"(511.0, 0.0)"
1770300747.52,928,4,"(511.0, 0.0)"
1770300747.531,928,4,"(511.0, 0.0)"
1770300747.541,928,4,"(511.0, 0.0)"
1770300747.552,928,4,"(511.0, 0.0)"
1770300747.562,928,4,"(511.0, 0.0)"
1770300747.575,928,4,"(511.0, 0.0)"
1770300747.585,928,4,"(511.0, 0.0)"
1770300747.596,928,4,"(511.0, 0.0)"
1770300747.608,928,4,"(511.0, 0.0)"
1770300747.618,928,4,"(511.0, 0.0)"
1770300747.628,928,4,"(511.0, 0.0)"
1770300747.641,928,4,"(511.0, 0.0)"
1770300747.651,928,4,"(383.0, 24.0)"
1770300747.662,928,4,"(511.0, 48.0)"
1770300747.673,928,4,"(383.0, 73.0)"
1770300747.685,928,4,"(255.0, 121.0)"
1770300747.696,928,4,"(255.0, 170.0)"
1770300747.706,928,4,"(511.0, 194.0)"
1770300747.718,928,4,"(511.0, 219.0)"
1770300747.729,928,4,"(511.0, 243.0)"
1770300747.741,928,4,"(511.0, 243.0)"
1770300747.751,928,4,"(511.0, 292.0)"
1770300747.761,928,4,"(511.0, 316.0)"
1770300747.772,928,4,"(511.0, 316.0)"
1770300747.783,928,4,"(511.0, 341.0)"
1770300747.794,928,4,"(511.0, 341.0)"
1770300747.804,928,4,"(511.0, 341.0)"
1770300747.814,928,4,"(511.0, 341.0)"
1770300747.826,928,4,"(511.0, 341.0)"
1770300747.836,928,4,"(511.0, 341.0)"
1770300747.847,928,4,"(511.0, 341.0)"
1770300747.857,928,4,"(511.0, 341.0)"
1770300747.868,928,4,"(511.0, 341.0)"
1770300747.878,928,4,"(511.0, 341.0)"
1770300747.888,928,4,"(511.0, 341.0)"
1770300747.899,928,4,"(511.0, 316.0)"
1770300747.911,928,4,"(511.0, 316.0)"
1770300747.922,928,4,"(511.0, 292.0)"
1770300747.932,928,4,"(511.0, 243.0)"
1770300747.943,928,4,"(511.0, 219.0)"
1770300747.954,928,4,"(511.0, 170.0)"
1770300747.965,928,4,"(511.0, 121.0)"
1770300747.976,928,4,"(511.0, 121.0)"
1770300747.987,928,4,"(511.0, 97.0)"
1770300747.998,928,4,"(511.0, 73.0)"
1770300748.008,928,4,"(511.0, 48.0)"
1770300748.018,928,4,"(511.0, 48.0)"
1770300748.032,928,4,"(511.0, 24.0)"
1770300748.042,928,4,"(511.0, 24.0)"
1770300748.052,928,4,"(511.0, 0.0)"
1770300748.064,928,4,"(511.0, 0.0)"
1770300748.074,928,4,"(511.0, 0.0)"
1770300748.085,928,4,"(511.0, 0.0)"
1770300748.098,928,4,"(511.0, 0.0)"
1770300748.108,928,4,"(511.0, 0.0)"
1770300748.118,928,4,"(511.0, 0.0)"
1770300748.132,928,4,"(511.0, 0.0)"
1770300748.142,928,4,"(511.0, 0.0)"
1770300748.153,928,4,"(511.0, 0.0)"
1770300748.164,928,4,"(511.0, 0.0)"
1770300748.175,928,4,"(511.0, 0.0)"
1770300748.185,928,4,"(511.0, 0.0)"
1770300748.195,928,4,"(511.0, 0.0)"
1770300748.206,928,4,"(511.0, 0.0)"
1770300748.216,928,4,"(511.0, 0.0)"
1770300748.226,928,4,"(511.0, 0.0)"
1770300748.237,928,4,"(511.0, 0.0)"
1770300748.248,928,4,"(511.0, 0.0)"
1770300748.258,928,4,"(511.0, 0.0)"
1770300748.268,928,4,"(511.0, 0.0)"
1770300748.278,928,4,"(511.0, 0.0)"
1770300748.289,928,4,"(511.0, 0.0)"
1770300748.3,928,4,"(511.0, 0.0)"
1770300748.31,928,4,"(511.0, 0.0)"
1770300748.321,928,4,"(511.0, 0.0)"
1770300748.331,928,4,"(511.0, 0.0)"
1770300748.342,928,4,"(511.0, 0.0)"
1770300748.353,928,4,"(511.0, 0.0)"
1770300748.364,928,4,"(511.0, 24.0)"
1770300748.374,928,4,"(511.0, 24.0)"
1770300748.385,928,4,"(511.0, 48.0)"
1770300748.398,928,4,"(511.0, 48.0)"
1770300748.408,928,4,"(511.0, 48.0)"
1770300748.419,928,4,"(511.0, 48.0)"
1770300748.432,928,4,"(511.0, 48.0)"
1770300748.442,928,4,"(511.0, 48.0)"
1770300748.453,928,4,"(511.0, 48.0)"
1770300748.464,928,4,"(511.0, 48.0)"
1770300748.474,928,4,"(511.0, 48.0)"
1770300748.485,928,4,"(511.0, 48.0)"
1770300748.495,928,4,"(511.0, 48.0)"
1770300748.505,928,4,"(511.0, 48.0)"
1770300748.515,928,4,"(511.0, 48.0)"
1770300748.526,928,4,"(511.0, 48.0)"
1770300748.537,928,4,"(511.0, 48.0)"
1770300748.549,928,4,"(511.0, 48.0)"
1770300748.56,928,4,"(511.0, 48.0)"
1770300748.57,928,4,"(511.0, 48.0)"
1770300748.582,928,4,"(511.0, 48.0)"
1770300748.592,928,4,"(511.0, 48.0)"
1770300748.603,928,4,"(511.0, 24.0)"
1770300748.614,928,4,"(511.0, 24.0)"
1770300748.625,928,4,"(511.0, 0.0)"
1770300748.635,928,4,"(511.0, 0.0)"
1770300748.646,928,4,"(511.0, 0.0)"
1770300748.657,928,4,"(511.0, 0.0)"
1770300748.667,928,4,"(511.0, 0.0)"
1770300748.68,928,4,"(511.0, 0.0)"
1770300748.691,928,4,"(511.0, 0.0)"
1770300748.701,928,4,"(511.0, 0.0)"
1770300748.713,928,4,"(511.0, 0.0)"
1770300748.723,928,4,"(511.0, 0.0)"
1770300748.733,928,4,"(511.0, 0.0)"
1770300748.746,928,4,"(511.0, 0.0)"
1770300748.757,928,4,"(511.0, 0.0)"
1770300748.767,928,4,"(511.0, 0.0)"
1770300748.78,928,4,"(511.0, 0.0)"
1770300748.791,928,4,"(511.0, 0.0)"
1770300748.801,928,4,"(511.0, 0.0)"
1770300748.814,928,4,"(511.0, 0.0)"
1770300748.825,928,4,"(511.0, 0.0)"
1770300748.836,928,4,"(511.0, 0.0)"
1770300748.846,928,4,"(511.0, 0.0)"
1770300748.856,928,4,"(511.0, 0.0)"
1770300748.868,928,4,"(511.0, 0.0)"
1770300748.88,928,4,"(511.0, 0.0)"
1770300748.89,928,4,"(511.0, 0.0)"
1770300748.901,928,4,"(511.0, 0.0)"
1770300748.912,928,4,"(511.0, 0.0)"
1770300748.923,928,4,"(511.0, 0.0)"
1770300748.933,928,4,"(511.0, 0.0)"
1770300748.944,928,4,"(511.0, 0.0)"
1770300748.954,928,4,"(511.0, 0.0)"
1770300748.964,928,4,"(511.0, 0.0)"
1770300748.977,928,4,"(511.0, 0.0)"
1770300748.988,928,4,"(511.0, 0.0)"
1770300748.998,928,4,"(511.0, 0.0)"
1770300749.011,928,4,"(511.0, 0.0)"
1770300749.021,928,4,"(511.0, 0.0)"
1770300749.032,928,4,"(511.0, 0.0)"
1770300749.043,928,4,"(511.0, 0.0)"
1770300749.054,928,4,"(639.0, 0.0)"
1770300749.065,928,4,"(511.0, 24.0)"
1770300749.075,928,4,"(511.0, 48.0)"
1770300749.086,928,4,"(511.0, 97.0)"
1770300749.096,928,4,"(511.0, 121.0)"
1770300749.107,928,4,"(383.0, 146.0)"
1770300749.118,928,4,"(511.0, 170.0)"
1770300749.128,928,4,"(511.0, 194.0)"
1770300749.138,928,4,"(511.0, 219.0)"
1770300749.149,928,4,"(383.0, 267.0)"
1770300749.161,928,4,"(511.0, 292.0)"
1770300749.172,928,4,"(639.0, 316.0)"
1770300749.182,928,4,"(511.0, 365.0)"
1770300749.196,928,4,"(511.0, 365.0)"
1770300749.207,928,4,"(511.0, 389.0)"
1770300749.219,928,4,"(511.0, 414.0)"
1770300749.231,928,4,"(511.0, 414.0)"
1770300749.241,928,4,"(511.0, 438.0)"
1770300749.252,928,4,"(511.0, 438.0)"
1770300749.264,928,4,"(511.0, 462.0)"
1770300749.275,928,4,"(511.0, 462.0)"
1770300749.285,928,4,"(511.0, 487.0)"
1770300749.297,928,4,"(511.0, 487.0)"
1770300749.307,928,4,"(511.0, 462.0)"
1770300749.317,928,4,"(511.0, 438.0)"
1770300749.329,928,4,"(511.0, 414.0)"
1770300749.34,928,4,"(511.0, 365.0)"
1770300749.351,928,4,"(511.0, 341.0)"
1770300749.362,928,4,"(511.0, 316.0)"
1770300749.372,928,4,"(511.0, 292.0)"
1770300749.383,928,4,"(511.0, 267.0)"
1770300749.394,928,4,"(511.0, 219.0)"
1770300749.405,928,4,"(511.0, 194.0)"
1770300749.415,928,4,"(511.0, 170.0)"
1770300749.426,928,4,"(511.0, 146.0)"
1770300749.436,928,4,"(511.0, 121.0)"
1770300749.448,928,4,"(511.0, 97.0)"
1770300749.458,928,4,"(511.0, 73.0)"
1770300749.468,928,4,"(511.0, 48.0)"
1770300749.48,928,4,"(511.0, 48.0)"
1770300749.491,928,4,"(511.0, 24.0)"
1770300749.502,928,4,"(511.0, 0.0)"
1770300749.512,928,4,"(511.0, 0.0)"
1770300749.523,928,4,"(511.0, 0.0)"
1770300749.533,928,4,"(511.0, 0.0)"
1770300749.546,928,4,"(511.0, 0.0)"
1770300749.557,928,4,"(511.0, 0.0)"
1770300749.568,928,4,"(511.0, 0.0)"
1770300749.579,928,4,"(511.0, 0.0)"
1770300749.589,928,4,"(511.0, 0.0)"
1770300749.599,928,4,"(511.0, 0.0)"
1770300749.611,928,4,"(511.0, 0.0)"
1770300749.622,928,4,"(511.0, 0.0)"
1770300749.632,928,4,"(511.0, 0.0)"
1770300749.643,928,4,"(511.0, 0.0)"
1770300749.653,928,4,"(511.0, 0.0)"
1770300749.664,928,4,"(511.0, 0.0)"
1770300749.675,928,4,"(511.0, 0.0)"
1770300749.686,928,4,"(511.0, 0.0)"
1770300749.696,928,4,"(511.0, 0.0)"
1770300749.708,928,4,"(511.0, 0.0)"
1770300749.718,928,4,"(511.0, 0.0)"
1770300749.729,928,4,"(511.0, 0.0)"
1770300749.739,928,4,"(511.0, 0.0)"
1770300749.75,928,4,"(511.0, 0.0)"
1770300749.761,928,4,"(511.0, 0.0)"
1770300749.771,928,4,"(511.0, 24.0)"
1770300749.782,928,4,"(511.0, 24.0)"
1770300749.794,928,4,"(383.0, 48.0)"
1770300749.805,928,4,"(511.0, 48.0)"
1770300749.815,928,4,"(383.0, 73.0)"
1770300749.826,928,4,"(255.0, 121.0)"
1770300749.837,928,4,"(511.0, 194.0)"
1770300749.847,928,4,"(255.0, 219.0)"
1770300749.858,928,4,"(127.0, 267.0)"
1770300749.868,928,4,"(639.0, 292.0)"
1770300749.878,928,4,"(767.0, 316.0)"
1770300749.889,928,4,"(639.0, 365.0)"
1770300749.899,928,4,"(511.0, 389.0)"
1770300749.909,928,4,"(511.0, 414.0)"
1770300749.92,928,4,"(511.0, 462.0)"
1770300749.931,928,4,"(511.0, 487.0)"
1770300749.941,928,4,"(511.0, 511.0)"
1770300749.952,928,4,"(511.0, 511.0)"
1770300749.963,928,4,"(511.0, 535.0)"
1770300749.974,928,4,"(511.0, 535.0)"
1770300749.984,928,4,"(511.0, 535.0)"
1770300749.996,928,4,"(511.0, 535.0)"
1770300750.007,928,4,"(511.0, 535.0)"
1770300750.017,928,4,"(511.0, 511.0)"
1770300750.028,928,4,"(511.0, 511.0)"
1770300750.041,928,4,"(511.0, 487.0)"
1770300750.052,928,4,"(511.0, 462.0)"
1770300750.062,928,4,"(511.0, 462.0)"
1770300750.073,928,4,"(511.0, 438.0)"
1770300750.086,928,4,"(511.0, 365.0)"
1770300750.096,928,4,"(511.0, 316.0)"
1770300774.279,928,1,"(511.0, 0.0)"
1770300774.29,928,1,"(511.0, 0.0)"
1770300774.301,928,1,"(511.0, 0.0)"
1770300774.311,928,1,"(511.0, 0.0)"
1770300774.322,928,1,"(511.0, 0.0)"
1770300774.332,928,1,"(511.0, 0.0)"
1770300774.345,928,1,"(511.0, 0.0)"
1770300774.356,928,1,"(511.0, 0.0)"
1770300774.366,928,1,"(511.0, 0.0)"
1770300774.377,928,1,"(511.0, 0.0)"
1770300774.388,928,1,"(511.0, 0.0)"
1770300774.398,928,1,"(511.0, 0.0)"
1770300774.41,928,1,"(511.0, 0.0)"
1770300774.422,928,1,"(511.0, 0.0)"
1770300774.432,928,1,"(511.0, 0.0)"
1770300774.443,928,1,"(511.0, 0.0)"
1770300774.454,928,1,"(511.0, 0.0)"
1770300774.465,928,1,"(511.0, 0.0)"
1770300774.477,928,1,"(511.0, 0.0)"
1770300774.488,928,1,"(511.0, 0.0)"
1770300774.498,928,1,"(511.0, 0.0)"
1770300774.511,928,1,"(511.0, 0.0)"
1770300774.522,928,1,"(511.0, 0.0)"
1770300774.532,928,1,"(511.0, 0.0)"
1770300774.544,928,1,"(511.0, 0.0)"
1770300774.554,928,1,"(511.0, 0.0)"
1770300774.565,928,1,"(511.0, 0.0)"
1770300774.576,928,1,"(511.0, 0.0)"
1770300774.587,928,1,"(511.0, 0.0)"
1770300774.598,928,1,"(511.0, 0.0)"
1770300774.608,928,1,"(511.0, 0.0)"
1770300774.619,928,1,"(511.0, 0.0)"
1770300774.631,928,1,"(511.0, 0.0)"
1770300774.642,928,1,"(511.0, 0.0)"
1770300774.652,928,1,"(511.0, 0.0)"
1770300774.664,928,1,"(511.0, 0.0)"
1770300774.676,928,1,"(511.0, 0.0)"
1770300774.686,928,1,"(511.0, 0.0)"
1770300774.697,928,1,"(511.0, 0.0)"
1770300774.708,928,1,"(511.0, 0.0)"
1770300774.718,928,1,"(511.0, 0.0)"
1770300774.729,928,1,"(511.0, 0.0)"
1770300774.741,928,1,"(511.0, 0.0)"
1770300774.752,928,1,"(511.0, 0.0)"
1770300774.763,928,1,"(511.0, 0.0)"
1770300774.774,928,1,"(511.0, 0.0)"
1770300774.785,928,1,"(511.0, 0.0)"
1770300774.798,928,1,"(511.0, 0.0)"
1770300774.809,928,1,"(511.0, 0.0)"
1770300774.819,928,1,"(511.0, 0.0)"
1770300774.83,928,1,"(511.0, 0.0)"
1770300774.841,928,1,"(511.0, 0.0)"
1770300774.852,928,1,"(511.0, 0.0)"
1770300774.865,928,1,"(511.0, 0.0)"
1770300774.876,928,1,"(511.0, 0.0)"
1770300774.887,928,1,"(511.0, 0.0)"
1770300774.897,928,1,"(511.0, 0.0)"
1770300774.907,928,1,"(511.0, 0.0)"
1770300774.918,928,1,"(511.0, 0.0)"
1770300774.928,928,1,"(511.0, 0.0)"
1770300774.939,928,1,"(511.0, 0.0)"
1770300774.95,928,1,"(511.0, 0.0)"
1770300774.96,928,1,"(511.0, 0.0)"
1770300774.97,928,1,"(511.0, 0.0)"
1770300774.981,928,1,"(511.0, 0.0)"
1770300774.993,928,1,"(511.0, 0.0)"
1770300775.004,928,1,"(511.0, 0.0)"
1770300775.017,928,1,"(511.0, 0.0)"
1770300775.028,928,1,"(511.0, 0.0)"
1770300775.039,928,1,"(511.0, 0.0)"
1770300775.049,928,1,"(511.0, 0.0)"
1770300775.06,928,1,"(511.0, 0.0)"
1770300775.07,928,1,"(511.0, 0.0)"
1770300775.083,928,1,"(511.0, 0.0)"
1770300775.093,928,1,"(511.0, 0.0)"
1770300775.104,928,1,"(511.0, 0.0)"
1770300775.116,928,1,"(511.0, 0.0)"
1770300775.127,928,1,"(511.0, 0.0)"
1770300775.137,928,1,"(511.0, 0.0)"
1770300775.148,928,1,"(511.0, 0.0)"
1770300775.158,928,1,"(511.0, 0.0)"
1770300775.169,928,1,"(511.0, 0.0)"
1770300775.18,928,1,"(511.0, 0.0)"
1770300775.19,928,1,"(511.0, 0.0)"
1770300775.202,928,1,"(511.0, 0.0)"
1770300775.213,928,1,"(511.0, 0.0)"
1770300775.224,928,1,"(511.0, 0.0)"
1770300775.236,928,1,"(511.0, 0.0)"
1770300775.246,928,1,"(511.0, 0.0)"
1770300775.258,928,1,"(511.0, 0.0)"
1770300775.269,928,1,"(511.0, 0.0)"
1770300775.279,928,1,"(511.0, 0.0)"
1770300775.289,928,1,"(511.0, 0.0)"
1770300775.299,928,1,"(511.0, 0.0)"
1770300775.309,928,1,"(511.0, 0.0)"
1770300775.321,928,1,"(511.0, 0.0)"
1770300775.332,928,1,"(511.0, 0.0)"
1770300775.343,928,1,"(511.0, 0.0)"
1770300775.354,928,1,"(511.0, 0.0)"
1770300775.365,928,1,"(511.0, 0.0)"
1770300775.376,928,1,"(511.0, 0.0)"
1770300775.388,928,1,"(511.0, 0.0)"
1770300775.398,928,1,"(511.0, 0.0)"
1770300775.409,928,1,"(511.0, 0.0)"
1770300775.421,928,1,"(511.0, 0.0)"
1770300775.431,928,1,"(511.0, 0.0)"
1770300775.442,928,1,"(511.0, 0.0)"
1770300775.456,928,1,"(511.0, 0.0)"
1770300775.467,928,1,"(511.0, 0.0)"
1770300775.478,928,1,"(511.0, 0.0)"
1770300775.488,928,1,"(511.0, 0.0)"
1770300775.498,928,1,"(511.0, 0.0)"
1770300775.508,928,1,"(511.0, 0.0)"
1770300775.518,928,1,"(511.0, 0.0)"
1770300775.529,928,1,"(511.0, 0.0)"
1770300775.541,928,1,"(511.0, 0.0)"
1770300775.551,928,1,"(511.0, 0.0)"
1770300775.563,928,1,"(511.0, 0.0)"
1770300775.573,928,1,"(511.0, 0.0)"
1770300775.584,928,1,"(511.0, 0.0)"
1770300775.595,928,1,"(511.0, 0.0)"
1770300775.606,928,1,"(511.0, 0.0)"
1770300775.616,928,1,"(511.0, 0.0)"
1770300775.626,928,1,"(511.0, 0.0)"
1770300775.637,928,1,"(511.0, 0.0)"
1770300775.648,928,1,"(511.0, 0.0)"
1770300775.658,928,1,"(511.0, 0.0)"
1770300775.668,928,1,"(511.0, 0.0)"
1770300775.678,928,1,"(511.0, 0.0)"
1770300775.689,928,1,"(511.0, 0.0)"
1770300775.7,928,1,"(511.0, 0.0)"
1770300775.712,928,1,"(511.0, 0.0)"
1770300775.723,928,1,"(511.0, 0.0)"
1770300775.734,928,1,"(511.0, 0.0)"
1770300775.744,928,1,"(511.0, 0.0)"
1770300775.755,928,1,"(511.0, 0.0)"
1770300775.766,928,1,"(511.0, 0.0)"
1770300775.777,928,1,"(511.0, 0.0)"
1770300775.787,928,1,"(511.0, 0.0)"
1770300775.797,928,1,"(511.0, 0.0)"
1770300775.809,928,1,"(511.0, 0.0)"
1770300775.819,928,1,"(511.0, 0.0)"
1770300775.83,928,1,"(511.0, 0.0)"
1770300775.842,928,1,"(511.0, 0.0)"
1770300775.852,928,1,"(511.0, 0.0)"
1770300775.864,928,1,"(511.0, 0.0)"
1770300775.876,928,1,"(511.0, 0.0)"
1770300775.887,928,1,"(511.0, 0.0)"
1770300775.898,928,1,"(511.0, 0.0)"
1770300775.91,928,1,"(511.0, 0.0)"
1770300775.92,928,1,"(511.0, 0.0)"
1770300775.931,928,1,"(511.0, 0.0)"
1770300775.942,928,1,"(511.0, 0.0)"
1770300775.952,928,1,"(511.0, 0.0)"
1770300775.962,928,1,"(511.0, 0.0)"
1770300775.976,928,1,"(511.0, 0.0)"
1770300775.986,928,1,"(511.0, 0.0)"
1770300775.997,928,1,"(511.0, 0.0)"
1770300776.007,928,1,"(511.0, 0.0)"
1770300776.017,928,1,"(511.0, 0.0)"
1770300776.028,928,1,"(511.0, 0.0)"
1770300776.038,928,1,"(511.0, 0.0)"
1770300776.049,928,1,"(511.0, 0.0)"
1770300776.061,928,1,"(511.0, 0.0)"
1770300776.072,928,1,"(511.0, 0.0)"
1770300776.082,928,1,"(511.0, 0.0)"
1770300776.093,928,1,"(511.0, 0.0)"
1770300776.104,928,1,"(511.0, 0.0)"
1770300776.114,928,1,"(511.0, 0.0)"
1770300776.124,928,1,"(511.0, 0.0)"
1770300776.135,928,1,"(511.0, 0.0)"
1770300776.145,928,1,"(511.0, 0.0)"
1770300776.155,928,1,"(511.0, 0.0)"
1770300776.166,928,1,"(511.0, 0.0)"
1770300776.177,928,1,"(511.0, 0.0)"
1770300776.188,928,1,"(511.0, 0.0)"
1770300776.198,928,1,"(511.0, 0.0)"
1770300776.208,928,1,"(511.0, 0.0)"
1770300776.22,928,1,"(511.0, 0.0)"
1770300776.231,928,1,"(511.0, 0.0)"
1770300776.243,928,1,"(511.0, 0.0)"
1770300776.253,928,1,"(511.0, 0.0)"
1770300776.264,928,1,"(511.0, 0.0)"
1770300776.278,928,1,"(511.0, 0.0)"
1770300776.289,928,1,"(511.0, 0.0)"
1770300776.3,928,1,"(511.0, 0.0)"
1770300776.311,928,1,"(511.0, 0.0)"
1770300776.321,928,1,"(511.0, 0.0)"
1770300776.331,928,1,"(511.0, 0.0)"
1770300776.341,928,1,"(511.0, 0.0)"
1770300776.352,928,1,"(511.0, 0.0)"
1770300776.363,928,1,"(511.0, 0.0)"
1770300776.374,928,1,"(511.0, 0.0)"
1770300776.384,928,1,"(511.0, 0.0)"
1770300776.396,928,1,"(511.0, 0.0)"
1770300776.407,928,1,"(511.0, 0.0)"
1770300776.417,928,1,"(511.0, 0.0)"
1770300776.429,928,1,"(511.0, 0.0)"
1770300776.441,928,1,"(511.0, 0.0)"
1770300776.452,928,1,"(511.0, 0.0)"
1770300776.463,928,1,"(511.0, 0.0)"
1770300776.474,928,1,"(511.0, 0.0)"
1770300776.485,928,1,"(511.0, 0.0)"
1770300776.497,928,1,"(511.0, 0.0)"
1770300776.507,928,1,"(511.0, 0.0)"
1770300776.518,928,1,"(511.0, 0.0)"
1770300776.531,928,1,"(511.0, 0.0)"
1770300776.541,928,1,"(511.0, 0.0)"
1770300776.553,928,1,"(511.0, 0.0)"
1770300776.564,928,1,"(511.0, 0.0)"
1770300776.574,928,1,"(511.0, 0.0)"
1770300776.585,928,1,"(511.0, 0.0)"
1770300776.596,928,1,"(511.0, 0.0)"
1770300776.606,928,1,"(511.0, 0.0)"
1770300776.617,928,1,"(511.0, 0.0)"
1770300776.628,928,1,"(511.0, 0.0)"
1770300776.638,928,1,"(511.0, 0.0)"
1770300776.648,928,1,"(511.0, 0.0)"
1770300776.658,928,1,"(511.0, 0.0)"
1770300776.669,928,1,"(511.0, 0.0)"
1770300776.682,928,1,"(511.0, 0.0)"
1770300776.694,928,1,"(511.0, 0.0)"
1770300776.705,928,1,"(511.0, 0.0)"
1770300776.716,928,1,"(511.0, 0.0)"
1770300776.726,928,1,"(511.0, 0.0)"
1770300776.737,928,1,"(511.0, 0.0)"
1770300776.748,928,1,"(511.0, 0.0)"
1770300776.758,928,1,"(511.0, 0.0)"
1770300776.769,928,1,"(511.0, 0.0)"
1770300776.781,928,1,"(511.0, 0.0)"
1770300776.791,928,1,"(511.0, 0.0)"
1770300776.801,928,1,"(511.0, 0.0)"
1770300776.812,928,1,"(511.0, 0.0)"
1770300776.822,928,1,"(511.0, 0.0)"
1770300776.834,928,1,"(511.0, 0.0)"
1770300776.844,928,1,"(511.0, 0.0)"
1770300776.854,928,1,"(511.0, 0.0)"
1770300776.864,928,1,"(511.0, 0.0)"
1770300776.875,928,1,"(511.0, 0.0)"
1770300776.885,928,1,"(511.0, 0.0)"
1770300776.896,928,1,"(511.0, 0.0)"
1770300776.906,928,1,"(511.0, 0.0)"
1770300776.916,928,1,"(511.0, 0.0)"
1770300776.927,928,1,"(511.0, 0.0)"
1770300776.938,928,1,"(511.0, 0.0)"
1770300776.949,928,1,"(511.0, 0.0)"
1770300776.96,928,1,"(511.0, 0.0)"
1770300776.97,928,1,"(511.0, 0.0)"
1770300776.983,928,1,"(511.0, 0.0)"
1770300776.993,928,1,"(511.0, 0.0)"
1770300777.003,928,1,"(511.0, 0.0)"
1770300777.015,928,1,"(511.0, 0.0)"
1770300777.026,928,1,"(511.0, 0.0)"
1770300777.036,928,1,"(511.0, 0.0)"
1770300777.046,928,1,"(511.0, 0.0)"
1770300777.057,928,1,"(511.0, 0.0)"
1770300777.068,928,1,"(511.0, 0.0)"
1770300777.078,928,1,"(511.0, 0.0)"
1770300777.088,928,1,"(511.0, 0.0)"
1770300777.101,928,1,"(511.0, 0.0)"
1770300777.112,928,1,"(511.0, 0.0)"
1770300777.123,928,1,"(511.0, 0.0)"
1770300777.135,928,1,"(511.0, 0.0)"
1770300777.145,928,1,"(511.0, 0.0)"
1770300777.156,928,1,"(511.0, 0.0)"
1770300777.169,928,1,"(511.0, 0.0)"
1770300777.179,928,1,"(511.0, 0.0)"
1770300777.189,928,1,"(511.0, 0.0)"
1770300777.2,928,1,"(511.0, 0.0)"
1770300777.21,928,1,"(511.0, 0.0)"
1770300777.221,928,1,"(511.0, 0.0)"
1770300777.232,928,1,"(511.0, 0.0)"
1770300777.242,928,1,"(511.0, 0.0)"
1770300777.252,928,1,"(511.0, 0.0)"
1770300777.263,928,1,"(511.0, 0.0)"
1770300777.273,928,1,"(511.0, 0.0)"
1770300780.751,928,2,"(511.0, 292.0)"
1770300780.761,928,2,"(511.0, 292.0)"
1770300780.772,928,2,"(511.0, 292.0)"
1770300780.783,928,2,"(511.0, 292.0)"
1770300780.794,928,2,"(639.0, 292.0)"
1770300780.805,928,2,"(639.0, 292.0)"
1770300780.815,928,2,"(511.0, 316.0)"
1770300780.825,928,2,"(511.0, 341.0)"
1770300780.836,928,2,"(255.0, 365.0)"
1770300780.849,928,2,"(127.0, 414.0)"
1770300780.859,928,2,"(255.0, 462.0)"
1770300780.869,928,2,"(511.0, 511.0)"
1770300780.882,928,2,"(639.0, 535.0)"
1770300780.892,928,2,"(383.0, 584.0)"
1770300780.903,928,2,"(511.0, 633.0)"
1770300780.914,928,2,"(767.0, 633.0)"
1770300780.925,928,2,"(895.0, 657.0)"
1770300780.936,928,2,"(639.0, 682.0)"
1770300780.946,928,2,"(767.0, 706.0)"
1770300780.956,928,2,"(767.0, 730.0)"
1770300780.966,928,2,"(383.0, 755.0)"
1770300780.979,928,2,"(255.0, 779.0)"
1770300780.99,928,2,"(383.0, 803.0)"
1770300781.0,928,2,"(511.0, 828.0)"
1770300781.012,928,2,"(511.0, 852.0)"
1770300781.022,928,2,"(511.0, 876.0)"
1770300781.033,928,2,"(511.0, 901.0)"
1770300781.044,928,2,"(511.0, 949.0)"
1770300781.055,928,2,"(511.0, 974.0)"
1770300781.065,928,2,"(383.0, 998.0)"
1770300781.076,928,2,"(511.0, 998.0)"
1770300781.086,928,2,"(767.0, 998.0)"
1770300781.098,928,2,"(639.0, 998.0)"
1770300781.109,928,2,"(511.0, 949.0)"
1770300781.119,928,2,"(511.0, 925.0)"
1770300781.132,928,2,"(511.0, 901.0)"
1770300781.142,928,2,"(511.0, 852.0)"
1770300781.153,928,2,"(511.0, 828.0)"
1770300781.163,928,2,"(511.0, 803.0)"
1770300781.173,928,2,"(383.0, 779.0)"
1770300781.184,928,2,"(511.0, 779.0)"
1770300781.194,928,2,"(639.0, 779.0)"
1770300781.204,928,2,"(639.0, 779.0)"
1770300781.215,928,2,"(639.0, 755.0)"
1770300781.225,928,2,"(767.0, 755.0)"
1770300781.237,928,2,"(511.0, 755.0)"
1770300781.248,928,2,"(511.0, 755.0)"
1770300781.259,928,2,"(511.0, 755.0)"
1770300781.269,928,2,"(511.0, 730.0)"
1770300781.282,928,2,"(511.0, 730.0)"
1770300781.292,928,2,"(639.0, 706.0)"
1770300781.302,928,2,"(511.0, 682.0)"
1770300781.314,928,2,"(511.0, 657.0)"
1770300781.325,928,2,"(511.0, 633.0)"
1770300781.335,928,2,"(511.0, 633.0)"
1770300781.347,928,2,"(511.0, 633.0)"
1770300781.358,928,2,"(511.0, 657.0)"
1770300781.369,928,2,"(383.0, 657.0)"
1770300781.38,928,2,"(511.0, 682.0)"
1770300781.39,928,2,"(511.0, 682.0)"
1770300781.401,928,2,"(639.0, 682.0)"
1770300781.411,928,2,"(511.0, 682.0)"
1770300781.422,928,2,"(511.0, 682.0)"
1770300781.433,928,2,"(511.0, 682.0)"
1770300781.446,928,2,"(511.0, 657.0)"
1770300781.457,928,2,"(639.0, 633.0)"
1770300781.468,928,2,"(639.0, 633.0)"
1770300781.478,928,2,"(383.0, 608.0)"
1770300781.49,928,2,"(511.0, 608.0)"
1770300781.5,928,2,"(511.0, 608.0)"
1770300781.51,928,2,"(511.0, 608.0)"
1770300781.521,928,2,"(767.0, 608.0)"
1770300781.531,928,2,"(639.0, 633.0)"
1770300781.542,928,2,"(639.0, 657.0)"
1770300781.552,928,2,"(511.0, 682.0)"
1770300781.564,928,2,"(639.0, 682.0)"
1770300781.575,928,2,"(639.0, 682.0)"
1770300781.586,928,2,"(639.0, 682.0)"
1770300781.596,928,2,"(511.0, 657.0)"
1770300781.607,928,2,"(383.0, 633.0)"
1770300781.617,928,2,"(511.0, 633.0)"
1770300781.628,928,2,"(511.0, 633.0)"
1770300781.638,928,2,"(511.0, 633.0)"
1770300781.65,928,2,"(511.0, 657.0)"
1770300781.66,928,2,"(511.0, 682.0)"
1770300781.671,928,2,"(511.0, 706.0)"
1770300781.684,928,2,"(511.0, 706.0)"
1770300781.695,928,2,"(767.0, 730.0)"
1770300781.705,928,2,"(639.0, 730.0)"
1770300781.718,928,2,"(511.0, 755.0)"
1770300781.729,928,2,"(511.0, 779.0)"
1770300781.739,928,2,"(511.0, 779.0)"
1770300781.751,928,2,"(639.0, 779.0)"
1770300781.762,928,2,"(639.0, 779.0)"
1770300781.773,928,2,"(639.0, 779.0)"
1770300781.784,928,2,"(511.0, 779.0)"
1770300781.795,928,2,"(639.0, 755.0)"
1770300781.805,928,2,"(767.0, 730.0)"
1770300781.817,928,2,"(255.0, 730.0)"
1770300781.827,928,2,"(383.0, 730.0)"
1770300781.838,928,2,"(511.0, 755.0)"
1770300781.85,928,2,"(511.0, 779.0)"
1770300781.861,928,2,"(511.0, 803.0)"
1770300781.871,928,2,"(511.0, 803.0)"
1770300781.881,928,2,"(511.0, 803.0)"
1770300781.892,928,2,"(511.0, 779.0)"
1770300781.903,928,2,"(511.0, 755.0)"
1770300781.913,928,2,"(511.0, 730.0)"
1770300781.923,928,2,"(383.0, 730.0)"
1770300781.935,928,2,"(383.0, 730.0)"
1770300781.946,928,2,"(383.0, 730.0)"
1770300781.957,928,2,"(511.0, 779.0)"
1770300781.968,928,2,"(255.0, 779.0)"
1770300781.978,928,2,"(255.0, 803.0)"
1770300781.988,928,2,"(255.0, 828.0)"
1770300782.003,928,2,"(511.0, 803.0)"
1770300782.014,928,2,"(511.0, 779.0)"
1770300782.025,928,2,"(511.0, 755.0)"
1770300782.036,928,2,"(511.0, 730.0)"
1770300782.046,928,2,"(511.0, 682.0)"
1770300782.057,928,2,"(511.0, 682.0)"
1770300782.067,928,2,"(511.0, 682.0)"
1770300782.078,928,2,"(511.0, 657.0)"
1770300782.088,928,2,"(511.0, 633.0)"
1770300782.099,928,2,"(511.0, 633.0)"
1770300782.109,928,2,"(511.0, 584.0)"
1770300782.119,928,2,"(511.0, 584.0)"
1770300782.129,928,2,"(511.0, 584.0)"
1770300782.14,928,2,"(511.0, 584.0)"
1770300782.151,928,2,"(511.0, 584.0)"
1770300782.163,928,2,"(511.0, 560.0)"
1770300782.173,928,2,"(511.0, 535.0)"
1770300782.183,928,2,"(511.0, 511.0)"
1770300782.194,928,2,"(511.0, 487.0)"
1770300782.204,928,2,"(511.0, 462.0)"
1770300782.214,928,2,"(511.0, 414.0)"
1770300782.225,928,2,"(511.0, 365.0)"
1770300782.235,928,2,"(383.0, 341.0)"
1770300782.245,928,2,"(511.0, 316.0)"
1770300782.256,928,2,"(511.0, 316.0)"
1770300782.266,928,2,"(511.0, 292.0)"
1770300782.276,928,2,"(511.0, 292.0)"
1770300782.287,928,2,"(511.0, 292.0)"
1770300782.297,928,2,"(511.0, 292.0)"
1770300782.308,928,2,"(511.0, 292.0)"
1770300782.32,928,2,"(511.0, 316.0)"
1770300782.33,928,2,"(511.0, 316.0)"
1770300782.342,928,2,"(511.0, 316.0)"
1770300782.353,928,2,"(511.0, 292.0)"
1770300782.364,928,2,"(511.0, 292.0)"
1770300782.375,928,2,"(511.0, 267.0)"
1770300782.388,928,2,"(511.0, 267.0)"
1770300782.398,928,2,"(511.0, 243.0)"
1770300782.408,928,2,"(511.0, 243.0)"
1770300782.421,928,2,"(511.0, 243.0)"
1770300782.431,928,2,"(511.0, 243.0)"
1770300782.441,928,2,"(511.0, 243.0)"
1770300782.454,928,2,"(511.0, 243.0)"
1770300782.464,928,2,"(511.0, 243.0)"
1770300782.475,928,2,"(511.0, 243.0)"
1770300782.489,928,2,"(511.0, 243.0)"
1770300782.5,928,2,"(511.0, 243.0)"
1770300782.511,928,2,"(511.0, 219.0)"
1770300782.522,928,2,"(511.0, 219.0)"
1770300782.533,928,2,"(511.0, 194.0)"
1770300782.543,928,2,"(511.0, 194.0)"
1770300782.556,928,2,"(511.0, 194.0)"
1770300782.567,928,2,"(511.0, 194.0)"
1770300782.577,928,2,"(511.0, 194.0)"
1770300782.588,928,2,"(511.0, 194.0)"
1770300782.599,928,2,"(639.0, 194.0)"
1770300782.61,928,2,"(639.0, 194.0)"
1770300782.621,928,2,"(511.0, 219.0)"
1770300782.631,928,2,"(511.0, 219.0)"
1770300782.642,928,2,"(511.0, 219.0)"
1770300782.652,928,2,"(511.0, 243.0)"
1770300782.662,928,2,"(511.0, 243.0)"
1770300782.674,928,2,"(383.0, 267.0)"
1770300782.685,928,2,"(511.0, 267.0)"
1770300782.696,928,2,"(511.0, 267.0)"
1770300782.709,928,2,"(511.0, 243.0)"
1770300782.721,928,2,"(511.0, 243.0)"
1770300782.731,928,2,"(511.0, 243.0)"
1770300782.743,928,2,"(511.0, 243.0)"
1770300782.753,928,2,"(511.0, 243.0)"
1770300782.763,928,2,"(511.0, 267.0)"
1770300782.773,928,2,"(511.0, 267.0)"
1770300782.784,928,2,"(511.0, 292.0)"
1770300782.795,928,2,"(511.0, 292.0)"
1770300782.805,928,2,"(511.0, 316.0)"
1770300782.816,928,2,"(639.0, 341.0)"
1770300782.827,928,2,"(511.0, 341.0)"
1770300782.837,928,2,"(511.0, 341.0)"
1770300782.848,928,2,"(511.0, 341.0)"
1770300782.858,928,2,"(511.0, 341.0)"
1770300782.868,928,2,"(383.0, 341.0)"
1770300782.878,928,2,"(383.0, 341.0)"
1770300782.89,928,2,"(511.0, 341.0)"
1770300782.9,928,2,"(511.0, 365.0)"
1770300782.911,928,2,"(511.0, 389.0)"
1770300782.922,928,2,"(639.0, 389.0)"
1770300782.933,928,2,"(511.0, 389.0)"
1770300782.944,928,2,"(511.0, 389.0)"
1770300782.956,928,2,"(511.0, 389.0)"
1770300782.967,928,2,"(511.0, 389.0)"
1770300782.978,928,2,"(511.0, 389.0)"
1770300782.991,928,2,"(511.0, 365.0)"
1770300783.001,928,2,"(511.0, 341.0)"
1770300783.012,928,2,"(511.0, 341.0)"
1770300783.025,928,2,"(511.0, 341.0)"
1770300783.036,928,2,"(511.0, 341.0)"
1770300783.047,928,2,"(511.0, 316.0)"
1770300783.057,928,2,"(511.0, 316.0)"
1770300783.067,928,2,"(511.0, 292.0)"
1770300783.079,928,2,"(511.0, 292.0)"
1770300783.092,928,2,"(511.0, 292.0)"
1770300783.103,928,2,"(511.0, 292.0)"
1770300783.114,928,2,"(511.0, 292.0)"
1770300783.125,928,2,"(511.0, 292.0)"
1770300783.136,928,2,"(511.0, 267.0)"
1770300783.146,928,2,"(511.0, 243.0)"
1770300783.159,928,2,"(511.0, 219.0)"
1770300783.17,928,2,"(511.0, 194.0)"
1770300783.181,928,2,"(511.0, 170.0)"
1770300783.193,928,2,"(511.0, 170.0)"
1770300783.203,928,2,"(511.0, 146.0)"
1770300783.214,928,2,"(511.0, 146.0)"
1770300783.224,928,2,"(511.0, 146.0)"
1770300783.234,928,2,"(511.0, 146.0)"
1770300783.245,928,2,"(511.0, 146.0)"
1770300783.256,928,2,"(511.0, 146.0)"
1770300783.266,928,2,"(511.0, 146.0)"
1770300783.276,928,2,"(511.0, 146.0)"
1770300783.287,928,2,"(511.0, 121.0)"
1770300783.297,928,2,"(511.0, 121.0)"
1770300783.309,928,2,"(511.0, 97.0)"
1770300783.319,928,2,"(511.0, 97.0)"
1770300783.33,928,2,"(511.0, 97.0)"
1770300783.34,928,2,"(511.0, 97.0)"
1770300783.35,928,2,"(511.0, 97.0)"
1770300783.362,928,2,"(511.0, 73.0)"
1770300783.373,928,2,"(511.0, 73.0)"
1770300783.384,928,2,"(511.0, 73.0)"
1770300783.397,928,2,"(511.0, 73.0)"
1770300783.407,928,2,"(511.0, 73.0)"
1770300783.418,928,2,"(511.0, 73.0)"
1770300783.428,928,2,"(511.0, 73.0)"
1770300783.439,928,2,"(511.0, 97.0)"
1770300783.45,928,2,"(511.0, 121.0)"
1770300783.46,928,2,"(511.0, 121.0)"
1770300783.47,928,2,"(511.0, 146.0)"
1770300783.481,928,2,"(511.0, 170.0)"
1770300783.491,928,2,"(511.0, 170.0)"
1770300783.502,928,2,"(511.0, 194.0)"
1770300783.513,928,2,"(383.0, 219.0)"
1770300783.524,928,2,"(511.0, 219.0)"
1770300783.534,928,2,"(383.0, 243.0)"
1770300783.545,928,2,"(383.0, 267.0)"
1770300783.555,928,2,"(255.0, 292.0)"
1770300783.565,928,2,"(895.0, 316.0)"
1770300783.576,928,2,"(639.0, 365.0)"
1770300783.587,928,2,"(767.0, 414.0)"
1770300783.597,928,2,"(639.0, 462.0)"
1770300783.608,928,2,"(767.0, 511.0)"
1770300783.619,928,2,"(639.0, 560.0)"
1770300783.63,928,2,"(511.0, 608.0)"
1770300783.641,928,2,"(511.0, 657.0)"
1770300783.651,928,2,"(383.0, 682.0)"
1770300783.661,928,2,"(383.0, 706.0)"
1770300783.671,928,2,"(511.0, 730.0)"
1770300783.682,928,2,"(383.0, 755.0)"
1770300783.692,928,2,"(511.0, 779.0)"
1770300783.703,928,2,"(511.0, 779.0)"
1770300783.713,928,2,"(511.0, 803.0)"
1770300783.724,928,2,"(639.0, 803.0)"
1770300783.735,928,2,"(511.0, 828.0)"
1770300783.746,928,2,"(511.0, 828.0)"
1770300783.757,928,2,"(383.0, 828.0)"
1770300792.648,928,3,"(511.0, 170.0)"
1770300792.659,928,3,"(511.0, 170.0)"
1770300792.67,928,3,"(511.0, 146.0)"
1770300792.681,928,3,"(511.0, 146.0)"
1770300792.691,928,3,"(511.0, 121.0)"
1770300792.701,928,3,"(511.0, 121.0)"
1770300792.713,928,3,"(511.0, 121.0)"
1770300792.723,928,3,"(511.0, 97.0)"
1770300792.733,928,3,"(511.0, 73.0)"
1770300792.743,928,3,"(511.0, 73.0)"
1770300792.754,928,3,"(511.0, 48.0)"
1770300792.764,928,3,"(511.0, 48.0)"
1770300792.775,928,3,"(511.0, 48.0)"
1770300792.786,928,3,"(511.0, 48.0)"
1770300792.796,928,3,"(511.0, 48.0)"
1770300792.806,928,3,"(511.0, 48.0)"
1770300792.817,928,3,"(511.0, 48.0)"
1770300792.827,928,3,"(511.0, 48.0)"
1770300792.837,928,3,"(511.0, 48.0)"
1770300792.848,928,3,"(511.0, 48.0)"
1770300792.858,928,3,"(511.0, 48.0)"
1770300792.868,928,3,"(511.0, 48.0)"
1770300792.882,928,3,"(511.0, 48.0)"
1770300792.892,928,3,"(511.0, 48.0)"
1770300792.902,928,3,"(511.0, 48.0)"
1770300792.913,928,3,"(511.0, 48.0)"
1770300792.924,928,3,"(511.0, 48.0)"
1770300792.934,928,3,"(511.0, 48.0)"
1770300792.944,928,3,"(511.0, 48.0)"
1770300792.955,928,3,"(511.0, 48.0)"
1770300792.965,928,3,"(511.0, 48.0)"
1770300792.976,928,3,"(511.0, 48.0)"
1770300792.987,928,3,"(511.0, 48.0)"
1770300792.997,928,3,"(511.0, 48.0)"
1770300793.007,928,3,"(511.0, 48.0)"
1770300793.017,928,3,"(511.0, 48.0)"
1770300793.028,928,3,"(511.0, 48.0)"
1770300793.038,928,3,"(511.0, 48.0)"
1770300793.05,928,3,"(511.0, 48.0)"
1770300793.061,928,3,"(511.0, 48.0)"
1770300793.071,928,3,"(511.0, 48.0)"
1770300793.083,928,3,"(511.0, 48.0)"
1770300793.093,928,3,"(511.0, 48.0)"
1770300793.103,928,3,"(511.0, 48.0)"
1770300793.115,928,3,"(511.0, 48.0)"
1770300793.125,928,3,"(511.0, 48.0)"
1770300793.135,928,3,"(511.0, 48.0)"
1770300793.145,928,3,"(511.0, 48.0)"
1770300793.156,928,3,"(511.0, 48.0)"
1770300793.167,928,3,"(511.0, 48.0)"
1770300793.177,928,3,"(511.0, 48.0)"
1770300793.187,928,3,"(511.0, 48.0)"
1770300793.198,928,3,"(511.0, 48.0)"
1770300793.208,928,3,"(511.0, 48.0)"
1770300793.218,928,3,"(511.0, 48.0)"
1770300793.23,928,3,"(511.0, 48.0)"
1770300793.24,928,3,"(511.0, 48.0)"
1770300793.251,928,3,"(511.0, 48.0)"
1770300793.261,928,3,"(511.0, 48.0)"
1770300793.271,928,3,"(511.0, 48.0)"
1770300793.282,928,3,"(511.0, 48.0)"
1770300793.292,928,3,"(511.0, 48.0)"
1770300793.303,928,3,"(511.0, 48.0)"
1770300793.313,928,3,"(511.0, 48.0)"
1770300793.324,928,3,"(511.0, 48.0)"
1770300793.335,928,3,"(511.0, 48.0)"
1770300793.346,928,3,"(511.0, 48.0)"
1770300793.356,928,3,"(511.0, 48.0)"
1770300793.367,928,3,"(511.0, 48.0)"
1770300793.377,928,3,"(511.0, 48.0)"
1770300793.387,928,3,"(511.0, 48.0)"
1770300793.398,928,3,"(511.0, 73.0)"
1770300793.408,928,3,"(511.0, 73.0)"
1770300793.418,928,3,"(511.0, 73.0)"
1770300793.429,928,3,"(511.0, 73.0)"
1770300793.44,928,3,"(511.0, 73.0)"
1770300793.451,928,3,"(511.0, 48.0)"
1770300793.461,928,3,"(511.0, 48.0)"
1770300793.472,928,3,"(511.0, 48.0)"
1770300793.483,928,3,"(511.0, 48.0)"
1770300793.493,928,3,"(511.0, 48.0)"
1770300793.504,928,3,"(511.0, 48.0)"
1770300793.516,928,3,"(511.0, 48.0)"
1770300793.526,928,3,"(511.0, 48.0)"
1770300793.537,928,3,"(511.0, 48.0)"
1770300793.548,928,3,"(511.0, 48.0)"
1770300793.558,928,3,"(511.0, 48.0)"
1770300793.568,928,3,"(511.0, 48.0)"
1770300793.578,928,3,"(511.0, 48.0)"
1770300793.589,928,3,"(511.0, 48.0)"
1770300793.6,928,3,"(511.0, 48.0)"
1770300793.611,928,3,"(511.0, 48.0)"
1770300793.622,928,3,"(511.0, 48.0)"
1770300793.633,928,3,"(511.0, 48.0)"
1770300793.643,928,3,"(511.0, 24.0)"
1770300793.654,928,3,"(511.0, 24.0)"
1770300793.667,928,3,"(511.0, 0.0)"
1770300793.677,928,3,"(511.0, 0.0)"
1770300793.687,928,3,"(511.0, 0.0)"
1770300793.698,928,3,"(511.0, 24.0)"
1770300793.709,928,3,"(511.0, 24.0)"
1770300793.72,928,3,"(511.0, 48.0)"
1770300793.733,928,3,"(511.0, 48.0)"
1770300793.743,928,3,"(511.0, 48.0)"
1770300793.754,928,3,"(511.0, 48.0)"
1770300793.765,928,3,"(511.0, 48.0)"
1770300793.777,928,3,"(511.0, 48.0)"
1770300793.788,928,3,"(511.0, 48.0)"
1770300793.798,928,3,"(511.0, 48.0)"
1770300793.808,928,3,"(511.0, 48.0)"
1770300793.819,928,3,"(511.0, 48.0)"
1770300793.831,928,3,"(511.0, 48.0)"
1770300793.842,928,3,"(511.0, 48.0)"
1770300793.852,928,3,"(511.0, 48.0)"
1770300793.864,928,3,"(511.0, 48.0)"
1770300793.874,928,3,"(511.0, 48.0)"
1770300793.884,928,3,"(511.0, 48.0)"
1770300793.896,928,3,"(511.0, 48.0)"
1770300793.907,928,3,"(511.0, 48.0)"
1770300793.917,928,3,"(511.0, 48.0)"
1770300793.927,928,3,"(511.0, 48.0)"
1770300793.938,928,3,"(511.0, 48.0)"
1770300793.949,928,3,"(511.0, 48.0)"
1770300793.959,928,3,"(511.0, 48.0)"
1770300793.97,928,3,"(511.0, 48.0)"
1770300793.982,928,3,"(511.0, 48.0)"
1770300793.992,928,3,"(511.0, 48.0)"
1770300794.003,928,3,"(511.0, 48.0)"
1770300794.013,928,3,"(511.0, 48.0)"
1770300794.024,928,3,"(511.0, 48.0)"
1770300794.035,928,3,"(511.0, 48.0)"
1770300794.045,928,3,"(511.0, 48.0)"
1770300794.056,928,3,"(511.0, 48.0)"
1770300794.066,928,3,"(511.0, 48.0)"
1770300794.077,928,3,"(511.0, 48.0)"
1770300794.087,928,3,"(511.0, 48.0)"
1770300794.098,928,3,"(511.0, 48.0)"
1770300794.108,928,3,"(511.0, 24.0)"
1770300794.118,928,3,"(511.0, 24.0)"
1770300794.129,928,3,"(511.0, 0.0)"
1770300794.139,928,3,"(511.0, 0.0)"
1770300794.149,928,3,"(511.0, 0.0)"
1770300794.16,928,3,"(511.0, 0.0)"
1770300794.171,928,3,"(511.0, 0.0)"
1770300794.181,928,3,"(511.0, 0.0)"
1770300794.191,928,3,"(511.0, 0.0)"
1770300794.201,928,3,"(511.0, 0.0)"
1770300794.212,928,3,"(511.0, 0.0)"
1770300794.222,928,3,"(511.0, 0.0)"
1770300794.234,928,3,"(511.0, 0.0)"
1770300794.244,928,3,"(511.0, 0.0)"
1770300794.255,928,3,"(511.0, 0.0)"
1770300794.265,928,3,"(511.0, 0.0)"
1770300794.275,928,3,"(511.0, 0.0)"
1770300794.286,928,3,"(511.0, 0.0)"
1770300794.296,928,3,"(511.0, 0.0)"
1770300794.308,928,3,"(511.0, 0.0)"
1770300794.318,928,3,"(511.0, 0.0)"
1770300794.328,928,3,"(511.0, 0.0)"
1770300794.339,928,3,"(511.0, 0.0)"
1770300794.349,928,3,"(511.0, 0.0)"
1770300794.36,928,3,"(511.0, 0.0)"
1770300794.371,928,3,"(511.0, 0.0)"
1770300794.381,928,3,"(511.0, 0.0)"
1770300794.392,928,3,"(511.0, 0.0)"
1770300794.403,928,3,"(511.0, 0.0)"
1770300794.414,928,3,"(511.0, 0.0)"
1770300794.425,928,3,"(511.0, 0.0)"
1770300794.435,928,3,"(511.0, 0.0)"
1770300794.446,928,3,"(511.0, 0.0)"
1770300794.457,928,3,"(511.0, 0.0)"
1770300794.467,928,3,"(511.0, 0.0)"
1770300794.478,928,3,"(511.0, 0.0)"
1770300794.488,928,3,"(511.0, 0.0)"
1770300794.499,928,3,"(511.0, 0.0)"
1770300794.51,928,3,"(511.0, 0.0)"
1770300794.52,928,3,"(511.0, 0.0)"
1770300794.531,928,3,"(511.0, 0.0)"
1770300794.542,928,3,"(511.0, 0.0)"
1770300794.553,928,3,"(511.0, 0.0)"
1770300794.564,928,3,"(511.0, 0.0)"
1770300794.574,928,3,"(511.0, 0.0)"
1770300794.585,928,3,"(511.0, 0.0)"
1770300794.597,928,3,"(511.0, 0.0)"
1770300794.607,928,3,"(511.0, 0.0)"
1770300794.618,928,3,"(511.0, 0.0)"
1770300794.628,928,3,"(511.0, 0.0)"
1770300794.638,928,3,"(511.0, 0.0)"
1770300794.65,928,3,"(511.0, 0.0)"
1770300794.66,928,3,"(511.0, 0.0)"
1770300794.671,928,3,"(511.0, 0.0)"
1770300794.682,928,3,"(511.0, 0.0)"
1770300794.694,928,3,"(511.0, 0.0)"
1770300794.705,928,3,"(511.0, 0.0)"
1770300794.717,928,3,"(511.0, 0.0)"
1770300794.728,928,3,"(511.0, 0.0)"
1770300794.738,928,3,"(511.0, 0.0)"
1770300794.75,928,3,"(511.0, 0.0)"
1770300794.761,928,3,"(511.0, 0.0)"
1770300794.771,928,3,"(511.0, 0.0)"
1770300794.784,928,3,"(511.0, 0.0)"
1770300794.794,928,3,"(511.0, 24.0)"
1770300794.805,928,3,"(511.0, 48.0)"
1770300794.815,928,3,"(511.0, 48.0)"
1770300794.827,928,3,"(511.0, 48.0)"
1770300794.838,928,3,"(511.0, 48.0)"
1770300794.848,928,3,"(511.0, 48.0)"
1770300794.858,928,3,"(511.0, 48.0)"
1770300794.868,928,3,"(511.0, 48.0)"
1770300794.879,928,3,"(511.0, 48.0)"
1770300794.89,928,3,"(511.0, 48.0)"
1770300794.901,928,3,"(511.0, 48.0)"
1770300794.911,928,3,"(511.0, 48.0)"
1770300794.922,928,3,"(511.0, 48.0)"
1770300794.933,928,3,"(511.0, 48.0)"
1770300794.943,928,3,"(511.0, 48.0)"
1770300794.953,928,3,"(511.0, 48.0)"
1770300794.964,928,3,"(511.0, 48.0)"
1770300794.974,928,3,"(511.0, 24.0)"
1770300794.985,928,3,"(511.0, 24.0)"
1770300794.995,928,3,"(511.0, 0.0)"
1770300795.006,928,3,"(511.0, 0.0)"
1770300795.018,928,3,"(511.0, 0.0)"
1770300795.028,928,3,"(511.0, 0.0)"
1770300795.039,928,3,"(511.0, 0.0)"
1770300795.051,928,3,"(511.0, 0.0)"
1770300795.061,928,3,"(511.0, 0.0)"
1770300795.073,928,3,"(511.0, 0.0)"
1770300795.084,928,3,"(511.0, 0.0)"
1770300795.095,928,3,"(511.0, 0.0)"
1770300795.106,928,3,"(511.0, 0.0)"
1770300795.118,928,3,"(511.0, 0.0)"
1770300795.128,928,3,"(511.0, 0.0)"
1770300795.139,928,3,"(511.0, 0.0)"
1770300795.149,928,3,"(511.0, 0.0)"
1770300795.159,928,3,"(511.0, 0.0)"
1770300795.17,928,3,"(511.0, 0.0)"
1770300795.181,928,3,"(511.0, 0.0)"
1770300795.191,928,3,"(511.0, 0.0)"
1770300795.202,928,3,"(511.0, 0.0)"
1770300795.214,928,3,"(511.0, 0.0)"
1770300795.224,928,3,"(511.0, 0.0)"
1770300795.235,928,3,"(511.0, 24.0)"
1770300795.245,928,3,"(511.0, 24.0)"
1770300795.256,928,3,"(511.0, 48.0)"
1770300795.267,928,3,"(511.0, 48.0)"
1770300795.277,928,3,"(511.0, 48.0)"
1770300795.288,928,3,"(511.0, 48.0)"
1770300795.298,928,3,"(511.0, 48.0)"
1770300795.308,928,3,"(511.0, 48.0)"
1770300795.318,928,3,"(511.0, 48.0)"
1770300795.329,928,3,"(511.0, 48.0)"
1770300795.339,928,3,"(511.0, 48.0)"
1770300795.351,928,3,"(511.0, 48.0)"
1770300795.361,928,3,"(511.0, 48.0)"
1770300795.372,928,3,"(511.0, 24.0)"
1770300795.384,928,3,"(511.0, 0.0)"
1770300795.395,928,3,"(511.0, 0.0)"
1770300795.406,928,3,"(511.0, 0.0)"
1770300795.418,928,3,"(511.0, 0.0)"
1770300795.428,928,3,"(511.0, 0.0)"
1770300795.44,928,3,"(511.0, 0.0)"
1770300795.453,928,3,"(511.0, 0.0)"
1770300795.464,928,3,"(511.0, 0.0)"
1770300795.474,928,3,"(511.0, 0.0)"
1770300795.484,928,3,"(511.0, 0.0)"
1770300795.495,928,3,"(511.0, 0.0)"
1770300795.506,928,3,"(511.0, 0.0)"
1770300795.516,928,3,"(511.0, 0.0)"
1770300795.527,928,3,"(511.0, 0.0)"
1770300795.537,928,3,"(511.0, 0.0)"
1770300795.552,928,3,"(511.0, 0.0)"
1770300795.563,928,3,"(511.0, 0.0)"
1770300795.573,928,3,"(511.0, 0.0)"
1770300795.584,928,3,"(511.0, 0.0)"
1770300795.594,928,3,"(511.0, 0.0)"
1770300795.604,928,3,"(511.0, 0.0)"
1770300795.615,928,3,"(511.0, 0.0)"
1770300795.625,928,3,"(511.0, 0.0)"
1770300795.637,928,3,"(511.0, 0.0)"
1770300795.647,928,3,"(511.0, 0.0)"
1770300799.663,928,4,"(767.0, 194.0)"
1770300799.673,928,4,"(639.0, 243.0)"
1770300799.684,928,4,"(639.0, 316.0)"
1770300799.696,928,4,"(511.0, 341.0)"
1770300799.707,928,4,"(767.0, 389.0)"
1770300799.718,928,4,"(639.0, 414.0)"
1770300799.728,928,4,"(383.0, 438.0)"
1770300799.739,928,4,"(383.0, 487.0)"
1770300799.75,928,4,"(511.0, 511.0)"
1770300799.762,928,4,"(639.0, 511.0)"
1770300799.772,928,4,"(511.0, 535.0)"
1770300799.783,928,4,"(511.0, 535.0)"
1770300799.793,928,4,"(511.0, 535.0)"
1770300799.804,928,4,"(511.0, 560.0)"
1770300799.814,928,4,"(511.0, 584.0)"
1770300799.826,928,4,"(511.0, 584.0)"
1770300799.837,928,4,"(511.0, 560.0)"
1770300799.847,928,4,"(511.0, 560.0)"
1770300799.858,928,4,"(511.0, 535.0)"
1770300799.868,928,4,"(511.0, 511.0)"
1770300799.88,928,4,"(511.0, 511.0)"
1770300799.891,928,4,"(511.0, 487.0)"
1770300799.901,928,4,"(511.0, 462.0)"
1770300799.912,928,4,"(511.0, 438.0)"
1770300799.923,928,4,"(511.0, 389.0)"
1770300799.934,928,4,"(511.0, 341.0)"
1770300799.945,928,4,"(511.0, 316.0)"
1770300799.955,928,4,"(511.0, 267.0)"
1770300799.966,928,4,"(511.0, 243.0)"
1770300799.98,928,4,"(511.0, 219.0)"
1770300799.991,928,4,"(511.0, 170.0)"
1770300800.002,928,4,"(511.0, 170.0)"
1770300800.013,928,4,"(511.0, 170.0)"
1770300800.023,928,4,"(511.0, 170.0)"
1770300800.034,928,4,"(511.0, 170.0)"
1770300800.044,928,4,"(511.0, 170.0)"
1770300800.056,928,4,"(511.0, 146.0)"
1770300800.066,928,4,"(511.0, 146.0)"
1770300800.077,928,4,"(511.0, 146.0)"
1770300800.087,928,4,"(511.0, 146.0)"
1770300800.098,928,4,"(511.0, 146.0)"
1770300800.113,928,4,"(511.0, 146.0)"
1770300800.124,928,4,"(511.0, 146.0)"
1770300800.134,928,4,"(511.0, 146.0)"
1770300800.145,928,4,"(511.0, 146.0)"
1770300800.155,928,4,"(511.0, 170.0)"
1770300800.165,928,4,"(511.0, 170.0)"
1770300800.179,928,4,"(511.0, 194.0)"
1770300800.189,928,4,"(511.0, 194.0)"
1770300800.199,928,4,"(511.0, 194.0)"
1770300800.21,928,4,"(511.0, 219.0)"
1770300800.22,928,4,"(511.0, 219.0)"
1770300800.231,928,4,"(511.0, 243.0)"
1770300800.242,928,4,"(511.0, 243.0)"
1770300800.252,928,4,"(511.0, 243.0)"
1770300800.263,928,4,"(511.0, 243.0)"
1770300800.275,928,4,"(511.0, 243.0)"
1770300800.286,928,4,"(511.0, 243.0)"
1770300800.296,928,4,"(511.0, 243.0)"
1770300800.309,928,4,"(511.0, 243.0)"
1770300800.32,928,4,"(511.0, 243.0)"
1770300800.331,928,4,"(511.0, 243.0)"
1770300800.341,928,4,"(511.0, 243.0)"
1770300800.351,928,4,"(511.0, 243.0)"
1770300800.362,928,4,"(511.0, 243.0)"
1770300800.374,928,4,"(639.0, 243.0)"
1770300800.385,928,4,"(511.0, 243.0)"
1770300800.395,928,4,"(511.0, 267.0)"
1770300800.407,928,4,"(511.0, 267.0)"
1770300800.417,928,4,"(511.0, 292.0)"
1770300800.428,928,4,"(639.0, 316.0)"
1770300800.438,928,4,"(511.0, 316.0)"
1770300800.448,928,4,"(511.0, 341.0)"
1770300800.458,928,4,"(511.0, 341.0)"
1770300800.469,928,4,"(511.0, 365.0)"
1770300800.479,928,4,"(511.0, 365.0)"
1770300800.49,928,4,"(511.0, 389.0)"
1770300800.501,928,4,"(639.0, 414.0)"
1770300800.511,928,4,"(639.0, 438.0)"
1770300800.523,928,4,"(511.0, 438.0)"
1770300800.533,928,4,"(511.0, 438.0)"
1770300800.543,928,4,"(511.0, 438.0)"
1770300800.556,928,4,"(383.0, 462.0)"
1770300800.567,928,4,"(383.0, 462.0)"
1770300800.577,928,4,"(383.0, 487.0)"
1770300800.588,928,4,"(511.0, 487.0)"
1770300800.599,928,4,"(511.0, 511.0)"
1770300800.609,928,4,"(511.0, 511.0)"
1770300800.622,928,4,"(383.0, 535.0)"
1770300800.632,928,4,"(639.0, 560.0)"
1770300800.642,928,4,"(511.0, 608.0)"
1770300800.654,928,4,"(383.0, 608.0)"
1770300800.665,928,4,"(511.0, 633.0)"
1770300800.675,928,4,"(511.0, 608.0)"
1770300800.687,928,4,"(767.0, 608.0)"
1770300800.698,928,4,"(639.0, 633.0)"
1770300800.708,928,4,"(511.0, 657.0)"
1770300800.722,928,4,"(511.0, 682.0)"
1770300800.732,928,4,"(383.0, 682.0)"
1770300800.743,928,4,"(511.0, 682.0)"
1770300800.757,928,4,"(511.0, 682.0)"
1770300800.767,928,4,"(383.0, 682.0)"
1770300800.778,928,4,"(383.0, 682.0)"
1770300800.791,928,4,"(511.0, 706.0)"
1770300800.801,928,4,"(511.0, 706.0)"
1770300800.811,928,4,"(511.0, 730.0)"
1770300800.822,928,4,"(383.0, 730.0)"
1770300800.832,928,4,"(383.0, 730.0)"
1770300800.842,928,4,"(511.0, 730.0)"
1770300800.852,928,4,"(511.0, 730.0)"
1770300800.863,928,4,"(383.0, 730.0)"
1770300800.875,928,4,"(511.0, 730.0)"
1770300800.887,928,4,"(511.0, 682.0)"
1770300800.897,928,4,"(511.0, 657.0)"
1770300800.91,928,4,"(511.0, 633.0)"
1770300800.921,928,4,"(511.0, 608.0)"
1770300800.931,928,4,"(511.0, 584.0)"
1770300800.943,928,4,"(511.0, 560.0)"
1770300800.953,928,4,"(511.0, 535.0)"
1770300800.963,928,4,"(511.0, 511.0)"
1770300800.973,928,4,"(639.0, 462.0)"
1770300800.984,928,4,"(511.0, 438.0)"
1770300800.995,928,4,"(511.0, 438.0)"
1770300801.006,928,4,"(511.0, 414.0)"
1770300801.017,928,4,"(511.0, 414.0)"
1770300801.027,928,4,"(511.0, 389.0)"
1770300801.038,928,4,"(511.0, 365.0)"
1770300801.048,928,4,"(511.0, 341.0)"
1770300801.058,928,4,"(511.0, 316.0)"
1770300801.068,928,4,"(511.0, 292.0)"
1770300801.079,928,4,"(511.0, 267.0)"
1770300801.089,928,4,"(511.0, 243.0)"
1770300801.1,928,4,"(511.0, 219.0)"
1770300801.111,928,4,"(511.0, 194.0)"
1770300801.123,928,4,"(511.0, 194.0)"
1770300801.134,928,4,"(511.0, 194.0)"
1770300801.145,928,4,"(511.0, 194.0)"
1770300801.155,928,4,"(511.0, 194.0)"
1770300801.168,928,4,"(511.0, 194.0)"
1770300801.179,928,4,"(511.0, 194.0)"
1770300801.189,928,4,"(511.0, 194.0)"
1770300801.2,928,4,"(511.0, 194.0)"
1770300801.21,928,4,"(511.0, 194.0)"
1770300801.221,928,4,"(511.0, 194.0)"
1770300801.232,928,4,"(511.0, 194.0)"
1770300801.243,928,4,"(511.0, 170.0)"
1770300801.253,928,4,"(639.0, 170.0)"
1770300801.264,928,4,"(511.0, 170.0)"
1770300801.276,928,4,"(511.0, 194.0)"
1770300801.286,928,4,"(511.0, 219.0)"
1770300801.298,928,4,"(639.0, 243.0)"
1770300801.31,928,4,"(511.0, 243.0)"
1770300801.32,928,4,"(511.0, 243.0)"
1770300801.332,928,4,"(511.0, 243.0)"
1770300801.342,928,4,"(511.0, 267.0)"
1770300801.353,928,4,"(511.0, 267.0)"
1770300801.364,928,4,"(511.0, 292.0)"
1770300801.376,928,4,"(383.0, 292.0)"
1770300801.386,928,4,"(511.0, 292.0)"
1770300801.397,928,4,"(511.0, 292.0)"
1770300801.408,928,4,"(511.0, 292.0)"
1770300801.42,928,4,"(511.0, 292.0)"
1770300801.43,928,4,"(511.0, 292.0)"
1770300801.442,928,4,"(511.0, 316.0)"
1770300801.452,928,4,"(511.0, 341.0)"
1770300801.463,928,4,"(511.0, 341.0)"
1770300801.474,928,4,"(511.0, 316.0)"
1770300801.485,928,4,"(511.0, 316.0)"
1770300801.495,928,4,"(511.0, 292.0)"
1770300801.505,928,4,"(511.0, 292.0)"
1770300801.515,928,4,"(511.0, 267.0)"
1770300801.525,928,4,"(511.0, 243.0)"
1770300801.536,928,4,"(511.0, 219.0)"
1770300801.548,928,4,"(511.0, 194.0)"
1770300801.559,928,4,"(511.0, 170.0)"
1770300801.569,928,4,"(511.0, 170.0)"
1770300801.581,928,4,"(511.0, 146.0)"
1770300801.592,928,4,"(511.0, 146.0)"
1770300801.602,928,4,"(511.0, 121.0)"
1770300801.614,928,4,"(511.0, 121.0)"
1770300801.626,928,4,"(511.0, 97.0)"
1770300801.637,928,4,"(511.0, 97.0)"
1770300801.647,928,4,"(511.0, 73.0)"
1770300801.658,928,4,"(511.0, 73.0)"
1770300801.668,928,4,"(511.0, 48.0)"
1770300801.678,928,4,"(511.0, 48.0)"
1770300801.689,928,4,"(511.0, 48.0)"
1770300801.703,928,4,"(511.0, 48.0)"
1770300801.714,928,4,"(511.0, 48.0)"
1770300801.724,928,4,"(511.0, 48.0)"
1770300801.737,928,4,"(511.0, 48.0)"
1770300801.747,928,4,"(511.0, 48.0)"
1770300801.758,928,4,"(511.0, 48.0)"
1770300801.768,928,4,"(511.0, 73.0)"
1770300801.779,928,4,"(511.0, 73.0)"
1770300801.79,928,4,"(511.0, 97.0)"
1770300801.8,928,4,"(511.0, 97.0)"
1770300801.81,928,4,"(511.0, 97.0)"
1770300801.821,928,4,"(511.0, 121.0)"
1770300801.832,928,4,"(511.0, 146.0)"
1770300801.843,928,4,"(383.0, 146.0)"
1770300801.855,928,4,"(383.0, 170.0)"
1770300801.865,928,4,"(383.0, 219.0)"
1770300801.875,928,4,"(383.0, 267.0)"
1770300801.889,928,4,"(511.0, 292.0)"
1770300801.901,928,4,"(511.0, 316.0)"
1770300801.911,928,4,"(511.0, 341.0)"
1770300801.922,928,4,"(511.0, 365.0)"
1770300801.932,928,4,"(639.0, 389.0)"
1770300801.942,928,4,"(511.0, 389.0)"
1770300801.955,928,4,"(383.0, 414.0)"
1770300801.966,928,4,"(511.0, 438.0)"
1770300801.977,928,4,"(511.0, 462.0)"
1770300801.987,928,4,"(511.0, 487.0)"
1770300801.998,928,4,"(511.0, 535.0)"
1770300802.008,928,4,"(767.0, 560.0)"
1770300802.022,928,4,"(639.0, 608.0)"
1770300802.033,928,4,"(511.0, 633.0)"
1770300802.044,928,4,"(511.0, 682.0)"
1770300802.054,928,4,"(639.0, 706.0)"
1770300802.065,928,4,"(511.0, 730.0)"
1770300802.076,928,4,"(511.0, 730.0)"
1770300802.087,928,4,"(511.0, 730.0)"
1770300802.097,928,4,"(511.0, 730.0)"
1770300802.108,928,4,"(511.0, 706.0)"
1770300802.12,928,4,"(511.0, 706.0)"
1770300802.13,928,4,"(383.0, 706.0)"
1770300802.141,928,4,"(511.0, 706.0)"
1770300802.152,928,4,"(511.0, 706.0)"
1770300802.164,928,4,"(511.0, 706.0)"
1770300802.174,928,4,"(511.0, 730.0)"
1770300802.188,928,4,"(639.0, 730.0)"
1770300802.199,928,4,"(383.0, 730.0)"
1770300802.209,928,4,"(511.0, 730.0)"
1770300802.22,928,4,"(639.0, 730.0)"
1770300802.231,928,4,"(383.0, 706.0)"
1770300802.242,928,4,"(383.0, 682.0)"
1770300802.253,928,4,"(639.0, 682.0)"
1770300802.263,928,4,"(511.0, 657.0)"
1770300802.274,928,4,"(511.0, 657.0)"
1770300802.284,928,4,"(511.0, 633.0)"
1770300802.295,928,4,"(511.0, 584.0)"
1770300802.306,928,4,"(511.0, 560.0)"
1770300802.317,928,4,"(511.0, 535.0)"
1770300802.328,928,4,"(511.0, 535.0)"
1770300802.338,928,4,"(511.0, 535.0)"
1770300802.348,928,4,"(511.0, 535.0)"
1770300802.358,928,4,"(511.0, 535.0)"
1770300802.369,928,4,"(511.0, 511.0)"
1770300802.38,928,4,"(511.0, 511.0)"
1770300802.391,928,4,"(511.0, 487.0)"
1770300802.402,928,4,"(511.0, 462.0)"
1770300802.413,928,4,"(511.0, 438.0)"
1770300802.423,928,4,"(511.0, 414.0)"
1770300802.434,928,4,"(511.0, 389.0)"
1770300802.444,928,4,"(511.0, 365.0)"
1770300802.455,928,4,"(511.0, 341.0)"
1770300802.465,928,4,"(511.0, 316.0)"
1770300802.476,928,4,"(511.0, 292.0)"
1770300802.486,928,4,"(511.0, 267.0)"
1770300802.497,928,4,"(511.0, 267.0)"
1770300802.508,928,4,"(511.0, 243.0)"
1770300802.518,928,4,"(511.0, 194.0)"
1770300802.529,928,4,"(511.0, 170.0)"
1770300802.539,928,4,"(511.0, 146.0)"
1770300802.55,928,4,"(511.0, 146.0)"
1770300802.561,928,4,"(511.0, 146.0)"
1770300802.571,928,4,"(511.0, 146.0)"
1770300802.583,928,4,"(511.0, 146.0)"
1770300802.593,928,4,"(511.0, 146.0)"
1770300802.605,928,4,"(511.0, 146.0)"
1770300802.617,928,4,"(511.0, 146.0)"
1770300802.628,928,4,"(383.0, 146.0)"
1770300802.639,928,4,"(511.0, 146.0)"
1770300802.649,928,4,"(511.0, 146.0)"
1770300802.66,928,4,"(639.0, 146.0)"
1770300954.455,270,1,"(511.0, 0.0)"
1770300954.465,270,1,"(511.0, 0.0)"
1770300954.477,270,1,"(511.0, 0.0)"
1770300954.488,270,1,"(511.0, 0.0)"
1770300954.498,270,1,"(511.0, 0.0)"
1770300954.509,270,1,"(511.0, 0.0)"
1770300954.521,270,1,"(511.0, 0.0)"
1770300954.532,270,1,"(511.0, 0.0)"
1770300954.543,270,1,"(511.0, 0.0)"
1770300954.553,270,1,"(511.0, 0.0)"
1770300954.563,270,1,"(511.0, 0.0)"
1770300954.573,270,1,"(511.0, 0.0)"
1770300954.584,270,1,"(511.0, 0.0)"
1770300954.594,270,1,"(511.0, 0.0)"
1770300954.606,270,1,"(511.0, 0.0)"
1770300954.616,270,1,"(511.0, 0.0)"
1770300954.627,270,1,"(511.0, 0.0)"
1770300954.638,270,1,"(511.0, 0.0)"
1770300954.648,270,1,"(511.0, 0.0)"
1770300954.658,270,1,"(511.0, 0.0)"
1770300954.669,270,1,"(511.0, 0.0)"
1770300954.68,270,1,"(511.0, 0.0)"
1770300954.69,270,1,"(511.0, 0.0)"
1770300954.7,270,1,"(511.0, 0.0)"
1770300954.712,270,1,"(511.0, 0.0)"
1770300954.723,270,1,"(511.0, 0.0)"
1770300954.733,270,1,"(511.0, 0.0)"
1770300954.743,270,1,"(511.0, 0.0)"
1770300954.754,270,1,"(511.0, 0.0)"
1770300954.764,270,1,"(511.0, 0.0)"
1770300954.774,270,1,"(511.0, 0.0)"
1770300954.787,270,1,"(511.0, 0.0)"
1770300954.797,270,1,"(511.0, 0.0)"
1770300954.808,270,1,"(511.0, 0.0)"
1770300954.818,270,1,"(511.0, 0.0)"
1770300954.829,270,1,"(511.0, 0.0)"
1770300954.841,270,1,"(511.0, 0.0)"
1770300954.851,270,1,"(511.0, 0.0)"
1770300954.861,270,1,"(511.0, 0.0)"
1770300954.871,270,1,"(511.0, 0.0)"
1770300954.882,270,1,"(511.0, 0.0)"
1770300954.892,270,1,"(511.0, 0.0)"
1770300954.904,270,1,"(511.0, 0.0)"
1770300954.914,270,1,"(511.0, 0.0)"
1770300954.925,270,1,"(511.0, 0.0)"
1770300954.936,270,1,"(511.0, 0.0)"
1770300954.948,270,1,"(511.0, 0.0)"
1770300954.959,270,1,"(511.0, 0.0)"
1770300954.97,270,1,"(511.0, 0.0)"
1770300954.98,270,1,"(511.0, 0.0)"
1770300954.991,270,1,"(511.0, 0.0)"
1770300955.006,270,1,"(511.0, 0.0)"
1770300955.017,270,1,"(511.0, 0.0)"
1770300955.027,270,1,"(511.0, 0.0)"
1770300955.037,270,1,"(511.0, 0.0)"
1770300955.049,270,1,"(511.0, 0.0)"
1770300955.059,270,1,"(511.0, 0.0)"
1770300955.072,270,1,"(511.0, 0.0)"
1770300955.083,270,1,"(511.0, 0.0)"
1770300955.093,270,1,"(511.0, 0.0)"
1770300955.105,270,1,"(511.0, 0.0)"
1770300955.116,270,1,"(511.0, 0.0)"
1770300955.126,270,1,"(511.0, 0.0)"
1770300955.137,270,1,"(511.0, 27.0)"
1770300955.147,270,1,"(511.0, 27.0)"
1770300955.157,270,1,"(511.0, 55.0)"
1770300955.172,270,1,"(511.0, 55.0)"
1770300955.182,270,1,"(511.0, 55.0)"
1770300955.193,270,1,"(511.0, 55.0)"
1770300955.205,270,1,"(511.0, 55.0)"
1770300955.215,270,1,"(511.0, 55.0)"
1770300955.226,270,1,"(511.0, 55.0)"
1770300955.237,270,1,"(511.0, 55.0)"
1770300955.249,270,1,"(511.0, 55.0)"
1770300955.259,270,1,"(511.0, 55.0)"
1770300955.27,270,1,"(511.0, 55.0)"
1770300955.282,270,1,"(511.0, 55.0)"
1770300955.292,270,1,"(511.0, 55.0)"
1770300955.303,270,1,"(511.0, 55.0)"
1770300955.314,270,1,"(511.0, 55.0)"
1770300955.325,270,1,"(511.0, 55.0)"
1770300955.335,270,1,"(511.0, 55.0)"
1770300955.346,270,1,"(511.0, 55.0)"
1770300955.358,270,1,"(511.0, 55.0)"
1770300955.368,270,1,"(511.0, 55.0)"
1770300955.379,270,1,"(511.0, 55.0)"
1770300955.392,270,1,"(511.0, 55.0)"
1770300955.403,270,1,"(511.0, 55.0)"
1770300955.413,270,1,"(511.0, 55.0)"
1770300955.423,270,1,"(511.0, 55.0)"
1770300955.434,270,1,"(511.0, 55.0)"
1770300955.445,270,1,"(511.0, 55.0)"
1770300955.457,270,1,"(511.0, 55.0)"
1770300955.468,270,1,"(511.0, 55.0)"
1770300955.478,270,1,"(511.0, 55.0)"
1770300955.489,270,1,"(511.0, 55.0)"
1770300955.499,270,1,"(511.0, 55.0)"
1770300955.509,270,1,"(511.0, 55.0)"
1770300955.52,270,1,"(511.0, 55.0)"
1770300955.53,270,1,"(511.0, 55.0)"
1770300955.54,270,1,"(511.0, 55.0)"
1770300955.55,270,1,"(511.0, 55.0)"
1770300955.561,270,1,"(511.0, 55.0)"
1770300955.572,270,1,"(511.0, 55.0)"
1770300955.582,270,1,"(511.0, 55.0)"
1770300955.593,270,1,"(511.0, 27.0)"
1770300955.604,270,1,"(511.0, 0.0)"
1770300955.615,270,1,"(511.0, 0.0)"
1770300955.626,270,1,"(511.0, 0.0)"
1770300955.636,270,1,"(511.0, 0.0)"
1770300955.647,270,1,"(511.0, 0.0)"
1770300955.658,270,1,"(511.0, 0.0)"
1770300955.669,270,1,"(511.0, 0.0)"
1770300955.68,270,1,"(511.0, 0.0)"
1770300955.69,270,1,"(511.0, 0.0)"
1770300955.702,270,1,"(511.0, 0.0)"
1770300955.712,270,1,"(511.0, 0.0)"
1770300955.725,270,1,"(511.0, 0.0)"
1770300955.736,270,1,"(511.0, 0.0)"
1770300955.746,270,1,"(511.0, 27.0)"
1770300955.757,270,1,"(511.0, 27.0)"
1770300955.767,270,1,"(511.0, 55.0)"
1770300955.779,270,1,"(511.0, 55.0)"
1770300955.79,270,1,"(511.0, 55.0)"
1770300955.8,270,1,"(511.0, 27.0)"
1770300955.812,270,1,"(511.0, 27.0)"
1770300955.823,270,1,"(511.0, 27.0)"
1770300955.833,270,1,"(511.0, 0.0)"
1770300955.844,270,1,"(511.0, 0.0)"
1770300955.856,270,1,"(511.0, 27.0)"
1770300955.867,270,1,"(511.0, 27.0)"
1770300955.877,270,1,"(511.0, 27.0)"
1770300955.888,270,1,"(511.0, 27.0)"
1770300955.899,270,1,"(511.0, 0.0)"
1770300955.909,270,1,"(511.0, 0.0)"
1770300955.921,270,1,"(511.0, 0.0)"
1770300955.932,270,1,"(511.0, 0.0)"
1770300955.942,270,1,"(511.0, 0.0)"
1770300955.955,270,1,"(511.0, 0.0)"
1770300955.965,270,1,"(511.0, 0.0)"
1770300955.977,270,1,"(511.0, 0.0)"
1770300955.989,270,1,"(511.0, 0.0)"
1770300955.999,270,1,"(511.0, 0.0)"
1770300956.01,270,1,"(511.0, 0.0)"
1770300956.02,270,1,"(511.0, 0.0)"
1770300956.031,270,1,"(511.0, 0.0)"
1770300956.041,270,1,"(511.0, 0.0)"
1770300956.052,270,1,"(511.0, 0.0)"
1770300956.063,270,1,"(511.0, 0.0)"
1770300956.074,270,1,"(511.0, 0.0)"
1770300956.086,270,1,"(511.0, 0.0)"
1770300956.096,270,1,"(511.0, 0.0)"
1770300956.108,270,1,"(511.0, 0.0)"
1770300956.12,270,1,"(511.0, 0.0)"
1770300956.13,270,1,"(511.0, 0.0)"
1770300956.141,270,1,"(511.0, 0.0)"
1770300956.152,270,1,"(511.0, 0.0)"
1770300956.162,270,1,"(511.0, 0.0)"
1770300956.173,270,1,"(511.0, 0.0)"
1770300956.183,270,1,"(511.0, 0.0)"
1770300956.195,270,1,"(511.0, 0.0)"
1770300956.206,270,1,"(511.0, 0.0)"
1770300956.216,270,1,"(511.0, 0.0)"
1770300956.227,270,1,"(511.0, 0.0)"
1770300956.237,270,1,"(511.0, 0.0)"
1770300956.248,270,1,"(511.0, 0.0)"
1770300956.259,270,1,"(511.0, 0.0)"
1770300956.27,270,1,"(511.0, 0.0)"
1770300956.282,270,1,"(511.0, 0.0)"
1770300956.292,270,1,"(511.0, 0.0)"
1770300956.305,270,1,"(511.0, 0.0)"
1770300956.317,270,1,"(511.0, 0.0)"
1770300956.327,270,1,"(511.0, 0.0)"
1770300956.338,270,1,"(511.0, 0.0)"
1770300956.348,270,1,"(511.0, 0.0)"
1770300956.359,270,1,"(511.0, 0.0)"
1770300956.37,270,1,"(511.0, 0.0)"
1770300956.381,270,1,"(511.0, 0.0)"
1770300956.391,270,1,"(511.0, 0.0)"
1770300956.404,270,1,"(511.0, 0.0)"
1770300956.414,270,1,"(511.0, 0.0)"
1770300956.425,270,1,"(511.0, 0.0)"
1770300956.436,270,1,"(511.0, 0.0)"
1770300956.447,270,1,"(511.0, 0.0)"
1770300956.458,270,1,"(511.0, 0.0)"
1770300956.47,270,1,"(511.0, 0.0)"
1770300956.48,270,1,"(511.0, 0.0)"
1770300956.492,270,1,"(511.0, 0.0)"
1770300956.502,270,1,"(511.0, 0.0)"
1770300956.512,270,1,"(511.0, 0.0)"
1770300956.523,270,1,"(511.0, 0.0)"
1770300956.534,270,1,"(511.0, 0.0)"
1770300956.544,270,1,"(511.0, 0.0)"
1770300956.555,270,1,"(511.0, 0.0)"
1770300956.566,270,1,"(511.0, 0.0)"
1770300956.577,270,1,"(511.0, 0.0)"
1770300956.587,270,1,"(511.0, 0.0)"
1770300956.598,270,1,"(511.0, 0.0)"
1770300956.608,270,1,"(511.0, 0.0)"
1770300956.618,270,1,"(511.0, 0.0)"
1770300956.629,270,1,"(511.0, 0.0)"
1770300956.642,270,1,"(511.0, 0.0)"
1770300956.652,270,1,"(511.0, 0.0)"
1770300956.662,270,1,"(511.0, 0.0)"
1770300956.674,270,1,"(511.0, 0.0)"
1770300956.684,270,1,"(511.0, 0.0)"
1770300956.696,270,1,"(511.0, 0.0)"
1770300956.708,270,1,"(511.0, 0.0)"
1770300956.718,270,1,"(511.0, 0.0)"
1770300956.728,270,1,"(511.0, 0.0)"
1770300956.74,270,1,"(511.0, 0.0)"
1770300956.75,270,1,"(511.0, 0.0)"
1770300956.761,270,1,"(511.0, 0.0)"
1770300956.772,270,1,"(511.0, 0.0)"
1770300956.782,270,1,"(511.0, 0.0)"
1770300956.793,270,1,"(511.0, 0.0)"
1770300956.804,270,1,"(511.0, 0.0)"
1770300956.814,270,1,"(511.0, 0.0)"
1770300956.827,270,1,"(511.0, 0.0)"
1770300956.837,270,1,"(511.0, 0.0)"
1770300956.848,270,1,"(511.0, 0.0)"
1770300956.86,270,1,"(511.0, 0.0)"
1770300956.871,270,1,"(511.0, 0.0)"
1770300956.881,270,1,"(511.0, 0.0)"
1770300956.893,270,1,"(511.0, 0.0)"
1770300956.905,270,1,"(511.0, 0.0)"
1770300956.916,270,1,"(511.0, 0.0)"
1770300956.927,270,1,"(511.0, 0.0)"
1770300956.937,270,1,"(511.0, 0.0)"
1770300956.947,270,1,"(511.0, 0.0)"
1770300956.959,270,1,"(511.0, 0.0)"
1770300956.969,270,1,"(511.0, 0.0)"
1770300956.979,270,1,"(511.0, 0.0)"
1770300956.99,270,1,"(511.0, 0.0)"
1770300957.0,270,1,"(511.0, 0.0)"
1770300957.011,270,1,"(511.0, 0.0)"
1770300957.022,270,1,"(511.0, 0.0)"
1770300957.033,270,1,"(511.0, 0.0)"
1770300957.046,270,1,"(511.0, 0.0)"
1770300957.056,270,1,"(511.0, 0.0)"
1770300957.067,270,1,"(511.0, 0.0)"
1770300957.081,270,1,"(511.0, 0.0)"
1770300957.092,270,1,"(511.0, 0.0)"
1770300957.103,270,1,"(511.0, 0.0)"
1770300957.116,270,1,"(511.0, 0.0)"
1770300957.126,270,1,"(511.0, 0.0)"
1770300957.136,270,1,"(511.0, 0.0)"
1770300957.15,270,1,"(511.0, 0.0)"
1770300957.16,270,1,"(511.0, 0.0)"
1770300957.17,270,1,"(511.0, 0.0)"
1770300957.182,270,1,"(511.0, 0.0)"
1770300957.192,270,1,"(511.0, 0.0)"
1770300957.203,270,1,"(511.0, 0.0)"
1770300957.214,270,1,"(511.0, 0.0)"
1770300957.226,270,1,"(511.0, 0.0)"
1770300957.236,270,1,"(511.0, 0.0)"
1770300957.248,270,1,"(511.0, 0.0)"
1770300957.258,270,1,"(511.0, 0.0)"
1770300957.268,270,1,"(511.0, 0.0)"
1770300957.281,270,1,"(511.0, 0.0)"
1770300957.292,270,1,"(511.0, 0.0)"
1770300957.302,270,1,"(511.0, 0.0)"
1770300957.314,270,1,"(511.0, 0.0)"
1770300957.325,270,1,"(511.0, 0.0)"
1770300957.335,270,1,"(511.0, 0.0)"
1770300957.346,270,1,"(511.0, 0.0)"
1770300957.359,270,1,"(511.0, 0.0)"
1770300957.37,270,1,"(511.0, 0.0)"
1770300957.382,270,1,"(511.0, 27.0)"
1770300957.392,270,1,"(511.0, 55.0)"
1770300957.403,270,1,"(511.0, 55.0)"
1770300957.417,270,1,"(511.0, 55.0)"
1770300957.428,270,1,"(511.0, 55.0)"
1770300957.438,270,1,"(511.0, 55.0)"
1770300957.449,270,1,"(511.0, 55.0)"
1770300957.46,270,1,"(511.0, 55.0)"
1770300973.649,270,2,"(511.0, 622.0)"
1770300973.659,270,2,"(306.0, 644.0)"
1770300973.669,270,2,"(613.0, 644.0)"
1770300973.68,270,2,"(511.0, 667.0)"
1770300973.691,270,2,"(716.0, 644.0)"
1770300973.702,270,2,"(613.0, 644.0)"
1770300973.714,270,2,"(716.0, 622.0)"
1770300973.725,270,2,"(716.0, 622.0)"
1770300973.736,270,2,"(511.0, 622.0)"
1770300973.748,270,2,"(613.0, 622.0)"
1770300973.759,270,2,"(613.0, 600.0)"
1770300973.769,270,2,"(511.0, 600.0)"
1770300973.781,270,2,"(511.0, 578.0)"
1770300973.792,270,2,"(613.0, 578.0)"
1770300973.803,270,2,"(716.0, 578.0)"
1770300973.814,270,2,"(511.0, 578.0)"
1770300973.825,270,2,"(613.0, 578.0)"
1770300973.836,270,2,"(511.0, 600.0)"
1770300973.846,270,2,"(511.0, 622.0)"
1770300973.858,270,2,"(511.0, 622.0)"
1770300973.868,270,2,"(409.0, 622.0)"
1770300973.879,270,2,"(306.0, 600.0)"
1770300973.89,270,2,"(613.0, 600.0)"
1770300973.902,270,2,"(511.0, 600.0)"
1770300973.913,270,2,"(613.0, 578.0)"
1770300973.924,270,2,"(511.0, 600.0)"
1770300973.935,270,2,"(511.0, 600.0)"
1770300973.946,270,2,"(511.0, 600.0)"
1770300973.957,270,2,"(102.0, 622.0)"
1770300973.968,270,2,"(409.0, 622.0)"
1770300973.979,270,2,"(511.0, 644.0)"
1770300973.989,270,2,"(613.0, 667.0)"
1770300974.0,270,2,"(613.0, 689.0)"
1770300974.012,270,2,"(818.0, 733.0)"
1770300974.024,270,2,"(818.0, 778.0)"
1770300974.034,270,2,"(511.0, 822.0)"
1770300974.044,270,2,"(511.0, 889.0)"
1770300974.056,270,2,"(511.0, 911.0)"
1770300974.068,270,2,"(306.0, 934.0)"
1770300974.078,270,2,"(511.0, 934.0)"
1770300974.089,270,2,"(511.0, 934.0)"
1770300974.1,270,2,"(716.0, 934.0)"
1770300974.11,270,2,"(613.0, 956.0)"
1770300974.122,270,2,"(511.0, 978.0)"
1770300974.132,270,2,"(306.0, 1000.0)"
1770300974.143,270,2,"(306.0, 1023.0)"
1770300974.156,270,2,"(409.0, 1023.0)"
1770300974.166,270,2,"(306.0, 1023.0)"
1770300974.177,270,2,"(511.0, 1023.0)"
1770300974.188,270,2,"(409.0, 1023.0)"
1770300974.198,270,2,"(306.0, 1002.0)"
1770300974.208,270,2,"(409.0, 1002.0)"
1770300974.221,270,2,"(716.0, 1023.0)"
1770300974.231,270,2,"(409.0, 1023.0)"
1770300974.242,270,2,"(511.0, 1023.0)"
1770300974.253,270,2,"(409.0, 1002.0)"
1770300974.264,270,2,"(511.0, 1002.0)"
1770300974.275,270,2,"(716.0, 982.0)"
1770300974.287,270,2,"(511.0, 941.0)"
1770300974.298,270,2,"(511.0, 900.0)"
1770300974.309,270,2,"(613.0, 879.0)"
1770300974.323,270,2,"(511.0, 859.0)"
1770300974.334,270,2,"(613.0, 859.0)"
1770300974.344,270,2,"(511.0, 859.0)"
1770300974.356,270,2,"(716.0, 859.0)"
1770300974.367,270,2,"(511.0, 859.0)"
1770300974.377,270,2,"(511.0, 859.0)"
1770300974.389,270,2,"(818.0, 859.0)"
1770300974.4,270,2,"(511.0, 818.0)"
1770300974.411,270,2,"(409.0, 797.0)"
1770300974.424,270,2,"(511.0, 777.0)"
1770300974.436,270,2,"(613.0, 777.0)"
1770300974.446,270,2,"(716.0, 797.0)"
1770300974.456,270,2,"(409.0, 797.0)"
1770300974.468,270,2,"(716.0, 797.0)"
1770300974.478,270,2,"(716.0, 777.0)"
1770300974.49,270,2,"(511.0, 757.0)"
1770300974.5,270,2,"(613.0, 736.0)"
1770300974.511,270,2,"(716.0, 716.0)"
1770300974.521,270,2,"(613.0, 695.0)"
1770300974.532,270,2,"(716.0, 695.0)"
1770300974.542,270,2,"(511.0, 716.0)"
1770300974.552,270,2,"(511.0, 716.0)"
1770300974.562,270,2,"(511.0, 736.0)"
1770300974.572,270,2,"(306.0, 757.0)"
1770300974.582,270,2,"(613.0, 757.0)"
1770300974.593,270,2,"(409.0, 757.0)"
1770300974.603,270,2,"(511.0, 777.0)"
1770300974.615,270,2,"(511.0, 757.0)"
1770300974.626,270,2,"(511.0, 757.0)"
1770300974.636,270,2,"(511.0, 736.0)"
1770300974.647,270,2,"(511.0, 736.0)"
1770300974.658,270,2,"(409.0, 757.0)"
1770300974.669,270,2,"(511.0, 757.0)"
1770300974.679,270,2,"(409.0, 757.0)"
1770300974.69,270,2,"(204.0, 777.0)"
1770300974.7,270,2,"(511.0, 777.0)"
1770300974.713,270,2,"(613.0, 818.0)"
1770300974.723,270,2,"(306.0, 859.0)"
1770300974.734,270,2,"(920.0, 879.0)"
1770300974.744,270,2,"(186.0, 900.0)"
1770300974.755,270,2,"(558.0, 900.0)"
1770300974.766,270,2,"(558.0, 920.0)"
1770300974.776,270,2,"(558.0, 941.0)"
1770300974.786,270,2,"(651.0, 941.0)"
1770300974.797,270,2,"(372.0, 941.0)"
1770300974.808,270,2,"(465.0, 941.0)"
1770300974.819,270,2,"(186.0, 941.0)"
1770300974.83,270,2,"(744.0, 961.0)"
1770300974.84,270,2,"(372.0, 961.0)"
1770300974.852,270,2,"(372.0, 982.0)"
1770300974.863,270,2,"(837.0, 982.0)"
1770300974.874,270,2,"(372.0, 1002.0)"
1770300974.885,270,2,"(279.0, 1023.0)"
1770300974.897,270,2,"(558.0, 1023.0)"
1770300974.908,270,2,"(465.0, 1023.0)"
1770300974.919,270,2,"(558.0, 1023.0)"
1770300974.93,270,2,"(837.0, 1023.0)"
1770300974.94,270,2,"(279.0, 1023.0)"
1770300974.951,270,2,"(186.0, 1023.0)"
1770300974.962,270,2,"(651.0, 1004.0)"
1770300974.973,270,2,"(558.0, 985.0)"
1770300974.984,270,2,"(558.0, 1004.0)"
1770300974.997,270,2,"(837.0, 1004.0)"
1770300975.008,270,2,"(465.0, 1023.0)"
1770300975.018,270,2,"(372.0, 1023.0)"
1770300975.028,270,2,"(558.0, 1004.0)"
1770300975.039,270,2,"(465.0, 985.0)"
1770300975.05,270,2,"(651.0, 985.0)"
1770300975.063,270,2,"(558.0, 967.0)"
1770300975.073,270,2,"(558.0, 948.0)"
1770300975.083,270,2,"(558.0, 948.0)"
1770300975.095,270,2,"(558.0, 930.0)"
1770300975.106,270,2,"(558.0, 930.0)"
1770300975.116,270,2,"(558.0, 911.0)"
1770300975.126,270,2,"(465.0, 911.0)"
1770300975.137,270,2,"(465.0, 874.0)"
1770300975.147,270,2,"(558.0, 855.0)"
1770300975.157,270,2,"(558.0, 818.0)"
1770300975.169,270,2,"(558.0, 799.0)"
1770300975.18,270,2,"(558.0, 799.0)"
1770300975.19,270,2,"(558.0, 799.0)"
1770300975.2,270,2,"(372.0, 799.0)"
1770300975.215,270,2,"(558.0, 799.0)"
1770300975.226,270,2,"(651.0, 781.0)"
1770300975.236,270,2,"(465.0, 762.0)"
1770300975.248,270,2,"(465.0, 762.0)"
1770300975.258,270,2,"(558.0, 762.0)"
1770300975.268,270,2,"(1023.0, 781.0)"
1770300975.279,270,2,"(465.0, 781.0)"
1770300975.289,270,2,"(651.0, 818.0)"
1770300975.3,270,2,"(930.0, 855.0)"
1770300975.312,270,2,"(558.0, 874.0)"
1770300975.322,270,2,"(558.0, 892.0)"
1770300975.333,270,2,"(558.0, 892.0)"
1770300975.343,270,2,"(651.0, 892.0)"
1770300975.354,270,2,"(558.0, 892.0)"
1770300975.366,270,2,"(558.0, 892.0)"
1770300975.378,270,2,"(558.0, 911.0)"
1770300975.388,270,2,"(558.0, 948.0)"
1770300975.399,270,2,"(558.0, 948.0)"
1770300975.409,270,2,"(372.0, 967.0)"
1770300975.419,270,2,"(558.0, 985.0)"
1770300975.43,270,2,"(558.0, 1004.0)"
1770300975.44,270,2,"(651.0, 1023.0)"
1770300975.451,270,2,"(930.0, 1023.0)"
1770300975.462,270,2,"(930.0, 1023.0)"
1770300975.472,270,2,"(558.0, 1023.0)"
1770300975.483,270,2,"(279.0, 1023.0)"
1770300975.494,270,2,"(279.0, 1023.0)"
1770300975.505,270,2,"(186.0, 1023.0)"
1770300975.516,270,2,"(372.0, 989.0)"
1770300975.527,270,2,"(558.0, 989.0)"
1770300975.538,270,2,"(558.0, 989.0)"
1770300975.549,270,2,"(558.0, 989.0)"
1770300975.559,270,2,"(558.0, 989.0)"
1770300975.569,270,2,"(558.0, 989.0)"
1770300975.58,270,2,"(558.0, 1006.0)"
1770300975.59,270,2,"(465.0, 1006.0)"
1770300975.601,270,2,"(372.0, 1023.0)"
1770300975.612,270,2,"(837.0, 1023.0)"
1770300975.622,270,2,"(372.0, 1023.0)"
1770300975.632,270,2,"(279.0, 1023.0)"
1770300975.643,270,2,"(372.0, 1023.0)"
1770300975.654,270,2,"(651.0, 1023.0)"
1770300975.665,270,2,"(558.0, 1023.0)"
1770300975.676,270,2,"(279.0, 1023.0)"
1770300975.688,270,2,"(465.0, 1023.0)"
1770300975.699,270,2,"(372.0, 1023.0)"
1770300975.71,270,2,"(186.0, 1023.0)"
1770300975.721,270,2,"(279.0, 1023.0)"
1770300975.732,270,2,"(558.0, 991.0)"
1770300975.742,270,2,"(651.0, 959.0)"
1770300975.752,270,2,"(372.0, 943.0)"
1770300975.762,270,2,"(744.0, 927.0)"
1770300975.773,270,2,"(558.0, 911.0)"
1770300975.784,270,2,"(465.0, 895.0)"
1770300975.794,270,2,"(558.0, 895.0)"
1770300975.805,270,2,"(744.0, 911.0)"
1770300975.816,270,2,"(744.0, 911.0)"
1770300975.827,270,2,"(558.0, 911.0)"
1770300975.838,270,2,"(744.0, 911.0)"
1770300975.848,270,2,"(651.0, 911.0)"
1770300975.859,270,2,"(651.0, 927.0)"
1770300975.872,270,2,"(651.0, 943.0)"
1770300975.883,270,2,"(372.0, 943.0)"
1770300975.893,270,2,"(837.0, 927.0)"
1770300975.903,270,2,"(186.0, 927.0)"
1770300975.914,270,2,"(279.0, 927.0)"
1770300975.925,270,2,"(558.0, 911.0)"
1770300975.936,270,2,"(465.0, 895.0)"
1770300975.947,270,2,"(558.0, 863.0)"
1770300975.957,270,2,"(558.0, 847.0)"
1770300975.97,270,2,"(837.0, 831.0)"
1770300975.98,270,2,"(558.0, 847.0)"
1770300975.99,270,2,"(837.0, 863.0)"
1770300976.005,270,2,"(558.0, 895.0)"
1770300976.015,270,2,"(744.0, 943.0)"
1770300976.026,270,2,"(651.0, 959.0)"
1770300976.036,270,2,"(558.0, 959.0)"
1770300976.046,270,2,"(744.0, 943.0)"
1770300976.056,270,2,"(372.0, 927.0)"
1770300976.068,270,2,"(279.0, 895.0)"
1770300976.078,270,2,"(372.0, 895.0)"
1770300976.089,270,2,"(372.0, 879.0)"
1770300976.099,270,2,"(279.0, 863.0)"
1770300976.11,270,2,"(651.0, 847.0)"
1770300976.121,270,2,"(465.0, 831.0)"
1770300976.132,270,2,"(558.0, 815.0)"
1770300976.142,270,2,"(558.0, 799.0)"
1770300976.154,270,2,"(651.0, 799.0)"
1770300976.164,270,2,"(651.0, 783.0)"
1770300976.174,270,2,"(558.0, 751.0)"
1770300976.186,270,2,"(744.0, 751.0)"
1770300976.197,270,2,"(465.0, 751.0)"
1770300976.207,270,2,"(465.0, 751.0)"
1770300976.217,270,2,"(558.0, 767.0)"
1770300976.228,270,2,"(558.0, 767.0)"
1770300976.24,270,2,"(465.0, 767.0)"
1770300976.25,270,2,"(651.0, 751.0)"
1770300976.26,270,2,"(837.0, 735.0)"
1770300976.274,270,2,"(465.0, 751.0)"
1770300976.286,270,2,"(744.0, 799.0)"
1770300976.296,270,2,"(558.0, 831.0)"
1770300976.306,270,2,"(558.0, 847.0)"
1770300976.317,270,2,"(837.0, 879.0)"
1770300976.328,270,2,"(558.0, 879.0)"
1770300976.341,270,2,"(651.0, 879.0)"
1770300976.351,270,2,"(558.0, 895.0)"
1770300976.362,270,2,"(558.0, 911.0)"
1770300976.374,270,2,"(465.0, 911.0)"
1770300976.385,270,2,"(558.0, 911.0)"
1770300976.396,270,2,"(837.0, 895.0)"
1770300976.407,270,2,"(465.0, 895.0)"
1770300976.418,270,2,"(558.0, 911.0)"
1770300976.428,270,2,"(465.0, 927.0)"
1770300976.442,270,2,"(186.0, 959.0)"
1770300976.453,270,2,"(930.0, 991.0)"
1770300976.463,270,2,"(744.0, 991.0)"
1770300976.476,270,2,"(558.0, 991.0)"
1770300976.487,270,2,"(651.0, 959.0)"
1770300976.498,270,2,"(558.0, 943.0)"
1770300976.51,270,2,"(558.0, 911.0)"
1770300976.52,270,2,"(186.0, 863.0)"
1770300976.53,270,2,"(465.0, 815.0)"
1770300976.541,270,2,"(558.0, 799.0)"
1770300976.552,270,2,"(558.0, 767.0)"
1770300976.563,270,2,"(558.0, 767.0)"
1770300976.574,270,2,"(837.0, 751.0)"
1770300976.585,270,2,"(744.0, 751.0)"
1770300976.595,270,2,"(465.0, 767.0)"
1770300976.607,270,2,"(651.0, 751.0)"
1770300976.618,270,2,"(651.0, 751.0)"
1770300976.63,270,2,"(558.0, 751.0)"
1770300976.642,270,2,"(465.0, 767.0)"
1770300976.652,270,2,"(186.0, 799.0)"
1770300985.139,270,3,"(558.0, 0.0)"
1770300985.151,270,3,"(558.0, 0.0)"
1770300985.162,270,3,"(558.0, 0.0)"
1770300985.173,270,3,"(558.0, 0.0)"
1770300985.183,270,3,"(558.0, 0.0)"
1770300985.195,270,3,"(558.0, 0.0)"
1770300985.205,270,3,"(558.0, 0.0)"
1770300985.216,270,3,"(558.0, 0.0)"
1770300985.227,270,3,"(558.0, 0.0)"
1770300985.237,270,3,"(558.0, 0.0)"
1770300985.247,270,3,"(558.0, 0.0)"
1770300985.257,270,3,"(558.0, 0.0)"
1770300985.268,270,3,"(558.0, 0.0)"
1770300985.278,270,3,"(558.0, 0.0)"
1770300985.288,270,3,"(558.0, 0.0)"
1770300985.298,270,3,"(558.0, 0.0)"
1770300985.31,270,3,"(558.0, 0.0)"
1770300985.321,270,3,"(558.0, 0.0)"
1770300985.332,270,3,"(558.0, 0.0)"
1770300985.342,270,3,"(558.0, 0.0)"
1770300985.355,270,3,"(558.0, 0.0)"
1770300985.365,270,3,"(558.0, 0.0)"
1770300985.375,270,3,"(558.0, 0.0)"
1770300985.387,270,3,"(558.0, 0.0)"
1770300985.398,270,3,"(558.0, 0.0)"
1770300985.408,270,3,"(558.0, 0.0)"
1770300985.42,270,3,"(558.0, 0.0)"
1770300985.432,270,3,"(558.0, 0.0)"
1770300985.442,270,3,"(558.0, 0.0)"
1770300985.455,270,3,"(558.0, 0.0)"
1770300985.465,270,3,"(558.0, 0.0)"
1770300985.476,270,3,"(558.0, 0.0)"
1770300985.487,270,3,"(558.0, 0.0)"
1770300985.498,270,3,"(558.0, 0.0)"
1770300985.508,270,3,"(558.0, 0.0)"
1770300985.518,270,3,"(558.0, 0.0)"
1770300985.529,270,3,"(558.0, 0.0)"
1770300985.54,270,3,"(558.0, 0.0)"
1770300985.552,270,3,"(558.0, 0.0)"
1770300985.562,270,3,"(558.0, 0.0)"
1770300985.574,270,3,"(558.0, 0.0)"
1770300985.584,270,3,"(558.0, 0.0)"
1770300985.595,270,3,"(558.0, 0.0)"
1770300985.606,270,3,"(558.0, 0.0)"
1770300985.616,270,3,"(558.0, 0.0)"
1770300985.627,270,3,"(558.0, 0.0)"
1770300985.637,270,3,"(558.0, 0.0)"
1770300985.648,270,3,"(558.0, 0.0)"
1770300985.659,270,3,"(558.0, 0.0)"
1770300985.669,270,3,"(558.0, 0.0)"
1770300985.68,270,3,"(558.0, 0.0)"
1770300985.691,270,3,"(558.0, 0.0)"
1770300985.702,270,3,"(558.0, 0.0)"
1770300985.712,270,3,"(558.0, 0.0)"
1770300985.722,270,3,"(558.0, 0.0)"
1770300985.732,270,3,"(558.0, 0.0)"
1770300985.743,270,3,"(558.0, 0.0)"
1770300985.753,270,3,"(558.0, 0.0)"
1770300985.764,270,3,"(558.0, 0.0)"
1770300985.775,270,3,"(558.0, 0.0)"
1770300985.785,270,3,"(558.0, 0.0)"
1770300985.796,270,3,"(558.0, 0.0)"
1770300985.807,270,3,"(558.0, 0.0)"
1770300985.818,270,3,"(558.0, 0.0)"
1770300985.828,270,3,"(558.0, 0.0)"
1770300985.838,270,3,"(558.0, 15.0)"
1770300985.849,270,3,"(558.0, 15.0)"
1770300985.861,270,3,"(558.0, 0.0)"
1770300985.873,270,3,"(558.0, 0.0)"
1770300985.883,270,3,"(558.0, 0.0)"
1770300985.894,270,3,"(558.0, 0.0)"
1770300985.904,270,3,"(558.0, 0.0)"
1770300985.914,270,3,"(558.0, 0.0)"
1770300985.926,270,3,"(558.0, 0.0)"
1770300985.937,270,3,"(558.0, 0.0)"
1770300985.947,270,3,"(558.0, 0.0)"
1770300985.957,270,3,"(558.0, 0.0)"
1770300985.969,270,3,"(558.0, 0.0)"
1770300985.979,270,3,"(558.0, 0.0)"
1770300985.989,270,3,"(558.0, 0.0)"
1770300985.999,270,3,"(558.0, 0.0)"
1770300986.009,270,3,"(558.0, 0.0)"
1770300986.019,270,3,"(558.0, 0.0)"
1770300986.03,270,3,"(558.0, 0.0)"
1770300986.04,270,3,"(558.0, 0.0)"
1770300986.051,270,3,"(558.0, 0.0)"
1770300986.061,270,3,"(558.0, 0.0)"
1770300986.072,270,3,"(558.0, 0.0)"
1770300986.083,270,3,"(558.0, 0.0)"
1770300986.094,270,3,"(558.0, 0.0)"
1770300986.106,270,3,"(558.0, 0.0)"
1770300986.116,270,3,"(558.0, 0.0)"
1770300986.127,270,3,"(558.0, 0.0)"
1770300986.141,270,3,"(558.0, 0.0)"
1770300986.152,270,3,"(558.0, 0.0)"
1770300986.163,270,3,"(558.0, 0.0)"
1770300986.174,270,3,"(558.0, 0.0)"
1770300986.184,270,3,"(558.0, 0.0)"
1770300986.195,270,3,"(558.0, 0.0)"
1770300986.207,270,3,"(558.0, 0.0)"
1770300986.218,270,3,"(558.0, 0.0)"
1770300986.228,270,3,"(558.0, 0.0)"
1770300986.239,270,3,"(558.0, 0.0)"
1770300986.249,270,3,"(558.0, 0.0)"
1770300986.259,270,3,"(558.0, 0.0)"
1770300986.27,270,3,"(558.0, 0.0)"
1770300986.281,270,3,"(558.0, 0.0)"
1770300986.291,270,3,"(558.0, 0.0)"
1770300986.302,270,3,"(558.0, 0.0)"
1770300986.313,270,3,"(558.0, 0.0)"
1770300986.323,270,3,"(558.0, 0.0)"
1770300986.334,270,3,"(558.0, 0.0)"
1770300986.344,270,3,"(558.0, 0.0)"
1770300986.355,270,3,"(558.0, 0.0)"
1770300986.365,270,3,"(558.0, 0.0)"
1770300986.376,270,3,"(558.0, 0.0)"
1770300986.387,270,3,"(558.0, 0.0)"
1770300986.398,270,3,"(558.0, 0.0)"
1770300986.409,270,3,"(558.0, 0.0)"
1770300986.42,270,3,"(558.0, 0.0)"
1770300986.43,270,3,"(558.0, 0.0)"
1770300986.44,270,3,"(558.0, 0.0)"
1770300986.452,270,3,"(558.0, 0.0)"
1770300986.462,270,3,"(558.0, 0.0)"
1770300986.473,270,3,"(558.0, 0.0)"
1770300986.484,270,3,"(558.0, 0.0)"
1770300986.495,270,3,"(558.0, 0.0)"
1770300986.506,270,3,"(558.0, 0.0)"
1770300986.516,270,3,"(558.0, 0.0)"
1770300986.53,270,3,"(558.0, 0.0)"
1770300986.541,270,3,"(558.0, 0.0)"
1770300986.552,270,3,"(558.0, 0.0)"
1770300986.563,270,3,"(558.0, 0.0)"
1770300986.573,270,3,"(558.0, 0.0)"
1770300986.584,270,3,"(558.0, 0.0)"
1770300986.594,270,3,"(558.0, 0.0)"
1770300986.606,270,3,"(558.0, 0.0)"
1770300986.616,270,3,"(558.0, 0.0)"
1770300986.627,270,3,"(558.0, 0.0)"
1770300986.637,270,3,"(558.0, 0.0)"
1770300986.648,270,3,"(558.0, 0.0)"
1770300986.66,270,3,"(558.0, 15.0)"
1770300986.671,270,3,"(558.0, 15.0)"
1770300986.682,270,3,"(558.0, 31.0)"
1770300986.693,270,3,"(558.0, 31.0)"
1770300986.703,270,3,"(558.0, 31.0)"
1770300986.713,270,3,"(558.0, 31.0)"
1770300986.727,270,3,"(558.0, 31.0)"
1770300986.738,270,3,"(558.0, 31.0)"
1770300986.749,270,3,"(558.0, 31.0)"
1770300986.759,270,3,"(558.0, 31.0)"
1770300986.77,270,3,"(558.0, 31.0)"
1770300986.782,270,3,"(558.0, 15.0)"
1770300986.792,270,3,"(558.0, 15.0)"
1770300986.803,270,3,"(558.0, 0.0)"
1770300986.814,270,3,"(558.0, 0.0)"
1770300986.826,270,3,"(558.0, 0.0)"
1770300986.837,270,3,"(558.0, 0.0)"
1770300986.848,270,3,"(558.0, 0.0)"
1770300986.86,270,3,"(558.0, 0.0)"
1770300986.871,270,3,"(558.0, 0.0)"
1770300986.882,270,3,"(558.0, 0.0)"
1770300986.894,270,3,"(558.0, 0.0)"
1770300986.905,270,3,"(558.0, 0.0)"
1770300986.916,270,3,"(558.0, 0.0)"
1770300986.926,270,3,"(558.0, 0.0)"
1770300986.937,270,3,"(558.0, 0.0)"
1770300986.948,270,3,"(558.0, 0.0)"
1770300986.959,270,3,"(558.0, 0.0)"
1770300986.969,270,3,"(558.0, 0.0)"
1770300986.979,270,3,"(558.0, 0.0)"
1770300986.989,270,3,"(558.0, 0.0)"
1770300987.0,270,3,"(558.0, 0.0)"
1770300987.011,270,3,"(558.0, 0.0)"
1770300987.021,270,3,"(558.0, 0.0)"
1770300987.032,270,3,"(558.0, 0.0)"
1770300987.045,270,3,"(558.0, 0.0)"
1770300987.055,270,3,"(558.0, 0.0)"
1770300987.066,270,3,"(558.0, 0.0)"
1770300987.076,270,3,"(558.0, 0.0)"
1770300987.086,270,3,"(558.0, 0.0)"
1770300987.096,270,3,"(558.0, 0.0)"
1770300987.108,270,3,"(558.0, 0.0)"
1770300987.119,270,3,"(558.0, 0.0)"
1770300987.129,270,3,"(558.0, 0.0)"
1770300987.14,270,3,"(558.0, 0.0)"
1770300987.15,270,3,"(558.0, 0.0)"
1770300987.161,270,3,"(558.0, 0.0)"
1770300987.171,270,3,"(558.0, 0.0)"
1770300987.182,270,3,"(558.0, 0.0)"
1770300987.195,270,3,"(558.0, 0.0)"
1770300987.205,270,3,"(558.0, 0.0)"
1770300987.215,270,3,"(558.0, 0.0)"
1770300987.228,270,3,"(558.0, 0.0)"
1770300987.239,270,3,"(558.0, 15.0)"
1770300987.249,270,3,"(558.0, 15.0)"
1770300987.262,270,3,"(558.0, 31.0)"
1770300987.272,270,3,"(558.0, 31.0)"
1770300987.282,270,3,"(558.0, 31.0)"
1770300987.295,270,3,"(558.0, 31.0)"
1770300987.305,270,3,"(558.0, 31.0)"
1770300987.316,270,3,"(558.0, 31.0)"
1770300987.327,270,3,"(558.0, 31.0)"
1770300987.337,270,3,"(558.0, 31.0)"
1770300987.348,270,3,"(558.0, 31.0)"
1770300987.36,270,3,"(558.0, 31.0)"
1770300987.37,270,3,"(558.0, 31.0)"
1770300987.382,270,3,"(558.0, 31.0)"
1770300987.394,270,3,"(558.0, 31.0)"
1770300987.405,270,3,"(558.0, 31.0)"
1770300987.415,270,3,"(558.0, 31.0)"
1770300987.428,270,3,"(558.0, 31.0)"
1770300987.438,270,3,"(558.0, 31.0)"
1770300987.449,270,3,"(558.0, 31.0)"
1770300987.461,270,3,"(558.0, 31.0)"
1770300987.471,270,3,"(558.0, 31.0)"
1770300987.482,270,3,"(558.0, 31.0)"
1770300987.495,270,3,"(558.0, 31.0)"
1770300987.505,270,3,"(558.0, 31.0)"
1770300987.515,270,3,"(558.0, 31.0)"
1770300987.528,270,3,"(558.0, 31.0)"
1770300987.538,270,3,"(558.0, 31.0)"
1770300987.548,270,3,"(558.0, 31.0)"
1770300987.558,270,3,"(558.0, 31.0)"
1770300987.568,270,3,"(558.0, 31.0)"
1770300987.579,270,3,"(558.0, 31.0)"
1770300987.589,270,3,"(558.0, 31.0)"
1770300987.599,270,3,"(558.0, 31.0)"
1770300987.61,270,3,"(558.0, 31.0)"
1770300987.621,270,3,"(558.0, 31.0)"
1770300987.632,270,3,"(558.0, 31.0)"
1770300987.642,270,3,"(558.0, 31.0)"
1770300987.653,270,3,"(558.0, 31.0)"
1770300987.663,270,3,"(558.0, 31.0)"
1770300987.673,270,3,"(558.0, 31.0)"
1770300987.684,270,3,"(558.0, 31.0)"
1770300987.695,270,3,"(558.0, 31.0)"
1770300987.706,270,3,"(558.0, 31.0)"
1770300987.716,270,3,"(558.0, 31.0)"
1770300987.726,270,3,"(558.0, 31.0)"
1770300987.736,270,3,"(558.0, 31.0)"
1770300987.747,270,3,"(558.0, 31.0)"
1770300987.757,270,3,"(558.0, 31.0)"
1770300987.768,270,3,"(558.0, 31.0)"
1770300987.779,270,3,"(558.0, 31.0)"
1770300987.789,270,3,"(558.0, 31.0)"
1770300987.8,270,3,"(558.0, 31.0)"
1770300987.81,270,3,"(558.0, 31.0)"
1770300987.821,270,3,"(558.0, 31.0)"
1770300987.832,270,3,"(558.0, 31.0)"
1770300987.842,270,3,"(558.0, 31.0)"
1770300987.853,270,3,"(558.0, 31.0)"
1770300987.865,270,3,"(558.0, 31.0)"
1770300987.876,270,3,"(558.0, 31.0)"
1770300987.886,270,3,"(558.0, 31.0)"
1770300987.898,270,3,"(558.0, 31.0)"
1770300987.909,270,3,"(558.0, 31.0)"
1770300987.92,270,3,"(558.0, 31.0)"
1770300987.93,270,3,"(558.0, 31.0)"
1770300987.941,270,3,"(558.0, 31.0)"
1770300987.952,270,3,"(558.0, 31.0)"
1770300987.962,270,3,"(558.0, 47.0)"
1770300987.973,270,3,"(558.0, 47.0)"
1770300987.983,270,3,"(558.0, 63.0)"
1770300987.993,270,3,"(558.0, 63.0)"
1770300988.003,270,3,"(558.0, 63.0)"
1770300988.016,270,3,"(558.0, 63.0)"
1770300988.027,270,3,"(558.0, 63.0)"
1770300988.038,270,3,"(558.0, 63.0)"
1770300988.049,270,3,"(558.0, 63.0)"
1770300988.059,270,3,"(558.0, 63.0)"
1770300988.069,270,3,"(558.0, 63.0)"
1770300988.08,270,3,"(558.0, 63.0)"
1770300988.091,270,3,"(558.0, 63.0)"
1770300988.101,270,3,"(558.0, 63.0)"
1770300988.112,270,3,"(558.0, 63.0)"
1770300988.123,270,3,"(558.0, 63.0)"
1770300988.135,270,3,"(558.0, 63.0)"
1770300988.146,270,3,"(558.0, 63.0)"
1770301009.095,270,4,"(558.0, 63.0)"
1770301009.105,270,4,"(558.0, 63.0)"
1770301009.117,270,4,"(558.0, 63.0)"
1770301009.128,270,4,"(558.0, 63.0)"
1770301009.138,270,4,"(558.0, 63.0)"
1770301009.148,270,4,"(558.0, 63.0)"
1770301009.161,270,4,"(558.0, 63.0)"
1770301009.171,270,4,"(558.0, 63.0)"
1770301009.182,270,4,"(558.0, 63.0)"
1770301009.194,270,4,"(558.0, 63.0)"
1770301009.205,270,4,"(558.0, 63.0)"
1770301009.215,270,4,"(558.0, 63.0)"
1770301009.227,270,4,"(558.0, 63.0)"
1770301009.238,270,4,"(558.0, 63.0)"
1770301009.248,270,4,"(558.0, 63.0)"
1770301009.26,270,4,"(558.0, 63.0)"
1770301009.271,270,4,"(558.0, 63.0)"
1770301009.282,270,4,"(558.0, 63.0)"
1770301009.294,270,4,"(558.0, 63.0)"
1770301009.305,270,4,"(558.0, 63.0)"
1770301009.315,270,4,"(558.0, 63.0)"
1770301009.325,270,4,"(558.0, 63.0)"
1770301009.335,270,4,"(558.0, 63.0)"
1770301009.347,270,4,"(558.0, 63.0)"
1770301009.357,270,4,"(558.0, 63.0)"
1770301009.368,270,4,"(558.0, 63.0)"
1770301009.382,270,4,"(558.0, 63.0)"
1770301009.392,270,4,"(558.0, 63.0)"
1770301009.402,270,4,"(558.0, 63.0)"
1770301009.414,270,4,"(558.0, 63.0)"
1770301009.424,270,4,"(558.0, 63.0)"
1770301009.435,270,4,"(558.0, 63.0)"
1770301009.447,270,4,"(558.0, 47.0)"
1770301009.457,270,4,"(558.0, 47.0)"
1770301009.468,270,4,"(558.0, 31.0)"
1770301009.48,270,4,"(558.0, 31.0)"
1770301009.49,270,4,"(558.0, 31.0)"
1770301009.501,270,4,"(558.0, 47.0)"
1770301009.514,270,4,"(558.0, 47.0)"
1770301009.526,270,4,"(558.0, 63.0)"
1770301009.536,270,4,"(558.0, 63.0)"
1770301009.547,270,4,"(558.0, 63.0)"
1770301009.557,270,4,"(558.0, 47.0)"
1770301009.568,270,4,"(558.0, 47.0)"
1770301009.578,270,4,"(558.0, 47.0)"
1770301009.588,270,4,"(558.0, 47.0)"
1770301009.598,270,4,"(558.0, 47.0)"
1770301009.609,270,4,"(558.0, 63.0)"
1770301009.619,270,4,"(558.0, 63.0)"
1770301009.631,270,4,"(558.0, 63.0)"
1770301009.642,270,4,"(558.0, 63.0)"
1770301009.653,270,4,"(558.0, 63.0)"
1770301009.664,270,4,"(558.0, 63.0)"
1770301009.674,270,4,"(558.0, 63.0)"
1770301009.685,270,4,"(558.0, 63.0)"
1770301009.697,270,4,"(558.0, 63.0)"
1770301009.707,270,4,"(558.0, 63.0)"
1770301009.718,270,4,"(558.0, 63.0)"
1770301009.728,270,4,"(558.0, 63.0)"
1770301009.738,270,4,"(558.0, 63.0)"
1770301009.75,270,4,"(558.0, 63.0)"
1770301009.761,270,4,"(558.0, 63.0)"
1770301009.771,270,4,"(558.0, 63.0)"
1770301009.783,270,4,"(558.0, 63.0)"
1770301009.793,270,4,"(558.0, 63.0)"
1770301009.804,270,4,"(558.0, 63.0)"
1770301009.814,270,4,"(558.0, 63.0)"
1770301009.826,270,4,"(558.0, 63.0)"
1770301009.837,270,4,"(558.0, 63.0)"
1770301009.848,270,4,"(558.0, 63.0)"
1770301009.859,270,4,"(558.0, 63.0)"
1770301009.87,270,4,"(558.0, 63.0)"
1770301009.88,270,4,"(558.0, 63.0)"
1770301009.89,270,4,"(558.0, 63.0)"
1770301009.902,270,4,"(558.0, 63.0)"
1770301009.912,270,4,"(558.0, 63.0)"
1770301009.923,270,4,"(558.0, 63.0)"
1770301009.937,270,4,"(558.0, 63.0)"
1770301009.947,270,4,"(558.0, 63.0)"
1770301009.959,270,4,"(558.0, 63.0)"
1770301009.973,270,4,"(558.0, 63.0)"
1770301009.983,270,4,"(558.0, 63.0)"
1770301009.995,270,4,"(558.0, 63.0)"
1770301010.005,270,4,"(558.0, 63.0)"
1770301010.015,270,4,"(558.0, 63.0)"
1770301010.025,270,4,"(558.0, 63.0)"
1770301010.036,270,4,"(558.0, 63.0)"
1770301010.046,270,4,"(558.0, 63.0)"
1770301010.056,270,4,"(558.0, 63.0)"
1770301010.067,270,4,"(558.0, 63.0)"
1770301010.077,270,4,"(558.0, 63.0)"
1770301010.088,270,4,"(558.0, 63.0)"
1770301010.098,270,4,"(558.0, 63.0)"
1770301010.109,270,4,"(558.0, 63.0)"
1770301010.12,270,4,"(558.0, 63.0)"
1770301010.131,270,4,"(558.0, 63.0)"
1770301010.144,270,4,"(558.0, 63.0)"
1770301010.157,270,4,"(558.0, 63.0)"
1770301010.167,270,4,"(558.0, 63.0)"
1770301010.178,270,4,"(558.0, 63.0)"
1770301010.193,270,4,"(558.0, 63.0)"
1770301010.203,270,4,"(558.0, 63.0)"
1770301010.214,270,4,"(558.0, 63.0)"
1770301010.225,270,4,"(558.0, 63.0)"
1770301010.235,270,4,"(558.0, 63.0)"
1770301010.245,270,4,"(558.0, 63.0)"
1770301010.256,270,4,"(558.0, 63.0)"
1770301010.267,270,4,"(558.0, 63.0)"
1770301010.277,270,4,"(558.0, 63.0)"
1770301010.288,270,4,"(558.0, 63.0)"
1770301010.299,270,4,"(558.0, 63.0)"
1770301010.309,270,4,"(558.0, 47.0)"
1770301010.319,270,4,"(558.0, 47.0)"
1770301010.33,270,4,"(558.0, 31.0)"
1770301010.34,270,4,"(558.0, 31.0)"
1770301010.351,270,4,"(558.0, 31.0)"
1770301010.361,270,4,"(558.0, 31.0)"
1770301010.371,270,4,"(558.0, 31.0)"
1770301010.382,270,4,"(558.0, 47.0)"
1770301010.392,270,4,"(558.0, 47.0)"
1770301010.404,270,4,"(558.0, 63.0)"
1770301010.415,270,4,"(558.0, 63.0)"
1770301010.425,270,4,"(558.0, 63.0)"
1770301010.436,270,4,"(558.0, 63.0)"
1770301010.446,270,4,"(558.0, 63.0)"
1770301010.457,270,4,"(558.0, 63.0)"
1770301010.468,270,4,"(558.0, 63.0)"
1770301010.479,270,4,"(558.0, 47.0)"
1770301010.49,270,4,"(558.0, 47.0)"
1770301010.5,270,4,"(558.0, 47.0)"
1770301010.511,270,4,"(558.0, 47.0)"
1770301010.521,270,4,"(558.0, 63.0)"
1770301010.531,270,4,"(558.0, 63.0)"
1770301010.542,270,4,"(558.0, 63.0)"
1770301010.553,270,4,"(558.0, 63.0)"
1770301010.564,270,4,"(558.0, 63.0)"
1770301010.574,270,4,"(558.0, 63.0)"
1770301010.586,270,4,"(558.0, 63.0)"
1770301010.596,270,4,"(558.0, 63.0)"
1770301010.607,270,4,"(558.0, 63.0)"
1770301010.617,270,4,"(558.0, 63.0)"
1770301010.628,270,4,"(558.0, 63.0)"
1770301010.638,270,4,"(558.0, 63.0)"
1770301010.648,270,4,"(558.0, 47.0)"
1770301010.659,270,4,"(558.0, 47.0)"
1770301010.67,270,4,"(558.0, 31.0)"
1770301010.682,270,4,"(558.0, 31.0)"
1770301010.693,270,4,"(558.0, 31.0)"
1770301010.703,270,4,"(558.0, 31.0)"
1770301010.714,270,4,"(558.0, 31.0)"
1770301010.725,270,4,"(558.0, 31.0)"
1770301010.735,270,4,"(558.0, 31.0)"
1770301010.745,270,4,"(558.0, 31.0)"
1770301010.756,270,4,"(558.0, 31.0)"
1770301010.766,270,4,"(558.0, 31.0)"
1770301010.777,270,4,"(558.0, 31.0)"
1770301010.788,270,4,"(558.0, 31.0)"
1770301010.799,270,4,"(558.0, 31.0)"
1770301010.81,270,4,"(558.0, 31.0)"
1770301010.821,270,4,"(558.0, 31.0)"
1770301010.831,270,4,"(558.0, 31.0)"
1770301010.842,270,4,"(558.0, 31.0)"
1770301010.852,270,4,"(558.0, 31.0)"
1770301010.863,270,4,"(558.0, 47.0)"
1770301010.873,270,4,"(558.0, 47.0)"
1770301010.884,270,4,"(558.0, 63.0)"
1770301010.894,270,4,"(558.0, 63.0)"
1770301010.906,270,4,"(558.0, 63.0)"
1770301010.916,270,4,"(558.0, 63.0)"
1770301010.927,270,4,"(558.0, 63.0)"
1770301010.938,270,4,"(558.0, 63.0)"
1770301010.949,270,4,"(558.0, 63.0)"
1770301010.959,270,4,"(558.0, 63.0)"
1770301010.97,270,4,"(558.0, 63.0)"
1770301010.98,270,4,"(558.0, 63.0)"
1770301010.991,270,4,"(558.0, 47.0)"
1770301011.001,270,4,"(558.0, 47.0)"
1770301011.012,270,4,"(558.0, 31.0)"
1770301011.022,270,4,"(558.0, 31.0)"
1770301011.033,270,4,"(558.0, 31.0)"
1770301011.044,270,4,"(558.0, 31.0)"
1770301011.054,270,4,"(558.0, 31.0)"
1770301011.066,270,4,"(558.0, 31.0)"
1770301011.076,270,4,"(558.0, 31.0)"
1770301011.087,270,4,"(558.0, 31.0)"
1770301011.098,270,4,"(558.0, 31.0)"
1770301011.108,270,4,"(558.0, 31.0)"
1770301011.119,270,4,"(558.0, 31.0)"
1770301011.129,270,4,"(558.0, 31.0)"
1770301011.14,270,4,"(558.0, 31.0)"
1770301011.15,270,4,"(558.0, 31.0)"
1770301011.161,270,4,"(558.0, 31.0)"
1770301011.172,270,4,"(558.0, 31.0)"
1770301011.183,270,4,"(558.0, 31.0)"
1770301011.193,270,4,"(558.0, 31.0)"
1770301011.204,270,4,"(558.0, 31.0)"
1770301011.215,270,4,"(558.0, 31.0)"
1770301011.225,270,4,"(558.0, 31.0)"
1770301011.236,270,4,"(558.0, 31.0)"
1770301011.246,270,4,"(558.0, 31.0)"
1770301011.256,270,4,"(558.0, 31.0)"
1770301011.267,270,4,"(558.0, 31.0)"
1770301011.277,270,4,"(558.0, 31.0)"
1770301011.288,270,4,"(558.0, 31.0)"
1770301011.299,270,4,"(558.0, 31.0)"
1770301011.31,270,4,"(558.0, 31.0)"
1770301011.321,270,4,"(558.0, 31.0)"
1770301011.331,270,4,"(558.0, 31.0)"
1770301011.341,270,4,"(558.0, 31.0)"
1770301011.352,270,4,"(558.0, 31.0)"
1770301011.363,270,4,"(558.0, 31.0)"
1770301011.374,270,4,"(558.0, 31.0)"
1770301011.385,270,4,"(558.0, 47.0)"
1770301011.396,270,4,"(558.0, 47.0)"
1770301011.407,270,4,"(558.0, 63.0)"
1770301011.417,270,4,"(558.0, 63.0)"
1770301011.428,270,4,"(558.0, 63.0)"
1770301011.44,270,4,"(558.0, 63.0)"
1770301011.45,270,4,"(558.0, 63.0)"
1770301011.462,270,4,"(558.0, 63.0)"
1770301011.473,270,4,"(558.0, 63.0)"
1770301011.484,270,4,"(558.0, 63.0)"
1770301011.495,270,4,"(558.0, 63.0)"
1770301011.508,270,4,"(558.0, 63.0)"
1770301011.519,270,4,"(558.0, 63.0)"
1770301011.53,270,4,"(558.0, 63.0)"
1770301011.542,270,4,"(558.0, 63.0)"
1770301011.552,270,4,"(558.0, 63.0)"
1770301011.562,270,4,"(558.0, 63.0)"
1770301011.573,270,4,"(558.0, 63.0)"
1770301011.583,270,4,"(558.0, 63.0)"
1770301011.594,270,4,"(558.0, 63.0)"
1770301011.604,270,4,"(558.0, 63.0)"
1770301011.615,270,4,"(558.0, 63.0)"
1770301011.626,270,4,"(558.0, 63.0)"
1770301011.637,270,4,"(558.0, 63.0)"
1770301011.647,270,4,"(558.0, 63.0)"
1770301011.659,270,4,"(558.0, 63.0)"
1770301011.669,270,4,"(558.0, 63.0)"
1770301011.68,270,4,"(558.0, 63.0)"
1770301011.691,270,4,"(558.0, 63.0)"
1770301011.702,270,4,"(558.0, 63.0)"
1770301011.713,270,4,"(558.0, 63.0)"
1770301011.724,270,4,"(558.0, 63.0)"
1770301011.734,270,4,"(558.0, 63.0)"
1770301011.745,270,4,"(558.0, 63.0)"
1770301011.756,270,4,"(558.0, 63.0)"
1770301011.766,270,4,"(558.0, 63.0)"
1770301011.777,270,4,"(558.0, 63.0)"
1770301011.79,270,4,"(558.0, 63.0)"
1770301011.801,270,4,"(558.0, 63.0)"
1770301011.812,270,4,"(558.0, 63.0)"
1770301011.824,270,4,"(558.0, 63.0)"
1770301011.834,270,4,"(558.0, 63.0)"
1770301011.845,270,4,"(558.0, 63.0)"
1770301011.856,270,4,"(558.0, 63.0)"
1770301011.866,270,4,"(558.0, 63.0)"
1770301011.877,270,4,"(558.0, 63.0)"
1770301011.887,270,4,"(558.0, 63.0)"
1770301011.898,270,4,"(558.0, 63.0)"
1770301011.909,270,4,"(558.0, 63.0)"
1770301011.92,270,4,"(558.0, 63.0)"
1770301011.93,270,4,"(558.0, 63.0)"
1770301011.941,270,4,"(558.0, 63.0)"
1770301011.952,270,4,"(558.0, 63.0)"
1770301011.962,270,4,"(558.0, 63.0)"
1770301011.973,270,4,"(558.0, 63.0)"
1770301011.984,270,4,"(558.0, 63.0)"
1770301011.994,270,4,"(558.0, 63.0)"
1770301012.004,270,4,"(558.0, 63.0)"
1770301012.015,270,4,"(558.0, 63.0)"
1770301012.025,270,4,"(558.0, 63.0)"
1770301012.035,270,4,"(558.0, 79.0)"
1770301012.046,270,4,"(558.0, 95.0)"
1770301012.057,270,4,"(558.0, 95.0)"
1770301012.067,270,4,"(558.0, 79.0)"
1770301012.078,270,4,"(558.0, 79.0)"
1770301012.088,270,4,"(558.0, 63.0)"
1770301012.099,270,4,"(558.0, 63.0)"
1770301024.514,270,1,"(558.0, 0.0)"
1770301024.525,270,1,"(558.0, 0.0)"
1770301024.537,270,1,"(558.0, 0.0)"
1770301024.547,270,1,"(558.0, 0.0)"
1770301024.558,270,1,"(558.0, 0.0)"
1770301024.568,270,1,"(558.0, 0.0)"
1770301024.579,270,1,"(558.0, 0.0)"
1770301024.589,270,1,"(558.0, 0.0)"
1770301024.6,270,1,"(558.0, 0.0)"
1770301024.611,270,1,"(558.0, 0.0)"
1770301024.621,270,1,"(558.0, 0.0)"
1770301024.632,270,1,"(558.0, 0.0)"
1770301024.643,270,1,"(558.0, 0.0)"
1770301024.654,270,1,"(558.0, 0.0)"
1770301024.665,270,1,"(558.0, 0.0)"
1770301024.675,270,1,"(558.0, 0.0)"
1770301024.686,270,1,"(558.0, 0.0)"
1770301024.696,270,1,"(558.0, 0.0)"
1770301024.706,270,1,"(558.0, 0.0)"
1770301024.717,270,1,"(558.0, 0.0)"
1770301024.728,270,1,"(558.0, 0.0)"
1770301024.738,270,1,"(558.0, 0.0)"
1770301024.748,270,1,"(558.0, 0.0)"
1770301024.759,270,1,"(558.0, 0.0)"
1770301024.769,270,1,"(558.0, 0.0)"
1770301024.78,270,1,"(558.0, 0.0)"
1770301024.79,270,1,"(558.0, 0.0)"
1770301024.801,270,1,"(558.0, 0.0)"
1770301024.811,270,1,"(558.0, 0.0)"
1770301024.822,270,1,"(558.0, 0.0)"
1770301024.834,270,1,"(558.0, 0.0)"
1770301024.846,270,1,"(558.0, 0.0)"
1770301024.856,270,1,"(558.0, 0.0)"
1770301024.867,270,1,"(558.0, 0.0)"
1770301024.879,270,1,"(558.0, 0.0)"
1770301024.89,270,1,"(558.0, 0.0)"
1770301024.9,270,1,"(558.0, 0.0)"
1770301024.911,270,1,"(558.0, 0.0)"
1770301024.922,270,1,"(558.0, 0.0)"
1770301024.932,270,1,"(558.0, 0.0)"
1770301024.942,270,1,"(558.0, 0.0)"
1770301024.952,270,1,"(558.0, 0.0)"
1770301024.963,270,1,"(558.0, 0.0)"
1770301024.975,270,1,"(558.0, 0.0)"
1770301024.986,270,1,"(558.0, 0.0)"
1770301024.996,270,1,"(558.0, 0.0)"
1770301025.008,270,1,"(558.0, 0.0)"
1770301025.018,270,1,"(558.0, 0.0)"
1770301025.029,270,1,"(558.0, 0.0)"
1770301025.04,270,1,"(558.0, 0.0)"
1770301025.051,270,1,"(558.0, 0.0)"
1770301025.062,270,1,"(558.0, 0.0)"
1770301025.072,270,1,"(558.0, 0.0)"
1770301025.083,270,1,"(558.0, 0.0)"
1770301025.093,270,1,"(558.0, 0.0)"
1770301025.105,270,1,"(558.0, 0.0)"
1770301025.115,270,1,"(558.0, 0.0)"
1770301025.126,270,1,"(558.0, 0.0)"
1770301025.137,270,1,"(558.0, 0.0)"
1770301025.149,270,1,"(558.0, 0.0)"
1770301025.16,270,1,"(558.0, 0.0)"
1770301025.17,270,1,"(558.0, 0.0)"
1770301025.183,270,1,"(558.0, 0.0)"
1770301025.193,270,1,"(558.0, 0.0)"
1770301025.203,270,1,"(558.0, 0.0)"
1770301025.215,270,1,"(558.0, 0.0)"
1770301025.226,270,1,"(558.0, 0.0)"
1770301025.236,270,1,"(558.0, 0.0)"
1770301025.248,270,1,"(558.0, 0.0)"
1770301025.258,270,1,"(558.0, 0.0)"
1770301025.268,270,1,"(558.0, 0.0)"
1770301025.278,270,1,"(558.0, 0.0)"
1770301025.289,270,1,"(558.0, 0.0)"
1770301025.3,270,1,"(558.0, 0.0)"
1770301025.311,270,1,"(558.0, 0.0)"
1770301025.322,270,1,"(558.0, 0.0)"
1770301025.332,270,1,"(558.0, 0.0)"
1770301025.343,270,1,"(558.0, 0.0)"
1770301025.355,270,1,"(558.0, 0.0)"
1770301025.366,270,1,"(558.0, 0.0)"
1770301025.376,270,1,"(558.0, 0.0)"
1770301025.386,270,1,"(558.0, 0.0)"
1770301025.397,270,1,"(558.0, 0.0)"
1770301025.409,270,1,"(558.0, 0.0)"
1770301025.42,270,1,"(558.0, 0.0)"
1770301025.432,270,1,"(558.0, 0.0)"
1770301025.442,270,1,"(558.0, 0.0)"
1770301025.452,270,1,"(558.0, 0.0)"
1770301025.463,270,1,"(558.0, 0.0)"
1770301025.473,270,1,"(558.0, 0.0)"
1770301025.484,270,1,"(558.0, 0.0)"
1770301025.497,270,1,"(558.0, 0.0)"
1770301025.507,270,1,"(558.0, 0.0)"
1770301025.517,270,1,"(558.0, 0.0)"
1770301025.529,270,1,"(558.0, 0.0)"
1770301025.539,270,1,"(558.0, 0.0)"
1770301025.55,270,1,"(558.0, 0.0)"
1770301025.56,270,1,"(558.0, 0.0)"
1770301025.571,270,1,"(558.0, 0.0)"
1770301025.582,270,1,"(558.0, 0.0)"
1770301025.592,270,1,"(558.0, 0.0)"
1770301025.603,270,1,"(558.0, 0.0)"
1770301025.615,270,1,"(558.0, 0.0)"
1770301025.625,270,1,"(558.0, 0.0)"
1770301025.636,270,1,"(558.0, 0.0)"
1770301025.648,270,1,"(558.0, 0.0)"
1770301025.659,270,1,"(558.0, 0.0)"
1770301025.669,270,1,"(558.0, 0.0)"
1770301025.68,270,1,"(558.0, 0.0)"
1770301025.69,270,1,"(558.0, 0.0)"
1770301025.701,270,1,"(558.0, 0.0)"
1770301025.712,270,1,"(558.0, 0.0)"
1770301025.723,270,1,"(558.0, 0.0)"
1770301025.733,270,1,"(558.0, 0.0)"
1770301025.744,270,1,"(558.0, 0.0)"
1770301025.754,270,1,"(558.0, 0.0)"
1770301025.765,270,1,"(558.0, 0.0)"
1770301025.776,270,1,"(558.0, 0.0)"
1770301025.787,270,1,"(558.0, 0.0)"
1770301025.798,270,1,"(558.0, 0.0)"
1770301025.809,270,1,"(558.0, 0.0)"
1770301025.819,270,1,"(558.0, 0.0)"
1770301025.832,270,1,"(558.0, 0.0)"
1770301025.842,270,1,"(558.0, 0.0)"
1770301025.853,270,1,"(558.0, 0.0)"
1770301025.865,270,1,"(558.0, 0.0)"
1770301025.875,270,1,"(558.0, 0.0)"
1770301025.886,270,1,"(558.0, 0.0)"
1770301025.897,270,1,"(558.0, 0.0)"
1770301025.909,270,1,"(558.0, 0.0)"
1770301025.92,270,1,"(558.0, 0.0)"
1770301025.93,270,1,"(558.0, 0.0)"
1770301025.94,270,1,"(558.0, 0.0)"
1770301025.951,270,1,"(558.0, 0.0)"
1770301025.963,270,1,"(558.0, 0.0)"
1770301025.974,270,1,"(558.0, 0.0)"
1770301025.984,270,1,"(558.0, 0.0)"
1770301025.995,270,1,"(558.0, 0.0)"
1770301026.005,270,1,"(558.0, 0.0)"
1770301026.015,270,1,"(558.0, 0.0)"
1770301026.026,270,1,"(558.0, 0.0)"
1770301026.037,270,1,"(558.0, 0.0)"
1770301026.047,270,1,"(558.0, 0.0)"
1770301026.058,270,1,"(558.0, 0.0)"
1770301026.068,270,1,"(558.0, 0.0)"
1770301026.081,270,1,"(558.0, 0.0)"
1770301026.091,270,1,"(558.0, 0.0)"
1770301026.102,270,1,"(558.0, 0.0)"
1770301026.113,270,1,"(558.0, 0.0)"
1770301026.124,270,1,"(558.0, 0.0)"
1770301026.134,270,1,"(558.0, 0.0)"
1770301026.145,270,1,"(558.0, 0.0)"
1770301026.155,270,1,"(558.0, 0.0)"
1770301026.166,270,1,"(558.0, 0.0)"
1770301026.176,270,1,"(558.0, 0.0)"
1770301026.187,270,1,"(558.0, 0.0)"
1770301026.198,270,1,"(558.0, 0.0)"
1770301026.208,270,1,"(558.0, 0.0)"
1770301026.219,270,1,"(558.0, 0.0)"
1770301026.229,270,1,"(558.0, 0.0)"
1770301026.24,270,1,"(558.0, 0.0)"
1770301026.25,270,1,"(558.0, 0.0)"
1770301026.261,270,1,"(558.0, 0.0)"
1770301026.272,270,1,"(558.0, 0.0)"
1770301026.283,270,1,"(558.0, 0.0)"
1770301026.294,270,1,"(558.0, 0.0)"
1770301026.304,270,1,"(558.0, 0.0)"
1770301026.315,270,1,"(558.0, 0.0)"
1770301026.325,270,1,"(558.0, 0.0)"
1770301026.335,270,1,"(558.0, 0.0)"
1770301026.348,270,1,"(558.0, 0.0)"
1770301026.359,270,1,"(558.0, 0.0)"
1770301026.37,270,1,"(558.0, 0.0)"
1770301026.38,270,1,"(558.0, 0.0)"
1770301026.391,270,1,"(558.0, 0.0)"
1770301026.401,270,1,"(558.0, 0.0)"
1770301026.413,270,1,"(558.0, 0.0)"
1770301026.424,270,1,"(558.0, 0.0)"
1770301026.435,270,1,"(558.0, 0.0)"
1770301026.446,270,1,"(558.0, 0.0)"
1770301026.457,270,1,"(558.0, 0.0)"
1770301026.467,270,1,"(558.0, 0.0)"
1770301026.477,270,1,"(558.0, 0.0)"
1770301026.487,270,1,"(558.0, 0.0)"
1770301026.497,270,1,"(558.0, 0.0)"
1770301026.507,270,1,"(558.0, 0.0)"
1770301026.517,270,1,"(558.0, 0.0)"
1770301026.53,270,1,"(558.0, 0.0)"
1770301026.541,270,1,"(558.0, 0.0)"
1770301026.551,270,1,"(558.0, 0.0)"
1770301026.564,270,1,"(558.0, 0.0)"
1770301026.576,270,1,"(558.0, 0.0)"
1770301026.587,270,1,"(558.0, 0.0)"
1770301026.597,270,1,"(558.0, 0.0)"
1770301026.609,270,1,"(558.0, 0.0)"
1770301026.62,270,1,"(558.0, 0.0)"
1770301026.631,270,1,"(558.0, 0.0)"
1770301026.642,270,1,"(558.0, 0.0)"
1770301026.652,270,1,"(558.0, 0.0)"
1770301026.663,270,1,"(558.0, 0.0)"
1770301026.673,270,1,"(558.0, 0.0)"
1770301026.684,270,1,"(558.0, 0.0)"
1770301026.695,270,1,"(558.0, 0.0)"
1770301026.705,270,1,"(558.0, 0.0)"
1770301026.715,270,1,"(558.0, 0.0)"
1770301026.726,270,1,"(558.0, 0.0)"
1770301026.736,270,1,"(558.0, 0.0)"
1770301026.746,270,1,"(558.0, 0.0)"
1770301026.757,270,1,"(558.0, 0.0)"
1770301026.767,270,1,"(558.0, 0.0)"
1770301026.779,270,1,"(558.0, 0.0)"
1770301026.791,270,1,"(558.0, 0.0)"
1770301026.801,270,1,"(558.0, 0.0)"
1770301026.813,270,1,"(558.0, 0.0)"
1770301026.824,270,1,"(558.0, 0.0)"
1770301026.835,270,1,"(558.0, 0.0)"
1770301026.849,270,1,"(558.0, 0.0)"
1770301026.86,270,1,"(558.0, 0.0)"
1770301026.871,270,1,"(558.0, 0.0)"
1770301026.881,270,1,"(558.0, 0.0)"
1770301026.892,270,1,"(558.0, 0.0)"
1770301026.902,270,1,"(558.0, 0.0)"
1770301026.913,270,1,"(558.0, 0.0)"
1770301026.924,270,1,"(558.0, 0.0)"
1770301026.934,270,1,"(558.0, 0.0)"
1770301026.945,270,1,"(558.0, 0.0)"
1770301026.956,270,1,"(558.0, 0.0)"
1770301026.966,270,1,"(558.0, 0.0)"
1770301026.977,270,1,"(558.0, 0.0)"
1770301026.988,270,1,"(558.0, 0.0)"
1770301026.998,270,1,"(558.0, 0.0)"
1770301027.008,270,1,"(558.0, 0.0)"
1770301027.019,270,1,"(558.0, 0.0)"
1770301027.03,270,1,"(558.0, 0.0)"
1770301027.041,270,1,"(558.0, 0.0)"
1770301027.052,270,1,"(558.0, 0.0)"
1770301027.062,270,1,"(558.0, 0.0)"
1770301027.073,270,1,"(558.0, 0.0)"
1770301027.083,270,1,"(558.0, 0.0)"
1770301027.094,270,1,"(558.0, 0.0)"
1770301027.104,270,1,"(558.0, 0.0)"
1770301027.114,270,1,"(558.0, 0.0)"
1770301027.125,270,1,"(558.0, 0.0)"
1770301027.136,270,1,"(558.0, 0.0)"
1770301027.147,270,1,"(558.0, 0.0)"
1770301027.157,270,1,"(558.0, 0.0)"
1770301027.167,270,1,"(558.0, 15.0)"
1770301027.178,270,1,"(558.0, 15.0)"
1770301027.188,270,1,"(558.0, 31.0)"
1770301027.198,270,1,"(558.0, 31.0)"
1770301027.208,270,1,"(558.0, 15.0)"
1770301027.22,270,1,"(558.0, 15.0)"
1770301027.232,270,1,"(558.0, 0.0)"
1770301027.242,270,1,"(558.0, 0.0)"
1770301027.253,270,1,"(558.0, 0.0)"
1770301027.264,270,1,"(558.0, 0.0)"
1770301027.275,270,1,"(558.0, 0.0)"
1770301027.287,270,1,"(558.0, 0.0)"
1770301027.297,270,1,"(558.0, 0.0)"
1770301027.307,270,1,"(558.0, 0.0)"
1770301027.318,270,1,"(558.0, 0.0)"
1770301027.328,270,1,"(558.0, 0.0)"
1770301027.339,270,1,"(558.0, 0.0)"
1770301027.349,270,1,"(558.0, 0.0)"
1770301027.361,270,1,"(558.0, 0.0)"
1770301027.371,270,1,"(558.0, 0.0)"
1770301027.381,270,1,"(558.0, 0.0)"
1770301027.392,270,1,"(558.0, 0.0)"
1770301027.402,270,1,"(558.0, 0.0)"
1770301027.412,270,1,"(558.0, 0.0)"
1770301027.424,270,1,"(558.0, 0.0)"
1770301027.434,270,1,"(558.0, 0.0)"
1770301027.446,270,1,"(558.0, 0.0)"
1770301027.457,270,1,"(558.0, 0.0)"
1770301027.467,270,1,"(558.0, 0.0)"
1770301027.479,270,1,"(558.0, 0.0)"
1770301027.49,270,1,"(558.0, 0.0)"
1770301027.501,270,1,"(558.0, 0.0)"
1770301027.515,270,1,"(558.0, 0.0)"
1770301027.525,270,1,"(558.0, 0.0)"
1770301030.163,270,2,"(558.0, 639.0)"
1770301030.175,270,2,"(558.0, 639.0)"
1770301030.185,270,2,"(558.0, 623.0)"
1770301030.195,270,2,"(372.0, 623.0)"
1770301030.205,270,2,"(651.0, 607.0)"
1770301030.216,270,2,"(744.0, 607.0)"
1770301030.229,270,2,"(558.0, 623.0)"
1770301030.239,270,2,"(558.0, 623.0)"
1770301030.25,270,2,"(558.0, 623.0)"
1770301030.26,270,2,"(558.0, 607.0)"
1770301030.271,270,2,"(558.0, 591.0)"
1770301030.282,270,2,"(651.0, 575.0)"
1770301030.292,270,2,"(651.0, 559.0)"
1770301030.303,270,2,"(558.0, 559.0)"
1770301030.314,270,2,"(651.0, 527.0)"
1770301030.325,270,2,"(558.0, 511.0)"
1770301030.336,270,2,"(651.0, 511.0)"
1770301030.347,270,2,"(651.0, 511.0)"
1770301030.357,270,2,"(558.0, 511.0)"
1770301030.367,270,2,"(558.0, 511.0)"
1770301030.38,270,2,"(558.0, 511.0)"
1770301030.39,270,2,"(558.0, 495.0)"
1770301030.4,270,2,"(372.0, 495.0)"
1770301030.415,270,2,"(558.0, 479.0)"
1770301030.426,270,2,"(558.0, 479.0)"
1770301030.437,270,2,"(465.0, 479.0)"
1770301030.448,270,2,"(558.0, 479.0)"
1770301030.459,270,2,"(465.0, 479.0)"
1770301030.47,270,2,"(558.0, 495.0)"
1770301030.481,270,2,"(744.0, 495.0)"
1770301030.491,270,2,"(744.0, 527.0)"
1770301030.501,270,2,"(558.0, 559.0)"
1770301030.512,270,2,"(558.0, 591.0)"
1770301030.522,270,2,"(558.0, 639.0)"
1770301030.533,270,2,"(372.0, 671.0)"
1770301030.544,270,2,"(465.0, 687.0)"
1770301030.555,270,2,"(837.0, 703.0)"
1770301030.566,270,2,"(558.0, 719.0)"
1770301030.578,270,2,"(465.0, 735.0)"
1770301030.588,270,2,"(372.0, 767.0)"
1770301030.6,270,2,"(465.0, 783.0)"
1770301030.612,270,2,"(558.0, 783.0)"
1770301030.623,270,2,"(372.0, 783.0)"
1770301030.634,270,2,"(465.0, 767.0)"
1770301030.645,270,2,"(651.0, 767.0)"
1770301030.655,270,2,"(651.0, 751.0)"
1770301030.666,270,2,"(651.0, 735.0)"
1770301030.678,270,2,"(558.0, 719.0)"
1770301030.689,270,2,"(651.0, 687.0)"
1770301030.699,270,2,"(558.0, 687.0)"
1770301030.709,270,2,"(558.0, 687.0)"
1770301030.72,270,2,"(465.0, 671.0)"
1770301030.73,270,2,"(558.0, 655.0)"
1770301030.741,270,2,"(465.0, 639.0)"
1770301030.752,270,2,"(465.0, 607.0)"
1770301030.764,270,2,"(651.0, 575.0)"
1770301030.775,270,2,"(558.0, 543.0)"
1770301030.785,270,2,"(558.0, 543.0)"
1770301030.797,270,2,"(558.0, 543.0)"
1770301030.808,270,2,"(558.0, 527.0)"
1770301030.818,270,2,"(558.0, 527.0)"
1770301030.83,270,2,"(651.0, 511.0)"
1770301030.84,270,2,"(651.0, 495.0)"
1770301030.851,270,2,"(465.0, 479.0)"
1770301030.863,270,2,"(558.0, 479.0)"
1770301030.873,270,2,"(558.0, 463.0)"
1770301030.884,270,2,"(558.0, 463.0)"
1770301030.895,270,2,"(558.0, 447.0)"
1770301030.905,270,2,"(558.0, 447.0)"
1770301030.917,270,2,"(558.0, 463.0)"
1770301030.927,270,2,"(372.0, 479.0)"
1770301030.938,270,2,"(558.0, 495.0)"
1770301030.948,270,2,"(558.0, 527.0)"
1770301030.959,270,2,"(558.0, 559.0)"
1770301030.97,270,2,"(744.0, 575.0)"
1770301030.981,270,2,"(744.0, 575.0)"
1770301030.992,270,2,"(558.0, 575.0)"
1770301031.002,270,2,"(465.0, 575.0)"
1770301031.012,270,2,"(558.0, 575.0)"
1770301031.023,270,2,"(465.0, 575.0)"
1770301031.034,270,2,"(558.0, 575.0)"
1770301031.044,270,2,"(558.0, 591.0)"
1770301031.055,270,2,"(558.0, 591.0)"
1770301031.065,270,2,"(465.0, 591.0)"
1770301031.078,270,2,"(651.0, 575.0)"
1770301031.089,270,2,"(465.0, 575.0)"
1770301031.1,270,2,"(465.0, 575.0)"
1770301031.111,270,2,"(558.0, 591.0)"
1770301031.122,270,2,"(558.0, 591.0)"
1770301031.132,270,2,"(465.0, 607.0)"
1770301031.144,270,2,"(651.0, 607.0)"
1770301031.154,270,2,"(558.0, 607.0)"
1770301031.165,270,2,"(651.0, 623.0)"
1770301031.177,270,2,"(744.0, 639.0)"
1770301031.187,270,2,"(558.0, 639.0)"
1770301031.198,270,2,"(651.0, 639.0)"
1770301031.21,270,2,"(465.0, 623.0)"
1770301031.222,270,2,"(558.0, 591.0)"
1770301031.232,270,2,"(465.0, 591.0)"
1770301031.244,270,2,"(558.0, 607.0)"
1770301031.255,270,2,"(372.0, 623.0)"
1770301031.265,270,2,"(744.0, 639.0)"
1770301031.276,270,2,"(651.0, 623.0)"
1770301031.287,270,2,"(558.0, 607.0)"
1770301031.298,270,2,"(465.0, 591.0)"
1770301031.308,270,2,"(558.0, 575.0)"
1770301031.319,270,2,"(558.0, 575.0)"
1770301031.329,270,2,"(372.0, 575.0)"
1770301031.34,270,2,"(558.0, 575.0)"
1770301031.351,270,2,"(558.0, 575.0)"
1770301031.361,270,2,"(558.0, 559.0)"
1770301031.371,270,2,"(558.0, 559.0)"
1770301031.382,270,2,"(558.0, 527.0)"
1770301031.394,270,2,"(558.0, 527.0)"
1770301031.405,270,2,"(558.0, 511.0)"
1770301031.415,270,2,"(744.0, 511.0)"
1770301031.427,270,2,"(558.0, 495.0)"
1770301031.437,270,2,"(465.0, 495.0)"
1770301031.448,270,2,"(465.0, 479.0)"
1770301031.459,270,2,"(558.0, 479.0)"
1770301031.47,270,2,"(558.0, 479.0)"
1770301031.481,270,2,"(465.0, 463.0)"
1770301031.494,270,2,"(465.0, 463.0)"
1770301031.505,270,2,"(558.0, 431.0)"
1770301031.515,270,2,"(558.0, 431.0)"
1770301031.525,270,2,"(558.0, 431.0)"
1770301031.536,270,2,"(558.0, 415.0)"
1770301031.546,270,2,"(558.0, 415.0)"
1770301031.558,270,2,"(558.0, 399.0)"
1770301031.569,270,2,"(558.0, 383.0)"
1770301031.58,270,2,"(558.0, 367.0)"
1770301031.592,270,2,"(651.0, 351.0)"
1770301031.602,270,2,"(651.0, 351.0)"
1770301031.612,270,2,"(465.0, 351.0)"
1770301031.622,270,2,"(465.0, 351.0)"
1770301031.632,270,2,"(558.0, 367.0)"
1770301031.643,270,2,"(465.0, 383.0)"
1770301031.653,270,2,"(558.0, 399.0)"
1770301031.664,270,2,"(558.0, 431.0)"
1770301031.676,270,2,"(558.0, 447.0)"
1770301031.687,270,2,"(372.0, 463.0)"
1770301031.697,270,2,"(465.0, 463.0)"
1770301031.708,270,2,"(558.0, 463.0)"
1770301031.719,270,2,"(651.0, 463.0)"
1770301031.729,270,2,"(744.0, 479.0)"
1770301031.74,270,2,"(372.0, 479.0)"
1770301031.75,270,2,"(372.0, 495.0)"
1770301031.762,270,2,"(465.0, 495.0)"
1770301031.773,270,2,"(465.0, 479.0)"
1770301031.783,270,2,"(558.0, 479.0)"
1770301031.793,270,2,"(558.0, 479.0)"
1770301031.804,270,2,"(558.0, 479.0)"
1770301031.815,270,2,"(558.0, 495.0)"
1770301031.825,270,2,"(558.0, 495.0)"
1770301031.836,270,2,"(558.0, 495.0)"
1770301031.849,270,2,"(558.0, 511.0)"
1770301031.859,270,2,"(558.0, 511.0)"
1770301031.87,270,2,"(558.0, 511.0)"
1770301031.881,270,2,"(558.0, 527.0)"
1770301031.892,270,2,"(372.0, 543.0)"
1770301031.903,270,2,"(558.0, 559.0)"
1770301031.914,270,2,"(465.0, 559.0)"
1770301031.924,270,2,"(558.0, 543.0)"
1770301031.935,270,2,"(465.0, 527.0)"
1770301031.946,270,2,"(465.0, 511.0)"
1770301031.956,270,2,"(372.0, 511.0)"
1770301031.966,270,2,"(465.0, 511.0)"
1770301031.977,270,2,"(651.0, 511.0)"
1770301031.988,270,2,"(558.0, 495.0)"
1770301031.999,270,2,"(558.0, 495.0)"
1770301032.009,270,2,"(372.0, 495.0)"
1770301032.019,270,2,"(651.0, 495.0)"
1770301032.03,270,2,"(558.0, 511.0)"
1770301032.042,270,2,"(558.0, 527.0)"
1770301032.052,270,2,"(558.0, 559.0)"
1770301032.063,270,2,"(837.0, 575.0)"
1770301032.074,270,2,"(744.0, 591.0)"
1770301032.084,270,2,"(558.0, 607.0)"
1770301032.095,270,2,"(558.0, 623.0)"
1770301032.105,270,2,"(372.0, 623.0)"
1770301032.117,270,2,"(186.0, 639.0)"
1770301032.127,270,2,"(465.0, 639.0)"
1770301032.138,270,2,"(558.0, 623.0)"
1770301032.149,270,2,"(372.0, 607.0)"
1770301032.16,270,2,"(279.0, 591.0)"
1770301032.171,270,2,"(651.0, 575.0)"
1770301032.183,270,2,"(558.0, 575.0)"
1770301032.194,270,2,"(465.0, 575.0)"
1770301032.204,270,2,"(558.0, 575.0)"
1770301032.215,270,2,"(558.0, 575.0)"
1770301032.226,270,2,"(465.0, 575.0)"
1770301032.237,270,2,"(558.0, 575.0)"
1770301032.248,270,2,"(465.0, 575.0)"
1770301032.259,270,2,"(372.0, 559.0)"
1770301032.27,270,2,"(744.0, 543.0)"
1770301032.28,270,2,"(744.0, 543.0)"
1770301032.292,270,2,"(744.0, 543.0)"
1770301032.303,270,2,"(558.0, 543.0)"
1770301032.313,270,2,"(837.0, 559.0)"
1770301032.324,270,2,"(651.0, 559.0)"
1770301032.336,270,2,"(465.0, 559.0)"
1770301032.346,270,2,"(558.0, 559.0)"
1770301032.357,270,2,"(558.0, 543.0)"
1770301032.368,270,2,"(558.0, 543.0)"
1770301032.378,270,2,"(465.0, 543.0)"
1770301032.388,270,2,"(558.0, 543.0)"
1770301032.401,270,2,"(465.0, 527.0)"
1770301032.412,270,2,"(558.0, 527.0)"
1770301032.422,270,2,"(558.0, 543.0)"
1770301032.433,270,2,"(558.0, 543.0)"
1770301032.443,270,2,"(558.0, 559.0)"
1770301032.454,270,2,"(372.0, 559.0)"
1770301032.466,270,2,"(465.0, 559.0)"
1770301032.477,270,2,"(558.0, 575.0)"
1770301032.487,270,2,"(558.0, 575.0)"
1770301032.498,270,2,"(651.0, 575.0)"
1770301032.508,270,2,"(558.0, 575.0)"
1770301032.519,270,2,"(558.0, 575.0)"
1770301032.53,270,2,"(558.0, 575.0)"
1770301032.54,270,2,"(744.0, 559.0)"
1770301032.552,270,2,"(837.0, 559.0)"
1770301032.562,270,2,"(651.0, 559.0)"
1770301032.574,270,2,"(744.0, 543.0)"
1770301032.584,270,2,"(558.0, 559.0)"
1770301032.594,270,2,"(651.0, 559.0)"
1770301032.605,270,2,"(372.0, 559.0)"
1770301032.615,270,2,"(558.0, 575.0)"
1770301032.626,270,2,"(372.0, 575.0)"
1770301032.637,270,2,"(465.0, 575.0)"
1770301032.647,270,2,"(558.0, 575.0)"
1770301032.657,270,2,"(651.0, 575.0)"
1770301032.669,270,2,"(744.0, 575.0)"
1770301032.68,270,2,"(558.0, 559.0)"
1770301032.691,270,2,"(465.0, 543.0)"
1770301032.703,270,2,"(465.0, 543.0)"
1770301032.713,270,2,"(558.0, 527.0)"
1770301032.725,270,2,"(651.0, 527.0)"
1770301032.736,270,2,"(465.0, 511.0)"
1770301032.747,270,2,"(372.0, 495.0)"
1770301032.758,270,2,"(372.0, 495.0)"
1770301032.769,270,2,"(465.0, 495.0)"
1770301032.779,270,2,"(465.0, 511.0)"
1770301032.789,270,2,"(558.0, 543.0)"
1770301032.802,270,2,"(558.0, 559.0)"
1770301032.812,270,2,"(558.0, 559.0)"
1770301032.824,270,2,"(558.0, 543.0)"
1770301032.834,270,2,"(558.0, 543.0)"
1770301032.844,270,2,"(465.0, 527.0)"
1770301032.854,270,2,"(558.0, 511.0)"
1770301032.865,270,2,"(558.0, 495.0)"
1770301032.876,270,2,"(744.0, 479.0)"
1770301032.886,270,2,"(651.0, 479.0)"
1770301032.896,270,2,"(558.0, 479.0)"
1770301032.907,270,2,"(558.0, 479.0)"
1770301032.917,270,2,"(465.0, 479.0)"
1770301032.927,270,2,"(558.0, 479.0)"
1770301032.938,270,2,"(558.0, 479.0)"
1770301032.953,270,2,"(558.0, 479.0)"
1770301032.963,270,2,"(558.0, 479.0)"
1770301032.975,270,2,"(558.0, 479.0)"
1770301032.985,270,2,"(558.0, 479.0)"
1770301032.995,270,2,"(558.0, 479.0)"
1770301033.006,270,2,"(558.0, 479.0)"
1770301033.017,270,2,"(558.0, 479.0)"
1770301033.028,270,2,"(465.0, 463.0)"
1770301033.039,270,2,"(372.0, 463.0)"
1770301033.049,270,2,"(465.0, 463.0)"
1770301033.06,270,2,"(651.0, 479.0)"
1770301033.07,270,2,"(651.0, 495.0)"
1770301033.081,270,2,"(558.0, 511.0)"
1770301033.092,270,2,"(558.0, 527.0)"
1770301033.105,270,2,"(558.0, 527.0)"
1770301033.115,270,2,"(372.0, 559.0)"
1770301033.127,270,2,"(372.0, 559.0)"
1770301033.137,270,2,"(372.0, 575.0)"
1770301033.148,270,2,"(465.0, 575.0)"
1770301033.159,270,2,"(558.0, 559.0)"
1770301043.442,270,3,"(558.0, 63.0)"
1770301043.453,270,3,"(558.0, 63.0)"
1770301043.464,270,3,"(558.0, 63.0)"
1770301043.474,270,3,"(558.0, 63.0)"
1770301043.485,270,3,"(558.0, 63.0)"
1770301043.496,270,3,"(558.0, 63.0)"
1770301043.507,270,3,"(558.0, 63.0)"
1770301043.518,270,3,"(558.0, 63.0)"
1770301043.529,270,3,"(558.0, 63.0)"
1770301043.539,270,3,"(558.0, 63.0)"
1770301043.549,270,3,"(558.0, 63.0)"
1770301043.56,270,3,"(558.0, 47.0)"
1770301043.571,270,3,"(558.0, 47.0)"
1770301043.581,270,3,"(558.0, 47.0)"
1770301043.592,270,3,"(558.0, 31.0)"
1770301043.603,270,3,"(558.0, 31.0)"
1770301043.615,270,3,"(558.0, 47.0)"
1770301043.626,270,3,"(558.0, 47.0)"
1770301043.637,270,3,"(558.0, 63.0)"
1770301043.647,270,3,"(558.0, 63.0)"
1770301043.658,270,3,"(558.0, 63.0)"
1770301043.669,270,3,"(558.0, 63.0)"
1770301043.679,270,3,"(558.0, 63.0)"
1770301043.692,270,3,"(558.0, 63.0)"
1770301043.702,270,3,"(558.0, 63.0)"
1770301043.713,270,3,"(558.0, 63.0)"
1770301043.725,270,3,"(558.0, 63.0)"
1770301043.735,270,3,"(558.0, 63.0)"
1770301043.745,270,3,"(558.0, 63.0)"
1770301043.756,270,3,"(558.0, 63.0)"
1770301043.766,270,3,"(558.0, 63.0)"
1770301043.776,270,3,"(558.0, 63.0)"
1770301043.787,270,3,"(558.0, 63.0)"
1770301043.799,270,3,"(558.0, 63.0)"
1770301043.809,270,3,"(558.0, 63.0)"
1770301043.82,270,3,"(558.0, 63.0)"
1770301043.832,270,3,"(558.0, 63.0)"
1770301043.842,270,3,"(558.0, 63.0)"
1770301043.854,270,3,"(558.0, 63.0)"
1770301043.865,270,3,"(558.0, 63.0)"
1770301043.875,270,3,"(558.0, 63.0)"
1770301043.887,270,3,"(558.0, 63.0)"
1770301043.898,270,3,"(558.0, 63.0)"
1770301043.908,270,3,"(558.0, 63.0)"
1770301043.92,270,3,"(558.0, 63.0)"
1770301043.931,270,3,"(558.0, 63.0)"
1770301043.941,270,3,"(558.0, 63.0)"
1770301043.953,270,3,"(558.0, 63.0)"
1770301043.964,270,3,"(558.0, 63.0)"
1770301043.975,270,3,"(558.0, 63.0)"
1770301043.987,270,3,"(558.0, 63.0)"
1770301043.998,270,3,"(558.0, 63.0)"
1770301044.009,270,3,"(558.0, 63.0)"
1770301044.021,270,3,"(558.0, 63.0)"
1770301044.032,270,3,"(558.0, 63.0)"
1770301044.043,270,3,"(558.0, 63.0)"
1770301044.055,270,3,"(558.0, 47.0)"
1770301044.066,270,3,"(558.0, 47.0)"
1770301044.077,270,3,"(558.0, 47.0)"
1770301044.088,270,3,"(558.0, 47.0)"
1770301044.099,270,3,"(558.0, 63.0)"
1770301044.109,270,3,"(558.0, 63.0)"
1770301044.12,270,3,"(558.0, 63.0)"
1770301044.131,270,3,"(558.0, 63.0)"
1770301044.143,270,3,"(558.0, 63.0)"
1770301044.153,270,3,"(558.0, 63.0)"
1770301044.163,270,3,"(558.0, 63.0)"
1770301044.174,270,3,"(558.0, 63.0)"
1770301044.185,270,3,"(558.0, 63.0)"
1770301044.196,270,3,"(558.0, 63.0)"
1770301044.207,270,3,"(558.0, 63.0)"
1770301044.217,270,3,"(558.0, 63.0)"
1770301044.227,270,3,"(558.0, 63.0)"
1770301044.239,270,3,"(558.0, 63.0)"
1770301044.25,270,3,"(558.0, 63.0)"
1770301044.261,270,3,"(558.0, 47.0)"
1770301044.273,270,3,"(558.0, 31.0)"
1770301044.284,270,3,"(558.0, 31.0)"
1770301044.294,270,3,"(558.0, 31.0)"
1770301044.305,270,3,"(558.0, 47.0)"
1770301044.315,270,3,"(558.0, 63.0)"
1770301044.326,270,3,"(558.0, 47.0)"
1770301044.336,270,3,"(558.0, 47.0)"
1770301044.347,270,3,"(558.0, 47.0)"
1770301044.357,270,3,"(558.0, 47.0)"
1770301044.368,270,3,"(558.0, 47.0)"
1770301044.379,270,3,"(558.0, 63.0)"
1770301044.39,270,3,"(558.0, 47.0)"
1770301044.4,270,3,"(558.0, 47.0)"
1770301044.411,270,3,"(558.0, 31.0)"
1770301044.422,270,3,"(558.0, 31.0)"
1770301044.433,270,3,"(558.0, 31.0)"
1770301044.444,270,3,"(558.0, 31.0)"
1770301044.455,270,3,"(558.0, 31.0)"
1770301044.466,270,3,"(558.0, 31.0)"
1770301044.476,270,3,"(558.0, 31.0)"
1770301044.487,270,3,"(558.0, 47.0)"
1770301044.498,270,3,"(558.0, 47.0)"
1770301044.509,270,3,"(558.0, 63.0)"
1770301044.52,270,3,"(558.0, 63.0)"
1770301044.53,270,3,"(558.0, 63.0)"
1770301044.541,270,3,"(558.0, 63.0)"
1770301044.551,270,3,"(558.0, 63.0)"
1770301044.561,270,3,"(558.0, 63.0)"
1770301044.572,270,3,"(558.0, 63.0)"
1770301044.583,270,3,"(558.0, 63.0)"
1770301044.593,270,3,"(558.0, 63.0)"
1770301044.603,270,3,"(558.0, 63.0)"
1770301044.615,270,3,"(558.0, 47.0)"
1770301044.625,270,3,"(558.0, 47.0)"
1770301044.636,270,3,"(558.0, 31.0)"
1770301044.647,270,3,"(558.0, 31.0)"
1770301044.657,270,3,"(558.0, 47.0)"
1770301044.668,270,3,"(558.0, 47.0)"
1770301044.679,270,3,"(558.0, 63.0)"
1770301044.69,270,3,"(558.0, 63.0)"
1770301044.7,270,3,"(558.0, 63.0)"
1770301044.711,270,3,"(558.0, 63.0)"
1770301044.722,270,3,"(558.0, 63.0)"
1770301044.732,270,3,"(558.0, 47.0)"
1770301044.743,270,3,"(558.0, 47.0)"
1770301044.753,270,3,"(558.0, 31.0)"
1770301044.763,270,3,"(558.0, 31.0)"
1770301044.773,270,3,"(558.0, 31.0)"
1770301044.784,270,3,"(558.0, 31.0)"
1770301044.796,270,3,"(558.0, 31.0)"
1770301044.806,270,3,"(558.0, 31.0)"
1770301044.817,270,3,"(558.0, 31.0)"
1770301044.827,270,3,"(558.0, 31.0)"
1770301044.838,270,3,"(558.0, 31.0)"
1770301044.848,270,3,"(558.0, 31.0)"
1770301044.859,270,3,"(558.0, 31.0)"
1770301044.869,270,3,"(558.0, 47.0)"
1770301044.88,270,3,"(558.0, 47.0)"
1770301044.892,270,3,"(558.0, 47.0)"
1770301044.903,270,3,"(558.0, 63.0)"
1770301044.914,270,3,"(558.0, 63.0)"
1770301044.925,270,3,"(558.0, 63.0)"
1770301044.935,270,3,"(558.0, 47.0)"
1770301044.946,270,3,"(558.0, 31.0)"
1770301044.956,270,3,"(558.0, 31.0)"
1770301044.967,270,3,"(558.0, 31.0)"
1770301044.977,270,3,"(558.0, 31.0)"
1770301044.988,270,3,"(558.0, 31.0)"
1770301044.998,270,3,"(558.0, 31.0)"
1770301045.008,270,3,"(558.0, 31.0)"
1770301045.019,270,3,"(558.0, 31.0)"
1770301045.03,270,3,"(558.0, 31.0)"
1770301045.041,270,3,"(558.0, 31.0)"
1770301045.053,270,3,"(558.0, 31.0)"
1770301045.064,270,3,"(558.0, 31.0)"
1770301045.075,270,3,"(558.0, 31.0)"
1770301045.086,270,3,"(558.0, 31.0)"
1770301045.097,270,3,"(558.0, 31.0)"
1770301045.108,270,3,"(558.0, 31.0)"
1770301045.119,270,3,"(558.0, 31.0)"
1770301045.129,270,3,"(558.0, 31.0)"
1770301045.14,270,3,"(558.0, 31.0)"
1770301045.152,270,3,"(558.0, 31.0)"
1770301045.163,270,3,"(558.0, 31.0)"
1770301045.174,270,3,"(558.0, 31.0)"
1770301045.184,270,3,"(558.0, 31.0)"
1770301045.194,270,3,"(558.0, 31.0)"
1770301045.205,270,3,"(558.0, 31.0)"
1770301045.216,270,3,"(558.0, 31.0)"
1770301045.227,270,3,"(558.0, 31.0)"
1770301045.238,270,3,"(558.0, 31.0)"
1770301045.249,270,3,"(558.0, 31.0)"
1770301045.261,270,3,"(558.0, 31.0)"
1770301045.271,270,3,"(558.0, 31.0)"
1770301045.282,270,3,"(558.0, 31.0)"
1770301045.292,270,3,"(558.0, 31.0)"
1770301045.303,270,3,"(558.0, 31.0)"
1770301045.313,270,3,"(558.0, 31.0)"
1770301045.324,270,3,"(558.0, 31.0)"
1770301045.335,270,3,"(558.0, 31.0)"
1770301045.346,270,3,"(558.0, 31.0)"
1770301045.357,270,3,"(558.0, 31.0)"
1770301045.368,270,3,"(558.0, 31.0)"
1770301045.378,270,3,"(558.0, 31.0)"
1770301045.39,270,3,"(558.0, 31.0)"
1770301045.401,270,3,"(558.0, 31.0)"
1770301045.412,270,3,"(558.0, 31.0)"
1770301045.423,270,3,"(558.0, 31.0)"
1770301045.433,270,3,"(558.0, 31.0)"
1770301045.444,270,3,"(558.0, 31.0)"
1770301045.456,270,3,"(558.0, 31.0)"
1770301045.467,270,3,"(558.0, 31.0)"
1770301045.477,270,3,"(558.0, 31.0)"
1770301045.489,270,3,"(558.0, 31.0)"
1770301045.499,270,3,"(558.0, 31.0)"
1770301045.509,270,3,"(558.0, 31.0)"
1770301045.519,270,3,"(558.0, 31.0)"
1770301045.529,270,3,"(558.0, 31.0)"
1770301045.54,270,3,"(558.0, 31.0)"
1770301045.551,270,3,"(558.0, 31.0)"
1770301045.561,270,3,"(558.0, 31.0)"
1770301045.571,270,3,"(558.0, 31.0)"
1770301045.582,270,3,"(558.0, 31.0)"
1770301045.593,270,3,"(558.0, 31.0)"
1770301045.603,270,3,"(558.0, 31.0)"
1770301045.613,270,3,"(558.0, 31.0)"
1770301045.624,270,3,"(558.0, 31.0)"
1770301045.634,270,3,"(558.0, 31.0)"
1770301045.646,270,3,"(558.0, 31.0)"
1770301045.656,270,3,"(558.0, 31.0)"
1770301045.667,270,3,"(558.0, 31.0)"
1770301045.678,270,3,"(558.0, 31.0)"
1770301045.689,270,3,"(558.0, 31.0)"
1770301045.699,270,3,"(558.0, 31.0)"
1770301045.709,270,3,"(558.0, 31.0)"
1770301045.721,270,3,"(558.0, 31.0)"
1770301045.731,270,3,"(558.0, 31.0)"
1770301045.742,270,3,"(558.0, 31.0)"
1770301045.752,270,3,"(558.0, 31.0)"
1770301045.762,270,3,"(558.0, 31.0)"
1770301045.772,270,3,"(558.0, 31.0)"
1770301045.783,270,3,"(558.0, 31.0)"
1770301045.794,270,3,"(558.0, 31.0)"
1770301045.805,270,3,"(558.0, 31.0)"
1770301045.815,270,3,"(558.0, 31.0)"
1770301045.825,270,3,"(558.0, 31.0)"
1770301045.838,270,3,"(558.0, 31.0)"
1770301045.85,270,3,"(558.0, 31.0)"
1770301045.86,270,3,"(558.0, 31.0)"
1770301045.871,270,3,"(558.0, 31.0)"
1770301045.882,270,3,"(558.0, 31.0)"
1770301045.893,270,3,"(558.0, 31.0)"
1770301045.903,270,3,"(558.0, 31.0)"
1770301045.914,270,3,"(558.0, 31.0)"
1770301045.924,270,3,"(558.0, 31.0)"
1770301045.935,270,3,"(558.0, 31.0)"
1770301045.946,270,3,"(558.0, 31.0)"
1770301045.957,270,3,"(558.0, 31.0)"
1770301045.967,270,3,"(558.0, 31.0)"
1770301045.978,270,3,"(558.0, 31.0)"
1770301045.988,270,3,"(558.0, 31.0)"
1770301045.999,270,3,"(558.0, 31.0)"
1770301046.009,270,3,"(558.0, 31.0)"
1770301046.019,270,3,"(558.0, 31.0)"
1770301046.029,270,3,"(558.0, 31.0)"
1770301046.04,270,3,"(558.0, 31.0)"
1770301046.051,270,3,"(558.0, 31.0)"
1770301046.061,270,3,"(558.0, 31.0)"
1770301046.072,270,3,"(558.0, 31.0)"
1770301046.082,270,3,"(558.0, 31.0)"
1770301046.092,270,3,"(558.0, 31.0)"
1770301046.103,270,3,"(558.0, 31.0)"
1770301046.113,270,3,"(558.0, 31.0)"
1770301046.123,270,3,"(558.0, 31.0)"
1770301046.133,270,3,"(558.0, 31.0)"
1770301046.144,270,3,"(558.0, 31.0)"
1770301046.154,270,3,"(558.0, 31.0)"
1770301046.164,270,3,"(558.0, 31.0)"
1770301046.176,270,3,"(558.0, 31.0)"
1770301046.187,270,3,"(558.0, 31.0)"
1770301046.198,270,3,"(558.0, 31.0)"
1770301046.208,270,3,"(558.0, 31.0)"
1770301046.219,270,3,"(558.0, 31.0)"
1770301046.23,270,3,"(558.0, 31.0)"
1770301046.241,270,3,"(558.0, 31.0)"
1770301046.252,270,3,"(558.0, 31.0)"
1770301046.263,270,3,"(558.0, 31.0)"
1770301046.273,270,3,"(558.0, 31.0)"
1770301046.286,270,3,"(558.0, 31.0)"
1770301046.297,270,3,"(558.0, 47.0)"
1770301046.307,270,3,"(558.0, 47.0)"
1770301046.317,270,3,"(558.0, 31.0)"
1770301046.328,270,3,"(558.0, 31.0)"
1770301046.338,270,3,"(558.0, 31.0)"
1770301046.348,270,3,"(558.0, 31.0)"
1770301046.359,270,3,"(558.0, 31.0)"
1770301046.37,270,3,"(558.0, 31.0)"
1770301046.38,270,3,"(558.0, 31.0)"
1770301046.39,270,3,"(558.0, 31.0)"
1770301046.4,270,3,"(558.0, 31.0)"
1770301046.411,270,3,"(558.0, 31.0)"
1770301046.421,270,3,"(558.0, 31.0)"
1770301046.432,270,3,"(558.0, 31.0)"
1770301046.442,270,3,"(558.0, 31.0)"
1770301050.585,270,4,"(558.0, 47.0)"
1770301050.595,270,4,"(558.0, 47.0)"
1770301050.606,270,4,"(558.0, 47.0)"
1770301050.616,270,4,"(558.0, 47.0)"
1770301050.627,270,4,"(558.0, 31.0)"
1770301050.637,270,4,"(558.0, 31.0)"
1770301050.647,270,4,"(558.0, 31.0)"
1770301050.657,270,4,"(558.0, 31.0)"
1770301050.668,270,4,"(558.0, 31.0)"
1770301050.678,270,4,"(558.0, 31.0)"
1770301050.689,270,4,"(558.0, 31.0)"
1770301050.702,270,4,"(558.0, 31.0)"
1770301050.713,270,4,"(558.0, 47.0)"
1770301050.723,270,4,"(558.0, 47.0)"
1770301050.734,270,4,"(558.0, 47.0)"
1770301050.744,270,4,"(558.0, 63.0)"
1770301050.755,270,4,"(558.0, 63.0)"
1770301050.765,270,4,"(558.0, 63.0)"
1770301050.776,270,4,"(558.0, 63.0)"
1770301050.787,270,4,"(558.0, 63.0)"
1770301050.798,270,4,"(558.0, 63.0)"
1770301050.809,270,4,"(558.0, 63.0)"
1770301050.82,270,4,"(558.0, 63.0)"
1770301050.83,270,4,"(558.0, 63.0)"
1770301050.841,270,4,"(558.0, 63.0)"
1770301050.851,270,4,"(558.0, 63.0)"
1770301050.862,270,4,"(558.0, 63.0)"
1770301050.872,270,4,"(558.0, 63.0)"
1770301050.883,270,4,"(558.0, 63.0)"
1770301050.895,270,4,"(558.0, 63.0)"
1770301050.905,270,4,"(558.0, 63.0)"
1770301050.916,270,4,"(558.0, 63.0)"
1770301050.926,270,4,"(558.0, 63.0)"
1770301050.937,270,4,"(558.0, 63.0)"
1770301050.948,270,4,"(558.0, 63.0)"
1770301050.958,270,4,"(558.0, 63.0)"
1770301050.971,270,4,"(558.0, 63.0)"
1770301050.982,270,4,"(558.0, 63.0)"
1770301050.994,270,4,"(558.0, 63.0)"
1770301051.005,270,4,"(558.0, 63.0)"
1770301051.016,270,4,"(558.0, 63.0)"
1770301051.026,270,4,"(558.0, 63.0)"
1770301051.04,270,4,"(558.0, 63.0)"
1770301051.05,270,4,"(558.0, 79.0)"
1770301051.06,270,4,"(558.0, 79.0)"
1770301051.072,270,4,"(558.0, 79.0)"
1770301051.082,270,4,"(558.0, 63.0)"
1770301051.092,270,4,"(558.0, 63.0)"
1770301051.104,270,4,"(558.0, 63.0)"
1770301051.114,270,4,"(558.0, 63.0)"
1770301051.126,270,4,"(558.0, 63.0)"
1770301051.137,270,4,"(558.0, 63.0)"
1770301051.149,270,4,"(558.0, 63.0)"
1770301051.159,270,4,"(558.0, 63.0)"
1770301051.17,270,4,"(558.0, 63.0)"
1770301051.181,270,4,"(558.0, 63.0)"
1770301051.192,270,4,"(558.0, 63.0)"
1770301051.203,270,4,"(558.0, 63.0)"
1770301051.213,270,4,"(558.0, 63.0)"
1770301051.224,270,4,"(558.0, 63.0)"
1770301051.234,270,4,"(558.0, 63.0)"
1770301051.245,270,4,"(558.0, 63.0)"
1770301051.255,270,4,"(558.0, 63.0)"
1770301051.266,270,4,"(558.0, 63.0)"
1770301051.276,270,4,"(558.0, 79.0)"
1770301051.288,270,4,"(558.0, 79.0)"
1770301051.299,270,4,"(558.0, 95.0)"
1770301051.31,270,4,"(558.0, 95.0)"
1770301051.32,270,4,"(558.0, 95.0)"
1770301051.332,270,4,"(558.0, 95.0)"
1770301051.342,270,4,"(558.0, 95.0)"
1770301051.355,270,4,"(558.0, 95.0)"
1770301051.366,270,4,"(558.0, 95.0)"
1770301051.376,270,4,"(558.0, 95.0)"
1770301051.388,270,4,"(558.0, 95.0)"
1770301051.398,270,4,"(558.0, 95.0)"
1770301051.409,270,4,"(558.0, 95.0)"
1770301051.419,270,4,"(558.0, 95.0)"
1770301051.43,270,4,"(558.0, 95.0)"
1770301051.441,270,4,"(558.0, 95.0)"
1770301051.452,270,4,"(558.0, 95.0)"
1770301051.462,270,4,"(558.0, 95.0)"
1770301051.474,270,4,"(558.0, 95.0)"
1770301051.484,270,4,"(558.0, 79.0)"
1770301051.494,270,4,"(558.0, 79.0)"
1770301051.507,270,4,"(558.0, 63.0)"
1770301051.518,270,4,"(558.0, 63.0)"
1770301051.528,270,4,"(558.0, 63.0)"
1770301051.538,270,4,"(558.0, 63.0)"
1770301051.549,270,4,"(558.0, 63.0)"
1770301051.559,270,4,"(558.0, 63.0)"
1770301051.57,270,4,"(558.0, 63.0)"
1770301051.581,270,4,"(558.0, 63.0)"
1770301051.591,270,4,"(558.0, 63.0)"
1770301051.602,270,4,"(558.0, 63.0)"
1770301051.612,270,4,"(558.0, 63.0)"
1770301051.622,270,4,"(558.0, 63.0)"
1770301051.632,270,4,"(558.0, 47.0)"
1770301051.643,270,4,"(558.0, 31.0)"
1770301051.654,270,4,"(558.0, 31.0)"
1770301051.664,270,4,"(558.0, 31.0)"
1770301051.675,270,4,"(558.0, 31.0)"
1770301051.687,270,4,"(558.0, 31.0)"
1770301051.697,270,4,"(558.0, 31.0)"
1770301051.708,270,4,"(558.0, 31.0)"
1770301051.719,270,4,"(558.0, 31.0)"
1770301051.73,270,4,"(558.0, 31.0)"
1770301051.741,270,4,"(558.0, 31.0)"
1770301051.753,270,4,"(558.0, 31.0)"
1770301051.764,270,4,"(558.0, 31.0)"
1770301051.774,270,4,"(558.0, 31.0)"
1770301051.786,270,4,"(558.0, 31.0)"
1770301051.797,270,4,"(558.0, 31.0)"
1770301051.808,270,4,"(558.0, 31.0)"
1770301051.82,270,4,"(558.0, 31.0)"
1770301051.83,270,4,"(558.0, 31.0)"
1770301051.842,270,4,"(558.0, 31.0)"
1770301051.852,270,4,"(558.0, 31.0)"
1770301051.863,270,4,"(558.0, 31.0)"
1770301051.874,270,4,"(558.0, 31.0)"
1770301051.886,270,4,"(558.0, 31.0)"
1770301051.896,270,4,"(558.0, 31.0)"
1770301051.906,270,4,"(558.0, 31.0)"
1770301051.918,270,4,"(558.0, 31.0)"
1770301051.929,270,4,"(558.0, 31.0)"
1770301051.94,270,4,"(558.0, 31.0)"
1770301051.95,270,4,"(558.0, 31.0)"
1770301051.961,270,4,"(558.0, 31.0)"
1770301051.971,270,4,"(558.0, 31.0)"
1770301051.983,270,4,"(558.0, 31.0)"
1770301051.994,270,4,"(558.0, 31.0)"
1770301052.005,270,4,"(558.0, 31.0)"
1770301052.016,270,4,"(558.0, 31.0)"
1770301052.026,270,4,"(558.0, 31.0)"
1770301052.037,270,4,"(558.0, 31.0)"
1770301052.05,270,4,"(558.0, 31.0)"
1770301052.06,270,4,"(558.0, 31.0)"
1770301052.07,270,4,"(558.0, 31.0)"
1770301052.082,270,4,"(558.0, 31.0)"
1770301052.092,270,4,"(558.0, 31.0)"
1770301052.102,270,4,"(558.0, 31.0)"
1770301052.113,270,4,"(558.0, 31.0)"
1770301052.124,270,4,"(558.0, 31.0)"
1770301052.136,270,4,"(558.0, 31.0)"
1770301052.147,270,4,"(558.0, 31.0)"
1770301052.157,270,4,"(558.0, 31.0)"
1770301052.171,270,4,"(558.0, 31.0)"
1770301052.182,270,4,"(558.0, 31.0)"
1770301052.192,270,4,"(558.0, 31.0)"
1770301052.202,270,4,"(558.0, 31.0)"
1770301052.213,270,4,"(558.0, 47.0)"
1770301052.223,270,4,"(558.0, 47.0)"
1770301052.235,270,4,"(558.0, 63.0)"
1770301052.246,270,4,"(558.0, 63.0)"
1770301052.256,270,4,"(558.0, 63.0)"
1770301052.268,270,4,"(558.0, 63.0)"
1770301052.279,270,4,"(558.0, 63.0)"
1770301052.29,270,4,"(558.0, 63.0)"
1770301052.3,270,4,"(558.0, 63.0)"
1770301052.31,270,4,"(558.0, 63.0)"
1770301052.32,270,4,"(558.0, 63.0)"
1770301052.331,270,4,"(558.0, 63.0)"
1770301052.342,270,4,"(558.0, 63.0)"
1770301052.354,270,4,"(558.0, 63.0)"
1770301052.365,270,4,"(558.0, 63.0)"
1770301052.375,270,4,"(558.0, 63.0)"
1770301052.385,270,4,"(558.0, 63.0)"
1770301052.396,270,4,"(558.0, 63.0)"
1770301052.407,270,4,"(558.0, 63.0)"
1770301052.418,270,4,"(558.0, 63.0)"
1770301052.428,270,4,"(558.0, 79.0)"
1770301052.439,270,4,"(558.0, 79.0)"
1770301052.449,270,4,"(558.0, 79.0)"
1770301052.46,270,4,"(558.0, 79.0)"
1770301052.472,270,4,"(558.0, 63.0)"
1770301052.482,270,4,"(558.0, 63.0)"
1770301052.494,270,4,"(558.0, 63.0)"
1770301052.504,270,4,"(558.0, 63.0)"
1770301052.514,270,4,"(558.0, 63.0)"
1770301052.525,270,4,"(558.0, 63.0)"
1770301052.537,270,4,"(558.0, 63.0)"
1770301052.547,270,4,"(558.0, 63.0)"
1770301052.558,270,4,"(558.0, 63.0)"
1770301052.569,270,4,"(558.0, 63.0)"
1770301052.58,270,4,"(558.0, 63.0)"
1770301052.591,270,4,"(558.0, 63.0)"
1770301052.603,270,4,"(558.0, 63.0)"
1770301052.614,270,4,"(558.0, 63.0)"
1770301052.625,270,4,"(558.0, 63.0)"
1770301052.636,270,4,"(558.0, 63.0)"
1770301052.646,270,4,"(558.0, 63.0)"
1770301052.656,270,4,"(558.0, 63.0)"
1770301052.666,270,4,"(558.0, 63.0)"
1770301052.677,270,4,"(558.0, 63.0)"
1770301052.689,270,4,"(558.0, 63.0)"
1770301052.7,270,4,"(558.0, 63.0)"
1770301052.711,270,4,"(558.0, 63.0)"
1770301052.722,270,4,"(558.0, 63.0)"
1770301052.733,270,4,"(558.0, 63.0)"
1770301052.743,270,4,"(558.0, 47.0)"
1770301052.753,270,4,"(558.0, 47.0)"
1770301052.764,270,4,"(558.0, 47.0)"
1770301052.774,270,4,"(558.0, 47.0)"
1770301052.787,270,4,"(558.0, 47.0)"
1770301052.798,270,4,"(558.0, 63.0)"
1770301052.808,270,4,"(558.0, 63.0)"
1770301052.82,270,4,"(558.0, 63.0)"
1770301052.831,270,4,"(558.0, 63.0)"
1770301052.842,270,4,"(558.0, 63.0)"
1770301052.854,270,4,"(558.0, 63.0)"
1770301052.864,270,4,"(558.0, 63.0)"
1770301052.875,270,4,"(558.0, 63.0)"
1770301052.886,270,4,"(558.0, 63.0)"
1770301052.897,270,4,"(558.0, 63.0)"
1770301052.908,270,4,"(558.0, 63.0)"
1770301052.922,270,4,"(558.0, 63.0)"
1770301052.933,270,4,"(558.0, 63.0)"
1770301052.943,270,4,"(558.0, 63.0)"
1770301052.954,270,4,"(558.0, 63.0)"
1770301052.965,270,4,"(558.0, 63.0)"
1770301052.975,270,4,"(558.0, 63.0)"
1770301052.986,270,4,"(558.0, 63.0)"
1770301052.999,270,4,"(558.0, 63.0)"
1770301053.009,270,4,"(558.0, 63.0)"
1770301053.021,270,4,"(558.0, 63.0)"
1770301053.032,270,4,"(558.0, 63.0)"
1770301053.042,270,4,"(558.0, 63.0)"
1770301053.054,270,4,"(558.0, 63.0)"
1770301053.065,270,4,"(558.0, 63.0)"
1770301053.075,270,4,"(558.0, 63.0)"
1770301053.089,270,4,"(558.0, 79.0)"
1770301053.099,270,4,"(558.0, 95.0)"
1770301053.11,270,4,"(558.0, 95.0)"
1770301053.12,270,4,"(558.0, 95.0)"
1770301053.131,270,4,"(558.0, 95.0)"
1770301053.142,270,4,"(558.0, 95.0)"
1770301053.152,270,4,"(558.0, 95.0)"
1770301053.162,270,4,"(558.0, 95.0)"
1770301053.173,270,4,"(558.0, 95.0)"
1770301053.184,270,4,"(558.0, 95.0)"
1770301053.194,270,4,"(558.0, 95.0)"
1770301053.206,270,4,"(558.0, 95.0)"
1770301053.217,270,4,"(558.0, 79.0)"
1770301053.228,270,4,"(558.0, 79.0)"
1770301053.238,270,4,"(558.0, 63.0)"
1770301053.249,270,4,"(558.0, 63.0)"
1770301053.26,270,4,"(558.0, 63.0)"
1770301053.271,270,4,"(558.0, 63.0)"
1770301053.282,270,4,"(558.0, 63.0)"
1770301053.292,270,4,"(558.0, 63.0)"
1770301053.304,270,4,"(558.0, 63.0)"
1770301053.314,270,4,"(558.0, 63.0)"
1770301053.325,270,4,"(558.0, 63.0)"
1770301053.337,270,4,"(558.0, 63.0)"
1770301053.348,270,4,"(558.0, 63.0)"
1770301053.358,270,4,"(558.0, 63.0)"
1770301053.368,270,4,"(558.0, 63.0)"
1770301053.379,270,4,"(558.0, 63.0)"
1770301053.39,270,4,"(558.0, 63.0)"
1770301053.405,270,4,"(558.0, 63.0)"
1770301053.416,270,4,"(558.0, 63.0)"
1770301053.426,270,4,"(558.0, 63.0)"
1770301053.438,270,4,"(558.0, 63.0)"
1770301053.448,270,4,"(558.0, 63.0)"
1770301053.459,270,4,"(558.0, 63.0)"
1770301053.47,270,4,"(558.0, 63.0)"
1770301053.481,270,4,"(558.0, 63.0)"
1770301053.492,270,4,"(558.0, 63.0)"
1770301053.502,270,4,"(558.0, 63.0)"
1770301053.512,270,4,"(558.0, 63.0)"
1770301053.524,270,4,"(558.0, 63.0)"
1770301053.535,270,4,"(558.0, 63.0)"
1770301053.546,270,4,"(558.0, 63.0)"
1770301053.556,270,4,"(558.0, 63.0)"
1770301053.567,270,4,"(558.0, 63.0)"
1770301053.578,270,4,"(558.0, 63.0)"
1770301074.575,270,1,"(558.0, 0.0)"
1770301074.586,270,1,"(558.0, 0.0)"
1770301074.597,270,1,"(558.0, 0.0)"
1770301074.608,270,1,"(558.0, 0.0)"
1770301074.618,270,1,"(558.0, 0.0)"
1770301074.629,270,1,"(558.0, 0.0)"
1770301074.639,270,1,"(558.0, 0.0)"
1770301074.65,270,1,"(558.0, 0.0)"
1770301074.66,270,1,"(558.0, 0.0)"
1770301074.671,270,1,"(558.0, 0.0)"
1770301074.681,270,1,"(558.0, 0.0)"
1770301074.694,270,1,"(558.0, 0.0)"
1770301074.706,270,1,"(558.0, 0.0)"
1770301074.716,270,1,"(558.0, 0.0)"
1770301074.726,270,1,"(558.0, 0.0)"
1770301074.736,270,1,"(558.0, 0.0)"
1770301074.746,270,1,"(558.0, 0.0)"
1770301074.757,270,1,"(558.0, 0.0)"
1770301074.767,270,1,"(558.0, 0.0)"
1770301074.777,270,1,"(558.0, 0.0)"
1770301074.788,270,1,"(558.0, 0.0)"
1770301074.799,270,1,"(558.0, 0.0)"
1770301074.81,270,1,"(558.0, 0.0)"
1770301074.821,270,1,"(558.0, 0.0)"
1770301074.832,270,1,"(558.0, 0.0)"
1770301074.843,270,1,"(558.0, 0.0)"
1770301074.854,270,1,"(558.0, 0.0)"
1770301074.864,270,1,"(558.0, 0.0)"
1770301074.875,270,1,"(558.0, 0.0)"
1770301074.885,270,1,"(558.0, 0.0)"
1770301074.897,270,1,"(558.0, 0.0)"
1770301074.91,270,1,"(558.0, 0.0)"
1770301074.92,270,1,"(558.0, 0.0)"
1770301074.93,270,1,"(558.0, 0.0)"
1770301074.942,270,1,"(558.0, 0.0)"
1770301074.952,270,1,"(558.0, 0.0)"
1770301074.962,270,1,"(558.0, 0.0)"
1770301074.973,270,1,"(558.0, 0.0)"
1770301074.983,270,1,"(558.0, 0.0)"
1770301074.993,270,1,"(558.0, 0.0)"
1770301075.005,270,1,"(558.0, 0.0)"
1770301075.015,270,1,"(558.0, 0.0)"
1770301075.026,270,1,"(558.0, 0.0)"
1770301075.037,270,1,"(558.0, 0.0)"
1770301075.048,270,1,"(558.0, 0.0)"
1770301075.059,270,1,"(558.0, 0.0)"
1770301075.069,270,1,"(558.0, 0.0)"
1770301075.079,270,1,"(558.0, 0.0)"
1770301075.09,270,1,"(558.0, 0.0)"
1770301075.101,270,1,"(558.0, 0.0)"
1770301075.112,270,1,"(558.0, 0.0)"
1770301075.123,270,1,"(558.0, 0.0)"
1770301075.134,270,1,"(558.0, 0.0)"
1770301075.146,270,1,"(558.0, 0.0)"
1770301075.156,270,1,"(558.0, 0.0)"
1770301075.167,270,1,"(558.0, 0.0)"
1770301075.178,270,1,"(558.0, 0.0)"
1770301075.188,270,1,"(558.0, 0.0)"
1770301075.199,270,1,"(558.0, 0.0)"
1770301075.209,270,1,"(558.0, 0.0)"
1770301075.219,270,1,"(558.0, 0.0)"
1770301075.23,270,1,"(558.0, 0.0)"
1770301075.24,270,1,"(558.0, 0.0)"
1770301075.25,270,1,"(558.0, 0.0)"
1770301075.26,270,1,"(558.0, 0.0)"
1770301075.27,270,1,"(558.0, 0.0)"
1770301075.282,270,1,"(558.0, 0.0)"
1770301075.293,270,1,"(558.0, 0.0)"
1770301075.304,270,1,"(558.0, 0.0)"
1770301075.317,270,1,"(558.0, 0.0)"
1770301075.328,270,1,"(558.0, 0.0)"
1770301075.339,270,1,"(558.0, 0.0)"
1770301075.351,270,1,"(558.0, 0.0)"
1770301075.361,270,1,"(558.0, 0.0)"
1770301075.372,270,1,"(558.0, 0.0)"
1770301075.384,270,1,"(558.0, 0.0)"
1770301075.395,270,1,"(558.0, 0.0)"
1770301075.405,270,1,"(558.0, 0.0)"
1770301075.415,270,1,"(558.0, 0.0)"
1770301075.426,270,1,"(558.0, 0.0)"
1770301075.437,270,1,"(558.0, 0.0)"
1770301075.448,270,1,"(558.0, 0.0)"
1770301075.458,270,1,"(558.0, 0.0)"
1770301075.469,270,1,"(558.0, 0.0)"
1770301075.48,270,1,"(558.0, 0.0)"
1770301075.491,270,1,"(558.0, 0.0)"
1770301075.502,270,1,"(558.0, 0.0)"
1770301075.513,270,1,"(558.0, 0.0)"
1770301075.524,270,1,"(558.0, 0.0)"
1770301075.535,270,1,"(558.0, 0.0)"
1770301075.546,270,1,"(558.0, 0.0)"
1770301075.556,270,1,"(558.0, 0.0)"
1770301075.568,270,1,"(558.0, 0.0)"
1770301075.578,270,1,"(558.0, 0.0)"
1770301075.589,270,1,"(558.0, 0.0)"
1770301075.599,270,1,"(558.0, 0.0)"
1770301075.61,270,1,"(558.0, 0.0)"
1770301075.62,270,1,"(558.0, 0.0)"
1770301075.63,270,1,"(558.0, 0.0)"
1770301075.641,270,1,"(558.0, 0.0)"
1770301075.651,270,1,"(558.0, 0.0)"
1770301075.662,270,1,"(558.0, 0.0)"
1770301075.673,270,1,"(558.0, 0.0)"
1770301075.684,270,1,"(558.0, 0.0)"
1770301075.695,270,1,"(558.0, 0.0)"
1770301075.705,270,1,"(558.0, 0.0)"
1770301075.715,270,1,"(558.0, 0.0)"
1770301075.725,270,1,"(558.0, 0.0)"
1770301075.736,270,1,"(558.0, 0.0)"
1770301075.746,270,1,"(558.0, 0.0)"
1770301075.758,270,1,"(558.0, 0.0)"
1770301075.768,270,1,"(558.0, 0.0)"
1770301075.779,270,1,"(558.0, 0.0)"
1770301075.789,270,1,"(558.0, 0.0)"
1770301075.803,270,1,"(558.0, 0.0)"
1770301075.813,270,1,"(558.0, 0.0)"
1770301075.824,270,1,"(558.0, 0.0)"
1770301075.836,270,1,"(558.0, 0.0)"
1770301075.847,270,1,"(558.0, 0.0)"
1770301075.857,270,1,"(558.0, 0.0)"
1770301075.867,270,1,"(558.0, 0.0)"
1770301075.878,270,1,"(558.0, 0.0)"
1770301075.888,270,1,"(558.0, 0.0)"
1770301075.9,270,1,"(558.0, 0.0)"
1770301075.91,270,1,"(558.0, 0.0)"
1770301075.921,270,1,"(558.0, 0.0)"
1770301075.932,270,1,"(558.0, 0.0)"
1770301075.943,270,1,"(558.0, 0.0)"
1770301075.953,270,1,"(558.0, 0.0)"
1770301075.964,270,1,"(558.0, 0.0)"
1770301075.976,270,1,"(558.0, 0.0)"
1770301075.987,270,1,"(558.0, 0.0)"
1770301075.997,270,1,"(558.0, 0.0)"
1770301076.008,270,1,"(558.0, 0.0)"
1770301076.018,270,1,"(558.0, 0.0)"
1770301076.028,270,1,"(558.0, 0.0)"
1770301076.039,270,1,"(558.0, 0.0)"
1770301076.049,270,1,"(558.0, 0.0)"
1770301076.06,270,1,"(558.0, 0.0)"
1770301076.071,270,1,"(558.0, 0.0)"
1770301076.082,270,1,"(558.0, 0.0)"
1770301076.095,270,1,"(558.0, 0.0)"
1770301076.105,270,1,"(558.0, 0.0)"
1770301076.117,270,1,"(558.0, 0.0)"
1770301076.127,270,1,"(558.0, 0.0)"
1770301076.138,270,1,"(558.0, 0.0)"
1770301076.148,270,1,"(558.0, 0.0)"
1770301076.158,270,1,"(558.0, 0.0)"
1770301076.169,270,1,"(558.0, 0.0)"
1770301076.182,270,1,"(558.0, 0.0)"
1770301076.193,270,1,"(558.0, 0.0)"
1770301076.204,270,1,"(558.0, 0.0)"
1770301076.215,270,1,"(558.0, 0.0)"
1770301076.225,270,1,"(558.0, 0.0)"
1770301076.236,270,1,"(558.0, 0.0)"
1770301076.247,270,1,"(558.0, 0.0)"
1770301076.257,270,1,"(558.0, 0.0)"
1770301076.268,270,1,"(558.0, 0.0)"
1770301076.28,270,1,"(558.0, 0.0)"
1770301076.291,270,1,"(558.0, 0.0)"
1770301076.302,270,1,"(558.0, 0.0)"
1770301076.312,270,1,"(558.0, 0.0)"
1770301076.323,270,1,"(558.0, 0.0)"
1770301076.333,270,1,"(558.0, 0.0)"
1770301076.345,270,1,"(558.0, 0.0)"
1770301076.355,270,1,"(558.0, 0.0)"
1770301076.365,270,1,"(558.0, 0.0)"
1770301076.376,270,1,"(558.0, 0.0)"
1770301076.387,270,1,"(558.0, 0.0)"
1770301076.398,270,1,"(558.0, 0.0)"
1770301076.408,270,1,"(558.0, 0.0)"
1770301076.419,270,1,"(558.0, 0.0)"
1770301076.43,270,1,"(558.0, 0.0)"
1770301076.44,270,1,"(558.0, 0.0)"
1770301076.451,270,1,"(558.0, 0.0)"
1770301076.461,270,1,"(558.0, 0.0)"
1770301076.472,270,1,"(558.0, 0.0)"
1770301076.483,270,1,"(558.0, 0.0)"
1770301076.493,270,1,"(558.0, 0.0)"
1770301076.504,270,1,"(558.0, 0.0)"
1770301076.515,270,1,"(558.0, 0.0)"
1770301076.528,270,1,"(558.0, 0.0)"
1770301076.538,270,1,"(558.0, 0.0)"
1770301076.548,270,1,"(558.0, 0.0)"
1770301076.559,270,1,"(558.0, 0.0)"
1770301076.571,270,1,"(558.0, 0.0)"
1770301076.581,270,1,"(558.0, 0.0)"
1770301076.592,270,1,"(558.0, 0.0)"
1770301076.602,270,1,"(558.0, 0.0)"
1770301076.613,270,1,"(558.0, 0.0)"
1770301076.626,270,1,"(558.0, 0.0)"
1770301076.636,270,1,"(558.0, 0.0)"
1770301076.646,270,1,"(558.0, 0.0)"
1770301076.658,270,1,"(558.0, 0.0)"
1770301076.668,270,1,"(558.0, 0.0)"
1770301076.679,270,1,"(558.0, 0.0)"
1770301076.692,270,1,"(558.0, 0.0)"
1770301076.703,270,1,"(558.0, 0.0)"
1770301076.714,270,1,"(558.0, 0.0)"
1770301076.725,270,1,"(558.0, 0.0)"
1770301076.737,270,1,"(558.0, 0.0)"
1770301076.747,270,1,"(558.0, 0.0)"
1770301076.758,270,1,"(558.0, 0.0)"
1770301076.769,270,1,"(558.0, 0.0)"
1770301076.78,270,1,"(558.0, 0.0)"
1770301076.79,270,1,"(558.0, 0.0)"
1770301076.801,270,1,"(558.0, 0.0)"
1770301076.812,270,1,"(558.0, 0.0)"
1770301076.822,270,1,"(558.0, 0.0)"
1770301076.832,270,1,"(558.0, 0.0)"
1770301076.843,270,1,"(558.0, 0.0)"
1770301076.854,270,1,"(558.0, 0.0)"
1770301076.865,270,1,"(558.0, 0.0)"
1770301076.876,270,1,"(558.0, 0.0)"
1770301076.886,270,1,"(558.0, 0.0)"
1770301076.896,270,1,"(558.0, 0.0)"
1770301076.907,270,1,"(558.0, 0.0)"
1770301076.919,270,1,"(558.0, 0.0)"
1770301076.929,270,1,"(558.0, 0.0)"
1770301076.941,270,1,"(558.0, 0.0)"
1770301076.951,270,1,"(558.0, 0.0)"
1770301076.962,270,1,"(558.0, 0.0)"
1770301076.974,270,1,"(558.0, 0.0)"
1770301076.985,270,1,"(558.0, 0.0)"
1770301076.996,270,1,"(558.0, 0.0)"
1770301077.008,270,1,"(558.0, 0.0)"
1770301077.018,270,1,"(558.0, 0.0)"
1770301077.029,270,1,"(558.0, 0.0)"
1770301077.04,270,1,"(558.0, 0.0)"
1770301077.051,270,1,"(558.0, 0.0)"
1770301077.062,270,1,"(558.0, 0.0)"
1770301077.073,270,1,"(558.0, 0.0)"
1770301077.083,270,1,"(558.0, 0.0)"
1770301077.093,270,1,"(558.0, 0.0)"
1770301077.104,270,1,"(558.0, 0.0)"
1770301077.115,270,1,"(558.0, 0.0)"
1770301077.126,270,1,"(558.0, 0.0)"
1770301077.136,270,1,"(558.0, 0.0)"
1770301077.146,270,1,"(558.0, 0.0)"
1770301077.158,270,1,"(558.0, 0.0)"
1770301077.169,270,1,"(558.0, 0.0)"
1770301077.18,270,1,"(558.0, 0.0)"
1770301077.19,270,1,"(558.0, 0.0)"
1770301077.201,270,1,"(558.0, 0.0)"
1770301077.212,270,1,"(558.0, 0.0)"
1770301077.223,270,1,"(558.0, 0.0)"
1770301077.233,270,1,"(558.0, 0.0)"
1770301077.244,270,1,"(558.0, 0.0)"
1770301077.255,270,1,"(558.0, 0.0)"
1770301077.266,270,1,"(558.0, 0.0)"
1770301077.278,270,1,"(558.0, 0.0)"
1770301077.288,270,1,"(558.0, 0.0)"
1770301077.299,270,1,"(558.0, 0.0)"
1770301077.311,270,1,"(558.0, 0.0)"
1770301077.322,270,1,"(558.0, 0.0)"
1770301077.332,270,1,"(558.0, 0.0)"
1770301077.343,270,1,"(558.0, 0.0)"
1770301077.354,270,1,"(558.0, 0.0)"
1770301077.364,270,1,"(558.0, 0.0)"
1770301077.377,270,1,"(558.0, 0.0)"
1770301077.388,270,1,"(558.0, 0.0)"
1770301077.399,270,1,"(558.0, 0.0)"
1770301077.41,270,1,"(558.0, 0.0)"
1770301077.42,270,1,"(558.0, 0.0)"
1770301077.431,270,1,"(558.0, 0.0)"
1770301077.442,270,1,"(558.0, 0.0)"
1770301077.452,270,1,"(558.0, 0.0)"
1770301077.462,270,1,"(558.0, 0.0)"
1770301077.473,270,1,"(558.0, 0.0)"
1770301077.483,270,1,"(558.0, 0.0)"
1770301077.493,270,1,"(558.0, 0.0)"
1770301077.506,270,1,"(558.0, 0.0)"
1770301077.517,270,1,"(558.0, 0.0)"
1770301077.528,270,1,"(558.0, 0.0)"
1770301077.54,270,1,"(558.0, 0.0)"
1770301077.55,270,1,"(558.0, 0.0)"
1770301077.56,270,1,"(558.0, 0.0)"
1770301077.573,270,1,"(558.0, 0.0)"
1770301077.584,270,1,"(558.0, 0.0)"
1770301080.554,270,2,"(558.0, 479.0)"
1770301080.565,270,2,"(465.0, 479.0)"
1770301080.576,270,2,"(558.0, 479.0)"
1770301080.586,270,2,"(372.0, 479.0)"
1770301080.596,270,2,"(558.0, 479.0)"
1770301080.607,270,2,"(558.0, 479.0)"
1770301080.617,270,2,"(558.0, 495.0)"
1770301080.628,270,2,"(558.0, 495.0)"
1770301080.638,270,2,"(465.0, 495.0)"
1770301080.648,270,2,"(651.0, 479.0)"
1770301080.659,270,2,"(558.0, 463.0)"
1770301080.669,270,2,"(558.0, 463.0)"
1770301080.68,270,2,"(558.0, 447.0)"
1770301080.691,270,2,"(744.0, 431.0)"
1770301080.701,270,2,"(558.0, 415.0)"
1770301080.712,270,2,"(558.0, 415.0)"
1770301080.725,270,2,"(465.0, 415.0)"
1770301080.735,270,2,"(372.0, 415.0)"
1770301080.745,270,2,"(558.0, 415.0)"
1770301080.757,270,2,"(558.0, 431.0)"
1770301080.768,270,2,"(465.0, 431.0)"
1770301080.779,270,2,"(465.0, 447.0)"
1770301080.789,270,2,"(558.0, 447.0)"
1770301080.799,270,2,"(558.0, 431.0)"
1770301080.81,270,2,"(651.0, 415.0)"
1770301080.821,270,2,"(465.0, 415.0)"
1770301080.831,270,2,"(558.0, 415.0)"
1770301080.842,270,2,"(465.0, 431.0)"
1770301080.853,270,2,"(372.0, 431.0)"
1770301080.863,270,2,"(372.0, 431.0)"
1770301080.873,270,2,"(558.0, 415.0)"
1770301080.883,270,2,"(558.0, 415.0)"
1770301080.894,270,2,"(465.0, 415.0)"
1770301080.904,270,2,"(558.0, 415.0)"
1770301080.915,270,2,"(651.0, 415.0)"
1770301080.926,270,2,"(744.0, 431.0)"
1770301080.936,270,2,"(651.0, 447.0)"
1770301080.947,270,2,"(651.0, 479.0)"
1770301080.957,270,2,"(744.0, 495.0)"
1770301080.968,270,2,"(558.0, 511.0)"
1770301080.978,270,2,"(558.0, 511.0)"
1770301080.989,270,2,"(558.0, 495.0)"
1770301080.999,270,2,"(558.0, 495.0)"
1770301081.012,270,2,"(558.0, 479.0)"
1770301081.023,270,2,"(651.0, 479.0)"
1770301081.033,270,2,"(651.0, 479.0)"
1770301081.045,270,2,"(465.0, 479.0)"
1770301081.056,270,2,"(558.0, 495.0)"
1770301081.067,270,2,"(744.0, 511.0)"
1770301081.078,270,2,"(372.0, 495.0)"
1770301081.089,270,2,"(651.0, 495.0)"
1770301081.099,270,2,"(651.0, 495.0)"
1770301081.112,270,2,"(744.0, 511.0)"
1770301081.122,270,2,"(651.0, 511.0)"
1770301081.132,270,2,"(558.0, 527.0)"
1770301081.144,270,2,"(558.0, 527.0)"
1770301081.155,270,2,"(558.0, 543.0)"
1770301081.165,270,2,"(558.0, 543.0)"
1770301081.177,270,2,"(558.0, 543.0)"
1770301081.189,270,2,"(558.0, 543.0)"
1770301081.2,270,2,"(558.0, 527.0)"
1770301081.21,270,2,"(558.0, 527.0)"
1770301081.22,270,2,"(372.0, 527.0)"
1770301081.232,270,2,"(465.0, 543.0)"
1770301081.243,270,2,"(558.0, 543.0)"
1770301081.254,270,2,"(651.0, 559.0)"
1770301081.264,270,2,"(558.0, 559.0)"
1770301081.274,270,2,"(372.0, 575.0)"
1770301081.286,270,2,"(558.0, 575.0)"
1770301081.299,270,2,"(558.0, 559.0)"
1770301081.309,270,2,"(465.0, 559.0)"
1770301081.319,270,2,"(372.0, 575.0)"
1770301081.332,270,2,"(558.0, 575.0)"
1770301081.342,270,2,"(558.0, 591.0)"
1770301081.353,270,2,"(558.0, 591.0)"
1770301081.364,270,2,"(465.0, 591.0)"
1770301081.375,270,2,"(465.0, 575.0)"
1770301081.385,270,2,"(558.0, 575.0)"
1770301081.398,270,2,"(558.0, 575.0)"
1770301081.409,270,2,"(558.0, 591.0)"
1770301081.419,270,2,"(651.0, 591.0)"
1770301081.432,270,2,"(744.0, 575.0)"
1770301081.443,270,2,"(558.0, 575.0)"
1770301081.453,270,2,"(558.0, 559.0)"
1770301081.463,270,2,"(744.0, 559.0)"
1770301081.475,270,2,"(651.0, 559.0)"
1770301081.485,270,2,"(558.0, 559.0)"
1770301081.496,270,2,"(558.0, 559.0)"
1770301081.506,270,2,"(651.0, 543.0)"
1770301081.517,270,2,"(558.0, 543.0)"
1770301081.527,270,2,"(558.0, 543.0)"
1770301081.537,270,2,"(558.0, 543.0)"
1770301081.548,270,2,"(558.0, 543.0)"
1770301081.558,270,2,"(558.0, 543.0)"
1770301081.568,270,2,"(558.0, 543.0)"
1770301081.579,270,2,"(558.0, 527.0)"
1770301081.589,270,2,"(372.0, 511.0)"
1770301081.602,270,2,"(372.0, 511.0)"
1770301081.613,270,2,"(558.0, 527.0)"
1770301081.624,270,2,"(558.0, 559.0)"
1770301081.637,270,2,"(372.0, 575.0)"
1770301081.647,270,2,"(186.0, 575.0)"
1770301081.658,270,2,"(279.0, 575.0)"
1770301081.668,270,2,"(837.0, 591.0)"
1770301081.679,270,2,"(744.0, 591.0)"
1770301081.689,270,2,"(744.0, 607.0)"
1770301081.703,270,2,"(744.0, 623.0)"
1770301081.714,270,2,"(558.0, 623.0)"
1770301081.724,270,2,"(558.0, 623.0)"
1770301081.735,270,2,"(558.0, 623.0)"
1770301081.746,270,2,"(651.0, 623.0)"
1770301081.758,270,2,"(558.0, 639.0)"
1770301081.768,270,2,"(558.0, 623.0)"
1770301081.779,270,2,"(558.0, 607.0)"
1770301081.789,270,2,"(651.0, 607.0)"
1770301081.8,270,2,"(558.0, 607.0)"
1770301081.813,270,2,"(558.0, 623.0)"
1770301081.823,270,2,"(558.0, 655.0)"
1770301081.835,270,2,"(558.0, 655.0)"
1770301081.845,270,2,"(651.0, 671.0)"
1770301081.857,270,2,"(558.0, 655.0)"
1770301081.868,270,2,"(465.0, 655.0)"
1770301081.878,270,2,"(465.0, 639.0)"
1770301081.888,270,2,"(558.0, 623.0)"
1770301081.898,270,2,"(465.0, 607.0)"
1770301081.909,270,2,"(465.0, 607.0)"
1770301081.919,270,2,"(558.0, 591.0)"
1770301081.93,270,2,"(558.0, 591.0)"
1770301081.94,270,2,"(558.0, 559.0)"
1770301081.95,270,2,"(651.0, 543.0)"
1770301081.961,270,2,"(558.0, 527.0)"
1770301081.972,270,2,"(744.0, 527.0)"
1770301081.983,270,2,"(744.0, 511.0)"
1770301081.994,270,2,"(651.0, 511.0)"
1770301082.004,270,2,"(465.0, 511.0)"
1770301082.014,270,2,"(558.0, 527.0)"
1770301082.024,270,2,"(558.0, 543.0)"
1770301082.035,270,2,"(558.0, 559.0)"
1770301082.046,270,2,"(558.0, 559.0)"
1770301082.056,270,2,"(558.0, 575.0)"
1770301082.067,270,2,"(651.0, 575.0)"
1770301082.078,270,2,"(465.0, 559.0)"
1770301082.088,270,2,"(465.0, 543.0)"
1770301082.099,270,2,"(558.0, 527.0)"
1770301082.11,270,2,"(558.0, 527.0)"
1770301082.12,270,2,"(558.0, 527.0)"
1770301082.131,270,2,"(465.0, 527.0)"
1770301082.143,270,2,"(279.0, 511.0)"
1770301082.153,270,2,"(279.0, 511.0)"
1770301082.166,270,2,"(465.0, 527.0)"
1770301082.177,270,2,"(465.0, 543.0)"
1770301082.187,270,2,"(558.0, 559.0)"
1770301082.197,270,2,"(279.0, 559.0)"
1770301082.208,270,2,"(465.0, 575.0)"
1770301082.218,270,2,"(465.0, 575.0)"
1770301082.229,270,2,"(465.0, 575.0)"
1770301082.24,270,2,"(465.0, 575.0)"
1770301082.25,270,2,"(558.0, 575.0)"
1770301082.261,270,2,"(465.0, 543.0)"
1770301082.272,270,2,"(465.0, 543.0)"
1770301082.283,270,2,"(558.0, 559.0)"
1770301082.293,270,2,"(465.0, 559.0)"
1770301082.304,270,2,"(651.0, 559.0)"
1770301082.314,270,2,"(558.0, 543.0)"
1770301082.326,270,2,"(558.0, 543.0)"
1770301082.336,270,2,"(558.0, 543.0)"
1770301082.347,270,2,"(558.0, 543.0)"
1770301082.357,270,2,"(465.0, 543.0)"
1770301082.368,270,2,"(279.0, 559.0)"
1770301082.378,270,2,"(279.0, 559.0)"
1770301082.388,270,2,"(465.0, 575.0)"
1770301082.4,270,2,"(558.0, 575.0)"
1770301082.41,270,2,"(558.0, 575.0)"
1770301082.422,270,2,"(837.0, 575.0)"
1770301082.434,270,2,"(651.0, 543.0)"
1770301082.444,270,2,"(744.0, 543.0)"
1770301082.455,270,2,"(558.0, 543.0)"
1770301082.469,270,2,"(651.0, 543.0)"
1770301082.48,270,2,"(651.0, 543.0)"
1770301082.49,270,2,"(744.0, 543.0)"
1770301082.502,270,2,"(558.0, 543.0)"
1770301082.513,270,2,"(744.0, 559.0)"
1770301082.523,270,2,"(558.0, 575.0)"
1770301082.536,270,2,"(558.0, 575.0)"
1770301082.547,270,2,"(651.0, 559.0)"
1770301082.557,270,2,"(651.0, 559.0)"
1770301082.568,270,2,"(558.0, 559.0)"
1770301082.579,270,2,"(558.0, 559.0)"
1770301082.589,270,2,"(465.0, 559.0)"
1770301082.601,270,2,"(558.0, 543.0)"
1770301082.611,270,2,"(651.0, 527.0)"
1770301082.622,270,2,"(558.0, 511.0)"
1770301082.634,270,2,"(372.0, 511.0)"
1770301082.645,270,2,"(651.0, 511.0)"
1770301082.655,270,2,"(558.0, 511.0)"
1770301082.667,270,2,"(465.0, 511.0)"
1770301082.678,270,2,"(558.0, 511.0)"
1770301082.689,270,2,"(372.0, 511.0)"
1770301082.699,270,2,"(465.0, 511.0)"
1770301082.71,270,2,"(837.0, 511.0)"
1770301082.72,270,2,"(558.0, 527.0)"
1770301082.734,270,2,"(558.0, 543.0)"
1770301082.744,270,2,"(558.0, 559.0)"
1770301082.755,270,2,"(837.0, 575.0)"
1770301082.767,270,2,"(558.0, 575.0)"
1770301082.778,270,2,"(651.0, 559.0)"
1770301082.788,270,2,"(744.0, 559.0)"
1770301082.801,270,2,"(558.0, 559.0)"
1770301082.812,270,2,"(558.0, 543.0)"
1770301082.822,270,2,"(558.0, 543.0)"
1770301082.834,270,2,"(558.0, 543.0)"
1770301082.844,270,2,"(651.0, 543.0)"
1770301082.855,270,2,"(558.0, 543.0)"
1770301082.867,270,2,"(558.0, 559.0)"
1770301082.877,270,2,"(651.0, 575.0)"
1770301082.887,270,2,"(558.0, 591.0)"
1770301082.898,270,2,"(558.0, 591.0)"
1770301082.909,270,2,"(651.0, 575.0)"
1770301082.919,270,2,"(651.0, 559.0)"
1770301082.93,270,2,"(651.0, 559.0)"
1770301082.941,270,2,"(558.0, 575.0)"
1770301082.952,270,2,"(651.0, 575.0)"
1770301082.963,270,2,"(651.0, 575.0)"
1770301082.974,270,2,"(744.0, 575.0)"
1770301082.985,270,2,"(558.0, 559.0)"
1770301082.995,270,2,"(558.0, 527.0)"
1770301083.007,270,2,"(651.0, 511.0)"
1770301083.017,270,2,"(558.0, 495.0)"
1770301083.028,270,2,"(558.0, 479.0)"
1770301083.039,270,2,"(558.0, 479.0)"
1770301083.049,270,2,"(558.0, 479.0)"
1770301083.06,270,2,"(558.0, 479.0)"
1770301083.07,270,2,"(558.0, 479.0)"
1770301083.082,270,2,"(558.0, 495.0)"
1770301083.093,270,2,"(558.0, 511.0)"
1770301083.103,270,2,"(651.0, 527.0)"
1770301083.113,270,2,"(651.0, 527.0)"
1770301083.124,270,2,"(558.0, 527.0)"
1770301083.135,270,2,"(651.0, 527.0)"
1770301083.146,270,2,"(558.0, 511.0)"
1770301083.156,270,2,"(558.0, 495.0)"
1770301083.168,270,2,"(558.0, 495.0)"
1770301083.178,270,2,"(465.0, 511.0)"
1770301083.189,270,2,"(558.0, 511.0)"
1770301083.2,270,2,"(465.0, 511.0)"
1770301083.212,270,2,"(558.0, 511.0)"
1770301083.223,270,2,"(558.0, 527.0)"
1770301083.233,270,2,"(465.0, 527.0)"
1770301083.243,270,2,"(558.0, 543.0)"
1770301083.254,270,2,"(651.0, 559.0)"
1770301083.265,270,2,"(558.0, 559.0)"
1770301083.275,270,2,"(558.0, 575.0)"
1770301083.286,270,2,"(651.0, 575.0)"
1770301083.297,270,2,"(744.0, 575.0)"
1770301083.308,270,2,"(744.0, 591.0)"
1770301083.32,270,2,"(558.0, 575.0)"
1770301083.331,270,2,"(558.0, 575.0)"
1770301083.341,270,2,"(651.0, 559.0)"
1770301083.354,270,2,"(465.0, 543.0)"
1770301083.364,270,2,"(372.0, 543.0)"
1770301083.375,270,2,"(465.0, 543.0)"
1770301083.386,270,2,"(558.0, 543.0)"
1770301083.396,270,2,"(651.0, 543.0)"
1770301083.407,270,2,"(558.0, 575.0)"
1770301083.417,270,2,"(744.0, 591.0)"
1770301083.428,270,2,"(651.0, 623.0)"
1770301083.439,270,2,"(744.0, 639.0)"
1770301083.449,270,2,"(558.0, 639.0)"
1770301083.46,270,2,"(558.0, 623.0)"
1770301083.47,270,2,"(558.0, 607.0)"
1770301083.48,270,2,"(465.0, 607.0)"
1770301083.49,270,2,"(651.0, 591.0)"
1770301083.501,270,2,"(558.0, 591.0)"
1770301083.511,270,2,"(558.0, 575.0)"
1770301083.522,270,2,"(651.0, 559.0)"
1770301083.533,270,2,"(651.0, 543.0)"
1770301083.545,270,2,"(558.0, 527.0)"
1770301083.555,270,2,"(651.0, 511.0)"
1770301088.389,270,3,"(558.0, 63.0)"
1770301088.4,270,3,"(558.0, 63.0)"
1770301088.41,270,3,"(558.0, 63.0)"
1770301088.421,270,3,"(558.0, 63.0)"
1770301088.432,270,3,"(558.0, 63.0)"
1770301088.443,270,3,"(558.0, 63.0)"
1770301088.454,270,3,"(558.0, 63.0)"
1770301088.465,270,3,"(558.0, 63.0)"
1770301088.475,270,3,"(558.0, 63.0)"
1770301088.486,270,3,"(558.0, 63.0)"
1770301088.497,270,3,"(558.0, 79.0)"
1770301088.508,270,3,"(558.0, 79.0)"
1770301088.518,270,3,"(558.0, 95.0)"
1770301088.529,270,3,"(558.0, 95.0)"
1770301088.54,270,3,"(558.0, 95.0)"
1770301088.55,270,3,"(558.0, 95.0)"
1770301088.561,270,3,"(558.0, 95.0)"
1770301088.572,270,3,"(558.0, 95.0)"
1770301088.582,270,3,"(558.0, 95.0)"
1770301088.592,270,3,"(558.0, 95.0)"
1770301088.603,270,3,"(558.0, 95.0)"
1770301088.613,270,3,"(558.0, 79.0)"
1770301088.625,270,3,"(558.0, 79.0)"
1770301088.636,270,3,"(558.0, 79.0)"
1770301088.646,270,3,"(558.0, 79.0)"
1770301088.657,270,3,"(558.0, 79.0)"
1770301088.668,270,3,"(558.0, 95.0)"
1770301088.678,270,3,"(558.0, 95.0)"
1770301088.689,270,3,"(558.0, 95.0)"
1770301088.699,270,3,"(558.0, 95.0)"
1770301088.71,270,3,"(558.0, 95.0)"
1770301088.72,270,3,"(558.0, 95.0)"
1770301088.732,270,3,"(558.0, 95.0)"
1770301088.743,270,3,"(558.0, 95.0)"
1770301088.755,270,3,"(558.0, 95.0)"
1770301088.766,270,3,"(558.0, 95.0)"
1770301088.776,270,3,"(558.0, 95.0)"
1770301088.787,270,3,"(558.0, 95.0)"
1770301088.797,270,3,"(558.0, 95.0)"
1770301088.808,270,3,"(558.0, 95.0)"
1770301088.818,270,3,"(558.0, 95.0)"
1770301088.829,270,3,"(558.0, 95.0)"
1770301088.839,270,3,"(558.0, 95.0)"
1770301088.849,270,3,"(558.0, 95.0)"
1770301088.86,270,3,"(558.0, 95.0)"
1770301088.871,270,3,"(558.0, 95.0)"
1770301088.882,270,3,"(558.0, 79.0)"
1770301088.892,270,3,"(558.0, 79.0)"
1770301088.902,270,3,"(558.0, 63.0)"
1770301088.913,270,3,"(558.0, 63.0)"
1770301088.923,270,3,"(558.0, 63.0)"
1770301088.934,270,3,"(558.0, 63.0)"
1770301088.945,270,3,"(558.0, 47.0)"
1770301088.955,270,3,"(558.0, 47.0)"
1770301088.966,270,3,"(558.0, 31.0)"
1770301088.977,270,3,"(558.0, 31.0)"
1770301088.989,270,3,"(558.0, 31.0)"
1770301089.0,270,3,"(558.0, 31.0)"
1770301089.011,270,3,"(558.0, 31.0)"
1770301089.022,270,3,"(558.0, 31.0)"
1770301089.032,270,3,"(558.0, 31.0)"
1770301089.042,270,3,"(558.0, 31.0)"
1770301089.055,270,3,"(558.0, 31.0)"
1770301089.066,270,3,"(558.0, 31.0)"
1770301089.077,270,3,"(558.0, 31.0)"
1770301089.089,270,3,"(558.0, 31.0)"
1770301089.099,270,3,"(558.0, 31.0)"
1770301089.11,270,3,"(558.0, 31.0)"
1770301089.121,270,3,"(558.0, 31.0)"
1770301089.132,270,3,"(558.0, 31.0)"
1770301089.142,270,3,"(558.0, 31.0)"
1770301089.154,270,3,"(558.0, 31.0)"
1770301089.165,270,3,"(558.0, 31.0)"
1770301089.176,270,3,"(558.0, 31.0)"
1770301089.187,270,3,"(558.0, 31.0)"
1770301089.198,270,3,"(558.0, 31.0)"
1770301089.209,270,3,"(558.0, 31.0)"
1770301089.221,270,3,"(558.0, 31.0)"
1770301089.232,270,3,"(558.0, 31.0)"
1770301089.242,270,3,"(558.0, 31.0)"
1770301089.252,270,3,"(558.0, 31.0)"
1770301089.263,270,3,"(558.0, 31.0)"
1770301089.274,270,3,"(558.0, 31.0)"
1770301089.284,270,3,"(558.0, 31.0)"
1770301089.294,270,3,"(558.0, 31.0)"
1770301089.305,270,3,"(558.0, 31.0)"
1770301089.315,270,3,"(558.0, 31.0)"
1770301089.326,270,3,"(558.0, 31.0)"
1770301089.339,270,3,"(558.0, 31.0)"
1770301089.35,270,3,"(558.0, 31.0)"
1770301089.36,270,3,"(558.0, 31.0)"
1770301089.371,270,3,"(558.0, 31.0)"
1770301089.382,270,3,"(558.0, 31.0)"
1770301089.392,270,3,"(558.0, 31.0)"
1770301089.402,270,3,"(558.0, 31.0)"
1770301089.412,270,3,"(558.0, 31.0)"
1770301089.424,270,3,"(558.0, 31.0)"
1770301089.434,270,3,"(558.0, 31.0)"
1770301089.445,270,3,"(558.0, 31.0)"
1770301089.455,270,3,"(558.0, 31.0)"
1770301089.465,270,3,"(558.0, 31.0)"
1770301089.476,270,3,"(558.0, 31.0)"
1770301089.487,270,3,"(558.0, 31.0)"
1770301089.498,270,3,"(558.0, 31.0)"
1770301089.509,270,3,"(558.0, 31.0)"
1770301089.52,270,3,"(558.0, 31.0)"
1770301089.53,270,3,"(558.0, 31.0)"
1770301089.543,270,3,"(558.0, 31.0)"
1770301089.553,270,3,"(558.0, 31.0)"
1770301089.564,270,3,"(558.0, 31.0)"
1770301089.578,270,3,"(558.0, 31.0)"
1770301089.589,270,3,"(558.0, 31.0)"
1770301089.6,270,3,"(558.0, 31.0)"
1770301089.611,270,3,"(558.0, 31.0)"
1770301089.623,270,3,"(558.0, 31.0)"
1770301089.634,270,3,"(558.0, 31.0)"
1770301089.647,270,3,"(558.0, 31.0)"
1770301089.657,270,3,"(558.0, 31.0)"
1770301089.668,270,3,"(558.0, 31.0)"
1770301089.68,270,3,"(558.0, 31.0)"
1770301089.69,270,3,"(558.0, 31.0)"
1770301089.702,270,3,"(558.0, 31.0)"
1770301089.712,270,3,"(558.0, 31.0)"
1770301089.724,270,3,"(558.0, 31.0)"
1770301089.734,270,3,"(558.0, 31.0)"
1770301089.745,270,3,"(558.0, 31.0)"
1770301089.756,270,3,"(558.0, 31.0)"
1770301089.767,270,3,"(558.0, 31.0)"
1770301089.78,270,3,"(558.0, 31.0)"
1770301089.79,270,3,"(558.0, 31.0)"
1770301089.801,270,3,"(558.0, 31.0)"
1770301089.811,270,3,"(558.0, 31.0)"
1770301089.822,270,3,"(558.0, 31.0)"
1770301089.833,270,3,"(558.0, 47.0)"
1770301089.843,270,3,"(558.0, 47.0)"
1770301089.853,270,3,"(558.0, 63.0)"
1770301089.864,270,3,"(558.0, 63.0)"
1770301089.874,270,3,"(558.0, 63.0)"
1770301089.884,270,3,"(558.0, 63.0)"
1770301089.896,270,3,"(558.0, 63.0)"
1770301089.908,270,3,"(558.0, 63.0)"
1770301089.918,270,3,"(558.0, 63.0)"
1770301089.931,270,3,"(558.0, 63.0)"
1770301089.941,270,3,"(558.0, 63.0)"
1770301089.952,270,3,"(558.0, 63.0)"
1770301089.962,270,3,"(558.0, 63.0)"
1770301089.972,270,3,"(558.0, 63.0)"
1770301089.982,270,3,"(558.0, 79.0)"
1770301089.992,270,3,"(558.0, 79.0)"
1770301090.003,270,3,"(558.0, 95.0)"
1770301090.013,270,3,"(558.0, 95.0)"
1770301090.024,270,3,"(558.0, 95.0)"
1770301090.034,270,3,"(558.0, 95.0)"
1770301090.045,270,3,"(558.0, 95.0)"
1770301090.055,270,3,"(558.0, 95.0)"
1770301090.066,270,3,"(558.0, 95.0)"
1770301090.077,270,3,"(558.0, 95.0)"
1770301090.088,270,3,"(558.0, 95.0)"
1770301090.1,270,3,"(558.0, 95.0)"
1770301090.111,270,3,"(558.0, 95.0)"
1770301090.122,270,3,"(558.0, 95.0)"
1770301090.133,270,3,"(558.0, 95.0)"
1770301090.144,270,3,"(558.0, 95.0)"
1770301090.156,270,3,"(558.0, 95.0)"
1770301090.167,270,3,"(558.0, 95.0)"
1770301090.177,270,3,"(558.0, 95.0)"
1770301090.187,270,3,"(558.0, 95.0)"
1770301090.2,270,3,"(558.0, 95.0)"
1770301090.212,270,3,"(558.0, 95.0)"
1770301090.222,270,3,"(558.0, 95.0)"
1770301090.234,270,3,"(558.0, 95.0)"
1770301090.245,270,3,"(558.0, 95.0)"
1770301090.255,270,3,"(558.0, 79.0)"
1770301090.267,270,3,"(558.0, 79.0)"
1770301090.277,270,3,"(558.0, 63.0)"
1770301090.287,270,3,"(558.0, 63.0)"
1770301090.298,270,3,"(558.0, 63.0)"
1770301090.308,270,3,"(558.0, 63.0)"
1770301090.319,270,3,"(558.0, 79.0)"
1770301090.329,270,3,"(558.0, 79.0)"
1770301090.34,270,3,"(558.0, 79.0)"
1770301090.352,270,3,"(558.0, 79.0)"
1770301090.362,270,3,"(558.0, 63.0)"
1770301090.372,270,3,"(558.0, 63.0)"
1770301090.382,270,3,"(558.0, 63.0)"
1770301090.393,270,3,"(558.0, 63.0)"
1770301090.403,270,3,"(558.0, 63.0)"
1770301090.414,270,3,"(558.0, 63.0)"
1770301090.424,270,3,"(558.0, 63.0)"
1770301090.435,270,3,"(558.0, 63.0)"
1770301090.445,270,3,"(558.0, 63.0)"
1770301090.455,270,3,"(558.0, 63.0)"
1770301090.467,270,3,"(558.0, 47.0)"
1770301090.478,270,3,"(558.0, 47.0)"
1770301090.488,270,3,"(558.0, 31.0)"
1770301090.498,270,3,"(558.0, 31.0)"
1770301090.508,270,3,"(558.0, 31.0)"
1770301090.519,270,3,"(558.0, 47.0)"
1770301090.53,270,3,"(558.0, 63.0)"
1770301090.54,270,3,"(558.0, 47.0)"
1770301090.551,270,3,"(558.0, 47.0)"
1770301090.562,270,3,"(558.0, 31.0)"
1770301090.573,270,3,"(558.0, 31.0)"
1770301090.584,270,3,"(558.0, 31.0)"
1770301090.595,270,3,"(558.0, 31.0)"
1770301090.605,270,3,"(558.0, 31.0)"
1770301090.617,270,3,"(558.0, 31.0)"
1770301090.629,270,3,"(558.0, 31.0)"
1770301090.64,270,3,"(558.0, 31.0)"
1770301090.651,270,3,"(558.0, 31.0)"
1770301090.662,270,3,"(558.0, 31.0)"
1770301090.672,270,3,"(558.0, 31.0)"
1770301090.684,270,3,"(558.0, 31.0)"
1770301090.695,270,3,"(558.0, 31.0)"
1770301090.705,270,3,"(558.0, 31.0)"
1770301090.717,270,3,"(558.0, 31.0)"
1770301090.727,270,3,"(558.0, 31.0)"
1770301090.739,270,3,"(558.0, 31.0)"
1770301090.749,270,3,"(558.0, 31.0)"
1770301090.76,270,3,"(558.0, 31.0)"
1770301090.77,270,3,"(558.0, 31.0)"
1770301090.781,270,3,"(558.0, 31.0)"
1770301090.791,270,3,"(558.0, 31.0)"
1770301090.802,270,3,"(558.0, 31.0)"
1770301090.812,270,3,"(558.0, 31.0)"
1770301090.823,270,3,"(558.0, 31.0)"
1770301090.833,270,3,"(558.0, 31.0)"
1770301090.843,270,3,"(558.0, 31.0)"
1770301090.853,270,3,"(558.0, 47.0)"
1770301090.863,270,3,"(558.0, 47.0)"
1770301090.874,270,3,"(558.0, 47.0)"
1770301090.884,270,3,"(558.0, 47.0)"
1770301090.894,270,3,"(558.0, 31.0)"
1770301090.904,270,3,"(558.0, 31.0)"
1770301090.916,270,3,"(558.0, 31.0)"
1770301090.926,270,3,"(558.0, 31.0)"
1770301090.936,270,3,"(558.0, 31.0)"
1770301090.947,270,3,"(558.0, 31.0)"
1770301090.958,270,3,"(558.0, 31.0)"
1770301090.97,270,3,"(558.0, 31.0)"
1770301090.981,270,3,"(558.0, 31.0)"
1770301090.991,270,3,"(558.0, 31.0)"
1770301091.003,270,3,"(558.0, 31.0)"
1770301091.014,270,3,"(558.0, 31.0)"
1770301091.025,270,3,"(558.0, 31.0)"
1770301091.035,270,3,"(558.0, 31.0)"
1770301091.052,270,3,"(558.0, 31.0)"
1770301091.062,270,3,"(558.0, 31.0)"
1770301091.072,270,3,"(558.0, 31.0)"
1770301091.083,270,3,"(558.0, 31.0)"
1770301091.094,270,3,"(558.0, 31.0)"
1770301091.104,270,3,"(558.0, 31.0)"
1770301091.116,270,3,"(558.0, 31.0)"
1770301091.127,270,3,"(558.0, 31.0)"
1770301091.138,270,3,"(558.0, 31.0)"
1770301091.148,270,3,"(558.0, 31.0)"
1770301091.159,270,3,"(558.0, 31.0)"
1770301091.17,270,3,"(558.0, 31.0)"
1770301091.181,270,3,"(558.0, 31.0)"
1770301091.191,270,3,"(558.0, 31.0)"
1770301091.202,270,3,"(558.0, 31.0)"
1770301091.213,270,3,"(558.0, 31.0)"
1770301091.223,270,3,"(558.0, 31.0)"
1770301091.235,270,3,"(558.0, 31.0)"
1770301091.246,270,3,"(558.0, 31.0)"
1770301091.256,270,3,"(558.0, 31.0)"
1770301091.267,270,3,"(558.0, 47.0)"
1770301091.278,270,3,"(558.0, 47.0)"
1770301091.289,270,3,"(558.0, 63.0)"
1770301091.299,270,3,"(558.0, 63.0)"
1770301091.309,270,3,"(558.0, 63.0)"
1770301091.319,270,3,"(558.0, 63.0)"
1770301091.33,270,3,"(558.0, 63.0)"
1770301091.341,270,3,"(558.0, 63.0)"
1770301091.351,270,3,"(558.0, 63.0)"
1770301091.362,270,3,"(558.0, 63.0)"
1770301091.372,270,3,"(558.0, 63.0)"
1770301091.384,270,3,"(558.0, 63.0)"
1770301091.395,270,3,"(558.0, 63.0)"
1770301097.811,270,4,"(558.0, 159.0)"
1770301097.822,270,4,"(558.0, 159.0)"
1770301097.833,270,4,"(558.0, 143.0)"
1770301097.843,270,4,"(558.0, 143.0)"
1770301097.853,270,4,"(558.0, 143.0)"
1770301097.863,270,4,"(558.0, 143.0)"
1770301097.874,270,4,"(558.0, 127.0)"
1770301097.884,270,4,"(558.0, 127.0)"
1770301097.897,270,4,"(558.0, 127.0)"
1770301097.908,270,4,"(558.0, 127.0)"
1770301097.919,270,4,"(558.0, 127.0)"
1770301097.93,270,4,"(558.0, 127.0)"
1770301097.941,270,4,"(558.0, 127.0)"
1770301097.951,270,4,"(558.0, 127.0)"
1770301097.964,270,4,"(558.0, 127.0)"
1770301097.975,270,4,"(558.0, 127.0)"
1770301097.985,270,4,"(558.0, 127.0)"
1770301097.997,270,4,"(558.0, 127.0)"
1770301098.008,270,4,"(558.0, 127.0)"
1770301098.019,270,4,"(558.0, 127.0)"
1770301098.03,270,4,"(558.0, 127.0)"
1770301098.04,270,4,"(558.0, 127.0)"
1770301098.051,270,4,"(558.0, 127.0)"
1770301098.065,270,4,"(558.0, 127.0)"
1770301098.075,270,4,"(558.0, 127.0)"
1770301098.085,270,4,"(558.0, 143.0)"
1770301098.097,270,4,"(558.0, 143.0)"
1770301098.108,270,4,"(558.0, 159.0)"
1770301098.119,270,4,"(558.0, 159.0)"
1770301098.13,270,4,"(558.0, 159.0)"
1770301098.141,270,4,"(558.0, 159.0)"
1770301098.152,270,4,"(558.0, 159.0)"
1770301098.163,270,4,"(558.0, 159.0)"
1770301098.175,270,4,"(558.0, 159.0)"
1770301098.185,270,4,"(558.0, 159.0)"
1770301098.197,270,4,"(558.0, 159.0)"
1770301098.208,270,4,"(558.0, 159.0)"
1770301098.219,270,4,"(558.0, 159.0)"
1770301098.232,270,4,"(558.0, 159.0)"
1770301098.242,270,4,"(558.0, 159.0)"
1770301098.252,270,4,"(558.0, 159.0)"
1770301098.263,270,4,"(558.0, 159.0)"
1770301098.273,270,4,"(558.0, 159.0)"
1770301098.283,270,4,"(558.0, 159.0)"
1770301098.294,270,4,"(558.0, 159.0)"
1770301098.304,270,4,"(558.0, 175.0)"
1770301098.316,270,4,"(558.0, 175.0)"
1770301098.326,270,4,"(465.0, 175.0)"
1770301098.337,270,4,"(558.0, 159.0)"
1770301098.348,270,4,"(558.0, 159.0)"
1770301098.359,270,4,"(558.0, 143.0)"
1770301098.37,270,4,"(558.0, 127.0)"
1770301098.38,270,4,"(558.0, 127.0)"
1770301098.39,270,4,"(558.0, 127.0)"
1770301098.402,270,4,"(558.0, 127.0)"
1770301098.412,270,4,"(558.0, 127.0)"
1770301098.423,270,4,"(558.0, 127.0)"
1770301098.433,270,4,"(558.0, 127.0)"
1770301098.445,270,4,"(558.0, 127.0)"
1770301098.456,270,4,"(558.0, 127.0)"
1770301098.467,270,4,"(558.0, 143.0)"
1770301098.48,270,4,"(558.0, 143.0)"
1770301098.49,270,4,"(558.0, 159.0)"
1770301098.502,270,4,"(558.0, 159.0)"
1770301098.513,270,4,"(558.0, 159.0)"
1770301098.523,270,4,"(558.0, 159.0)"
1770301098.535,270,4,"(558.0, 159.0)"
1770301098.545,270,4,"(558.0, 159.0)"
1770301098.555,270,4,"(558.0, 159.0)"
1770301098.566,270,4,"(558.0, 159.0)"
1770301098.58,270,4,"(558.0, 159.0)"
1770301098.591,270,4,"(558.0, 159.0)"
1770301098.601,270,4,"(558.0, 159.0)"
1770301098.613,270,4,"(558.0, 159.0)"
1770301098.624,270,4,"(558.0, 159.0)"
1770301098.634,270,4,"(558.0, 159.0)"
1770301098.648,270,4,"(558.0, 159.0)"
1770301098.659,270,4,"(465.0, 159.0)"
1770301098.669,270,4,"(558.0, 159.0)"
1770301098.682,270,4,"(558.0, 175.0)"
1770301098.693,270,4,"(465.0, 191.0)"
1770301098.703,270,4,"(465.0, 191.0)"
1770301098.715,270,4,"(558.0, 191.0)"
1770301098.726,270,4,"(558.0, 175.0)"
1770301098.737,270,4,"(558.0, 175.0)"
1770301098.749,270,4,"(558.0, 159.0)"
1770301098.76,270,4,"(558.0, 159.0)"
1770301098.77,270,4,"(558.0, 159.0)"
1770301098.782,270,4,"(465.0, 159.0)"
1770301098.793,270,4,"(558.0, 159.0)"
1770301098.803,270,4,"(558.0, 159.0)"
1770301098.814,270,4,"(558.0, 159.0)"
1770301098.824,270,4,"(558.0, 159.0)"
1770301098.835,270,4,"(558.0, 159.0)"
1770301098.846,270,4,"(558.0, 159.0)"
1770301098.856,270,4,"(558.0, 159.0)"
1770301098.867,270,4,"(558.0, 159.0)"
1770301098.877,270,4,"(558.0, 159.0)"
1770301098.888,270,4,"(558.0, 159.0)"
1770301098.901,270,4,"(558.0, 159.0)"
1770301098.912,270,4,"(558.0, 159.0)"
1770301098.922,270,4,"(558.0, 159.0)"
1770301098.933,270,4,"(558.0, 159.0)"
1770301098.944,270,4,"(558.0, 159.0)"
1770301098.954,270,4,"(558.0, 159.0)"
1770301098.964,270,4,"(558.0, 159.0)"
1770301098.974,270,4,"(558.0, 159.0)"
1770301098.985,270,4,"(558.0, 159.0)"
1770301098.995,270,4,"(558.0, 159.0)"
1770301099.005,270,4,"(558.0, 159.0)"
1770301099.016,270,4,"(558.0, 159.0)"
1770301099.026,270,4,"(558.0, 143.0)"
1770301099.036,270,4,"(558.0, 143.0)"
1770301099.047,270,4,"(558.0, 127.0)"
1770301099.057,270,4,"(558.0, 127.0)"
1770301099.071,270,4,"(558.0, 127.0)"
1770301099.081,270,4,"(558.0, 143.0)"
1770301099.091,270,4,"(465.0, 143.0)"
1770301099.103,270,4,"(558.0, 159.0)"
1770301099.113,270,4,"(558.0, 159.0)"
1770301099.124,270,4,"(558.0, 159.0)"
1770301099.135,270,4,"(558.0, 159.0)"
1770301099.146,270,4,"(558.0, 159.0)"
1770301099.156,270,4,"(558.0, 159.0)"
1770301099.166,270,4,"(558.0, 159.0)"
1770301099.177,270,4,"(558.0, 159.0)"
1770301099.187,270,4,"(558.0, 159.0)"
1770301099.198,270,4,"(558.0, 159.0)"
1770301099.209,270,4,"(558.0, 159.0)"
1770301099.219,270,4,"(558.0, 159.0)"
1770301099.23,270,4,"(558.0, 159.0)"
1770301099.243,270,4,"(558.0, 159.0)"
1770301099.254,270,4,"(558.0, 159.0)"
1770301099.265,270,4,"(558.0, 159.0)"
1770301099.275,270,4,"(558.0, 159.0)"
1770301099.286,270,4,"(558.0, 159.0)"
1770301099.297,270,4,"(558.0, 159.0)"
1770301099.307,270,4,"(558.0, 159.0)"
1770301099.317,270,4,"(558.0, 159.0)"
1770301099.329,270,4,"(558.0, 159.0)"
1770301099.34,270,4,"(558.0, 159.0)"
1770301099.353,270,4,"(558.0, 159.0)"
1770301099.364,270,4,"(558.0, 159.0)"
1770301099.375,270,4,"(558.0, 159.0)"
1770301099.386,270,4,"(558.0, 159.0)"
1770301099.396,270,4,"(558.0, 159.0)"
1770301099.406,270,4,"(558.0, 175.0)"
1770301099.417,270,4,"(558.0, 175.0)"
1770301099.427,270,4,"(558.0, 159.0)"
1770301099.438,270,4,"(558.0, 159.0)"
1770301099.449,270,4,"(558.0, 159.0)"
1770301099.459,270,4,"(558.0, 159.0)"
1770301099.47,270,4,"(558.0, 175.0)"
1770301099.48,270,4,"(651.0, 175.0)"
1770301099.492,270,4,"(558.0, 175.0)"
1770301099.503,270,4,"(651.0, 175.0)"
1770301099.513,270,4,"(558.0, 175.0)"
1770301099.524,270,4,"(558.0, 175.0)"
1770301099.534,270,4,"(558.0, 191.0)"
1770301099.544,270,4,"(558.0, 191.0)"
1770301099.556,270,4,"(558.0, 191.0)"
1770301099.567,270,4,"(558.0, 191.0)"
1770301099.579,270,4,"(558.0, 191.0)"
1770301099.592,270,4,"(558.0, 191.0)"
1770301099.602,270,4,"(558.0, 191.0)"
1770301099.612,270,4,"(558.0, 191.0)"
1770301099.624,270,4,"(558.0, 191.0)"
1770301099.634,270,4,"(558.0, 191.0)"
1770301099.644,270,4,"(558.0, 191.0)"
1770301099.655,270,4,"(558.0, 191.0)"
1770301099.666,270,4,"(558.0, 191.0)"
1770301099.677,270,4,"(558.0, 207.0)"
1770301099.689,270,4,"(558.0, 207.0)"
1770301099.702,270,4,"(651.0, 223.0)"
1770301099.713,270,4,"(558.0, 223.0)"
1770301099.723,270,4,"(558.0, 223.0)"
1770301099.734,270,4,"(558.0, 223.0)"
1770301099.745,270,4,"(558.0, 223.0)"
1770301099.757,270,4,"(558.0, 223.0)"
1770301099.768,270,4,"(558.0, 207.0)"
1770301099.778,270,4,"(465.0, 207.0)"
1770301099.789,270,4,"(558.0, 207.0)"
1770301099.8,270,4,"(558.0, 207.0)"
1770301099.81,270,4,"(558.0, 207.0)"
1770301099.822,270,4,"(558.0, 207.0)"
1770301099.833,270,4,"(558.0, 207.0)"
1770301099.844,270,4,"(558.0, 207.0)"
1770301099.856,270,4,"(558.0, 207.0)"
1770301099.866,270,4,"(558.0, 191.0)"
1770301099.876,270,4,"(558.0, 191.0)"
1770301099.889,270,4,"(558.0, 191.0)"
1770301099.9,270,4,"(558.0, 191.0)"
1770301099.911,270,4,"(558.0, 175.0)"
1770301099.922,270,4,"(558.0, 175.0)"
1770301099.932,270,4,"(558.0, 159.0)"
1770301099.942,270,4,"(558.0, 159.0)"
1770301099.955,270,4,"(558.0, 159.0)"
1770301099.967,270,4,"(558.0, 159.0)"
1770301099.978,270,4,"(558.0, 159.0)"
1770301099.988,270,4,"(558.0, 159.0)"
1770301099.999,270,4,"(558.0, 143.0)"
1770301100.01,270,4,"(558.0, 143.0)"
1770301100.021,270,4,"(558.0, 127.0)"
1770301100.032,270,4,"(558.0, 127.0)"
1770301100.042,270,4,"(558.0, 127.0)"
1770301100.054,270,4,"(558.0, 127.0)"
1770301100.065,270,4,"(558.0, 127.0)"
1770301100.076,270,4,"(558.0, 127.0)"
1770301100.086,270,4,"(558.0, 127.0)"
1770301100.098,270,4,"(558.0, 127.0)"
1770301100.108,270,4,"(558.0, 127.0)"
1770301100.12,270,4,"(558.0, 127.0)"
1770301100.131,270,4,"(558.0, 127.0)"
1770301100.141,270,4,"(558.0, 127.0)"
1770301100.153,270,4,"(558.0, 143.0)"
1770301100.164,270,4,"(558.0, 143.0)"
1770301100.175,270,4,"(558.0, 159.0)"
1770301100.186,270,4,"(558.0, 159.0)"
1770301100.198,270,4,"(558.0, 159.0)"
1770301100.208,270,4,"(558.0, 159.0)"
1770301100.223,270,4,"(558.0, 159.0)"
1770301100.233,270,4,"(651.0, 159.0)"
1770301100.244,270,4,"(558.0, 159.0)"
1770301100.255,270,4,"(558.0, 159.0)"
1770301100.265,270,4,"(558.0, 175.0)"
1770301100.276,270,4,"(465.0, 175.0)"
1770301100.286,270,4,"(465.0, 191.0)"
1770301100.297,270,4,"(558.0, 191.0)"
1770301100.308,270,4,"(558.0, 191.0)"
1770301100.324,270,4,"(558.0, 191.0)"
1770301100.335,270,4,"(558.0, 191.0)"
1770301100.345,270,4,"(558.0, 191.0)"
1770301100.356,270,4,"(558.0, 191.0)"
1770301100.367,270,4,"(558.0, 191.0)"
1770301100.378,270,4,"(558.0, 191.0)"
1770301100.389,270,4,"(558.0, 191.0)"
1770301100.4,270,4,"(558.0, 191.0)"
1770301100.411,270,4,"(558.0, 191.0)"
1770301100.425,270,4,"(558.0, 191.0)"
1770301100.436,270,4,"(558.0, 191.0)"
1770301100.447,270,4,"(558.0, 191.0)"
1770301100.458,270,4,"(558.0, 191.0)"
1770301100.468,270,4,"(558.0, 207.0)"
1770301100.479,270,4,"(558.0, 207.0)"
1770301100.491,270,4,"(558.0, 207.0)"
1770301100.502,270,4,"(558.0, 207.0)"
1770301100.512,270,4,"(558.0, 191.0)"
1770301100.523,270,4,"(558.0, 191.0)"
1770301100.533,270,4,"(558.0, 191.0)"
1770301100.543,270,4,"(558.0, 191.0)"
1770301100.556,270,4,"(558.0, 191.0)"
1770301100.567,270,4,"(465.0, 191.0)"
1770301100.578,270,4,"(558.0, 191.0)"
1770301100.589,270,4,"(558.0, 191.0)"
1770301100.599,270,4,"(558.0, 191.0)"
1770301100.61,270,4,"(558.0, 191.0)"
1770301100.622,270,4,"(558.0, 191.0)"
1770301100.633,270,4,"(558.0, 191.0)"
1770301100.643,270,4,"(558.0, 191.0)"
1770301100.656,270,4,"(558.0, 191.0)"
1770301100.667,270,4,"(558.0, 191.0)"
1770301100.677,270,4,"(558.0, 191.0)"
1770301100.688,270,4,"(558.0, 191.0)"
1770301100.698,270,4,"(558.0, 191.0)"
1770301100.709,270,4,"(558.0, 175.0)"
1770301100.72,270,4,"(558.0, 175.0)"
1770301100.73,270,4,"(651.0, 159.0)"
1770301100.741,270,4,"(558.0, 159.0)"
1770301100.751,270,4,"(558.0, 159.0)"
1770301100.761,270,4,"(558.0, 159.0)"
1770301100.772,270,4,"(558.0, 159.0)"
1770301100.782,270,4,"(558.0, 159.0)"
1770301100.793,270,4,"(558.0, 143.0)"
1770301100.805,270,4,"(558.0, 143.0)"
1770301100.815,270,4,"(558.0, 127.0)"
1770301396.694,595,1,"(511.0, 44.0)"
1770301396.705,595,1,"(511.0, 44.0)"
1770301396.716,595,1,"(511.0, 55.0)"
1770301396.727,595,1,"(511.0, 55.0)"
1770301396.738,595,1,"(511.0, 66.0)"
1770301396.749,595,1,"(511.0, 66.0)"
1770301396.76,595,1,"(511.0, 66.0)"
1770301396.77,595,1,"(511.0, 66.0)"
1770301396.782,595,1,"(511.0, 66.0)"
1770301396.792,595,1,"(511.0, 66.0)"
1770301396.803,595,1,"(511.0, 66.0)"
1770301396.815,595,1,"(511.0, 66.0)"
1770301396.825,595,1,"(511.0, 66.0)"
1770301396.835,595,1,"(511.0, 66.0)"
1770301396.847,595,1,"(511.0, 66.0)"
1770301396.858,595,1,"(511.0, 66.0)"
1770301396.869,595,1,"(511.0, 66.0)"
1770301396.88,595,1,"(511.0, 66.0)"
1770301396.89,595,1,"(511.0, 55.0)"
1770301396.9,595,1,"(511.0, 55.0)"
1770301396.911,595,1,"(511.0, 33.0)"
1770301396.922,595,1,"(511.0, 33.0)"
1770301396.934,595,1,"(511.0, 22.0)"
1770301396.944,595,1,"(511.0, 22.0)"
1770301396.955,595,1,"(511.0, 11.0)"
1770301396.965,595,1,"(511.0, 11.0)"
1770301396.976,595,1,"(511.0, 0.0)"
1770301396.986,595,1,"(511.0, 0.0)"
1770301396.996,595,1,"(511.0, 0.0)"
1770301397.007,595,1,"(511.0, 0.0)"
1770301397.018,595,1,"(511.0, 0.0)"
1770301397.028,595,1,"(511.0, 0.0)"
1770301397.039,595,1,"(511.0, 0.0)"
1770301397.049,595,1,"(511.0, 0.0)"
1770301397.059,595,1,"(511.0, 0.0)"
1770301397.07,595,1,"(511.0, 0.0)"
1770301397.081,595,1,"(511.0, 0.0)"
1770301397.093,595,1,"(511.0, 0.0)"
1770301397.104,595,1,"(511.0, 0.0)"
1770301397.114,595,1,"(511.0, 0.0)"
1770301397.125,595,1,"(511.0, 0.0)"
1770301397.135,595,1,"(511.0, 0.0)"
1770301397.146,595,1,"(511.0, 0.0)"
1770301397.156,595,1,"(511.0, 0.0)"
1770301397.167,595,1,"(511.0, 0.0)"
1770301397.179,595,1,"(511.0, 0.0)"
1770301397.189,595,1,"(511.0, 0.0)"
1770301397.199,595,1,"(511.0, 0.0)"
1770301397.21,595,1,"(511.0, 0.0)"
1770301397.22,595,1,"(511.0, 0.0)"
1770301397.232,595,1,"(511.0, 0.0)"
1770301397.242,595,1,"(511.0, 0.0)"
1770301397.253,595,1,"(511.0, 0.0)"
1770301397.264,595,1,"(511.0, 0.0)"
1770301397.275,595,1,"(511.0, 0.0)"
1770301397.285,595,1,"(511.0, 0.0)"
1770301397.295,595,1,"(511.0, 0.0)"
1770301397.305,595,1,"(511.0, 0.0)"
1770301397.318,595,1,"(511.0, 0.0)"
1770301397.329,595,1,"(511.0, 0.0)"
1770301397.339,595,1,"(511.0, 0.0)"
1770301397.349,595,1,"(511.0, 0.0)"
1770301397.36,595,1,"(511.0, 0.0)"
1770301397.371,595,1,"(511.0, 0.0)"
1770301397.382,595,1,"(511.0, 0.0)"
1770301397.393,595,1,"(511.0, 0.0)"
1770301397.403,595,1,"(511.0, 0.0)"
1770301397.414,595,1,"(511.0, 0.0)"
1770301397.424,595,1,"(511.0, 0.0)"
1770301397.435,595,1,"(511.0, 0.0)"
1770301397.446,595,1,"(511.0, 0.0)"
1770301397.457,595,1,"(511.0, 0.0)"
1770301397.468,595,1,"(511.0, 0.0)"
1770301397.478,595,1,"(511.0, 0.0)"
1770301397.49,595,1,"(511.0, 0.0)"
1770301397.5,595,1,"(511.0, 0.0)"
1770301397.51,595,1,"(511.0, 0.0)"
1770301397.522,595,1,"(511.0, 0.0)"
1770301397.532,595,1,"(511.0, 0.0)"
1770301397.543,595,1,"(511.0, 0.0)"
1770301397.553,595,1,"(511.0, 0.0)"
1770301397.564,595,1,"(511.0, 0.0)"
1770301397.575,595,1,"(511.0, 0.0)"
1770301397.585,595,1,"(511.0, 0.0)"
1770301397.595,595,1,"(511.0, 0.0)"
1770301397.607,595,1,"(511.0, 0.0)"
1770301397.617,595,1,"(511.0, 0.0)"
1770301397.627,595,1,"(511.0, 0.0)"
1770301397.64,595,1,"(511.0, 0.0)"
1770301397.65,595,1,"(511.0, 0.0)"
1770301397.661,595,1,"(511.0, 0.0)"
1770301397.672,595,1,"(511.0, 0.0)"
1770301397.683,595,1,"(511.0, 0.0)"
1770301397.694,595,1,"(511.0, 0.0)"
1770301397.704,595,1,"(511.0, 0.0)"
1770301397.714,595,1,"(511.0, 0.0)"
1770301397.725,595,1,"(511.0, 0.0)"
1770301397.736,595,1,"(511.0, 0.0)"
1770301397.746,595,1,"(511.0, 0.0)"
1770301397.757,595,1,"(511.0, 0.0)"
1770301397.768,595,1,"(511.0, 0.0)"
1770301397.779,595,1,"(511.0, 0.0)"
1770301397.79,595,1,"(511.0, 0.0)"
1770301397.801,595,1,"(511.0, 0.0)"
1770301397.812,595,1,"(511.0, 0.0)"
1770301397.822,595,1,"(511.0, 0.0)"
1770301397.833,595,1,"(511.0, 0.0)"
1770301397.843,595,1,"(511.0, 0.0)"
1770301397.853,595,1,"(511.0, 0.0)"
1770301397.863,595,1,"(511.0, 0.0)"
1770301397.875,595,1,"(511.0, 0.0)"
1770301397.885,595,1,"(511.0, 0.0)"
1770301397.896,595,1,"(511.0, 0.0)"
1770301397.908,595,1,"(511.0, 0.0)"
1770301397.918,595,1,"(511.0, 0.0)"
1770301397.928,595,1,"(511.0, 0.0)"
1770301397.942,595,1,"(511.0, 0.0)"
1770301397.953,595,1,"(511.0, 0.0)"
1770301397.963,595,1,"(511.0, 0.0)"
1770301397.974,595,1,"(511.0, 0.0)"
1770301397.985,595,1,"(511.0, 0.0)"
1770301397.995,595,1,"(511.0, 0.0)"
1770301398.008,595,1,"(511.0, 11.0)"
1770301398.019,595,1,"(511.0, 11.0)"
1770301398.03,595,1,"(511.0, 22.0)"
1770301398.044,595,1,"(511.0, 22.0)"
1770301398.054,595,1,"(511.0, 22.0)"
1770301398.064,595,1,"(511.0, 22.0)"
1770301398.077,595,1,"(511.0, 22.0)"
1770301398.087,595,1,"(511.0, 22.0)"
1770301398.097,595,1,"(511.0, 22.0)"
1770301398.109,595,1,"(511.0, 22.0)"
1770301398.119,595,1,"(511.0, 22.0)"
1770301398.13,595,1,"(511.0, 22.0)"
1770301398.141,595,1,"(511.0, 22.0)"
1770301398.152,595,1,"(511.0, 22.0)"
1770301398.163,595,1,"(511.0, 22.0)"
1770301398.177,595,1,"(511.0, 22.0)"
1770301398.187,595,1,"(511.0, 22.0)"
1770301398.198,595,1,"(511.0, 22.0)"
1770301398.21,595,1,"(511.0, 22.0)"
1770301398.221,595,1,"(511.0, 22.0)"
1770301398.231,595,1,"(511.0, 22.0)"
1770301398.241,595,1,"(511.0, 22.0)"
1770301398.251,595,1,"(511.0, 22.0)"
1770301398.261,595,1,"(511.0, 22.0)"
1770301398.272,595,1,"(511.0, 11.0)"
1770301398.282,595,1,"(511.0, 11.0)"
1770301398.294,595,1,"(511.0, 11.0)"
1770301398.304,595,1,"(511.0, 0.0)"
1770301398.315,595,1,"(511.0, 0.0)"
1770301398.327,595,1,"(511.0, 11.0)"
1770301398.337,595,1,"(511.0, 11.0)"
1770301398.348,595,1,"(511.0, 0.0)"
1770301398.36,595,1,"(511.0, 0.0)"
1770301398.371,595,1,"(511.0, 0.0)"
1770301398.382,595,1,"(511.0, 0.0)"
1770301398.395,595,1,"(511.0, 0.0)"
1770301398.405,595,1,"(511.0, 0.0)"
1770301398.416,595,1,"(511.0, 0.0)"
1770301398.428,595,1,"(511.0, 0.0)"
1770301398.438,595,1,"(511.0, 0.0)"
1770301398.448,595,1,"(511.0, 0.0)"
1770301398.459,595,1,"(511.0, 0.0)"
1770301398.47,595,1,"(511.0, 0.0)"
1770301398.48,595,1,"(511.0, 0.0)"
1770301398.492,595,1,"(511.0, 0.0)"
1770301398.502,595,1,"(511.0, 0.0)"
1770301398.514,595,1,"(511.0, 0.0)"
1770301398.531,595,1,"(511.0, 11.0)"
1770301398.542,595,1,"(511.0, 11.0)"
1770301398.553,595,1,"(511.0, 0.0)"
1770301398.564,595,1,"(511.0, 0.0)"
1770301398.574,595,1,"(511.0, 0.0)"
1770301398.585,595,1,"(511.0, 0.0)"
1770301398.595,595,1,"(511.0, 0.0)"
1770301398.606,595,1,"(511.0, 0.0)"
1770301398.619,595,1,"(511.0, 0.0)"
1770301398.629,595,1,"(511.0, 0.0)"
1770301398.639,595,1,"(511.0, 0.0)"
1770301398.65,595,1,"(511.0, 0.0)"
1770301398.661,595,1,"(511.0, 0.0)"
1770301398.672,595,1,"(511.0, 0.0)"
1770301398.682,595,1,"(511.0, 0.0)"
1770301398.694,595,1,"(511.0, 0.0)"
1770301398.705,595,1,"(511.0, 0.0)"
1770301398.715,595,1,"(511.0, 0.0)"
1770301398.726,595,1,"(511.0, 0.0)"
1770301398.736,595,1,"(511.0, 0.0)"
1770301398.747,595,1,"(511.0, 0.0)"
1770301398.758,595,1,"(511.0, 0.0)"
1770301398.769,595,1,"(511.0, 0.0)"
1770301398.779,595,1,"(511.0, 11.0)"
1770301398.79,595,1,"(511.0, 11.0)"
1770301398.801,595,1,"(511.0, 11.0)"
1770301398.811,595,1,"(511.0, 11.0)"
1770301398.822,595,1,"(511.0, 11.0)"
1770301398.833,595,1,"(511.0, 11.0)"
1770301398.844,595,1,"(511.0, 22.0)"
1770301398.855,595,1,"(511.0, 22.0)"
1770301398.865,595,1,"(511.0, 22.0)"
1770301398.876,595,1,"(511.0, 22.0)"
1770301398.886,595,1,"(511.0, 11.0)"
1770301398.897,595,1,"(511.0, 11.0)"
1770301398.907,595,1,"(511.0, 11.0)"
1770301398.918,595,1,"(511.0, 11.0)"
1770301398.929,595,1,"(511.0, 22.0)"
1770301398.939,595,1,"(511.0, 22.0)"
1770301398.95,595,1,"(511.0, 22.0)"
1770301398.96,595,1,"(511.0, 22.0)"
1770301398.971,595,1,"(511.0, 22.0)"
1770301398.982,595,1,"(511.0, 22.0)"
1770301398.992,595,1,"(511.0, 22.0)"
1770301399.004,595,1,"(511.0, 11.0)"
1770301399.016,595,1,"(511.0, 11.0)"
1770301399.026,595,1,"(511.0, 0.0)"
1770301399.037,595,1,"(511.0, 0.0)"
1770301399.047,595,1,"(511.0, 0.0)"
1770301399.057,595,1,"(511.0, 0.0)"
1770301399.068,595,1,"(511.0, 0.0)"
1770301399.079,595,1,"(511.0, 0.0)"
1770301399.09,595,1,"(511.0, 0.0)"
1770301399.101,595,1,"(511.0, 0.0)"
1770301399.111,595,1,"(511.0, 0.0)"
1770301399.121,595,1,"(511.0, 0.0)"
1770301399.131,595,1,"(511.0, 0.0)"
1770301399.141,595,1,"(511.0, 0.0)"
1770301399.152,595,1,"(511.0, 0.0)"
1770301399.162,595,1,"(511.0, 0.0)"
1770301399.174,595,1,"(511.0, 0.0)"
1770301399.184,595,1,"(511.0, 0.0)"
1770301399.194,595,1,"(511.0, 0.0)"
1770301399.206,595,1,"(511.0, 0.0)"
1770301399.216,595,1,"(511.0, 0.0)"
1770301399.226,595,1,"(511.0, 0.0)"
1770301399.237,595,1,"(511.0, 0.0)"
1770301399.25,595,1,"(511.0, 0.0)"
1770301399.261,595,1,"(511.0, 0.0)"
1770301399.272,595,1,"(511.0, 0.0)"
1770301399.283,595,1,"(511.0, 0.0)"
1770301399.295,595,1,"(511.0, 0.0)"
1770301399.306,595,1,"(511.0, 0.0)"
1770301399.317,595,1,"(511.0, 0.0)"
1770301399.329,595,1,"(511.0, 0.0)"
1770301399.34,595,1,"(511.0, 0.0)"
1770301399.352,595,1,"(511.0, 0.0)"
1770301399.366,595,1,"(511.0, 0.0)"
1770301399.377,595,1,"(511.0, 0.0)"
1770301399.387,595,1,"(511.0, 0.0)"
1770301399.398,595,1,"(511.0, 0.0)"
1770301399.41,595,1,"(511.0, 0.0)"
1770301399.421,595,1,"(511.0, 0.0)"
1770301399.432,595,1,"(511.0, 0.0)"
1770301399.443,595,1,"(511.0, 0.0)"
1770301399.453,595,1,"(511.0, 0.0)"
1770301399.464,595,1,"(511.0, 0.0)"
1770301399.475,595,1,"(511.0, 0.0)"
1770301399.486,595,1,"(511.0, 0.0)"
1770301399.497,595,1,"(511.0, 0.0)"
1770301399.508,595,1,"(511.0, 0.0)"
1770301399.518,595,1,"(511.0, 0.0)"
1770301399.529,595,1,"(511.0, 0.0)"
1770301399.539,595,1,"(511.0, 0.0)"
1770301399.549,595,1,"(511.0, 0.0)"
1770301399.559,595,1,"(511.0, 0.0)"
1770301399.571,595,1,"(511.0, 0.0)"
1770301399.582,595,1,"(511.0, 0.0)"
1770301399.593,595,1,"(511.0, 0.0)"
1770301399.603,595,1,"(511.0, 0.0)"
1770301399.614,595,1,"(511.0, 0.0)"
1770301399.626,595,1,"(511.0, 0.0)"
1770301399.636,595,1,"(511.0, 0.0)"
1770301399.646,595,1,"(511.0, 0.0)"
1770301399.658,595,1,"(511.0, 0.0)"
1770301399.669,595,1,"(511.0, 0.0)"
1770301399.68,595,1,"(511.0, 0.0)"
1770301399.693,595,1,"(511.0, 0.0)"
1770301399.703,595,1,"(511.0, 0.0)"
1770301404.904,595,2,"(511.0, 264.0)"
1770301404.914,595,2,"(511.0, 275.0)"
1770301404.925,595,2,"(511.0, 275.0)"
1770301404.936,595,2,"(511.0, 275.0)"
1770301404.946,595,2,"(426.0, 275.0)"
1770301404.958,595,2,"(511.0, 264.0)"
1770301404.968,595,2,"(426.0, 264.0)"
1770301404.979,595,2,"(511.0, 275.0)"
1770301404.989,595,2,"(511.0, 275.0)"
1770301405.001,595,2,"(511.0, 286.0)"
1770301405.012,595,2,"(596.0, 286.0)"
1770301405.022,595,2,"(511.0, 286.0)"
1770301405.033,595,2,"(511.0, 286.0)"
1770301405.043,595,2,"(511.0, 286.0)"
1770301405.055,595,2,"(596.0, 275.0)"
1770301405.065,595,2,"(426.0, 264.0)"
1770301405.075,595,2,"(511.0, 264.0)"
1770301405.091,595,2,"(511.0, 253.0)"
1770301405.101,595,2,"(426.0, 253.0)"
1770301405.112,595,2,"(426.0, 253.0)"
1770301405.124,595,2,"(511.0, 253.0)"
1770301405.134,595,2,"(426.0, 253.0)"
1770301405.144,595,2,"(426.0, 264.0)"
1770301405.156,595,2,"(511.0, 264.0)"
1770301405.167,595,2,"(426.0, 264.0)"
1770301405.178,595,2,"(511.0, 275.0)"
1770301405.19,595,2,"(682.0, 275.0)"
1770301405.2,595,2,"(255.0, 286.0)"
1770301405.211,595,2,"(426.0, 297.0)"
1770301405.222,595,2,"(426.0, 308.0)"
1770301405.233,595,2,"(511.0, 319.0)"
1770301405.243,595,2,"(511.0, 319.0)"
1770301405.254,595,2,"(341.0, 319.0)"
1770301405.265,595,2,"(511.0, 330.0)"
1770301405.277,595,2,"(682.0, 330.0)"
1770301405.288,595,2,"(341.0, 352.0)"
1770301405.298,595,2,"(511.0, 363.0)"
1770301405.31,595,2,"(596.0, 374.0)"
1770301405.321,595,2,"(341.0, 385.0)"
1770301405.332,595,2,"(341.0, 396.0)"
1770301405.342,595,2,"(426.0, 396.0)"
1770301405.354,595,2,"(426.0, 418.0)"
1770301405.364,595,2,"(682.0, 429.0)"
1770301405.376,595,2,"(852.0, 451.0)"
1770301405.386,595,2,"(767.0, 462.0)"
1770301405.397,595,2,"(511.0, 484.0)"
1770301405.407,595,2,"(511.0, 484.0)"
1770301405.418,595,2,"(511.0, 484.0)"
1770301405.428,595,2,"(511.0, 484.0)"
1770301405.439,595,2,"(511.0, 495.0)"
1770301405.45,595,2,"(682.0, 495.0)"
1770301405.46,595,2,"(596.0, 495.0)"
1770301405.471,595,2,"(511.0, 495.0)"
1770301405.481,595,2,"(511.0, 495.0)"
1770301405.494,595,2,"(511.0, 484.0)"
1770301405.504,595,2,"(511.0, 473.0)"
1770301405.515,595,2,"(426.0, 462.0)"
1770301405.526,595,2,"(596.0, 462.0)"
1770301405.537,595,2,"(511.0, 440.0)"
1770301405.548,595,2,"(511.0, 429.0)"
1770301405.56,595,2,"(511.0, 418.0)"
1770301405.57,595,2,"(511.0, 418.0)"
1770301405.58,595,2,"(511.0, 418.0)"
1770301405.592,595,2,"(596.0, 418.0)"
1770301405.603,595,2,"(682.0, 396.0)"
1770301405.613,595,2,"(511.0, 385.0)"
1770301405.625,595,2,"(426.0, 363.0)"
1770301405.636,595,2,"(426.0, 341.0)"
1770301405.648,595,2,"(511.0, 341.0)"
1770301405.659,595,2,"(341.0, 341.0)"
1770301405.669,595,2,"(341.0, 363.0)"
1770301405.68,595,2,"(255.0, 363.0)"
1770301405.69,595,2,"(511.0, 363.0)"
1770301405.7,595,2,"(511.0, 363.0)"
1770301405.711,595,2,"(511.0, 352.0)"
1770301405.721,595,2,"(511.0, 341.0)"
1770301405.732,595,2,"(426.0, 330.0)"
1770301405.744,595,2,"(426.0, 330.0)"
1770301405.754,595,2,"(426.0, 308.0)"
1770301405.765,595,2,"(511.0, 308.0)"
1770301405.777,595,2,"(511.0, 308.0)"
1770301405.787,595,2,"(511.0, 308.0)"
1770301405.798,595,2,"(511.0, 319.0)"
1770301405.81,595,2,"(426.0, 319.0)"
1770301405.821,595,2,"(596.0, 330.0)"
1770301405.831,595,2,"(341.0, 330.0)"
1770301405.842,595,2,"(341.0, 341.0)"
1770301405.853,595,2,"(426.0, 352.0)"
1770301405.864,595,2,"(341.0, 352.0)"
1770301405.876,595,2,"(511.0, 352.0)"
1770301405.887,595,2,"(426.0, 341.0)"
1770301405.898,595,2,"(426.0, 330.0)"
1770301405.909,595,2,"(255.0, 319.0)"
1770301405.919,595,2,"(255.0, 319.0)"
1770301405.93,595,2,"(426.0, 319.0)"
1770301405.942,595,2,"(426.0, 330.0)"
1770301405.953,595,2,"(426.0, 341.0)"
1770301405.964,595,2,"(341.0, 341.0)"
1770301405.976,595,2,"(596.0, 352.0)"
1770301405.986,595,2,"(341.0, 363.0)"
1770301405.997,595,2,"(341.0, 385.0)"
1770301406.01,595,2,"(596.0, 396.0)"
1770301406.02,595,2,"(255.0, 418.0)"
1770301406.031,595,2,"(596.0, 429.0)"
1770301406.043,595,2,"(596.0, 440.0)"
1770301406.053,595,2,"(511.0, 451.0)"
1770301406.064,595,2,"(682.0, 462.0)"
1770301406.076,595,2,"(682.0, 473.0)"
1770301406.087,595,2,"(682.0, 473.0)"
1770301406.098,595,2,"(596.0, 462.0)"
1770301406.11,595,2,"(426.0, 462.0)"
1770301406.121,595,2,"(511.0, 462.0)"
1770301406.131,595,2,"(341.0, 473.0)"
1770301406.143,595,2,"(596.0, 484.0)"
1770301406.153,595,2,"(511.0, 495.0)"
1770301406.164,595,2,"(511.0, 495.0)"
1770301406.174,595,2,"(767.0, 484.0)"
1770301406.185,595,2,"(596.0, 473.0)"
1770301406.195,595,2,"(426.0, 462.0)"
1770301406.206,595,2,"(341.0, 451.0)"
1770301406.216,595,2,"(511.0, 440.0)"
1770301406.227,595,2,"(511.0, 440.0)"
1770301406.238,595,2,"(341.0, 440.0)"
1770301406.248,595,2,"(426.0, 440.0)"
1770301406.259,595,2,"(426.0, 440.0)"
1770301406.269,595,2,"(511.0, 429.0)"
1770301406.28,595,2,"(596.0, 429.0)"
1770301406.291,595,2,"(682.0, 418.0)"
1770301406.302,595,2,"(596.0, 418.0)"
1770301406.313,595,2,"(511.0, 407.0)"
1770301406.323,595,2,"(682.0, 407.0)"
1770301406.334,595,2,"(426.0, 396.0)"
1770301406.344,595,2,"(255.0, 396.0)"
1770301406.354,595,2,"(511.0, 396.0)"
1770301406.364,595,2,"(426.0, 407.0)"
1770301406.376,595,2,"(682.0, 407.0)"
1770301406.387,595,2,"(511.0, 418.0)"
1770301406.398,595,2,"(426.0, 418.0)"
1770301406.412,595,2,"(170.0, 429.0)"
1770301406.422,595,2,"(341.0, 451.0)"
1770301406.432,595,2,"(426.0, 462.0)"
1770301406.442,595,2,"(341.0, 473.0)"
1770301406.454,595,2,"(511.0, 484.0)"
1770301406.464,595,2,"(511.0, 484.0)"
1770301406.474,595,2,"(426.0, 484.0)"
1770301406.484,595,2,"(511.0, 495.0)"
1770301406.495,595,2,"(682.0, 495.0)"
1770301406.505,595,2,"(596.0, 506.0)"
1770301406.515,595,2,"(511.0, 506.0)"
1770301406.527,595,2,"(511.0, 506.0)"
1770301406.539,595,2,"(511.0, 506.0)"
1770301406.55,595,2,"(341.0, 506.0)"
1770301406.562,595,2,"(511.0, 506.0)"
1770301406.574,595,2,"(511.0, 506.0)"
1770301406.584,595,2,"(511.0, 495.0)"
1770301406.595,595,2,"(596.0, 495.0)"
1770301406.605,595,2,"(511.0, 495.0)"
1770301406.616,595,2,"(511.0, 506.0)"
1770301406.627,595,2,"(426.0, 506.0)"
1770301406.638,595,2,"(511.0, 495.0)"
1770301406.648,595,2,"(596.0, 484.0)"
1770301406.659,595,2,"(682.0, 462.0)"
1770301406.67,595,2,"(511.0, 440.0)"
1770301406.68,595,2,"(426.0, 418.0)"
1770301406.691,595,2,"(596.0, 407.0)"
1770301406.702,595,2,"(596.0, 396.0)"
1770301406.713,595,2,"(511.0, 396.0)"
1770301406.723,595,2,"(682.0, 396.0)"
1770301406.734,595,2,"(596.0, 396.0)"
1770301406.746,595,2,"(426.0, 396.0)"
1770301406.757,595,2,"(511.0, 396.0)"
1770301406.768,595,2,"(511.0, 385.0)"
1770301406.78,595,2,"(596.0, 385.0)"
1770301406.79,595,2,"(426.0, 374.0)"
1770301406.801,595,2,"(255.0, 374.0)"
1770301406.812,595,2,"(596.0, 374.0)"
1770301406.824,595,2,"(255.0, 385.0)"
1770301406.834,595,2,"(511.0, 385.0)"
1770301406.845,595,2,"(511.0, 396.0)"
1770301406.855,595,2,"(341.0, 396.0)"
1770301406.867,595,2,"(511.0, 396.0)"
1770301406.879,595,2,"(682.0, 396.0)"
1770301406.889,595,2,"(511.0, 396.0)"
1770301406.9,595,2,"(341.0, 407.0)"
1770301406.91,595,2,"(511.0, 407.0)"
1770301406.92,595,2,"(341.0, 418.0)"
1770301406.931,595,2,"(426.0, 418.0)"
1770301406.941,595,2,"(511.0, 418.0)"
1770301406.952,595,2,"(682.0, 429.0)"
1770301406.962,595,2,"(596.0, 429.0)"
1770301406.972,595,2,"(767.0, 440.0)"
1770301406.983,595,2,"(682.0, 440.0)"
1770301406.994,595,2,"(341.0, 440.0)"
1770301407.005,595,2,"(341.0, 440.0)"
1770301407.015,595,2,"(255.0, 451.0)"
1770301407.026,595,2,"(341.0, 473.0)"
1770301407.036,595,2,"(426.0, 506.0)"
1770301407.047,595,2,"(596.0, 517.0)"
1770301407.057,595,2,"(511.0, 528.0)"
1770301407.068,595,2,"(511.0, 528.0)"
1770301407.08,595,2,"(426.0, 528.0)"
1770301407.09,595,2,"(255.0, 517.0)"
1770301407.1,595,2,"(511.0, 517.0)"
1770301407.111,595,2,"(426.0, 506.0)"
1770301407.121,595,2,"(511.0, 484.0)"
1770301407.133,595,2,"(511.0, 484.0)"
1770301407.143,595,2,"(511.0, 462.0)"
1770301407.153,595,2,"(511.0, 462.0)"
1770301407.165,595,2,"(511.0, 462.0)"
1770301407.175,595,2,"(341.0, 462.0)"
1770301407.186,595,2,"(426.0, 462.0)"
1770301407.196,595,2,"(426.0, 462.0)"
1770301407.206,595,2,"(511.0, 462.0)"
1770301407.217,595,2,"(767.0, 462.0)"
1770301407.227,595,2,"(511.0, 462.0)"
1770301407.237,595,2,"(511.0, 462.0)"
1770301407.249,595,2,"(511.0, 462.0)"
1770301407.26,595,2,"(255.0, 451.0)"
1770301407.271,595,2,"(426.0, 429.0)"
1770301407.282,595,2,"(511.0, 407.0)"
1770301407.294,595,2,"(511.0, 374.0)"
1770301407.304,595,2,"(426.0, 352.0)"
1770301407.316,595,2,"(426.0, 341.0)"
1770301407.327,595,2,"(511.0, 319.0)"
1770301407.338,595,2,"(426.0, 308.0)"
1770301407.35,595,2,"(426.0, 308.0)"
1770301407.361,595,2,"(341.0, 308.0)"
1770301407.371,595,2,"(255.0, 330.0)"
1770301407.381,595,2,"(511.0, 341.0)"
1770301407.393,595,2,"(426.0, 352.0)"
1770301407.404,595,2,"(341.0, 363.0)"
1770301407.416,595,2,"(852.0, 374.0)"
1770301407.426,595,2,"(511.0, 385.0)"
1770301407.437,595,2,"(426.0, 385.0)"
1770301407.449,595,2,"(511.0, 385.0)"
1770301407.459,595,2,"(511.0, 374.0)"
1770301407.469,595,2,"(511.0, 374.0)"
1770301407.481,595,2,"(596.0, 363.0)"
1770301407.491,595,2,"(341.0, 352.0)"
1770301407.501,595,2,"(511.0, 341.0)"
1770301407.512,595,2,"(426.0, 341.0)"
1770301407.523,595,2,"(511.0, 352.0)"
1770301407.533,595,2,"(596.0, 374.0)"
1770301407.544,595,2,"(682.0, 396.0)"
1770301407.554,595,2,"(511.0, 407.0)"
1770301407.565,595,2,"(511.0, 407.0)"
1770301407.575,595,2,"(596.0, 418.0)"
1770301407.585,595,2,"(511.0, 418.0)"
1770301407.595,595,2,"(511.0, 418.0)"
1770301407.605,595,2,"(596.0, 418.0)"
1770301407.616,595,2,"(426.0, 407.0)"
1770301407.626,595,2,"(511.0, 396.0)"
1770301407.638,595,2,"(511.0, 385.0)"
1770301407.649,595,2,"(511.0, 374.0)"
1770301407.659,595,2,"(511.0, 352.0)"
1770301407.67,595,2,"(426.0, 352.0)"
1770301407.68,595,2,"(511.0, 352.0)"
1770301407.69,595,2,"(341.0, 352.0)"
1770301407.701,595,2,"(511.0, 341.0)"
1770301407.712,595,2,"(426.0, 341.0)"
1770301407.724,595,2,"(596.0, 341.0)"
1770301407.734,595,2,"(341.0, 341.0)"
1770301407.745,595,2,"(511.0, 341.0)"
1770301407.755,595,2,"(596.0, 352.0)"
1770301407.766,595,2,"(511.0, 363.0)"
1770301407.777,595,2,"(426.0, 363.0)"
1770301407.787,595,2,"(511.0, 352.0)"
1770301407.799,595,2,"(511.0, 341.0)"
1770301407.81,595,2,"(596.0, 330.0)"
1770301407.822,595,2,"(511.0, 330.0)"
1770301407.834,595,2,"(426.0, 341.0)"
1770301407.844,595,2,"(511.0, 352.0)"
1770301407.855,595,2,"(511.0, 363.0)"
1770301407.865,595,2,"(511.0, 363.0)"
1770301407.876,595,2,"(426.0, 374.0)"
1770301407.887,595,2,"(426.0, 374.0)"
1770301407.897,595,2,"(511.0, 385.0)"
1770301407.908,595,2,"(596.0, 385.0)"
1770301414.058,595,3,"(511.0, 22.0)"
1770301414.069,595,3,"(511.0, 22.0)"
1770301414.08,595,3,"(511.0, 22.0)"
1770301414.09,595,3,"(511.0, 22.0)"
1770301414.1,595,3,"(511.0, 22.0)"
1770301414.11,595,3,"(511.0, 22.0)"
1770301414.122,595,3,"(511.0, 22.0)"
1770301414.134,595,3,"(511.0, 22.0)"
1770301414.144,595,3,"(511.0, 22.0)"
1770301414.155,595,3,"(511.0, 22.0)"
1770301414.166,595,3,"(511.0, 22.0)"
1770301414.176,595,3,"(511.0, 22.0)"
1770301414.188,595,3,"(511.0, 22.0)"
1770301414.198,595,3,"(511.0, 22.0)"
1770301414.209,595,3,"(511.0, 22.0)"
1770301414.222,595,3,"(511.0, 22.0)"
1770301414.232,595,3,"(511.0, 22.0)"
1770301414.243,595,3,"(511.0, 22.0)"
1770301414.254,595,3,"(511.0, 22.0)"
1770301414.264,595,3,"(511.0, 22.0)"
1770301414.275,595,3,"(511.0, 22.0)"
1770301414.287,595,3,"(511.0, 22.0)"
1770301414.299,595,3,"(511.0, 22.0)"
1770301414.309,595,3,"(511.0, 22.0)"
1770301414.32,595,3,"(511.0, 22.0)"
1770301414.331,595,3,"(511.0, 22.0)"
1770301414.342,595,3,"(511.0, 22.0)"
1770301414.352,595,3,"(511.0, 22.0)"
1770301414.362,595,3,"(511.0, 22.0)"
1770301414.372,595,3,"(511.0, 22.0)"
1770301414.382,595,3,"(511.0, 22.0)"
1770301414.394,595,3,"(511.0, 22.0)"
1770301414.405,595,3,"(511.0, 22.0)"
1770301414.415,595,3,"(511.0, 22.0)"
1770301414.426,595,3,"(511.0, 22.0)"
1770301414.437,595,3,"(511.0, 22.0)"
1770301414.448,595,3,"(511.0, 11.0)"
1770301414.459,595,3,"(511.0, 11.0)"
1770301414.471,595,3,"(511.0, 0.0)"
1770301414.482,595,3,"(511.0, 0.0)"
1770301414.494,595,3,"(511.0, 0.0)"
1770301414.505,595,3,"(511.0, 0.0)"
1770301414.517,595,3,"(511.0, 0.0)"
1770301414.527,595,3,"(511.0, 0.0)"
1770301414.538,595,3,"(511.0, 0.0)"
1770301414.549,595,3,"(511.0, 0.0)"
1770301414.559,595,3,"(511.0, 0.0)"
1770301414.569,595,3,"(511.0, 0.0)"
1770301414.579,595,3,"(511.0, 0.0)"
1770301414.59,595,3,"(511.0, 0.0)"
1770301414.601,595,3,"(511.0, 11.0)"
1770301414.611,595,3,"(511.0, 11.0)"
1770301414.622,595,3,"(511.0, 22.0)"
1770301414.633,595,3,"(511.0, 22.0)"
1770301414.643,595,3,"(511.0, 22.0)"
1770301414.657,595,3,"(511.0, 22.0)"
1770301414.668,595,3,"(511.0, 22.0)"
1770301414.678,595,3,"(511.0, 22.0)"
1770301414.692,595,3,"(511.0, 22.0)"
1770301414.702,595,3,"(511.0, 22.0)"
1770301414.712,595,3,"(511.0, 22.0)"
1770301414.724,595,3,"(511.0, 22.0)"
1770301414.734,595,3,"(511.0, 22.0)"
1770301414.744,595,3,"(511.0, 22.0)"
1770301414.755,595,3,"(511.0, 22.0)"
1770301414.765,595,3,"(511.0, 22.0)"
1770301414.777,595,3,"(511.0, 22.0)"
1770301414.789,595,3,"(511.0, 22.0)"
1770301414.8,595,3,"(511.0, 22.0)"
1770301414.811,595,3,"(511.0, 22.0)"
1770301414.821,595,3,"(511.0, 22.0)"
1770301414.832,595,3,"(511.0, 22.0)"
1770301414.842,595,3,"(511.0, 22.0)"
1770301414.854,595,3,"(511.0, 22.0)"
1770301414.864,595,3,"(511.0, 22.0)"
1770301414.875,595,3,"(511.0, 22.0)"
1770301414.885,595,3,"(511.0, 22.0)"
1770301414.897,595,3,"(511.0, 22.0)"
1770301414.908,595,3,"(511.0, 22.0)"
1770301414.919,595,3,"(511.0, 11.0)"
1770301414.929,595,3,"(511.0, 11.0)"
1770301414.94,595,3,"(511.0, 11.0)"
1770301414.95,595,3,"(511.0, 0.0)"
1770301414.961,595,3,"(511.0, 0.0)"
1770301414.972,595,3,"(511.0, 0.0)"
1770301414.983,595,3,"(511.0, 0.0)"
1770301414.994,595,3,"(511.0, 0.0)"
1770301415.004,595,3,"(511.0, 0.0)"
1770301415.015,595,3,"(511.0, 0.0)"
1770301415.025,595,3,"(511.0, 0.0)"
1770301415.036,595,3,"(511.0, 0.0)"
1770301415.046,595,3,"(511.0, 0.0)"
1770301415.057,595,3,"(511.0, 0.0)"
1770301415.069,595,3,"(511.0, 0.0)"
1770301415.08,595,3,"(511.0, 0.0)"
1770301415.091,595,3,"(511.0, 0.0)"
1770301415.102,595,3,"(511.0, 0.0)"
1770301415.113,595,3,"(511.0, 0.0)"
1770301415.126,595,3,"(511.0, 0.0)"
1770301415.137,595,3,"(511.0, 0.0)"
1770301415.148,595,3,"(511.0, 0.0)"
1770301415.16,595,3,"(511.0, 0.0)"
1770301415.17,595,3,"(511.0, 0.0)"
1770301415.18,595,3,"(511.0, 0.0)"
1770301415.191,595,3,"(511.0, 0.0)"
1770301415.203,595,3,"(511.0, 0.0)"
1770301415.214,595,3,"(511.0, 0.0)"
1770301415.225,595,3,"(511.0, 0.0)"
1770301415.236,595,3,"(511.0, 0.0)"
1770301415.246,595,3,"(511.0, 0.0)"
1770301415.257,595,3,"(511.0, 0.0)"
1770301415.268,595,3,"(511.0, 0.0)"
1770301415.278,595,3,"(511.0, 0.0)"
1770301415.288,595,3,"(511.0, 11.0)"
1770301415.299,595,3,"(511.0, 11.0)"
1770301415.309,595,3,"(511.0, 22.0)"
1770301415.32,595,3,"(511.0, 22.0)"
1770301415.334,595,3,"(511.0, 22.0)"
1770301415.347,595,3,"(511.0, 22.0)"
1770301415.358,595,3,"(511.0, 22.0)"
1770301415.369,595,3,"(511.0, 22.0)"
1770301415.38,595,3,"(511.0, 22.0)"
1770301415.39,595,3,"(511.0, 22.0)"
1770301415.4,595,3,"(511.0, 22.0)"
1770301415.412,595,3,"(511.0, 22.0)"
1770301415.423,595,3,"(511.0, 22.0)"
1770301415.434,595,3,"(511.0, 22.0)"
1770301415.445,595,3,"(511.0, 22.0)"
1770301415.455,595,3,"(511.0, 22.0)"
1770301415.466,595,3,"(511.0, 22.0)"
1770301415.476,595,3,"(511.0, 22.0)"
1770301415.487,595,3,"(511.0, 11.0)"
1770301415.499,595,3,"(511.0, 11.0)"
1770301415.509,595,3,"(511.0, 11.0)"
1770301415.519,595,3,"(511.0, 11.0)"
1770301415.53,595,3,"(511.0, 11.0)"
1770301415.541,595,3,"(511.0, 0.0)"
1770301415.552,595,3,"(511.0, 0.0)"
1770301415.562,595,3,"(511.0, 0.0)"
1770301415.574,595,3,"(511.0, 0.0)"
1770301415.587,595,3,"(511.0, 0.0)"
1770301415.597,595,3,"(511.0, 0.0)"
1770301415.608,595,3,"(511.0, 0.0)"
1770301415.619,595,3,"(511.0, 0.0)"
1770301415.63,595,3,"(511.0, 0.0)"
1770301415.64,595,3,"(511.0, 0.0)"
1770301415.652,595,3,"(511.0, 0.0)"
1770301415.663,595,3,"(511.0, 0.0)"
1770301415.673,595,3,"(511.0, 0.0)"
1770301415.684,595,3,"(511.0, 0.0)"
1770301415.695,595,3,"(511.0, 0.0)"
1770301415.705,595,3,"(511.0, 0.0)"
1770301415.716,595,3,"(511.0, 0.0)"
1770301415.728,595,3,"(511.0, 0.0)"
1770301415.738,595,3,"(511.0, 0.0)"
1770301415.748,595,3,"(511.0, 0.0)"
1770301415.759,595,3,"(511.0, 0.0)"
1770301415.77,595,3,"(511.0, 0.0)"
1770301415.78,595,3,"(511.0, 0.0)"
1770301415.79,595,3,"(511.0, 0.0)"
1770301415.801,595,3,"(511.0, 0.0)"
1770301415.811,595,3,"(511.0, 0.0)"
1770301415.822,595,3,"(511.0, 0.0)"
1770301415.833,595,3,"(511.0, 0.0)"
1770301415.844,595,3,"(511.0, 0.0)"
1770301415.854,595,3,"(511.0, 0.0)"
1770301415.864,595,3,"(511.0, 0.0)"
1770301415.875,595,3,"(511.0, 0.0)"
1770301415.885,595,3,"(511.0, 0.0)"
1770301415.896,595,3,"(511.0, 0.0)"
1770301415.907,595,3,"(511.0, 0.0)"
1770301415.918,595,3,"(511.0, 0.0)"
1770301415.929,595,3,"(511.0, 0.0)"
1770301415.94,595,3,"(511.0, 0.0)"
1770301415.951,595,3,"(511.0, 0.0)"
1770301415.962,595,3,"(511.0, 11.0)"
1770301415.972,595,3,"(511.0, 11.0)"
1770301415.983,595,3,"(511.0, 11.0)"
1770301415.994,595,3,"(511.0, 11.0)"
1770301416.005,595,3,"(511.0, 11.0)"
1770301416.016,595,3,"(511.0, 11.0)"
1770301416.026,595,3,"(511.0, 11.0)"
1770301416.038,595,3,"(511.0, 22.0)"
1770301416.049,595,3,"(511.0, 22.0)"
1770301416.059,595,3,"(511.0, 22.0)"
1770301416.07,595,3,"(511.0, 22.0)"
1770301416.08,595,3,"(511.0, 22.0)"
1770301416.091,595,3,"(511.0, 22.0)"
1770301416.102,595,3,"(511.0, 22.0)"
1770301416.113,595,3,"(511.0, 22.0)"
1770301416.124,595,3,"(511.0, 22.0)"
1770301416.134,595,3,"(511.0, 22.0)"
1770301416.144,595,3,"(511.0, 22.0)"
1770301416.155,595,3,"(511.0, 22.0)"
1770301416.165,595,3,"(511.0, 22.0)"
1770301416.176,595,3,"(511.0, 22.0)"
1770301416.187,595,3,"(511.0, 22.0)"
1770301416.197,595,3,"(511.0, 22.0)"
1770301416.207,595,3,"(511.0, 22.0)"
1770301416.217,595,3,"(511.0, 22.0)"
1770301416.229,595,3,"(511.0, 22.0)"
1770301416.241,595,3,"(511.0, 22.0)"
1770301416.251,595,3,"(511.0, 22.0)"
1770301416.262,595,3,"(511.0, 11.0)"
1770301416.273,595,3,"(511.0, 11.0)"
1770301416.283,595,3,"(511.0, 0.0)"
1770301416.293,595,3,"(511.0, 0.0)"
1770301416.304,595,3,"(511.0, 0.0)"
1770301416.314,595,3,"(511.0, 0.0)"
1770301416.325,595,3,"(511.0, 0.0)"
1770301416.335,595,3,"(511.0, 0.0)"
1770301416.346,595,3,"(511.0, 0.0)"
1770301416.356,595,3,"(511.0, 0.0)"
1770301416.366,595,3,"(511.0, 0.0)"
1770301416.379,595,3,"(511.0, 0.0)"
1770301416.389,595,3,"(511.0, 0.0)"
1770301416.4,595,3,"(511.0, 0.0)"
1770301416.411,595,3,"(511.0, 0.0)"
1770301416.422,595,3,"(511.0, 0.0)"
1770301416.432,595,3,"(511.0, 0.0)"
1770301416.443,595,3,"(511.0, 0.0)"
1770301416.453,595,3,"(511.0, 0.0)"
1770301416.464,595,3,"(511.0, 0.0)"
1770301416.475,595,3,"(511.0, 0.0)"
1770301416.485,595,3,"(511.0, 0.0)"
1770301416.496,595,3,"(511.0, 0.0)"
1770301416.506,595,3,"(511.0, 0.0)"
1770301416.518,595,3,"(511.0, 0.0)"
1770301416.529,595,3,"(511.0, 0.0)"
1770301416.539,595,3,"(511.0, 0.0)"
1770301416.551,595,3,"(511.0, 0.0)"
1770301416.561,595,3,"(511.0, 0.0)"
1770301416.572,595,3,"(511.0, 0.0)"
1770301416.582,595,3,"(511.0, 0.0)"
1770301416.594,595,3,"(511.0, 0.0)"
1770301416.604,595,3,"(511.0, 0.0)"
1770301416.615,595,3,"(511.0, 0.0)"
1770301416.625,595,3,"(511.0, 0.0)"
1770301416.636,595,3,"(511.0, 0.0)"
1770301416.647,595,3,"(511.0, 0.0)"
1770301416.658,595,3,"(511.0, 0.0)"
1770301416.669,595,3,"(511.0, 0.0)"
1770301416.68,595,3,"(511.0, 0.0)"
1770301416.691,595,3,"(511.0, 0.0)"
1770301416.701,595,3,"(511.0, 0.0)"
1770301416.712,595,3,"(511.0, 0.0)"
1770301416.722,595,3,"(511.0, 0.0)"
1770301416.732,595,3,"(511.0, 0.0)"
1770301416.742,595,3,"(511.0, 0.0)"
1770301416.754,595,3,"(511.0, 0.0)"
1770301416.765,595,3,"(511.0, 0.0)"
1770301416.775,595,3,"(511.0, 0.0)"
1770301416.785,595,3,"(511.0, 0.0)"
1770301416.795,595,3,"(511.0, 0.0)"
1770301416.806,595,3,"(511.0, 0.0)"
1770301416.818,595,3,"(511.0, 0.0)"
1770301416.829,595,3,"(511.0, 0.0)"
1770301416.839,595,3,"(511.0, 0.0)"
1770301416.851,595,3,"(511.0, 0.0)"
1770301416.862,595,3,"(511.0, 0.0)"
1770301416.873,595,3,"(511.0, 0.0)"
1770301416.884,595,3,"(511.0, 0.0)"
1770301416.894,595,3,"(511.0, 0.0)"
1770301416.905,595,3,"(511.0, 0.0)"
1770301416.916,595,3,"(511.0, 0.0)"
1770301416.927,595,3,"(511.0, 0.0)"
1770301416.938,595,3,"(511.0, 0.0)"
1770301416.948,595,3,"(511.0, 0.0)"
1770301416.958,595,3,"(511.0, 0.0)"
1770301416.969,595,3,"(511.0, 0.0)"
1770301416.981,595,3,"(511.0, 0.0)"
1770301416.991,595,3,"(511.0, 0.0)"
1770301417.002,595,3,"(511.0, 0.0)"
1770301417.014,595,3,"(511.0, 0.0)"
1770301417.025,595,3,"(511.0, 0.0)"
1770301417.035,595,3,"(511.0, 0.0)"
1770301417.047,595,3,"(511.0, 0.0)"
1770301417.057,595,3,"(511.0, 0.0)"
1770301486.595,595,4,"(529.0, 121.0)"
1770301486.606,595,4,"(529.0, 110.0)"
1770301486.617,595,4,"(529.0, 110.0)"
1770301486.628,595,4,"(529.0, 110.0)"
1770301486.639,595,4,"(529.0, 110.0)"
1770301486.649,595,4,"(529.0, 110.0)"
1770301486.659,595,4,"(529.0, 110.0)"
1770301486.669,595,4,"(529.0, 110.0)"
1770301486.68,595,4,"(529.0, 110.0)"
1770301486.69,595,4,"(529.0, 110.0)"
1770301486.701,595,4,"(529.0, 110.0)"
1770301486.711,595,4,"(529.0, 110.0)"
1770301486.721,595,4,"(529.0, 99.0)"
1770301486.731,595,4,"(529.0, 99.0)"
1770301486.742,595,4,"(529.0, 88.0)"
1770301486.754,595,4,"(529.0, 88.0)"
1770301486.764,595,4,"(529.0, 88.0)"
1770301486.775,595,4,"(529.0, 88.0)"
1770301486.785,595,4,"(529.0, 88.0)"
1770301486.797,595,4,"(529.0, 88.0)"
1770301486.807,595,4,"(529.0, 88.0)"
1770301486.817,595,4,"(529.0, 88.0)"
1770301486.828,595,4,"(564.0, 88.0)"
1770301486.838,595,4,"(529.0, 88.0)"
1770301486.848,595,4,"(529.0, 88.0)"
1770301486.859,595,4,"(529.0, 99.0)"
1770301486.87,595,4,"(529.0, 99.0)"
1770301486.88,595,4,"(493.0, 110.0)"
1770301486.891,595,4,"(529.0, 110.0)"
1770301486.901,595,4,"(529.0, 110.0)"
1770301486.912,595,4,"(529.0, 110.0)"
1770301486.925,595,4,"(529.0, 121.0)"
1770301486.935,595,4,"(529.0, 121.0)"
1770301486.945,595,4,"(529.0, 132.0)"
1770301486.957,595,4,"(529.0, 132.0)"
1770301486.968,595,4,"(529.0, 132.0)"
1770301486.98,595,4,"(529.0, 132.0)"
1770301486.99,595,4,"(529.0, 132.0)"
1770301487.0,595,4,"(529.0, 132.0)"
1770301487.011,595,4,"(529.0, 143.0)"
1770301487.024,595,4,"(529.0, 143.0)"
1770301487.034,595,4,"(529.0, 154.0)"
1770301487.045,595,4,"(529.0, 154.0)"
1770301487.057,595,4,"(529.0, 154.0)"
1770301487.068,595,4,"(529.0, 154.0)"
1770301487.078,595,4,"(529.0, 154.0)"
1770301487.09,595,4,"(529.0, 154.0)"
1770301487.101,595,4,"(529.0, 154.0)"
1770301487.111,595,4,"(529.0, 154.0)"
1770301487.121,595,4,"(529.0, 143.0)"
1770301487.131,595,4,"(529.0, 143.0)"
1770301487.143,595,4,"(529.0, 132.0)"
1770301487.154,595,4,"(529.0, 132.0)"
1770301487.164,595,4,"(529.0, 132.0)"
1770301487.177,595,4,"(529.0, 132.0)"
1770301487.187,595,4,"(529.0, 132.0)"
1770301487.197,595,4,"(529.0, 143.0)"
1770301487.207,595,4,"(493.0, 143.0)"
1770301487.218,595,4,"(529.0, 154.0)"
1770301487.228,595,4,"(529.0, 154.0)"
1770301487.239,595,4,"(529.0, 154.0)"
1770301487.25,595,4,"(529.0, 154.0)"
1770301487.262,595,4,"(529.0, 154.0)"
1770301487.272,595,4,"(529.0, 154.0)"
1770301487.283,595,4,"(529.0, 143.0)"
1770301487.295,595,4,"(529.0, 143.0)"
1770301487.305,595,4,"(529.0, 132.0)"
1770301487.316,595,4,"(529.0, 132.0)"
1770301487.328,595,4,"(529.0, 132.0)"
1770301487.338,595,4,"(529.0, 132.0)"
1770301487.348,595,4,"(529.0, 132.0)"
1770301487.36,595,4,"(529.0, 132.0)"
1770301487.37,595,4,"(529.0, 132.0)"
1770301487.381,595,4,"(529.0, 132.0)"
1770301487.393,595,4,"(529.0, 132.0)"
1770301487.405,595,4,"(529.0, 121.0)"
1770301487.415,595,4,"(529.0, 121.0)"
1770301487.426,595,4,"(529.0, 110.0)"
1770301487.436,595,4,"(529.0, 88.0)"
1770301487.447,595,4,"(529.0, 88.0)"
1770301487.458,595,4,"(529.0, 77.0)"
1770301487.469,595,4,"(529.0, 66.0)"
1770301487.48,595,4,"(529.0, 77.0)"
1770301487.492,595,4,"(529.0, 77.0)"
1770301487.503,595,4,"(529.0, 88.0)"
1770301487.514,595,4,"(529.0, 88.0)"
1770301487.526,595,4,"(529.0, 88.0)"
1770301487.537,595,4,"(529.0, 88.0)"
1770301487.547,595,4,"(529.0, 88.0)"
1770301487.557,595,4,"(529.0, 99.0)"
1770301487.567,595,4,"(529.0, 99.0)"
1770301487.577,595,4,"(529.0, 99.0)"
1770301487.588,595,4,"(529.0, 88.0)"
1770301487.6,595,4,"(529.0, 88.0)"
1770301487.612,595,4,"(529.0, 88.0)"
1770301487.622,595,4,"(529.0, 88.0)"
1770301487.632,595,4,"(529.0, 88.0)"
1770301487.647,595,4,"(529.0, 88.0)"
1770301487.657,595,4,"(529.0, 88.0)"
1770301487.668,595,4,"(529.0, 88.0)"
1770301487.681,595,4,"(529.0, 88.0)"
1770301487.692,595,4,"(529.0, 88.0)"
1770301487.702,595,4,"(529.0, 99.0)"
1770301487.713,595,4,"(529.0, 99.0)"
1770301487.724,595,4,"(529.0, 110.0)"
1770301487.734,595,4,"(529.0, 110.0)"
1770301487.746,595,4,"(529.0, 110.0)"
1770301487.757,595,4,"(493.0, 110.0)"
1770301487.767,595,4,"(529.0, 110.0)"
1770301487.78,595,4,"(529.0, 99.0)"
1770301487.791,595,4,"(529.0, 88.0)"
1770301487.801,595,4,"(529.0, 88.0)"
1770301487.814,595,4,"(529.0, 88.0)"
1770301487.824,595,4,"(529.0, 88.0)"
1770301487.835,595,4,"(529.0, 88.0)"
1770301487.846,595,4,"(529.0, 88.0)"
1770301487.857,595,4,"(529.0, 88.0)"
1770301487.867,595,4,"(529.0, 88.0)"
1770301487.877,595,4,"(529.0, 88.0)"
1770301487.888,595,4,"(529.0, 88.0)"
1770301487.901,595,4,"(529.0, 88.0)"
1770301487.911,595,4,"(529.0, 88.0)"
1770301487.922,595,4,"(529.0, 88.0)"
1770301487.932,595,4,"(529.0, 88.0)"
1770301487.944,595,4,"(529.0, 88.0)"
1770301487.954,595,4,"(529.0, 88.0)"
1770301487.965,595,4,"(529.0, 88.0)"
1770301487.975,595,4,"(529.0, 88.0)"
1770301487.986,595,4,"(529.0, 88.0)"
1770301488.0,595,4,"(529.0, 88.0)"
1770301488.01,595,4,"(529.0, 88.0)"
1770301488.02,595,4,"(529.0, 88.0)"
1770301488.031,595,4,"(529.0, 88.0)"
1770301488.041,595,4,"(529.0, 88.0)"
1770301488.051,595,4,"(529.0, 88.0)"
1770301488.062,595,4,"(529.0, 88.0)"
1770301488.072,595,4,"(529.0, 88.0)"
1770301488.084,595,4,"(529.0, 88.0)"
1770301488.094,595,4,"(493.0, 88.0)"
1770301488.105,595,4,"(529.0, 88.0)"
1770301488.117,595,4,"(529.0, 88.0)"
1770301488.128,595,4,"(529.0, 99.0)"
1770301488.139,595,4,"(529.0, 99.0)"
1770301488.15,595,4,"(529.0, 110.0)"
1770301488.161,595,4,"(529.0, 110.0)"
1770301488.172,595,4,"(529.0, 110.0)"
1770301488.183,595,4,"(529.0, 110.0)"
1770301488.195,595,4,"(529.0, 110.0)"
1770301488.205,595,4,"(529.0, 110.0)"
1770301488.217,595,4,"(529.0, 110.0)"
1770301488.228,595,4,"(529.0, 110.0)"
1770301488.239,595,4,"(529.0, 110.0)"
1770301488.249,595,4,"(529.0, 110.0)"
1770301488.259,595,4,"(529.0, 121.0)"
1770301488.269,595,4,"(529.0, 121.0)"
1770301488.28,595,4,"(529.0, 121.0)"
1770301488.29,595,4,"(529.0, 110.0)"
1770301488.301,595,4,"(529.0, 110.0)"
1770301488.312,595,4,"(529.0, 110.0)"
1770301488.323,595,4,"(529.0, 110.0)"
1770301488.334,595,4,"(529.0, 110.0)"
1770301488.344,595,4,"(529.0, 110.0)"
1770301488.354,595,4,"(529.0, 110.0)"
1770301488.366,595,4,"(529.0, 110.0)"
1770301488.377,595,4,"(529.0, 110.0)"
1770301488.388,595,4,"(529.0, 110.0)"
1770301488.399,595,4,"(529.0, 110.0)"
1770301488.409,595,4,"(529.0, 110.0)"
1770301488.419,595,4,"(529.0, 110.0)"
1770301488.431,595,4,"(529.0, 110.0)"
1770301488.441,595,4,"(529.0, 110.0)"
1770301488.452,595,4,"(529.0, 110.0)"
1770301488.464,595,4,"(529.0, 110.0)"
1770301488.476,595,4,"(529.0, 110.0)"
1770301488.487,595,4,"(529.0, 110.0)"
1770301488.498,595,4,"(529.0, 99.0)"
1770301488.509,595,4,"(529.0, 99.0)"
1770301488.519,595,4,"(529.0, 88.0)"
1770301488.529,595,4,"(529.0, 88.0)"
1770301488.54,595,4,"(529.0, 99.0)"
1770301488.55,595,4,"(529.0, 99.0)"
1770301488.561,595,4,"(529.0, 110.0)"
1770301488.572,595,4,"(529.0, 110.0)"
1770301488.582,595,4,"(529.0, 99.0)"
1770301488.593,595,4,"(529.0, 99.0)"
1770301488.604,595,4,"(529.0, 88.0)"
1770301488.614,595,4,"(529.0, 88.0)"
1770301488.625,595,4,"(529.0, 88.0)"
1770301488.635,595,4,"(529.0, 88.0)"
1770301488.646,595,4,"(529.0, 88.0)"
1770301488.657,595,4,"(529.0, 88.0)"
1770301488.667,595,4,"(529.0, 88.0)"
1770301488.677,595,4,"(529.0, 99.0)"
1770301488.687,595,4,"(493.0, 110.0)"
1770301488.7,595,4,"(529.0, 110.0)"
1770301488.71,595,4,"(529.0, 110.0)"
1770301488.722,595,4,"(529.0, 110.0)"
1770301488.734,595,4,"(529.0, 110.0)"
1770301488.745,595,4,"(529.0, 110.0)"
1770301488.755,595,4,"(529.0, 110.0)"
1770301488.767,595,4,"(529.0, 110.0)"
1770301488.778,595,4,"(529.0, 110.0)"
1770301488.789,595,4,"(529.0, 99.0)"
1770301488.803,595,4,"(529.0, 99.0)"
1770301488.813,595,4,"(529.0, 99.0)"
1770301488.824,595,4,"(529.0, 99.0)"
1770301488.837,595,4,"(529.0, 88.0)"
1770301488.849,595,4,"(529.0, 88.0)"
1770301488.859,595,4,"(529.0, 88.0)"
1770301488.87,595,4,"(529.0, 88.0)"
1770301488.88,595,4,"(529.0, 88.0)"
1770301488.891,595,4,"(529.0, 88.0)"
1770301488.902,595,4,"(529.0, 88.0)"
1770301488.912,595,4,"(529.0, 88.0)"
1770301488.923,595,4,"(529.0, 88.0)"
1770301488.933,595,4,"(529.0, 88.0)"
1770301488.943,595,4,"(529.0, 88.0)"
1770301488.955,595,4,"(529.0, 88.0)"
1770301488.966,595,4,"(529.0, 88.0)"
1770301488.977,595,4,"(529.0, 88.0)"
1770301488.988,595,4,"(529.0, 88.0)"
1770301488.999,595,4,"(529.0, 99.0)"
1770301489.01,595,4,"(529.0, 110.0)"
1770301489.02,595,4,"(529.0, 110.0)"
1770301489.031,595,4,"(529.0, 110.0)"
1770301489.041,595,4,"(529.0, 110.0)"
1770301489.053,595,4,"(529.0, 121.0)"
1770301489.064,595,4,"(529.0, 121.0)"
1770301489.075,595,4,"(529.0, 121.0)"
1770301489.085,595,4,"(529.0, 121.0)"
1770301489.096,595,4,"(529.0, 121.0)"
1770301489.107,595,4,"(529.0, 121.0)"
1770301489.118,595,4,"(529.0, 132.0)"
1770301489.129,595,4,"(529.0, 132.0)"
1770301489.139,595,4,"(529.0, 132.0)"
1770301489.151,595,4,"(529.0, 132.0)"
1770301489.161,595,4,"(529.0, 132.0)"
1770301489.171,595,4,"(529.0, 132.0)"
1770301489.181,595,4,"(529.0, 132.0)"
1770301489.193,595,4,"(529.0, 143.0)"
1770301489.204,595,4,"(529.0, 143.0)"
1770301489.214,595,4,"(529.0, 154.0)"
1770301489.224,595,4,"(529.0, 154.0)"
1770301489.234,595,4,"(529.0, 154.0)"
1770301489.245,595,4,"(529.0, 143.0)"
1770301489.256,595,4,"(529.0, 143.0)"
1770301489.266,595,4,"(529.0, 143.0)"
1770301489.278,595,4,"(529.0, 143.0)"
1770301489.288,595,4,"(529.0, 143.0)"
1770301489.298,595,4,"(529.0, 143.0)"
1770301489.309,595,4,"(529.0, 154.0)"
1770301489.319,595,4,"(529.0, 154.0)"
1770301489.329,595,4,"(529.0, 154.0)"
1770301489.34,595,4,"(529.0, 154.0)"
1770301489.353,595,4,"(529.0, 154.0)"
1770301489.364,595,4,"(529.0, 154.0)"
1770301489.375,595,4,"(529.0, 154.0)"
1770301489.386,595,4,"(529.0, 154.0)"
1770301489.396,595,4,"(529.0, 154.0)"
1770301489.407,595,4,"(564.0, 154.0)"
1770301489.42,595,4,"(493.0, 154.0)"
1770301489.43,595,4,"(529.0, 154.0)"
1770301489.44,595,4,"(529.0, 154.0)"
1770301489.451,595,4,"(529.0, 154.0)"
1770301489.461,595,4,"(529.0, 143.0)"
1770301489.472,595,4,"(529.0, 143.0)"
1770301489.483,595,4,"(529.0, 132.0)"
1770301489.494,595,4,"(529.0, 132.0)"
1770301489.505,595,4,"(529.0, 132.0)"
1770301489.516,595,4,"(529.0, 132.0)"
1770301489.527,595,4,"(529.0, 121.0)"
1770301489.537,595,4,"(529.0, 121.0)"
1770301489.548,595,4,"(529.0, 110.0)"
1770301489.558,595,4,"(529.0, 110.0)"
1770301489.568,595,4,"(529.0, 110.0)"
1770301489.579,595,4,"(529.0, 110.0)"
1770301489.59,595,4,"(529.0, 110.0)"
1770301489.601,595,4,"(529.0, 110.0)"
1770301523.674,595,1,"(529.0, 44.0)"
1770301523.687,595,1,"(529.0, 44.0)"
1770301523.697,595,1,"(529.0, 44.0)"
1770301523.708,595,1,"(529.0, 44.0)"
1770301523.719,595,1,"(529.0, 44.0)"
1770301523.731,595,1,"(529.0, 44.0)"
1770301523.741,595,1,"(529.0, 44.0)"
1770301523.754,595,1,"(529.0, 44.0)"
1770301523.764,595,1,"(529.0, 44.0)"
1770301523.775,595,1,"(529.0, 44.0)"
1770301523.789,595,1,"(529.0, 44.0)"
1770301523.799,595,1,"(529.0, 44.0)"
1770301523.81,595,1,"(529.0, 44.0)"
1770301523.82,595,1,"(529.0, 44.0)"
1770301523.83,595,1,"(529.0, 44.0)"
1770301523.841,595,1,"(529.0, 44.0)"
1770301523.853,595,1,"(529.0, 44.0)"
1770301523.863,595,1,"(529.0, 44.0)"
1770301523.874,595,1,"(529.0, 33.0)"
1770301523.885,595,1,"(529.0, 33.0)"
1770301523.896,595,1,"(529.0, 22.0)"
1770301523.907,595,1,"(529.0, 22.0)"
1770301523.917,595,1,"(529.0, 22.0)"
1770301523.927,595,1,"(529.0, 22.0)"
1770301523.938,595,1,"(529.0, 22.0)"
1770301523.948,595,1,"(529.0, 22.0)"
1770301523.958,595,1,"(529.0, 22.0)"
1770301523.969,595,1,"(529.0, 22.0)"
1770301523.98,595,1,"(529.0, 22.0)"
1770301523.991,595,1,"(529.0, 22.0)"
1770301524.002,595,1,"(529.0, 22.0)"
1770301524.012,595,1,"(529.0, 22.0)"
1770301524.023,595,1,"(529.0, 22.0)"
1770301524.033,595,1,"(529.0, 22.0)"
1770301524.043,595,1,"(529.0, 22.0)"
1770301524.054,595,1,"(529.0, 22.0)"
1770301524.064,595,1,"(529.0, 22.0)"
1770301524.075,595,1,"(529.0, 22.0)"
1770301524.086,595,1,"(529.0, 22.0)"
1770301524.097,595,1,"(529.0, 22.0)"
1770301524.109,595,1,"(529.0, 22.0)"
1770301524.119,595,1,"(529.0, 22.0)"
1770301524.129,595,1,"(529.0, 22.0)"
1770301524.14,595,1,"(529.0, 22.0)"
1770301524.15,595,1,"(529.0, 22.0)"
1770301524.161,595,1,"(529.0, 22.0)"
1770301524.172,595,1,"(529.0, 22.0)"
1770301524.182,595,1,"(529.0, 22.0)"
1770301524.193,595,1,"(529.0, 22.0)"
1770301524.204,595,1,"(529.0, 22.0)"
1770301524.214,595,1,"(529.0, 22.0)"
1770301524.226,595,1,"(529.0, 22.0)"
1770301524.237,595,1,"(529.0, 22.0)"
1770301524.247,595,1,"(529.0, 22.0)"
1770301524.257,595,1,"(529.0, 22.0)"
1770301524.267,595,1,"(529.0, 22.0)"
1770301524.278,595,1,"(529.0, 22.0)"
1770301524.289,595,1,"(529.0, 22.0)"
1770301524.3,595,1,"(529.0, 22.0)"
1770301524.312,595,1,"(529.0, 22.0)"
1770301524.323,595,1,"(529.0, 22.0)"
1770301524.333,595,1,"(529.0, 22.0)"
1770301524.346,595,1,"(529.0, 22.0)"
1770301524.356,595,1,"(529.0, 22.0)"
1770301524.367,595,1,"(529.0, 22.0)"
1770301524.379,595,1,"(529.0, 22.0)"
1770301524.39,595,1,"(529.0, 22.0)"
1770301524.4,595,1,"(529.0, 22.0)"
1770301524.413,595,1,"(529.0, 22.0)"
1770301524.423,595,1,"(529.0, 22.0)"
1770301524.434,595,1,"(529.0, 22.0)"
1770301524.446,595,1,"(529.0, 22.0)"
1770301524.456,595,1,"(529.0, 22.0)"
1770301524.467,595,1,"(529.0, 22.0)"
1770301524.481,595,1,"(529.0, 22.0)"
1770301524.491,595,1,"(529.0, 22.0)"
1770301524.502,595,1,"(529.0, 22.0)"
1770301524.513,595,1,"(529.0, 22.0)"
1770301524.523,595,1,"(529.0, 22.0)"
1770301524.534,595,1,"(529.0, 11.0)"
1770301524.547,595,1,"(529.0, 11.0)"
1770301524.559,595,1,"(529.0, 0.0)"
1770301524.569,595,1,"(529.0, 0.0)"
1770301524.579,595,1,"(529.0, 0.0)"
1770301524.59,595,1,"(529.0, 0.0)"
1770301524.6,595,1,"(529.0, 0.0)"
1770301524.611,595,1,"(529.0, 11.0)"
1770301524.621,595,1,"(529.0, 11.0)"
1770301524.632,595,1,"(529.0, 22.0)"
1770301524.643,595,1,"(529.0, 22.0)"
1770301524.653,595,1,"(529.0, 22.0)"
1770301524.666,595,1,"(529.0, 22.0)"
1770301524.678,595,1,"(529.0, 22.0)"
1770301524.688,595,1,"(529.0, 22.0)"
1770301524.7,595,1,"(529.0, 22.0)"
1770301524.71,595,1,"(529.0, 22.0)"
1770301524.72,595,1,"(529.0, 22.0)"
1770301524.731,595,1,"(529.0, 22.0)"
1770301524.742,595,1,"(529.0, 22.0)"
1770301524.754,595,1,"(529.0, 22.0)"
1770301524.765,595,1,"(529.0, 22.0)"
1770301524.775,595,1,"(529.0, 22.0)"
1770301524.786,595,1,"(529.0, 22.0)"
1770301524.797,595,1,"(529.0, 22.0)"
1770301524.808,595,1,"(529.0, 22.0)"
1770301524.818,595,1,"(529.0, 22.0)"
1770301524.828,595,1,"(529.0, 22.0)"
1770301524.838,595,1,"(529.0, 22.0)"
1770301524.848,595,1,"(529.0, 22.0)"
1770301524.859,595,1,"(529.0, 22.0)"
1770301524.869,595,1,"(529.0, 22.0)"
1770301524.881,595,1,"(529.0, 22.0)"
1770301524.891,595,1,"(529.0, 22.0)"
1770301524.904,595,1,"(529.0, 22.0)"
1770301524.914,595,1,"(529.0, 22.0)"
1770301524.925,595,1,"(529.0, 22.0)"
1770301524.936,595,1,"(529.0, 22.0)"
1770301524.947,595,1,"(529.0, 22.0)"
1770301524.957,595,1,"(529.0, 22.0)"
1770301524.97,595,1,"(529.0, 22.0)"
1770301524.98,595,1,"(529.0, 11.0)"
1770301524.991,595,1,"(529.0, 11.0)"
1770301525.002,595,1,"(529.0, 11.0)"
1770301525.013,595,1,"(529.0, 0.0)"
1770301525.024,595,1,"(529.0, 0.0)"
1770301525.035,595,1,"(529.0, 0.0)"
1770301525.046,595,1,"(529.0, 0.0)"
1770301525.057,595,1,"(529.0, 0.0)"
1770301525.07,595,1,"(529.0, 0.0)"
1770301525.081,595,1,"(529.0, 0.0)"
1770301525.092,595,1,"(529.0, 0.0)"
1770301525.104,595,1,"(529.0, 0.0)"
1770301525.114,595,1,"(529.0, 0.0)"
1770301525.125,595,1,"(529.0, 0.0)"
1770301525.139,595,1,"(529.0, 0.0)"
1770301525.149,595,1,"(529.0, 0.0)"
1770301525.16,595,1,"(529.0, 0.0)"
1770301525.173,595,1,"(529.0, 0.0)"
1770301525.184,595,1,"(529.0, 0.0)"
1770301525.194,595,1,"(529.0, 0.0)"
1770301525.205,595,1,"(529.0, 0.0)"
1770301525.216,595,1,"(529.0, 0.0)"
1770301525.226,595,1,"(529.0, 0.0)"
1770301525.238,595,1,"(529.0, 0.0)"
1770301525.249,595,1,"(529.0, 11.0)"
1770301525.26,595,1,"(529.0, 11.0)"
1770301525.271,595,1,"(529.0, 22.0)"
1770301525.282,595,1,"(529.0, 22.0)"
1770301525.293,595,1,"(529.0, 22.0)"
1770301525.305,595,1,"(529.0, 22.0)"
1770301525.315,595,1,"(529.0, 22.0)"
1770301525.327,595,1,"(529.0, 22.0)"
1770301525.34,595,1,"(529.0, 22.0)"
1770301525.351,595,1,"(529.0, 22.0)"
1770301525.361,595,1,"(529.0, 22.0)"
1770301525.373,595,1,"(529.0, 22.0)"
1770301525.383,595,1,"(529.0, 22.0)"
1770301525.394,595,1,"(529.0, 22.0)"
1770301525.406,595,1,"(529.0, 22.0)"
1770301525.416,595,1,"(529.0, 22.0)"
1770301525.428,595,1,"(529.0, 22.0)"
1770301525.439,595,1,"(529.0, 22.0)"
1770301525.449,595,1,"(529.0, 22.0)"
1770301525.46,595,1,"(529.0, 22.0)"
1770301525.47,595,1,"(529.0, 22.0)"
1770301525.482,595,1,"(529.0, 22.0)"
1770301525.492,595,1,"(529.0, 22.0)"
1770301525.503,595,1,"(529.0, 22.0)"
1770301525.513,595,1,"(529.0, 22.0)"
1770301525.524,595,1,"(529.0, 22.0)"
1770301525.536,595,1,"(529.0, 22.0)"
1770301525.546,595,1,"(529.0, 22.0)"
1770301525.557,595,1,"(529.0, 22.0)"
1770301525.568,595,1,"(529.0, 22.0)"
1770301525.578,595,1,"(529.0, 22.0)"
1770301525.589,595,1,"(529.0, 22.0)"
1770301525.601,595,1,"(529.0, 22.0)"
1770301525.612,595,1,"(529.0, 22.0)"
1770301525.622,595,1,"(529.0, 22.0)"
1770301525.632,595,1,"(529.0, 22.0)"
1770301525.642,595,1,"(529.0, 22.0)"
1770301525.653,595,1,"(529.0, 22.0)"
1770301525.663,595,1,"(529.0, 22.0)"
1770301525.674,595,1,"(529.0, 22.0)"
1770301525.684,595,1,"(529.0, 22.0)"
1770301525.694,595,1,"(529.0, 22.0)"
1770301525.706,595,1,"(529.0, 22.0)"
1770301525.717,595,1,"(529.0, 22.0)"
1770301525.727,595,1,"(529.0, 22.0)"
1770301525.74,595,1,"(529.0, 22.0)"
1770301525.752,595,1,"(529.0, 22.0)"
1770301525.762,595,1,"(529.0, 22.0)"
1770301525.776,595,1,"(529.0, 22.0)"
1770301525.787,595,1,"(529.0, 22.0)"
1770301525.798,595,1,"(529.0, 22.0)"
1770301525.809,595,1,"(529.0, 22.0)"
1770301525.819,595,1,"(529.0, 22.0)"
1770301525.83,595,1,"(529.0, 22.0)"
1770301525.841,595,1,"(529.0, 22.0)"
1770301525.853,595,1,"(529.0, 22.0)"
1770301525.863,595,1,"(529.0, 22.0)"
1770301525.874,595,1,"(529.0, 22.0)"
1770301525.885,595,1,"(529.0, 22.0)"
1770301525.896,595,1,"(529.0, 22.0)"
1770301525.907,595,1,"(529.0, 22.0)"
1770301525.918,595,1,"(529.0, 22.0)"
1770301525.929,595,1,"(529.0, 22.0)"
1770301525.941,595,1,"(529.0, 22.0)"
1770301525.952,595,1,"(529.0, 22.0)"
1770301525.962,595,1,"(529.0, 22.0)"
1770301525.972,595,1,"(529.0, 22.0)"
1770301525.983,595,1,"(529.0, 22.0)"
1770301525.994,595,1,"(529.0, 22.0)"
1770301526.004,595,1,"(529.0, 22.0)"
1770301526.015,595,1,"(529.0, 22.0)"
1770301526.026,595,1,"(529.0, 22.0)"
1770301526.04,595,1,"(529.0, 22.0)"
1770301526.051,595,1,"(529.0, 22.0)"
1770301526.062,595,1,"(529.0, 22.0)"
1770301526.074,595,1,"(529.0, 22.0)"
1770301526.085,595,1,"(529.0, 22.0)"
1770301526.095,595,1,"(529.0, 22.0)"
1770301526.106,595,1,"(529.0, 22.0)"
1770301526.118,595,1,"(529.0, 22.0)"
1770301526.128,595,1,"(529.0, 22.0)"
1770301526.141,595,1,"(529.0, 22.0)"
1770301526.151,595,1,"(529.0, 22.0)"
1770301526.162,595,1,"(529.0, 22.0)"
1770301526.175,595,1,"(529.0, 22.0)"
1770301526.185,595,1,"(529.0, 22.0)"
1770301526.196,595,1,"(529.0, 22.0)"
1770301526.208,595,1,"(529.0, 22.0)"
1770301526.219,595,1,"(529.0, 22.0)"
1770301526.229,595,1,"(529.0, 22.0)"
1770301526.24,595,1,"(529.0, 22.0)"
1770301526.251,595,1,"(529.0, 33.0)"
1770301526.262,595,1,"(529.0, 33.0)"
1770301526.274,595,1,"(529.0, 44.0)"
1770301526.284,595,1,"(529.0, 44.0)"
1770301526.295,595,1,"(529.0, 44.0)"
1770301526.308,595,1,"(529.0, 44.0)"
1770301526.318,595,1,"(529.0, 44.0)"
1770301526.33,595,1,"(529.0, 44.0)"
1770301526.34,595,1,"(529.0, 44.0)"
1770301526.351,595,1,"(529.0, 44.0)"
1770301526.362,595,1,"(529.0, 44.0)"
1770301526.376,595,1,"(529.0, 44.0)"
1770301526.387,595,1,"(529.0, 44.0)"
1770301526.397,595,1,"(529.0, 44.0)"
1770301526.41,595,1,"(529.0, 44.0)"
1770301526.421,595,1,"(529.0, 44.0)"
1770301526.433,595,1,"(529.0, 44.0)"
1770301526.443,595,1,"(529.0, 44.0)"
1770301526.454,595,1,"(529.0, 44.0)"
1770301526.464,595,1,"(529.0, 44.0)"
1770301526.476,595,1,"(529.0, 44.0)"
1770301526.486,595,1,"(529.0, 33.0)"
1770301526.497,595,1,"(529.0, 33.0)"
1770301526.509,595,1,"(529.0, 22.0)"
1770301526.519,595,1,"(529.0, 22.0)"
1770301526.53,595,1,"(529.0, 22.0)"
1770301526.542,595,1,"(529.0, 22.0)"
1770301526.553,595,1,"(529.0, 22.0)"
1770301526.564,595,1,"(529.0, 22.0)"
1770301526.574,595,1,"(529.0, 22.0)"
1770301526.584,595,1,"(529.0, 22.0)"
1770301526.595,595,1,"(529.0, 22.0)"
1770301526.605,595,1,"(529.0, 22.0)"
1770301526.616,595,1,"(529.0, 22.0)"
1770301526.626,595,1,"(529.0, 22.0)"
1770301526.637,595,1,"(529.0, 22.0)"
1770301526.648,595,1,"(529.0, 22.0)"
1770301526.659,595,1,"(529.0, 22.0)"
1770301526.669,595,1,"(529.0, 22.0)"
1770301532.998,595,2,"(529.0, 352.0)"
1770301533.009,595,2,"(564.0, 363.0)"
1770301533.019,595,2,"(564.0, 363.0)"
1770301533.03,595,2,"(564.0, 374.0)"
1770301533.042,595,2,"(529.0, 374.0)"
1770301533.052,595,2,"(529.0, 385.0)"
1770301533.064,595,2,"(458.0, 385.0)"
1770301533.075,595,2,"(493.0, 374.0)"
1770301533.085,595,2,"(529.0, 352.0)"
1770301533.096,595,2,"(529.0, 341.0)"
1770301533.107,595,2,"(493.0, 330.0)"
1770301533.118,595,2,"(529.0, 330.0)"
1770301533.128,595,2,"(564.0, 341.0)"
1770301533.138,595,2,"(529.0, 341.0)"
1770301533.15,595,2,"(493.0, 341.0)"
1770301533.162,595,2,"(529.0, 341.0)"
1770301533.172,595,2,"(564.0, 319.0)"
1770301533.183,595,2,"(458.0, 319.0)"
1770301533.193,595,2,"(529.0, 308.0)"
1770301533.204,595,2,"(529.0, 308.0)"
1770301533.215,595,2,"(564.0, 308.0)"
1770301533.226,595,2,"(529.0, 308.0)"
1770301533.236,595,2,"(529.0, 308.0)"
1770301533.248,595,2,"(564.0, 308.0)"
1770301533.258,595,2,"(564.0, 297.0)"
1770301533.269,595,2,"(529.0, 297.0)"
1770301533.28,595,2,"(529.0, 286.0)"
1770301533.291,595,2,"(529.0, 275.0)"
1770301533.302,595,2,"(529.0, 264.0)"
1770301533.313,595,2,"(529.0, 264.0)"
1770301533.324,595,2,"(493.0, 253.0)"
1770301533.334,595,2,"(529.0, 242.0)"
1770301533.344,595,2,"(564.0, 253.0)"
1770301533.355,595,2,"(529.0, 253.0)"
1770301533.367,595,2,"(529.0, 242.0)"
1770301533.377,595,2,"(529.0, 231.0)"
1770301533.388,595,2,"(564.0, 231.0)"
1770301533.399,595,2,"(493.0, 231.0)"
1770301533.41,595,2,"(529.0, 231.0)"
1770301533.422,595,2,"(529.0, 242.0)"
1770301533.432,595,2,"(529.0, 242.0)"
1770301533.443,595,2,"(458.0, 242.0)"
1770301533.454,595,2,"(458.0, 242.0)"
1770301533.464,595,2,"(529.0, 253.0)"
1770301533.474,595,2,"(529.0, 253.0)"
1770301533.485,595,2,"(493.0, 264.0)"
1770301533.496,595,2,"(529.0, 264.0)"
1770301533.506,595,2,"(564.0, 253.0)"
1770301533.516,595,2,"(493.0, 253.0)"
1770301533.526,595,2,"(529.0, 253.0)"
1770301533.536,595,2,"(529.0, 264.0)"
1770301533.548,595,2,"(493.0, 264.0)"
1770301533.559,595,2,"(493.0, 275.0)"
1770301533.569,595,2,"(493.0, 275.0)"
1770301533.579,595,2,"(529.0, 275.0)"
1770301533.589,595,2,"(529.0, 264.0)"
1770301533.6,595,2,"(529.0, 253.0)"
1770301533.611,595,2,"(529.0, 242.0)"
1770301533.621,595,2,"(529.0, 242.0)"
1770301533.631,595,2,"(529.0, 242.0)"
1770301533.642,595,2,"(493.0, 242.0)"
1770301533.652,595,2,"(493.0, 253.0)"
1770301533.663,595,2,"(529.0, 253.0)"
1770301533.674,595,2,"(529.0, 253.0)"
1770301533.684,595,2,"(564.0, 242.0)"
1770301533.695,595,2,"(529.0, 242.0)"
1770301533.706,595,2,"(529.0, 231.0)"
1770301533.719,595,2,"(493.0, 231.0)"
1770301533.73,595,2,"(529.0, 220.0)"
1770301533.74,595,2,"(529.0, 209.0)"
1770301533.751,595,2,"(564.0, 198.0)"
1770301533.761,595,2,"(529.0, 198.0)"
1770301533.772,595,2,"(564.0, 209.0)"
1770301533.785,595,2,"(529.0, 209.0)"
1770301533.795,595,2,"(529.0, 198.0)"
1770301533.806,595,2,"(529.0, 187.0)"
1770301533.819,595,2,"(564.0, 187.0)"
1770301533.83,595,2,"(529.0, 187.0)"
1770301533.841,595,2,"(529.0, 187.0)"
1770301533.852,595,2,"(529.0, 187.0)"
1770301533.864,595,2,"(529.0, 198.0)"
1770301533.874,595,2,"(493.0, 198.0)"
1770301533.884,595,2,"(529.0, 198.0)"
1770301533.895,595,2,"(529.0, 198.0)"
1770301533.906,595,2,"(529.0, 187.0)"
1770301533.916,595,2,"(564.0, 187.0)"
1770301533.927,595,2,"(564.0, 176.0)"
1770301533.94,595,2,"(529.0, 176.0)"
1770301533.95,595,2,"(564.0, 187.0)"
1770301533.96,595,2,"(529.0, 187.0)"
1770301533.973,595,2,"(493.0, 198.0)"
1770301533.983,595,2,"(564.0, 209.0)"
1770301533.994,595,2,"(458.0, 209.0)"
1770301534.005,595,2,"(493.0, 220.0)"
1770301534.016,595,2,"(529.0, 220.0)"
1770301534.027,595,2,"(529.0, 220.0)"
1770301534.038,595,2,"(493.0, 220.0)"
1770301534.049,595,2,"(529.0, 209.0)"
1770301534.061,595,2,"(529.0, 209.0)"
1770301534.072,595,2,"(564.0, 209.0)"
1770301534.082,595,2,"(564.0, 209.0)"
1770301534.092,595,2,"(529.0, 220.0)"
1770301534.102,595,2,"(529.0, 231.0)"
1770301534.114,595,2,"(599.0, 242.0)"
1770301534.124,595,2,"(458.0, 253.0)"
1770301534.137,595,2,"(458.0, 253.0)"
1770301534.149,595,2,"(493.0, 264.0)"
1770301534.16,595,2,"(564.0, 264.0)"
1770301534.172,595,2,"(529.0, 264.0)"
1770301534.183,595,2,"(493.0, 264.0)"
1770301534.193,595,2,"(529.0, 264.0)"
1770301534.205,595,2,"(529.0, 275.0)"
1770301534.215,595,2,"(529.0, 264.0)"
1770301534.226,595,2,"(529.0, 264.0)"
1770301534.239,595,2,"(529.0, 264.0)"
1770301534.25,595,2,"(493.0, 242.0)"
1770301534.26,595,2,"(529.0, 242.0)"
1770301534.272,595,2,"(529.0, 242.0)"
1770301534.283,595,2,"(529.0, 253.0)"
1770301534.293,595,2,"(529.0, 253.0)"
1770301534.304,595,2,"(529.0, 264.0)"
1770301534.315,595,2,"(564.0, 286.0)"
1770301534.325,595,2,"(529.0, 297.0)"
1770301534.336,595,2,"(458.0, 308.0)"
1770301534.346,595,2,"(529.0, 319.0)"
1770301534.357,595,2,"(564.0, 330.0)"
1770301534.367,595,2,"(529.0, 319.0)"
1770301534.378,595,2,"(529.0, 319.0)"
1770301534.391,595,2,"(564.0, 308.0)"
1770301534.403,595,2,"(564.0, 308.0)"
1770301534.413,595,2,"(599.0, 308.0)"
1770301534.425,595,2,"(529.0, 308.0)"
1770301534.436,595,2,"(529.0, 308.0)"
1770301534.446,595,2,"(529.0, 308.0)"
1770301534.46,595,2,"(564.0, 319.0)"
1770301534.47,595,2,"(529.0, 319.0)"
1770301534.481,595,2,"(493.0, 319.0)"
1770301534.492,595,2,"(493.0, 319.0)"
1770301534.502,595,2,"(529.0, 319.0)"
1770301534.513,595,2,"(529.0, 319.0)"
1770301534.523,595,2,"(493.0, 319.0)"
1770301534.534,595,2,"(529.0, 319.0)"
1770301534.544,595,2,"(599.0, 330.0)"
1770301534.555,595,2,"(599.0, 330.0)"
1770301534.566,595,2,"(564.0, 330.0)"
1770301534.577,595,2,"(529.0, 330.0)"
1770301534.587,595,2,"(564.0, 319.0)"
1770301534.598,595,2,"(529.0, 308.0)"
1770301534.609,595,2,"(529.0, 308.0)"
1770301534.621,595,2,"(493.0, 297.0)"
1770301534.631,595,2,"(493.0, 297.0)"
1770301534.642,595,2,"(529.0, 286.0)"
1770301534.653,595,2,"(529.0, 286.0)"
1770301534.664,595,2,"(529.0, 286.0)"
1770301534.675,595,2,"(529.0, 286.0)"
1770301534.687,595,2,"(564.0, 286.0)"
1770301534.697,595,2,"(599.0, 286.0)"
1770301534.709,595,2,"(458.0, 297.0)"
1770301534.719,595,2,"(458.0, 308.0)"
1770301534.729,595,2,"(529.0, 319.0)"
1770301534.74,595,2,"(529.0, 330.0)"
1770301534.75,595,2,"(529.0, 352.0)"
1770301534.761,595,2,"(564.0, 363.0)"
1770301534.771,595,2,"(634.0, 374.0)"
1770301534.781,595,2,"(529.0, 363.0)"
1770301534.795,595,2,"(493.0, 363.0)"
1770301534.806,595,2,"(529.0, 341.0)"
1770301534.816,595,2,"(599.0, 330.0)"
1770301534.827,595,2,"(634.0, 330.0)"
1770301534.837,595,2,"(493.0, 330.0)"
1770301534.848,595,2,"(529.0, 341.0)"
1770301534.858,595,2,"(493.0, 352.0)"
1770301534.869,595,2,"(493.0, 363.0)"
1770301534.88,595,2,"(529.0, 374.0)"
1770301534.89,595,2,"(529.0, 374.0)"
1770301534.901,595,2,"(564.0, 385.0)"
1770301534.912,595,2,"(599.0, 385.0)"
1770301534.922,595,2,"(529.0, 385.0)"
1770301534.933,595,2,"(529.0, 396.0)"
1770301534.944,595,2,"(529.0, 385.0)"
1770301534.954,595,2,"(599.0, 374.0)"
1770301534.966,595,2,"(458.0, 374.0)"
1770301534.976,595,2,"(493.0, 374.0)"
1770301534.987,595,2,"(529.0, 363.0)"
1770301534.998,595,2,"(493.0, 352.0)"
1770301535.01,595,2,"(493.0, 341.0)"
1770301535.02,595,2,"(529.0, 330.0)"
1770301535.032,595,2,"(529.0, 330.0)"
1770301535.043,595,2,"(529.0, 330.0)"
1770301535.053,595,2,"(529.0, 330.0)"
1770301535.065,595,2,"(529.0, 330.0)"
1770301535.076,595,2,"(493.0, 330.0)"
1770301535.086,595,2,"(493.0, 319.0)"
1770301535.097,595,2,"(529.0, 308.0)"
1770301535.108,595,2,"(529.0, 297.0)"
1770301535.119,595,2,"(529.0, 275.0)"
1770301535.133,595,2,"(493.0, 264.0)"
1770301535.143,595,2,"(529.0, 253.0)"
1770301535.153,595,2,"(529.0, 242.0)"
1770301535.164,595,2,"(529.0, 242.0)"
1770301535.174,595,2,"(529.0, 231.0)"
1770301535.185,595,2,"(564.0, 231.0)"
1770301535.195,595,2,"(564.0, 220.0)"
1770301535.206,595,2,"(529.0, 220.0)"
1770301535.22,595,2,"(529.0, 220.0)"
1770301535.23,595,2,"(564.0, 209.0)"
1770301535.241,595,2,"(564.0, 198.0)"
1770301535.252,595,2,"(529.0, 187.0)"
1770301535.263,595,2,"(529.0, 187.0)"
1770301535.274,595,2,"(529.0, 187.0)"
1770301535.284,595,2,"(529.0, 187.0)"
1770301535.295,595,2,"(529.0, 187.0)"
1770301535.306,595,2,"(529.0, 198.0)"
1770301535.317,595,2,"(529.0, 198.0)"
1770301535.328,595,2,"(529.0, 198.0)"
1770301535.338,595,2,"(529.0, 187.0)"
1770301535.349,595,2,"(529.0, 187.0)"
1770301535.36,595,2,"(529.0, 176.0)"
1770301535.371,595,2,"(529.0, 176.0)"
1770301535.383,595,2,"(529.0, 176.0)"
1770301535.393,595,2,"(493.0, 176.0)"
1770301535.404,595,2,"(493.0, 176.0)"
1770301535.417,595,2,"(529.0, 176.0)"
1770301535.427,595,2,"(493.0, 176.0)"
1770301535.438,595,2,"(493.0, 187.0)"
1770301535.448,595,2,"(493.0, 198.0)"
1770301535.46,595,2,"(529.0, 209.0)"
1770301535.471,595,2,"(493.0, 220.0)"
1770301535.481,595,2,"(529.0, 220.0)"
1770301535.491,595,2,"(564.0, 220.0)"
1770301535.502,595,2,"(529.0, 231.0)"
1770301535.514,595,2,"(493.0, 242.0)"
1770301535.525,595,2,"(529.0, 253.0)"
1770301535.535,595,2,"(564.0, 253.0)"
1770301535.547,595,2,"(529.0, 242.0)"
1770301535.558,595,2,"(493.0, 242.0)"
1770301535.571,595,2,"(529.0, 242.0)"
1770301535.581,595,2,"(564.0, 242.0)"
1770301535.592,595,2,"(529.0, 253.0)"
1770301535.604,595,2,"(493.0, 253.0)"
1770301535.615,595,2,"(529.0, 264.0)"
1770301535.625,595,2,"(564.0, 264.0)"
1770301535.64,595,2,"(529.0, 264.0)"
1770301535.651,595,2,"(529.0, 264.0)"
1770301535.662,595,2,"(529.0, 275.0)"
1770301535.673,595,2,"(529.0, 275.0)"
1770301535.684,595,2,"(529.0, 286.0)"
1770301535.694,595,2,"(529.0, 275.0)"
1770301535.707,595,2,"(529.0, 264.0)"
1770301535.718,595,2,"(493.0, 253.0)"
1770301535.728,595,2,"(529.0, 242.0)"
1770301535.738,595,2,"(529.0, 231.0)"
1770301535.749,595,2,"(564.0, 220.0)"
1770301535.759,595,2,"(529.0, 209.0)"
1770301535.77,595,2,"(529.0, 198.0)"
1770301535.78,595,2,"(529.0, 198.0)"
1770301535.792,595,2,"(564.0, 198.0)"
1770301535.804,595,2,"(564.0, 198.0)"
1770301535.814,595,2,"(529.0, 198.0)"
1770301535.825,595,2,"(529.0, 209.0)"
1770301535.835,595,2,"(564.0, 209.0)"
1770301535.846,595,2,"(529.0, 209.0)"
1770301535.857,595,2,"(529.0, 209.0)"
1770301535.868,595,2,"(529.0, 220.0)"
1770301535.878,595,2,"(529.0, 220.0)"
1770301535.889,595,2,"(529.0, 220.0)"
1770301535.901,595,2,"(529.0, 220.0)"
1770301535.912,595,2,"(493.0, 220.0)"
1770301535.922,595,2,"(529.0, 220.0)"
1770301535.933,595,2,"(529.0, 242.0)"
1770301535.944,595,2,"(529.0, 242.0)"
1770301535.955,595,2,"(458.0, 264.0)"
1770301535.966,595,2,"(529.0, 264.0)"
1770301535.979,595,2,"(529.0, 275.0)"
1770301535.991,595,2,"(458.0, 275.0)"
1770301536.001,595,2,"(564.0, 286.0)"
1770301540.918,595,3,"(529.0, 22.0)"
1770301540.928,595,3,"(529.0, 22.0)"
1770301540.938,595,3,"(529.0, 22.0)"
1770301540.95,595,3,"(529.0, 22.0)"
1770301540.96,595,3,"(529.0, 22.0)"
1770301540.971,595,3,"(529.0, 22.0)"
1770301540.982,595,3,"(529.0, 22.0)"
1770301540.994,595,3,"(529.0, 22.0)"
1770301541.004,595,3,"(529.0, 22.0)"
1770301541.015,595,3,"(529.0, 22.0)"
1770301541.026,595,3,"(529.0, 22.0)"
1770301541.036,595,3,"(529.0, 22.0)"
1770301541.047,595,3,"(529.0, 22.0)"
1770301541.057,595,3,"(529.0, 22.0)"
1770301541.068,595,3,"(529.0, 22.0)"
1770301541.078,595,3,"(529.0, 22.0)"
1770301541.089,595,3,"(529.0, 22.0)"
1770301541.1,595,3,"(529.0, 22.0)"
1770301541.111,595,3,"(529.0, 22.0)"
1770301541.122,595,3,"(529.0, 22.0)"
1770301541.132,595,3,"(529.0, 22.0)"
1770301541.144,595,3,"(529.0, 22.0)"
1770301541.155,595,3,"(529.0, 22.0)"
1770301541.167,595,3,"(529.0, 22.0)"
1770301541.178,595,3,"(529.0, 22.0)"
1770301541.189,595,3,"(529.0, 22.0)"
1770301541.201,595,3,"(529.0, 22.0)"
1770301541.212,595,3,"(529.0, 22.0)"
1770301541.222,595,3,"(529.0, 22.0)"
1770301541.232,595,3,"(529.0, 22.0)"
1770301541.243,595,3,"(529.0, 22.0)"
1770301541.254,595,3,"(529.0, 22.0)"
1770301541.264,595,3,"(529.0, 22.0)"
1770301541.275,595,3,"(529.0, 22.0)"
1770301541.288,595,3,"(529.0, 22.0)"
1770301541.298,595,3,"(529.0, 22.0)"
1770301541.308,595,3,"(529.0, 11.0)"
1770301541.32,595,3,"(529.0, 11.0)"
1770301541.331,595,3,"(529.0, 0.0)"
1770301541.341,595,3,"(529.0, 0.0)"
1770301541.354,595,3,"(529.0, 0.0)"
1770301541.364,595,3,"(529.0, 0.0)"
1770301541.375,595,3,"(529.0, 0.0)"
1770301541.386,595,3,"(529.0, 0.0)"
1770301541.397,595,3,"(529.0, 0.0)"
1770301541.407,595,3,"(529.0, 0.0)"
1770301541.418,595,3,"(529.0, 0.0)"
1770301541.429,595,3,"(529.0, 0.0)"
1770301541.44,595,3,"(529.0, 0.0)"
1770301541.453,595,3,"(529.0, 0.0)"
1770301541.463,595,3,"(529.0, 0.0)"
1770301541.474,595,3,"(529.0, 0.0)"
1770301541.484,595,3,"(529.0, 0.0)"
1770301541.495,595,3,"(529.0, 0.0)"
1770301541.505,595,3,"(529.0, 0.0)"
1770301541.517,595,3,"(529.0, 0.0)"
1770301541.528,595,3,"(529.0, 0.0)"
1770301541.539,595,3,"(529.0, 0.0)"
1770301541.549,595,3,"(529.0, 0.0)"
1770301541.56,595,3,"(529.0, 0.0)"
1770301541.57,595,3,"(529.0, 0.0)"
1770301541.58,595,3,"(529.0, 11.0)"
1770301541.59,595,3,"(529.0, 11.0)"
1770301541.601,595,3,"(529.0, 22.0)"
1770301541.611,595,3,"(529.0, 11.0)"
1770301541.622,595,3,"(529.0, 11.0)"
1770301541.632,595,3,"(529.0, 11.0)"
1770301541.644,595,3,"(529.0, 11.0)"
1770301541.654,595,3,"(529.0, 11.0)"
1770301541.665,595,3,"(529.0, 22.0)"
1770301541.675,595,3,"(529.0, 22.0)"
1770301541.688,595,3,"(529.0, 22.0)"
1770301541.699,595,3,"(529.0, 22.0)"
1770301541.709,595,3,"(529.0, 22.0)"
1770301541.722,595,3,"(529.0, 22.0)"
1770301541.732,595,3,"(529.0, 22.0)"
1770301541.742,595,3,"(529.0, 22.0)"
1770301541.752,595,3,"(529.0, 22.0)"
1770301541.764,595,3,"(529.0, 22.0)"
1770301541.774,595,3,"(529.0, 22.0)"
1770301541.785,595,3,"(529.0, 22.0)"
1770301541.796,595,3,"(529.0, 22.0)"
1770301541.807,595,3,"(529.0, 22.0)"
1770301541.819,595,3,"(529.0, 22.0)"
1770301541.829,595,3,"(529.0, 22.0)"
1770301541.84,595,3,"(529.0, 22.0)"
1770301541.851,595,3,"(529.0, 22.0)"
1770301541.862,595,3,"(529.0, 22.0)"
1770301541.872,595,3,"(529.0, 22.0)"
1770301541.884,595,3,"(529.0, 22.0)"
1770301541.894,595,3,"(529.0, 22.0)"
1770301541.905,595,3,"(529.0, 22.0)"
1770301541.916,595,3,"(529.0, 22.0)"
1770301541.926,595,3,"(529.0, 11.0)"
1770301541.937,595,3,"(529.0, 11.0)"
1770301541.948,595,3,"(529.0, 0.0)"
1770301541.958,595,3,"(529.0, 0.0)"
1770301541.969,595,3,"(529.0, 11.0)"
1770301541.979,595,3,"(529.0, 11.0)"
1770301541.991,595,3,"(529.0, 22.0)"
1770301542.001,595,3,"(529.0, 22.0)"
1770301542.012,595,3,"(529.0, 22.0)"
1770301542.022,595,3,"(529.0, 22.0)"
1770301542.033,595,3,"(529.0, 22.0)"
1770301542.043,595,3,"(529.0, 22.0)"
1770301542.053,595,3,"(529.0, 22.0)"
1770301542.063,595,3,"(529.0, 22.0)"
1770301542.074,595,3,"(529.0, 22.0)"
1770301542.084,595,3,"(529.0, 22.0)"
1770301542.094,595,3,"(529.0, 22.0)"
1770301542.105,595,3,"(529.0, 22.0)"
1770301542.115,595,3,"(529.0, 22.0)"
1770301542.126,595,3,"(529.0, 22.0)"
1770301542.137,595,3,"(529.0, 22.0)"
1770301542.148,595,3,"(529.0, 22.0)"
1770301542.159,595,3,"(529.0, 22.0)"
1770301542.169,595,3,"(529.0, 22.0)"
1770301542.179,595,3,"(529.0, 22.0)"
1770301542.191,595,3,"(529.0, 22.0)"
1770301542.201,595,3,"(529.0, 22.0)"
1770301542.211,595,3,"(529.0, 22.0)"
1770301542.221,595,3,"(529.0, 22.0)"
1770301542.232,595,3,"(529.0, 22.0)"
1770301542.245,595,3,"(529.0, 22.0)"
1770301542.255,595,3,"(529.0, 22.0)"
1770301542.265,595,3,"(529.0, 22.0)"
1770301542.276,595,3,"(529.0, 22.0)"
1770301542.286,595,3,"(529.0, 22.0)"
1770301542.297,595,3,"(529.0, 22.0)"
1770301542.307,595,3,"(529.0, 22.0)"
1770301542.318,595,3,"(529.0, 22.0)"
1770301542.329,595,3,"(529.0, 22.0)"
1770301542.339,595,3,"(529.0, 22.0)"
1770301542.35,595,3,"(529.0, 22.0)"
1770301542.361,595,3,"(529.0, 22.0)"
1770301542.371,595,3,"(529.0, 22.0)"
1770301542.382,595,3,"(529.0, 22.0)"
1770301542.392,595,3,"(529.0, 22.0)"
1770301542.403,595,3,"(529.0, 22.0)"
1770301542.414,595,3,"(529.0, 22.0)"
1770301542.424,595,3,"(529.0, 22.0)"
1770301542.435,595,3,"(529.0, 22.0)"
1770301542.446,595,3,"(529.0, 22.0)"
1770301542.457,595,3,"(529.0, 22.0)"
1770301542.467,595,3,"(529.0, 22.0)"
1770301542.479,595,3,"(529.0, 22.0)"
1770301542.49,595,3,"(529.0, 22.0)"
1770301542.5,595,3,"(529.0, 22.0)"
1770301542.511,595,3,"(529.0, 22.0)"
1770301542.522,595,3,"(529.0, 22.0)"
1770301542.533,595,3,"(529.0, 22.0)"
1770301542.544,595,3,"(529.0, 22.0)"
1770301542.555,595,3,"(529.0, 22.0)"
1770301542.565,595,3,"(529.0, 22.0)"
1770301542.576,595,3,"(529.0, 22.0)"
1770301542.586,595,3,"(529.0, 22.0)"
1770301542.596,595,3,"(529.0, 22.0)"
1770301542.607,595,3,"(529.0, 22.0)"
1770301542.617,595,3,"(529.0, 22.0)"
1770301542.627,595,3,"(529.0, 22.0)"
1770301542.638,595,3,"(529.0, 22.0)"
1770301542.648,595,3,"(529.0, 22.0)"
1770301542.658,595,3,"(529.0, 22.0)"
1770301542.669,595,3,"(529.0, 22.0)"
1770301542.679,595,3,"(529.0, 22.0)"
1770301542.689,595,3,"(529.0, 22.0)"
1770301542.7,595,3,"(529.0, 22.0)"
1770301542.71,595,3,"(529.0, 22.0)"
1770301542.721,595,3,"(529.0, 22.0)"
1770301542.735,595,3,"(529.0, 22.0)"
1770301542.746,595,3,"(529.0, 22.0)"
1770301542.756,595,3,"(529.0, 22.0)"
1770301542.768,595,3,"(529.0, 22.0)"
1770301542.779,595,3,"(529.0, 22.0)"
1770301542.79,595,3,"(529.0, 22.0)"
1770301542.802,595,3,"(529.0, 22.0)"
1770301542.812,595,3,"(529.0, 22.0)"
1770301542.822,595,3,"(529.0, 22.0)"
1770301542.834,595,3,"(529.0, 22.0)"
1770301542.844,595,3,"(529.0, 22.0)"
1770301542.856,595,3,"(529.0, 22.0)"
1770301542.868,595,3,"(529.0, 22.0)"
1770301542.878,595,3,"(529.0, 22.0)"
1770301542.889,595,3,"(529.0, 22.0)"
1770301542.899,595,3,"(529.0, 22.0)"
1770301542.91,595,3,"(529.0, 22.0)"
1770301542.92,595,3,"(529.0, 22.0)"
1770301542.93,595,3,"(529.0, 22.0)"
1770301542.942,595,3,"(529.0, 22.0)"
1770301542.954,595,3,"(529.0, 11.0)"
1770301542.964,595,3,"(529.0, 11.0)"
1770301542.974,595,3,"(529.0, 0.0)"
1770301542.984,595,3,"(529.0, 0.0)"
1770301542.994,595,3,"(529.0, 0.0)"
1770301543.004,595,3,"(529.0, 11.0)"
1770301543.014,595,3,"(529.0, 11.0)"
1770301543.025,595,3,"(529.0, 22.0)"
1770301543.035,595,3,"(529.0, 22.0)"
1770301543.045,595,3,"(529.0, 22.0)"
1770301543.057,595,3,"(529.0, 22.0)"
1770301543.067,595,3,"(529.0, 22.0)"
1770301543.078,595,3,"(529.0, 22.0)"
1770301543.088,595,3,"(529.0, 22.0)"
1770301543.098,595,3,"(529.0, 22.0)"
1770301543.109,595,3,"(529.0, 22.0)"
1770301543.12,595,3,"(529.0, 22.0)"
1770301543.131,595,3,"(529.0, 22.0)"
1770301543.141,595,3,"(529.0, 22.0)"
1770301543.154,595,3,"(529.0, 22.0)"
1770301543.164,595,3,"(529.0, 22.0)"
1770301543.175,595,3,"(529.0, 22.0)"
1770301543.185,595,3,"(529.0, 22.0)"
1770301543.195,595,3,"(529.0, 22.0)"
1770301543.205,595,3,"(529.0, 22.0)"
1770301543.216,595,3,"(529.0, 22.0)"
1770301543.228,595,3,"(529.0, 22.0)"
1770301543.239,595,3,"(529.0, 22.0)"
1770301543.249,595,3,"(529.0, 22.0)"
1770301543.26,595,3,"(529.0, 22.0)"
1770301543.272,595,3,"(529.0, 22.0)"
1770301543.283,595,3,"(529.0, 22.0)"
1770301543.294,595,3,"(529.0, 22.0)"
1770301543.305,595,3,"(529.0, 22.0)"
1770301543.316,595,3,"(529.0, 22.0)"
1770301543.326,595,3,"(529.0, 22.0)"
1770301543.339,595,3,"(529.0, 22.0)"
1770301543.349,595,3,"(529.0, 22.0)"
1770301543.359,595,3,"(529.0, 22.0)"
1770301543.372,595,3,"(529.0, 22.0)"
1770301543.382,595,3,"(529.0, 22.0)"
1770301543.392,595,3,"(529.0, 22.0)"
1770301543.403,595,3,"(529.0, 22.0)"
1770301543.414,595,3,"(529.0, 22.0)"
1770301543.424,595,3,"(529.0, 22.0)"
1770301543.436,595,3,"(529.0, 22.0)"
1770301543.446,595,3,"(529.0, 22.0)"
1770301543.456,595,3,"(529.0, 22.0)"
1770301543.466,595,3,"(529.0, 22.0)"
1770301543.477,595,3,"(529.0, 22.0)"
1770301543.489,595,3,"(529.0, 22.0)"
1770301543.5,595,3,"(529.0, 22.0)"
1770301543.51,595,3,"(529.0, 11.0)"
1770301543.523,595,3,"(529.0, 11.0)"
1770301543.534,595,3,"(529.0, 0.0)"
1770301543.545,595,3,"(529.0, 0.0)"
1770301543.556,595,3,"(529.0, 0.0)"
1770301543.567,595,3,"(529.0, 0.0)"
1770301543.578,595,3,"(529.0, 0.0)"
1770301543.589,595,3,"(529.0, 0.0)"
1770301543.6,595,3,"(529.0, 0.0)"
1770301543.611,595,3,"(529.0, 0.0)"
1770301543.622,595,3,"(529.0, 0.0)"
1770301543.633,595,3,"(529.0, 0.0)"
1770301543.643,595,3,"(529.0, 0.0)"
1770301543.655,595,3,"(529.0, 0.0)"
1770301543.666,595,3,"(529.0, 0.0)"
1770301543.676,595,3,"(529.0, 0.0)"
1770301543.687,595,3,"(529.0, 0.0)"
1770301543.698,595,3,"(529.0, 0.0)"
1770301543.708,595,3,"(529.0, 0.0)"
1770301543.72,595,3,"(529.0, 0.0)"
1770301543.731,595,3,"(529.0, 0.0)"
1770301543.741,595,3,"(529.0, 0.0)"
1770301543.754,595,3,"(529.0, 0.0)"
1770301543.764,595,3,"(529.0, 11.0)"
1770301543.775,595,3,"(529.0, 11.0)"
1770301543.786,595,3,"(529.0, 22.0)"
1770301543.796,595,3,"(529.0, 11.0)"
1770301543.807,595,3,"(529.0, 11.0)"
1770301543.819,595,3,"(529.0, 0.0)"
1770301543.83,595,3,"(529.0, 0.0)"
1770301543.84,595,3,"(529.0, 0.0)"
1770301543.852,595,3,"(529.0, 11.0)"
1770301543.863,595,3,"(529.0, 11.0)"
1770301543.874,595,3,"(529.0, 11.0)"
1770301543.887,595,3,"(529.0, 11.0)"
1770301543.898,595,3,"(529.0, 11.0)"
1770301543.909,595,3,"(529.0, 11.0)"
1770301549.186,595,4,"(529.0, 44.0)"
1770301549.197,595,4,"(529.0, 44.0)"
1770301549.208,595,4,"(529.0, 44.0)"
1770301549.219,595,4,"(529.0, 44.0)"
1770301549.23,595,4,"(529.0, 44.0)"
1770301549.241,595,4,"(529.0, 44.0)"
1770301549.252,595,4,"(529.0, 44.0)"
1770301549.263,595,4,"(529.0, 44.0)"
1770301549.274,595,4,"(529.0, 44.0)"
1770301549.285,595,4,"(529.0, 44.0)"
1770301549.297,595,4,"(529.0, 44.0)"
1770301549.308,595,4,"(529.0, 44.0)"
1770301549.318,595,4,"(529.0, 44.0)"
1770301549.328,595,4,"(529.0, 44.0)"
1770301549.339,595,4,"(529.0, 44.0)"
1770301549.351,595,4,"(529.0, 44.0)"
1770301549.362,595,4,"(529.0, 44.0)"
1770301549.372,595,4,"(529.0, 44.0)"
1770301549.386,595,4,"(529.0, 44.0)"
1770301549.396,595,4,"(529.0, 44.0)"
1770301549.406,595,4,"(529.0, 44.0)"
1770301549.416,595,4,"(529.0, 44.0)"
1770301549.427,595,4,"(529.0, 44.0)"
1770301549.438,595,4,"(529.0, 44.0)"
1770301549.449,595,4,"(529.0, 44.0)"
1770301549.459,595,4,"(529.0, 44.0)"
1770301549.47,595,4,"(529.0, 44.0)"
1770301549.48,595,4,"(529.0, 44.0)"
1770301549.491,595,4,"(529.0, 44.0)"
1770301549.503,595,4,"(529.0, 44.0)"
1770301549.514,595,4,"(529.0, 44.0)"
1770301549.524,595,4,"(529.0, 44.0)"
1770301549.537,595,4,"(529.0, 44.0)"
1770301549.547,595,4,"(529.0, 44.0)"
1770301549.559,595,4,"(529.0, 44.0)"
1770301549.57,595,4,"(529.0, 44.0)"
1770301549.581,595,4,"(529.0, 44.0)"
1770301549.591,595,4,"(529.0, 44.0)"
1770301549.601,595,4,"(529.0, 44.0)"
1770301549.611,595,4,"(529.0, 44.0)"
1770301549.622,595,4,"(529.0, 44.0)"
1770301549.633,595,4,"(529.0, 44.0)"
1770301549.644,595,4,"(529.0, 44.0)"
1770301549.654,595,4,"(529.0, 44.0)"
1770301549.664,595,4,"(529.0, 44.0)"
1770301549.675,595,4,"(529.0, 44.0)"
1770301549.688,595,4,"(529.0, 44.0)"
1770301549.699,595,4,"(529.0, 44.0)"
1770301549.71,595,4,"(529.0, 44.0)"
1770301549.72,595,4,"(529.0, 44.0)"
1770301549.731,595,4,"(529.0, 44.0)"
1770301549.742,595,4,"(529.0, 44.0)"
1770301549.754,595,4,"(529.0, 44.0)"
1770301549.764,595,4,"(529.0, 44.0)"
1770301549.775,595,4,"(529.0, 44.0)"
1770301549.788,595,4,"(529.0, 44.0)"
1770301549.798,595,4,"(529.0, 44.0)"
1770301549.809,595,4,"(529.0, 44.0)"
1770301549.819,595,4,"(529.0, 44.0)"
1770301549.83,595,4,"(529.0, 44.0)"
1770301549.841,595,4,"(529.0, 44.0)"
1770301549.851,595,4,"(529.0, 44.0)"
1770301549.862,595,4,"(529.0, 44.0)"
1770301549.872,595,4,"(529.0, 44.0)"
1770301549.883,595,4,"(529.0, 44.0)"
1770301549.893,595,4,"(529.0, 44.0)"
1770301549.904,595,4,"(529.0, 44.0)"
1770301549.914,595,4,"(529.0, 44.0)"
1770301549.924,595,4,"(529.0, 44.0)"
1770301549.936,595,4,"(529.0, 44.0)"
1770301549.947,595,4,"(529.0, 44.0)"
1770301549.958,595,4,"(529.0, 44.0)"
1770301549.969,595,4,"(529.0, 44.0)"
1770301549.98,595,4,"(529.0, 44.0)"
1770301549.99,595,4,"(529.0, 44.0)"
1770301550.003,595,4,"(529.0, 44.0)"
1770301550.013,595,4,"(529.0, 44.0)"
1770301550.023,595,4,"(529.0, 44.0)"
1770301550.037,595,4,"(529.0, 44.0)"
1770301550.048,595,4,"(529.0, 44.0)"
1770301550.058,595,4,"(529.0, 44.0)"
1770301550.069,595,4,"(529.0, 44.0)"
1770301550.08,595,4,"(529.0, 44.0)"
1770301550.091,595,4,"(529.0, 44.0)"
1770301550.102,595,4,"(529.0, 44.0)"
1770301550.112,595,4,"(529.0, 44.0)"
1770301550.122,595,4,"(529.0, 44.0)"
1770301550.134,595,4,"(529.0, 44.0)"
1770301550.144,595,4,"(529.0, 44.0)"
1770301550.155,595,4,"(529.0, 44.0)"
1770301550.165,595,4,"(529.0, 44.0)"
1770301550.176,595,4,"(529.0, 44.0)"
1770301550.187,595,4,"(529.0, 44.0)"
1770301550.197,595,4,"(529.0, 44.0)"
1770301550.207,595,4,"(529.0, 44.0)"
1770301550.22,595,4,"(529.0, 44.0)"
1770301550.231,595,4,"(529.0, 44.0)"
1770301550.241,595,4,"(529.0, 44.0)"
1770301550.253,595,4,"(529.0, 44.0)"
1770301550.263,595,4,"(529.0, 44.0)"
1770301550.274,595,4,"(529.0, 44.0)"
1770301550.285,595,4,"(529.0, 44.0)"
1770301550.295,595,4,"(529.0, 44.0)"
1770301550.306,595,4,"(529.0, 44.0)"
1770301550.319,595,4,"(529.0, 44.0)"
1770301550.33,595,4,"(529.0, 44.0)"
1770301550.341,595,4,"(529.0, 44.0)"
1770301550.354,595,4,"(529.0, 44.0)"
1770301550.364,595,4,"(529.0, 44.0)"
1770301550.374,595,4,"(529.0, 44.0)"
1770301550.387,595,4,"(529.0, 44.0)"
1770301550.397,595,4,"(529.0, 44.0)"
1770301550.408,595,4,"(529.0, 44.0)"
1770301550.421,595,4,"(529.0, 44.0)"
1770301550.432,595,4,"(529.0, 44.0)"
1770301550.442,595,4,"(529.0, 44.0)"
1770301550.453,595,4,"(529.0, 44.0)"
1770301550.464,595,4,"(529.0, 44.0)"
1770301550.474,595,4,"(529.0, 44.0)"
1770301550.484,595,4,"(529.0, 44.0)"
1770301550.494,595,4,"(529.0, 44.0)"
1770301550.505,595,4,"(529.0, 44.0)"
1770301550.516,595,4,"(529.0, 44.0)"
1770301550.527,595,4,"(529.0, 44.0)"
1770301550.538,595,4,"(529.0, 44.0)"
1770301550.549,595,4,"(529.0, 44.0)"
1770301550.56,595,4,"(529.0, 44.0)"
1770301550.571,595,4,"(529.0, 44.0)"
1770301550.581,595,4,"(529.0, 44.0)"
1770301550.593,595,4,"(529.0, 44.0)"
1770301550.604,595,4,"(529.0, 44.0)"
1770301550.615,595,4,"(529.0, 44.0)"
1770301550.625,595,4,"(529.0, 44.0)"
1770301550.636,595,4,"(529.0, 33.0)"
1770301550.647,595,4,"(529.0, 22.0)"
1770301550.657,595,4,"(529.0, 22.0)"
1770301550.668,595,4,"(529.0, 22.0)"
1770301550.679,595,4,"(529.0, 22.0)"
1770301550.689,595,4,"(529.0, 33.0)"
1770301550.702,595,4,"(529.0, 33.0)"
1770301550.712,595,4,"(529.0, 44.0)"
1770301550.723,595,4,"(529.0, 44.0)"
1770301550.737,595,4,"(529.0, 33.0)"
1770301550.748,595,4,"(529.0, 22.0)"
1770301550.758,595,4,"(529.0, 22.0)"
1770301550.769,595,4,"(529.0, 22.0)"
1770301550.779,595,4,"(529.0, 33.0)"
1770301550.789,595,4,"(529.0, 33.0)"
1770301550.799,595,4,"(529.0, 44.0)"
1770301550.81,595,4,"(529.0, 44.0)"
1770301550.82,595,4,"(529.0, 44.0)"
1770301550.831,595,4,"(529.0, 44.0)"
1770301550.841,595,4,"(529.0, 44.0)"
1770301550.854,595,4,"(529.0, 44.0)"
1770301550.864,595,4,"(529.0, 44.0)"
1770301550.874,595,4,"(529.0, 44.0)"
1770301550.884,595,4,"(529.0, 44.0)"
1770301550.895,595,4,"(529.0, 44.0)"
1770301550.905,595,4,"(529.0, 33.0)"
1770301550.915,595,4,"(529.0, 33.0)"
1770301550.925,595,4,"(529.0, 22.0)"
1770301550.935,595,4,"(529.0, 22.0)"
1770301550.946,595,4,"(529.0, 22.0)"
1770301550.957,595,4,"(529.0, 22.0)"
1770301550.969,595,4,"(529.0, 22.0)"
1770301550.98,595,4,"(529.0, 22.0)"
1770301550.991,595,4,"(529.0, 22.0)"
1770301551.002,595,4,"(529.0, 22.0)"
1770301551.012,595,4,"(529.0, 22.0)"
1770301551.023,595,4,"(529.0, 22.0)"
1770301551.035,595,4,"(529.0, 22.0)"
1770301551.046,595,4,"(529.0, 22.0)"
1770301551.057,595,4,"(529.0, 22.0)"
1770301551.068,595,4,"(529.0, 22.0)"
1770301551.078,595,4,"(529.0, 22.0)"
1770301551.089,595,4,"(529.0, 22.0)"
1770301551.101,595,4,"(529.0, 22.0)"
1770301551.112,595,4,"(529.0, 22.0)"
1770301551.122,595,4,"(529.0, 22.0)"
1770301551.133,595,4,"(529.0, 33.0)"
1770301551.144,595,4,"(529.0, 44.0)"
1770301551.155,595,4,"(529.0, 44.0)"
1770301551.165,595,4,"(529.0, 44.0)"
1770301551.176,595,4,"(529.0, 44.0)"
1770301551.187,595,4,"(529.0, 44.0)"
1770301551.197,595,4,"(529.0, 44.0)"
1770301551.208,595,4,"(529.0, 44.0)"
1770301551.219,595,4,"(529.0, 44.0)"
1770301551.229,595,4,"(529.0, 44.0)"
1770301551.239,595,4,"(529.0, 44.0)"
1770301551.252,595,4,"(529.0, 44.0)"
1770301551.264,595,4,"(529.0, 44.0)"
1770301551.274,595,4,"(529.0, 44.0)"
1770301551.286,595,4,"(529.0, 44.0)"
1770301551.297,595,4,"(529.0, 44.0)"
1770301551.308,595,4,"(529.0, 44.0)"
1770301551.319,595,4,"(529.0, 44.0)"
1770301551.329,595,4,"(529.0, 44.0)"
1770301551.34,595,4,"(529.0, 44.0)"
1770301551.352,595,4,"(529.0, 44.0)"
1770301551.363,595,4,"(529.0, 44.0)"
1770301551.373,595,4,"(529.0, 33.0)"
1770301551.385,595,4,"(529.0, 33.0)"
1770301551.395,595,4,"(529.0, 22.0)"
1770301551.405,595,4,"(529.0, 22.0)"
1770301551.418,595,4,"(529.0, 22.0)"
1770301551.429,595,4,"(529.0, 22.0)"
1770301551.439,595,4,"(529.0, 22.0)"
1770301551.452,595,4,"(529.0, 22.0)"
1770301551.462,595,4,"(529.0, 22.0)"
1770301551.472,595,4,"(529.0, 22.0)"
1770301551.485,595,4,"(529.0, 22.0)"
1770301551.495,595,4,"(529.0, 22.0)"
1770301551.506,595,4,"(529.0, 22.0)"
1770301551.518,595,4,"(529.0, 22.0)"
1770301551.528,595,4,"(529.0, 22.0)"
1770301551.539,595,4,"(529.0, 22.0)"
1770301551.551,595,4,"(529.0, 22.0)"
1770301551.562,595,4,"(529.0, 22.0)"
1770301551.572,595,4,"(529.0, 22.0)"
1770301551.582,595,4,"(529.0, 22.0)"
1770301551.594,595,4,"(529.0, 22.0)"
1770301551.604,595,4,"(529.0, 33.0)"
1770301551.619,595,4,"(529.0, 33.0)"
1770301551.631,595,4,"(529.0, 44.0)"
1770301551.643,595,4,"(529.0, 44.0)"
1770301551.653,595,4,"(529.0, 44.0)"
1770301551.664,595,4,"(529.0, 44.0)"
1770301551.675,595,4,"(529.0, 44.0)"
1770301551.686,595,4,"(529.0, 44.0)"
1770301551.697,595,4,"(529.0, 44.0)"
1770301551.707,595,4,"(529.0, 44.0)"
1770301551.718,595,4,"(529.0, 44.0)"
1770301551.728,595,4,"(529.0, 44.0)"
1770301551.739,595,4,"(529.0, 44.0)"
1770301551.75,595,4,"(529.0, 44.0)"
1770301551.761,595,4,"(529.0, 44.0)"
1770301551.772,595,4,"(529.0, 44.0)"
1770301551.782,595,4,"(529.0, 44.0)"
1770301551.793,595,4,"(529.0, 44.0)"
1770301551.805,595,4,"(529.0, 44.0)"
1770301551.815,595,4,"(529.0, 44.0)"
1770301551.826,595,4,"(529.0, 44.0)"
1770301551.838,595,4,"(529.0, 44.0)"
1770301551.848,595,4,"(529.0, 44.0)"
1770301551.859,595,4,"(529.0, 44.0)"
1770301551.871,595,4,"(529.0, 44.0)"
1770301551.882,595,4,"(529.0, 44.0)"
1770301551.892,595,4,"(529.0, 44.0)"
1770301551.906,595,4,"(529.0, 44.0)"
1770301551.916,595,4,"(529.0, 44.0)"
1770301551.927,595,4,"(529.0, 44.0)"
1770301551.937,595,4,"(529.0, 44.0)"
1770301551.948,595,4,"(529.0, 44.0)"
1770301551.958,595,4,"(529.0, 44.0)"
1770301551.97,595,4,"(529.0, 44.0)"
1770301551.981,595,4,"(529.0, 44.0)"
1770301551.992,595,4,"(529.0, 44.0)"
1770301552.003,595,4,"(529.0, 44.0)"
1770301552.014,595,4,"(529.0, 44.0)"
1770301552.024,595,4,"(529.0, 44.0)"
1770301552.034,595,4,"(529.0, 44.0)"
1770301552.045,595,4,"(529.0, 55.0)"
1770301552.055,595,4,"(529.0, 55.0)"
1770301552.066,595,4,"(529.0, 66.0)"
1770301552.076,595,4,"(529.0, 66.0)"
1770301552.086,595,4,"(529.0, 66.0)"
1770301552.098,595,4,"(529.0, 66.0)"
1770301552.109,595,4,"(529.0, 66.0)"
1770301552.12,595,4,"(529.0, 66.0)"
1770301552.13,595,4,"(529.0, 66.0)"
1770301552.141,595,4,"(529.0, 66.0)"
1770301552.154,595,4,"(529.0, 66.0)"
1770301552.164,595,4,"(529.0, 66.0)"
1770301552.175,595,4,"(529.0, 66.0)"
1770302054.641,589,1,"(511.0, 0.0)"
1770302054.653,589,1,"(511.0, 0.0)"
1770302054.663,589,1,"(511.0, 0.0)"
1770302054.675,589,1,"(511.0, 0.0)"
1770302054.685,589,1,"(511.0, 0.0)"
1770302054.697,589,1,"(511.0, 0.0)"
1770302054.707,589,1,"(511.0, 0.0)"
1770302054.717,589,1,"(511.0, 0.0)"
1770302054.727,589,1,"(511.0, 0.0)"
1770302054.738,589,1,"(511.0, 0.0)"
1770302054.748,589,1,"(511.0, 0.0)"
1770302054.758,589,1,"(511.0, 0.0)"
1770302054.768,589,1,"(511.0, 0.0)"
1770302054.779,589,1,"(511.0, 0.0)"
1770302054.79,589,1,"(511.0, 0.0)"
1770302054.801,589,1,"(511.0, 0.0)"
1770302054.811,589,1,"(511.0, 0.0)"
1770302054.821,589,1,"(511.0, 0.0)"
1770302054.833,589,1,"(511.0, 0.0)"
1770302054.844,589,1,"(511.0, 0.0)"
1770302054.854,589,1,"(511.0, 0.0)"
1770302054.865,589,1,"(511.0, 0.0)"
1770302054.876,589,1,"(511.0, 0.0)"
1770302054.886,589,1,"(511.0, 0.0)"
1770302054.896,589,1,"(511.0, 0.0)"
1770302054.907,589,1,"(511.0, 0.0)"
1770302054.918,589,1,"(511.0, 0.0)"
1770302054.928,589,1,"(511.0, 0.0)"
1770302054.939,589,1,"(511.0, 0.0)"
1770302054.949,589,1,"(511.0, 0.0)"
1770302054.959,589,1,"(511.0, 0.0)"
1770302054.97,589,1,"(511.0, 0.0)"
1770302054.98,589,1,"(511.0, 0.0)"
1770302054.991,589,1,"(511.0, 0.0)"
1770302055.002,589,1,"(511.0, 0.0)"
1770302055.014,589,1,"(511.0, 0.0)"
1770302055.025,589,1,"(511.0, 0.0)"
1770302055.036,589,1,"(511.0, 0.0)"
1770302055.047,589,1,"(511.0, 0.0)"
1770302055.058,589,1,"(511.0, 0.0)"
1770302055.068,589,1,"(511.0, 0.0)"
1770302055.079,589,1,"(511.0, 0.0)"
1770302055.09,589,1,"(511.0, 0.0)"
1770302055.1,589,1,"(511.0, 0.0)"
1770302055.111,589,1,"(511.0, 0.0)"
1770302055.122,589,1,"(511.0, 0.0)"
1770302055.133,589,1,"(511.0, 0.0)"
1770302055.143,589,1,"(511.0, 0.0)"
1770302055.154,589,1,"(511.0, 0.0)"
1770302055.166,589,1,"(511.0, 0.0)"
1770302055.176,589,1,"(511.0, 0.0)"
1770302055.186,589,1,"(511.0, 0.0)"
1770302055.197,589,1,"(511.0, 0.0)"
1770302055.207,589,1,"(511.0, 0.0)"
1770302055.217,589,1,"(511.0, 0.0)"
1770302055.228,589,1,"(511.0, 0.0)"
1770302055.239,589,1,"(511.0, 0.0)"
1770302055.249,589,1,"(511.0, 0.0)"
1770302055.26,589,1,"(511.0, 0.0)"
1770302055.27,589,1,"(511.0, 0.0)"
1770302055.281,589,1,"(511.0, 0.0)"
1770302055.292,589,1,"(511.0, 0.0)"
1770302055.302,589,1,"(511.0, 0.0)"
1770302055.312,589,1,"(511.0, 0.0)"
1770302055.322,589,1,"(511.0, 0.0)"
1770302055.334,589,1,"(511.0, 0.0)"
1770302055.344,589,1,"(511.0, 0.0)"
1770302055.355,589,1,"(511.0, 0.0)"
1770302055.366,589,1,"(511.0, 0.0)"
1770302055.376,589,1,"(511.0, 0.0)"
1770302055.386,589,1,"(511.0, 0.0)"
1770302055.397,589,1,"(511.0, 0.0)"
1770302055.408,589,1,"(511.0, 0.0)"
1770302055.419,589,1,"(511.0, 0.0)"
1770302055.431,589,1,"(511.0, 0.0)"
1770302055.442,589,1,"(511.0, 0.0)"
1770302055.456,589,1,"(511.0, 0.0)"
1770302055.467,589,1,"(511.0, 0.0)"
1770302055.477,589,1,"(511.0, 0.0)"
1770302055.489,589,1,"(511.0, 0.0)"
1770302055.5,589,1,"(511.0, 0.0)"
1770302055.511,589,1,"(511.0, 0.0)"
1770302055.523,589,1,"(511.0, 0.0)"
1770302055.534,589,1,"(511.0, 0.0)"
1770302055.544,589,1,"(511.0, 0.0)"
1770302055.556,589,1,"(511.0, 0.0)"
1770302055.566,589,1,"(511.0, 0.0)"
1770302055.577,589,1,"(511.0, 0.0)"
1770302055.587,589,1,"(511.0, 0.0)"
1770302055.598,589,1,"(511.0, 0.0)"
1770302055.609,589,1,"(511.0, 0.0)"
1770302055.619,589,1,"(511.0, 0.0)"
1770302055.631,589,1,"(511.0, 0.0)"
1770302055.642,589,1,"(511.0, 0.0)"
1770302055.656,589,1,"(511.0, 0.0)"
1770302055.666,589,1,"(511.0, 0.0)"
1770302055.677,589,1,"(511.0, 0.0)"
1770302055.691,589,1,"(511.0, 0.0)"
1770302055.702,589,1,"(511.0, 0.0)"
1770302055.713,589,1,"(511.0, 0.0)"
1770302055.723,589,1,"(511.0, 0.0)"
1770302055.734,589,1,"(511.0, 0.0)"
1770302055.745,589,1,"(511.0, 0.0)"
1770302055.756,589,1,"(511.0, 0.0)"
1770302055.767,589,1,"(511.0, 0.0)"
1770302055.777,589,1,"(511.0, 0.0)"
1770302055.789,589,1,"(511.0, 0.0)"
1770302055.8,589,1,"(511.0, 0.0)"
1770302055.81,589,1,"(511.0, 0.0)"
1770302055.823,589,1,"(511.0, 0.0)"
1770302055.833,589,1,"(511.0, 0.0)"
1770302055.844,589,1,"(511.0, 0.0)"
1770302055.856,589,1,"(511.0, 0.0)"
1770302055.867,589,1,"(511.0, 0.0)"
1770302055.878,589,1,"(511.0, 0.0)"
1770302055.889,589,1,"(511.0, 0.0)"
1770302055.9,589,1,"(511.0, 0.0)"
1770302055.911,589,1,"(511.0, 0.0)"
1770302055.923,589,1,"(511.0, 0.0)"
1770302055.934,589,1,"(511.0, 0.0)"
1770302055.944,589,1,"(511.0, 0.0)"
1770302055.955,589,1,"(511.0, 0.0)"
1770302055.966,589,1,"(511.0, 0.0)"
1770302055.976,589,1,"(511.0, 0.0)"
1770302055.989,589,1,"(511.0, 0.0)"
1770302055.999,589,1,"(511.0, 0.0)"
1770302056.009,589,1,"(511.0, 0.0)"
1770302056.021,589,1,"(511.0, 0.0)"
1770302056.031,589,1,"(511.0, 0.0)"
1770302056.042,589,1,"(511.0, 0.0)"
1770302056.056,589,1,"(511.0, 0.0)"
1770302056.071,589,1,"(511.0, 0.0)"
1770302056.081,589,1,"(511.0, 0.0)"
1770302056.091,589,1,"(511.0, 0.0)"
1770302056.105,589,1,"(511.0, 0.0)"
1770302056.116,589,1,"(511.0, 0.0)"
1770302056.128,589,1,"(511.0, 0.0)"
1770302056.138,589,1,"(511.0, 0.0)"
1770302056.148,589,1,"(511.0, 0.0)"
1770302056.158,589,1,"(511.0, 0.0)"
1770302056.169,589,1,"(511.0, 0.0)"
1770302056.18,589,1,"(511.0, 0.0)"
1770302056.19,589,1,"(511.0, 0.0)"
1770302056.2,589,1,"(511.0, 0.0)"
1770302056.211,589,1,"(511.0, 0.0)"
1770302056.221,589,1,"(511.0, 0.0)"
1770302056.231,589,1,"(511.0, 0.0)"
1770302056.242,589,1,"(511.0, 0.0)"
1770302056.255,589,1,"(511.0, 0.0)"
1770302056.265,589,1,"(511.0, 0.0)"
1770302056.276,589,1,"(511.0, 0.0)"
1770302056.287,589,1,"(511.0, 0.0)"
1770302056.298,589,1,"(511.0, 0.0)"
1770302056.309,589,1,"(511.0, 0.0)"
1770302056.321,589,1,"(511.0, 0.0)"
1770302056.332,589,1,"(511.0, 0.0)"
1770302056.342,589,1,"(511.0, 0.0)"
1770302056.354,589,1,"(511.0, 0.0)"
1770302056.364,589,1,"(511.0, 0.0)"
1770302056.374,589,1,"(511.0, 0.0)"
1770302056.387,589,1,"(511.0, 0.0)"
1770302056.397,589,1,"(511.0, 0.0)"
1770302056.408,589,1,"(511.0, 0.0)"
1770302056.418,589,1,"(511.0, 0.0)"
1770302056.429,589,1,"(511.0, 0.0)"
1770302056.439,589,1,"(511.0, 0.0)"
1770302056.449,589,1,"(511.0, 0.0)"
1770302056.46,589,1,"(511.0, 0.0)"
1770302056.472,589,1,"(511.0, 0.0)"
1770302056.482,589,1,"(511.0, 0.0)"
1770302056.493,589,1,"(511.0, 0.0)"
1770302056.503,589,1,"(511.0, 0.0)"
1770302056.513,589,1,"(511.0, 0.0)"
1770302056.523,589,1,"(511.0, 0.0)"
1770302056.533,589,1,"(511.0, 0.0)"
1770302056.544,589,1,"(511.0, 0.0)"
1770302056.555,589,1,"(511.0, 0.0)"
1770302056.566,589,1,"(511.0, 0.0)"
1770302056.577,589,1,"(511.0, 0.0)"
1770302056.589,589,1,"(511.0, 0.0)"
1770302056.601,589,1,"(511.0, 0.0)"
1770302056.611,589,1,"(511.0, 0.0)"
1770302056.623,589,1,"(511.0, 0.0)"
1770302056.634,589,1,"(511.0, 0.0)"
1770302056.644,589,1,"(511.0, 0.0)"
1770302056.656,589,1,"(511.0, 0.0)"
1770302056.667,589,1,"(511.0, 0.0)"
1770302056.677,589,1,"(511.0, 0.0)"
1770302056.69,589,1,"(511.0, 0.0)"
1770302056.701,589,1,"(511.0, 0.0)"
1770302056.712,589,1,"(511.0, 0.0)"
1770302056.723,589,1,"(511.0, 0.0)"
1770302056.733,589,1,"(511.0, 0.0)"
1770302056.744,589,1,"(511.0, 0.0)"
1770302056.756,589,1,"(511.0, 0.0)"
1770302056.766,589,1,"(511.0, 0.0)"
1770302056.777,589,1,"(511.0, 0.0)"
1770302056.789,589,1,"(511.0, 0.0)"
1770302056.801,589,1,"(511.0, 0.0)"
1770302056.812,589,1,"(511.0, 0.0)"
1770302056.824,589,1,"(511.0, 0.0)"
1770302056.834,589,1,"(511.0, 0.0)"
1770302056.845,589,1,"(511.0, 0.0)"
1770302056.856,589,1,"(511.0, 0.0)"
1770302056.866,589,1,"(511.0, 0.0)"
1770302056.877,589,1,"(511.0, 0.0)"
1770302056.89,589,1,"(511.0, 0.0)"
1770302056.901,589,1,"(511.0, 0.0)"
1770302056.911,589,1,"(511.0, 0.0)"
1770302056.922,589,1,"(511.0, 0.0)"
1770302056.933,589,1,"(511.0, 0.0)"
1770302056.944,589,1,"(511.0, 0.0)"
1770302056.955,589,1,"(511.0, 0.0)"
1770302056.965,589,1,"(511.0, 0.0)"
1770302056.975,589,1,"(511.0, 0.0)"
1770302056.988,589,1,"(511.0, 0.0)"
1770302056.998,589,1,"(511.0, 0.0)"
1770302057.008,589,1,"(511.0, 0.0)"
1770302057.018,589,1,"(511.0, 0.0)"
1770302057.029,589,1,"(511.0, 0.0)"
1770302057.039,589,1,"(511.0, 0.0)"
1770302057.049,589,1,"(511.0, 0.0)"
1770302057.059,589,1,"(511.0, 0.0)"
1770302057.07,589,1,"(511.0, 0.0)"
1770302057.081,589,1,"(511.0, 0.0)"
1770302057.091,589,1,"(511.0, 0.0)"
1770302057.102,589,1,"(511.0, 0.0)"
1770302057.113,589,1,"(511.0, 0.0)"
1770302057.123,589,1,"(511.0, 0.0)"
1770302057.134,589,1,"(511.0, 0.0)"
1770302057.144,589,1,"(511.0, 0.0)"
1770302057.155,589,1,"(511.0, 0.0)"
1770302057.165,589,1,"(511.0, 0.0)"
1770302057.176,589,1,"(511.0, 0.0)"
1770302057.187,589,1,"(511.0, 0.0)"
1770302057.197,589,1,"(511.0, 0.0)"
1770302057.209,589,1,"(511.0, 0.0)"
1770302057.221,589,1,"(511.0, 0.0)"
1770302057.231,589,1,"(511.0, 0.0)"
1770302057.241,589,1,"(511.0, 0.0)"
1770302057.253,589,1,"(511.0, 0.0)"
1770302057.264,589,1,"(511.0, 0.0)"
1770302057.274,589,1,"(511.0, 0.0)"
1770302057.284,589,1,"(511.0, 0.0)"
1770302057.295,589,1,"(511.0, 0.0)"
1770302057.305,589,1,"(511.0, 0.0)"
1770302057.316,589,1,"(511.0, 0.0)"
1770302057.326,589,1,"(511.0, 0.0)"
1770302057.338,589,1,"(511.0, 0.0)"
1770302057.348,589,1,"(511.0, 0.0)"
1770302057.359,589,1,"(511.0, 0.0)"
1770302057.371,589,1,"(511.0, 0.0)"
1770302057.381,589,1,"(511.0, 0.0)"
1770302057.391,589,1,"(511.0, 0.0)"
1770302057.403,589,1,"(511.0, 0.0)"
1770302057.413,589,1,"(511.0, 0.0)"
1770302057.423,589,1,"(511.0, 0.0)"
1770302057.435,589,1,"(511.0, 0.0)"
1770302057.446,589,1,"(511.0, 0.0)"
1770302057.456,589,1,"(511.0, 0.0)"
1770302057.467,589,1,"(511.0, 0.0)"
1770302057.477,589,1,"(511.0, 0.0)"
1770302057.487,589,1,"(511.0, 0.0)"
1770302057.497,589,1,"(511.0, 0.0)"
1770302057.508,589,1,"(511.0, 0.0)"
1770302057.521,589,1,"(511.0, 0.0)"
1770302057.533,589,1,"(511.0, 0.0)"
1770302057.543,589,1,"(511.0, 0.0)"
1770302057.555,589,1,"(511.0, 0.0)"
1770302057.566,589,1,"(511.0, 0.0)"
1770302057.576,589,1,"(511.0, 0.0)"
1770302057.588,589,1,"(511.0, 0.0)"
1770302057.598,589,1,"(511.0, 0.0)"
1770302057.608,589,1,"(511.0, 0.0)"
1770302057.62,589,1,"(511.0, 0.0)"
1770302057.63,589,1,"(511.0, 0.0)"
1770302057.641,589,1,"(511.0, 0.0)"
1770302065.661,589,2,"(767.0, 1002.0)"
1770302065.672,589,2,"(639.0, 1002.0)"
1770302065.682,589,2,"(511.0, 981.0)"
1770302065.692,589,2,"(639.0, 960.0)"
1770302065.702,589,2,"(255.0, 939.0)"
1770302065.714,589,2,"(511.0, 918.0)"
1770302065.724,589,2,"(511.0, 897.0)"
1770302065.736,589,2,"(511.0, 876.0)"
1770302065.746,589,2,"(511.0, 855.0)"
1770302065.758,589,2,"(511.0, 835.0)"
1770302065.768,589,2,"(511.0, 814.0)"
1770302065.778,589,2,"(511.0, 814.0)"
1770302065.789,589,2,"(511.0, 814.0)"
1770302065.8,589,2,"(511.0, 814.0)"
1770302065.811,589,2,"(511.0, 793.0)"
1770302065.822,589,2,"(383.0, 772.0)"
1770302065.832,589,2,"(511.0, 751.0)"
1770302065.843,589,2,"(767.0, 730.0)"
1770302065.854,589,2,"(639.0, 709.0)"
1770302065.864,589,2,"(511.0, 668.0)"
1770302065.875,589,2,"(511.0, 647.0)"
1770302065.886,589,2,"(895.0, 626.0)"
1770302065.896,589,2,"(255.0, 626.0)"
1770302065.907,589,2,"(383.0, 647.0)"
1770302065.918,589,2,"(255.0, 647.0)"
1770302065.929,589,2,"(383.0, 668.0)"
1770302065.94,589,2,"(511.0, 668.0)"
1770302065.951,589,2,"(383.0, 668.0)"
1770302065.961,589,2,"(511.0, 668.0)"
1770302065.972,589,2,"(511.0, 668.0)"
1770302065.982,589,2,"(511.0, 668.0)"
1770302065.994,589,2,"(511.0, 668.0)"
1770302066.005,589,2,"(383.0, 647.0)"
1770302066.015,589,2,"(511.0, 647.0)"
1770302066.026,589,2,"(511.0, 647.0)"
1770302066.037,589,2,"(511.0, 668.0)"
1770302066.048,589,2,"(639.0, 688.0)"
1770302066.059,589,2,"(895.0, 688.0)"
1770302066.07,589,2,"(639.0, 709.0)"
1770302066.08,589,2,"(767.0, 730.0)"
1770302066.092,589,2,"(383.0, 751.0)"
1770302066.103,589,2,"(767.0, 772.0)"
1770302066.114,589,2,"(511.0, 772.0)"
1770302066.125,589,2,"(767.0, 772.0)"
1770302066.136,589,2,"(639.0, 772.0)"
1770302066.146,589,2,"(255.0, 772.0)"
1770302066.158,589,2,"(255.0, 751.0)"
1770302066.169,589,2,"(511.0, 751.0)"
1770302066.179,589,2,"(511.0, 751.0)"
1770302066.193,589,2,"(511.0, 772.0)"
1770302066.204,589,2,"(383.0, 814.0)"
1770302066.215,589,2,"(383.0, 835.0)"
1770302066.225,589,2,"(895.0, 876.0)"
1770302066.236,589,2,"(895.0, 939.0)"
1770302066.248,589,2,"(511.0, 981.0)"
1770302066.258,589,2,"(639.0, 1002.0)"
1770302066.269,589,2,"(909.0, 1023.0)"
1770302066.28,589,2,"(767.0, 1023.0)"
1770302066.291,589,2,"(596.0, 1023.0)"
1770302066.301,589,2,"(511.0, 1023.0)"
1770302066.311,589,2,"(937.0, 1023.0)"
1770302066.321,589,2,"(255.0, 1023.0)"
1770302066.332,589,2,"(341.0, 1023.0)"
1770302066.344,589,2,"(682.0, 1023.0)"
1770302066.355,589,2,"(596.0, 1023.0)"
1770302066.366,589,2,"(511.0, 1023.0)"
1770302066.376,589,2,"(682.0, 1023.0)"
1770302066.388,589,2,"(937.0, 1023.0)"
1770302066.398,589,2,"(937.0, 1023.0)"
1770302066.41,589,2,"(426.0, 1023.0)"
1770302066.42,589,2,"(511.0, 1023.0)"
1770302066.43,589,2,"(596.0, 1023.0)"
1770302066.444,589,2,"(255.0, 1023.0)"
1770302066.455,589,2,"(596.0, 1007.0)"
1770302066.465,589,2,"(341.0, 1007.0)"
1770302066.477,589,2,"(596.0, 975.0)"
1770302066.487,589,2,"(596.0, 959.0)"
1770302066.498,589,2,"(511.0, 943.0)"
1770302066.511,589,2,"(511.0, 943.0)"
1770302066.521,589,2,"(596.0, 943.0)"
1770302066.531,589,2,"(426.0, 943.0)"
1770302066.542,589,2,"(596.0, 927.0)"
1770302066.552,589,2,"(511.0, 879.0)"
1770302066.564,589,2,"(511.0, 847.0)"
1770302066.576,589,2,"(426.0, 799.0)"
1770302066.587,589,2,"(341.0, 799.0)"
1770302066.598,589,2,"(426.0, 799.0)"
1770302066.61,589,2,"(341.0, 799.0)"
1770302066.62,589,2,"(170.0, 799.0)"
1770302066.631,589,2,"(341.0, 799.0)"
1770302066.643,589,2,"(341.0, 799.0)"
1770302066.653,589,2,"(341.0, 799.0)"
1770302066.663,589,2,"(341.0, 799.0)"
1770302066.676,589,2,"(511.0, 767.0)"
1770302066.687,589,2,"(511.0, 735.0)"
1770302066.697,589,2,"(426.0, 703.0)"
1770302066.71,589,2,"(596.0, 703.0)"
1770302066.721,589,2,"(511.0, 719.0)"
1770302066.732,589,2,"(511.0, 719.0)"
1770302066.743,589,2,"(511.0, 703.0)"
1770302066.754,589,2,"(426.0, 671.0)"
1770302066.764,589,2,"(426.0, 639.0)"
1770302066.778,589,2,"(341.0, 607.0)"
1770302066.788,589,2,"(341.0, 591.0)"
1770302066.799,589,2,"(511.0, 623.0)"
1770302066.811,589,2,"(426.0, 639.0)"
1770302066.822,589,2,"(341.0, 655.0)"
1770302066.833,589,2,"(255.0, 655.0)"
1770302066.844,589,2,"(682.0, 655.0)"
1770302066.855,589,2,"(682.0, 623.0)"
1770302066.865,589,2,"(596.0, 607.0)"
1770302066.876,589,2,"(596.0, 607.0)"
1770302066.887,589,2,"(682.0, 591.0)"
1770302066.898,589,2,"(511.0, 575.0)"
1770302066.909,589,2,"(511.0, 575.0)"
1770302066.919,589,2,"(426.0, 559.0)"
1770302066.93,589,2,"(511.0, 575.0)"
1770302066.941,589,2,"(596.0, 591.0)"
1770302066.951,589,2,"(682.0, 607.0)"
1770302066.962,589,2,"(596.0, 623.0)"
1770302066.973,589,2,"(767.0, 623.0)"
1770302066.983,589,2,"(511.0, 623.0)"
1770302066.995,589,2,"(511.0, 639.0)"
1770302067.006,589,2,"(596.0, 655.0)"
1770302067.017,589,2,"(682.0, 687.0)"
1770302067.029,589,2,"(511.0, 703.0)"
1770302067.041,589,2,"(596.0, 687.0)"
1770302067.051,589,2,"(426.0, 671.0)"
1770302067.062,589,2,"(511.0, 655.0)"
1770302067.073,589,2,"(511.0, 639.0)"
1770302067.083,589,2,"(511.0, 639.0)"
1770302067.095,589,2,"(511.0, 639.0)"
1770302067.105,589,2,"(511.0, 655.0)"
1770302067.116,589,2,"(426.0, 655.0)"
1770302067.128,589,2,"(255.0, 655.0)"
1770302067.139,589,2,"(511.0, 639.0)"
1770302067.149,589,2,"(596.0, 639.0)"
1770302067.161,589,2,"(596.0, 639.0)"
1770302067.171,589,2,"(682.0, 639.0)"
1770302067.182,589,2,"(511.0, 639.0)"
1770302067.193,589,2,"(511.0, 655.0)"
1770302067.204,589,2,"(511.0, 655.0)"
1770302067.215,589,2,"(596.0, 655.0)"
1770302067.226,589,2,"(341.0, 655.0)"
1770302067.237,589,2,"(255.0, 655.0)"
1770302067.248,589,2,"(511.0, 655.0)"
1770302067.258,589,2,"(426.0, 655.0)"
1770302067.269,589,2,"(426.0, 671.0)"
1770302067.28,589,2,"(511.0, 703.0)"
1770302067.291,589,2,"(511.0, 735.0)"
1770302067.302,589,2,"(511.0, 767.0)"
1770302067.314,589,2,"(255.0, 799.0)"
1770302067.325,589,2,"(170.0, 815.0)"
1770302067.335,589,2,"(341.0, 831.0)"
1770302067.349,589,2,"(341.0, 847.0)"
1770302067.359,589,2,"(255.0, 847.0)"
1770302067.369,589,2,"(341.0, 863.0)"
1770302067.381,589,2,"(682.0, 863.0)"
1770302067.391,589,2,"(426.0, 895.0)"
1770302067.401,589,2,"(341.0, 911.0)"
1770302067.412,589,2,"(596.0, 927.0)"
1770302067.423,589,2,"(511.0, 927.0)"
1770302067.433,589,2,"(511.0, 927.0)"
1770302067.444,589,2,"(426.0, 911.0)"
1770302067.454,589,2,"(511.0, 879.0)"
1770302067.465,589,2,"(682.0, 879.0)"
1770302067.476,589,2,"(511.0, 863.0)"
1770302067.487,589,2,"(426.0, 863.0)"
1770302067.498,589,2,"(511.0, 863.0)"
1770302067.509,589,2,"(511.0, 863.0)"
1770302067.52,589,2,"(682.0, 831.0)"
1770302067.53,589,2,"(511.0, 815.0)"
1770302067.54,589,2,"(511.0, 783.0)"
1770302067.551,589,2,"(511.0, 767.0)"
1770302067.561,589,2,"(255.0, 751.0)"
1770302067.572,589,2,"(426.0, 719.0)"
1770302067.583,589,2,"(596.0, 703.0)"
1770302067.593,589,2,"(511.0, 687.0)"
1770302067.603,589,2,"(682.0, 671.0)"
1770302067.614,589,2,"(255.0, 671.0)"
1770302067.625,589,2,"(341.0, 655.0)"
1770302067.636,589,2,"(426.0, 655.0)"
1770302067.646,589,2,"(341.0, 655.0)"
1770302067.657,589,2,"(511.0, 655.0)"
1770302067.668,589,2,"(511.0, 639.0)"
1770302067.68,589,2,"(511.0, 639.0)"
1770302067.69,589,2,"(511.0, 623.0)"
1770302067.7,589,2,"(511.0, 607.0)"
1770302067.711,589,2,"(426.0, 591.0)"
1770302067.722,589,2,"(426.0, 575.0)"
1770302067.732,589,2,"(426.0, 575.0)"
1770302067.742,589,2,"(341.0, 591.0)"
1770302067.752,589,2,"(341.0, 607.0)"
1770302067.762,589,2,"(511.0, 623.0)"
1770302067.772,589,2,"(767.0, 623.0)"
1770302067.783,589,2,"(511.0, 607.0)"
1770302067.794,589,2,"(511.0, 591.0)"
1770302067.804,589,2,"(426.0, 591.0)"
1770302067.816,589,2,"(426.0, 623.0)"
1770302067.826,589,2,"(255.0, 655.0)"
1770302067.837,589,2,"(511.0, 655.0)"
1770302067.849,589,2,"(511.0, 671.0)"
1770302067.859,589,2,"(511.0, 687.0)"
1770302067.87,589,2,"(682.0, 687.0)"
1770302067.88,589,2,"(937.0, 671.0)"
1770302067.89,589,2,"(341.0, 671.0)"
1770302067.901,589,2,"(511.0, 655.0)"
1770302067.911,589,2,"(341.0, 671.0)"
1770302067.922,589,2,"(341.0, 671.0)"
1770302067.933,589,2,"(341.0, 687.0)"
1770302067.943,589,2,"(511.0, 703.0)"
1770302067.953,589,2,"(341.0, 703.0)"
1770302067.964,589,2,"(682.0, 719.0)"
1770302067.975,589,2,"(511.0, 719.0)"
1770302067.986,589,2,"(596.0, 719.0)"
1770302067.997,589,2,"(682.0, 719.0)"
1770302068.008,589,2,"(596.0, 703.0)"
1770302068.018,589,2,"(511.0, 703.0)"
1770302068.028,589,2,"(426.0, 703.0)"
1770302068.039,589,2,"(426.0, 703.0)"
1770302068.05,589,2,"(511.0, 703.0)"
1770302068.061,589,2,"(426.0, 703.0)"
1770302068.071,589,2,"(511.0, 703.0)"
1770302068.082,589,2,"(511.0, 703.0)"
1770302068.092,589,2,"(511.0, 703.0)"
1770302068.102,589,2,"(682.0, 703.0)"
1770302068.113,589,2,"(596.0, 687.0)"
1770302068.124,589,2,"(511.0, 671.0)"
1770302068.135,589,2,"(426.0, 671.0)"
1770302068.145,589,2,"(341.0, 671.0)"
1770302068.156,589,2,"(511.0, 671.0)"
1770302068.167,589,2,"(596.0, 655.0)"
1770302068.178,589,2,"(511.0, 655.0)"
1770302068.188,589,2,"(511.0, 655.0)"
1770302068.198,589,2,"(426.0, 655.0)"
1770302068.208,589,2,"(255.0, 671.0)"
1770302068.219,589,2,"(341.0, 687.0)"
1770302068.23,589,2,"(426.0, 687.0)"
1770302068.24,589,2,"(426.0, 671.0)"
1770302068.251,589,2,"(682.0, 671.0)"
1770302068.261,589,2,"(596.0, 655.0)"
1770302068.271,589,2,"(596.0, 655.0)"
1770302068.281,589,2,"(511.0, 655.0)"
1770302068.293,589,2,"(426.0, 655.0)"
1770302068.303,589,2,"(511.0, 639.0)"
1770302068.314,589,2,"(682.0, 623.0)"
1770302068.324,589,2,"(511.0, 623.0)"
1770302068.335,589,2,"(511.0, 607.0)"
1770302068.346,589,2,"(255.0, 607.0)"
1770302068.356,589,2,"(341.0, 607.0)"
1770302068.367,589,2,"(426.0, 623.0)"
1770302068.378,589,2,"(511.0, 639.0)"
1770302068.389,589,2,"(255.0, 671.0)"
1770302068.4,589,2,"(341.0, 671.0)"
1770302068.411,589,2,"(511.0, 671.0)"
1770302068.421,589,2,"(596.0, 671.0)"
1770302068.432,589,2,"(511.0, 655.0)"
1770302068.443,589,2,"(426.0, 655.0)"
1770302068.454,589,2,"(511.0, 639.0)"
1770302068.467,589,2,"(511.0, 623.0)"
1770302068.478,589,2,"(511.0, 607.0)"
1770302068.488,589,2,"(426.0, 607.0)"
1770302068.499,589,2,"(596.0, 623.0)"
1770302068.51,589,2,"(767.0, 639.0)"
1770302068.52,589,2,"(511.0, 655.0)"
1770302068.53,589,2,"(426.0, 671.0)"
1770302068.541,589,2,"(596.0, 671.0)"
1770302068.551,589,2,"(596.0, 703.0)"
1770302068.562,589,2,"(767.0, 735.0)"
1770302068.572,589,2,"(767.0, 735.0)"
1770302068.582,589,2,"(682.0, 735.0)"
1770302068.592,589,2,"(511.0, 735.0)"
1770302068.603,589,2,"(511.0, 719.0)"
1770302068.615,589,2,"(511.0, 703.0)"
1770302068.625,589,2,"(511.0, 687.0)"
1770302068.637,589,2,"(596.0, 671.0)"
1770302068.648,589,2,"(682.0, 671.0)"
1770302068.659,589,2,"(682.0, 655.0)"
1770302104.742,589,3,"(511.0, 0.0)"
1770302104.752,589,3,"(511.0, 0.0)"
1770302104.764,589,3,"(511.0, 0.0)"
1770302104.774,589,3,"(511.0, 0.0)"
1770302104.785,589,3,"(511.0, 0.0)"
1770302104.796,589,3,"(511.0, 0.0)"
1770302104.807,589,3,"(511.0, 0.0)"
1770302104.817,589,3,"(511.0, 0.0)"
1770302104.827,589,3,"(511.0, 0.0)"
1770302104.838,589,3,"(511.0, 0.0)"
1770302104.85,589,3,"(511.0, 0.0)"
1770302104.86,589,3,"(511.0, 0.0)"
1770302104.871,589,3,"(511.0, 0.0)"
1770302104.881,589,3,"(511.0, 0.0)"
1770302104.891,589,3,"(511.0, 0.0)"
1770302104.901,589,3,"(511.0, 0.0)"
1770302104.912,589,3,"(511.0, 0.0)"
1770302104.922,589,3,"(511.0, 0.0)"
1770302104.933,589,3,"(511.0, 0.0)"
1770302104.943,589,3,"(511.0, 0.0)"
1770302104.957,589,3,"(511.0, 0.0)"
1770302104.967,589,3,"(511.0, 0.0)"
1770302104.978,589,3,"(511.0, 0.0)"
1770302104.989,589,3,"(511.0, 0.0)"
1770302104.999,589,3,"(511.0, 0.0)"
1770302105.009,589,3,"(511.0, 0.0)"
1770302105.02,589,3,"(511.0, 0.0)"
1770302105.031,589,3,"(511.0, 0.0)"
1770302105.042,589,3,"(511.0, 0.0)"
1770302105.053,589,3,"(511.0, 0.0)"
1770302105.063,589,3,"(511.0, 0.0)"
1770302105.074,589,3,"(511.0, 0.0)"
1770302105.085,589,3,"(511.0, 0.0)"
1770302105.095,589,3,"(511.0, 0.0)"
1770302105.106,589,3,"(511.0, 0.0)"
1770302105.117,589,3,"(511.0, 0.0)"
1770302105.128,589,3,"(511.0, 0.0)"
1770302105.138,589,3,"(511.0, 0.0)"
1770302105.148,589,3,"(511.0, 0.0)"
1770302105.159,589,3,"(511.0, 0.0)"
1770302105.17,589,3,"(511.0, 0.0)"
1770302105.18,589,3,"(511.0, 0.0)"
1770302105.191,589,3,"(511.0, 0.0)"
1770302105.201,589,3,"(511.0, 0.0)"
1770302105.212,589,3,"(511.0, 0.0)"
1770302105.222,589,3,"(511.0, 0.0)"
1770302105.232,589,3,"(511.0, 0.0)"
1770302105.243,589,3,"(511.0, 0.0)"
1770302105.254,589,3,"(511.0, 0.0)"
1770302105.265,589,3,"(511.0, 0.0)"
1770302105.276,589,3,"(511.0, 0.0)"
1770302105.286,589,3,"(511.0, 0.0)"
1770302105.297,589,3,"(511.0, 0.0)"
1770302105.307,589,3,"(511.0, 0.0)"
1770302105.317,589,3,"(511.0, 0.0)"
1770302105.329,589,3,"(511.0, 0.0)"
1770302105.34,589,3,"(511.0, 0.0)"
1770302105.351,589,3,"(511.0, 0.0)"
1770302105.362,589,3,"(511.0, 0.0)"
1770302105.372,589,3,"(511.0, 0.0)"
1770302105.383,589,3,"(511.0, 0.0)"
1770302105.395,589,3,"(511.0, 0.0)"
1770302105.406,589,3,"(511.0, 0.0)"
1770302105.416,589,3,"(511.0, 0.0)"
1770302105.43,589,3,"(511.0, 0.0)"
1770302105.44,589,3,"(511.0, 0.0)"
1770302105.45,589,3,"(511.0, 0.0)"
1770302105.461,589,3,"(511.0, 0.0)"
1770302105.472,589,3,"(511.0, 0.0)"
1770302105.482,589,3,"(511.0, 0.0)"
1770302105.494,589,3,"(511.0, 0.0)"
1770302105.505,589,3,"(511.0, 0.0)"
1770302105.516,589,3,"(511.0, 0.0)"
1770302105.527,589,3,"(511.0, 0.0)"
1770302105.538,589,3,"(511.0, 0.0)"
1770302105.548,589,3,"(511.0, 0.0)"
1770302105.561,589,3,"(511.0, 0.0)"
1770302105.571,589,3,"(511.0, 0.0)"
1770302105.581,589,3,"(511.0, 0.0)"
1770302105.594,589,3,"(511.0, 0.0)"
1770302105.604,589,3,"(511.0, 0.0)"
1770302105.614,589,3,"(511.0, 0.0)"
1770302105.625,589,3,"(511.0, 0.0)"
1770302105.636,589,3,"(511.0, 0.0)"
1770302105.646,589,3,"(511.0, 0.0)"
1770302105.658,589,3,"(511.0, 0.0)"
1770302105.67,589,3,"(511.0, 0.0)"
1770302105.68,589,3,"(511.0, 0.0)"
1770302105.692,589,3,"(511.0, 0.0)"
1770302105.703,589,3,"(511.0, 0.0)"
1770302105.713,589,3,"(511.0, 0.0)"
1770302105.723,589,3,"(511.0, 0.0)"
1770302105.734,589,3,"(511.0, 0.0)"
1770302105.745,589,3,"(511.0, 0.0)"
1770302105.755,589,3,"(511.0, 0.0)"
1770302105.765,589,3,"(511.0, 0.0)"
1770302105.776,589,3,"(511.0, 0.0)"
1770302105.786,589,3,"(511.0, 0.0)"
1770302105.797,589,3,"(511.0, 0.0)"
1770302105.808,589,3,"(511.0, 0.0)"
1770302105.819,589,3,"(511.0, 0.0)"
1770302105.83,589,3,"(511.0, 0.0)"
1770302105.841,589,3,"(511.0, 0.0)"
1770302105.852,589,3,"(511.0, 0.0)"
1770302105.863,589,3,"(511.0, 0.0)"
1770302105.875,589,3,"(511.0, 0.0)"
1770302105.887,589,3,"(511.0, 0.0)"
1770302105.897,589,3,"(511.0, 0.0)"
1770302105.908,589,3,"(511.0, 0.0)"
1770302105.918,589,3,"(511.0, 0.0)"
1770302105.928,589,3,"(511.0, 0.0)"
1770302105.94,589,3,"(511.0, 0.0)"
1770302105.951,589,3,"(511.0, 0.0)"
1770302105.961,589,3,"(511.0, 0.0)"
1770302105.973,589,3,"(511.0, 0.0)"
1770302105.984,589,3,"(511.0, 0.0)"
1770302105.994,589,3,"(511.0, 0.0)"
1770302106.004,589,3,"(511.0, 0.0)"
1770302106.015,589,3,"(511.0, 0.0)"
1770302106.026,589,3,"(511.0, 0.0)"
1770302106.036,589,3,"(511.0, 0.0)"
1770302106.046,589,3,"(511.0, 0.0)"
1770302106.057,589,3,"(511.0, 0.0)"
1770302106.067,589,3,"(511.0, 0.0)"
1770302106.078,589,3,"(511.0, 0.0)"
1770302106.088,589,3,"(511.0, 0.0)"
1770302106.099,589,3,"(511.0, 0.0)"
1770302106.109,589,3,"(511.0, 0.0)"
1770302106.119,589,3,"(511.0, 0.0)"
1770302106.131,589,3,"(511.0, 0.0)"
1770302106.141,589,3,"(511.0, 0.0)"
1770302106.151,589,3,"(511.0, 0.0)"
1770302106.162,589,3,"(511.0, 0.0)"
1770302106.173,589,3,"(511.0, 0.0)"
1770302106.183,589,3,"(511.0, 0.0)"
1770302106.193,589,3,"(511.0, 0.0)"
1770302106.204,589,3,"(511.0, 0.0)"
1770302106.214,589,3,"(511.0, 0.0)"
1770302106.226,589,3,"(511.0, 0.0)"
1770302106.237,589,3,"(511.0, 0.0)"
1770302106.247,589,3,"(511.0, 0.0)"
1770302106.259,589,3,"(511.0, 0.0)"
1770302106.269,589,3,"(511.0, 0.0)"
1770302106.279,589,3,"(511.0, 0.0)"
1770302106.29,589,3,"(511.0, 0.0)"
1770302106.3,589,3,"(511.0, 0.0)"
1770302106.31,589,3,"(511.0, 0.0)"
1770302106.32,589,3,"(511.0, 0.0)"
1770302106.331,589,3,"(511.0, 0.0)"
1770302106.341,589,3,"(511.0, 0.0)"
1770302106.351,589,3,"(511.0, 0.0)"
1770302106.362,589,3,"(511.0, 0.0)"
1770302106.372,589,3,"(511.0, 0.0)"
1770302106.384,589,3,"(511.0, 0.0)"
1770302106.394,589,3,"(511.0, 0.0)"
1770302106.404,589,3,"(511.0, 0.0)"
1770302106.415,589,3,"(511.0, 0.0)"
1770302106.427,589,3,"(511.0, 0.0)"
1770302106.437,589,3,"(511.0, 0.0)"
1770302106.447,589,3,"(511.0, 0.0)"
1770302106.458,589,3,"(511.0, 0.0)"
1770302106.468,589,3,"(511.0, 0.0)"
1770302106.48,589,3,"(511.0, 0.0)"
1770302106.492,589,3,"(511.0, 0.0)"
1770302106.503,589,3,"(511.0, 0.0)"
1770302106.513,589,3,"(511.0, 0.0)"
1770302106.524,589,3,"(511.0, 0.0)"
1770302106.535,589,3,"(511.0, 0.0)"
1770302106.545,589,3,"(511.0, 0.0)"
1770302106.558,589,3,"(511.0, 0.0)"
1770302106.568,589,3,"(511.0, 0.0)"
1770302106.578,589,3,"(511.0, 0.0)"
1770302106.59,589,3,"(511.0, 0.0)"
1770302106.601,589,3,"(511.0, 0.0)"
1770302106.612,589,3,"(511.0, 0.0)"
1770302106.625,589,3,"(511.0, 0.0)"
1770302106.635,589,3,"(511.0, 0.0)"
1770302106.646,589,3,"(511.0, 0.0)"
1770302106.656,589,3,"(511.0, 0.0)"
1770302106.667,589,3,"(511.0, 0.0)"
1770302106.677,589,3,"(511.0, 0.0)"
1770302106.688,589,3,"(511.0, 0.0)"
1770302106.699,589,3,"(511.0, 0.0)"
1770302106.709,589,3,"(511.0, 0.0)"
1770302106.719,589,3,"(511.0, 0.0)"
1770302106.729,589,3,"(511.0, 0.0)"
1770302106.741,589,3,"(511.0, 0.0)"
1770302106.751,589,3,"(511.0, 0.0)"
1770302106.762,589,3,"(511.0, 0.0)"
1770302106.774,589,3,"(511.0, 0.0)"
1770302106.785,589,3,"(511.0, 0.0)"
1770302106.796,589,3,"(511.0, 0.0)"
1770302106.807,589,3,"(511.0, 0.0)"
1770302106.817,589,3,"(511.0, 0.0)"
1770302106.827,589,3,"(511.0, 0.0)"
1770302106.84,589,3,"(511.0, 0.0)"
1770302106.85,589,3,"(511.0, 0.0)"
1770302106.86,589,3,"(511.0, 0.0)"
1770302106.871,589,3,"(511.0, 0.0)"
1770302106.883,589,3,"(511.0, 0.0)"
1770302106.894,589,3,"(511.0, 0.0)"
1770302106.907,589,3,"(511.0, 0.0)"
1770302106.918,589,3,"(511.0, 0.0)"
1770302106.928,589,3,"(511.0, 0.0)"
1770302106.94,589,3,"(511.0, 0.0)"
1770302106.951,589,3,"(511.0, 0.0)"
1770302106.961,589,3,"(511.0, 0.0)"
1770302106.971,589,3,"(511.0, 0.0)"
1770302106.981,589,3,"(511.0, 0.0)"
1770302106.992,589,3,"(511.0, 0.0)"
1770302107.003,589,3,"(511.0, 0.0)"
1770302107.014,589,3,"(511.0, 0.0)"
1770302107.024,589,3,"(511.0, 0.0)"
1770302107.035,589,3,"(511.0, 0.0)"
1770302107.045,589,3,"(511.0, 0.0)"
1770302107.056,589,3,"(511.0, 0.0)"
1770302107.066,589,3,"(511.0, 0.0)"
1770302107.076,589,3,"(511.0, 0.0)"
1770302107.088,589,3,"(511.0, 0.0)"
1770302107.098,589,3,"(511.0, 0.0)"
1770302107.109,589,3,"(511.0, 0.0)"
1770302107.12,589,3,"(511.0, 0.0)"
1770302107.131,589,3,"(511.0, 0.0)"
1770302107.142,589,3,"(511.0, 0.0)"
1770302107.153,589,3,"(511.0, 0.0)"
1770302107.163,589,3,"(511.0, 0.0)"
1770302107.175,589,3,"(511.0, 0.0)"
1770302107.185,589,3,"(511.0, 0.0)"
1770302107.195,589,3,"(511.0, 0.0)"
1770302107.206,589,3,"(511.0, 0.0)"
1770302107.216,589,3,"(511.0, 0.0)"
1770302107.226,589,3,"(511.0, 0.0)"
1770302107.237,589,3,"(511.0, 0.0)"
1770302107.248,589,3,"(511.0, 0.0)"
1770302107.259,589,3,"(511.0, 0.0)"
1770302107.269,589,3,"(511.0, 15.0)"
1770302107.279,589,3,"(511.0, 15.0)"
1770302107.291,589,3,"(511.0, 31.0)"
1770302107.301,589,3,"(511.0, 31.0)"
1770302107.312,589,3,"(511.0, 31.0)"
1770302107.323,589,3,"(511.0, 15.0)"
1770302107.333,589,3,"(511.0, 15.0)"
1770302107.343,589,3,"(511.0, 0.0)"
1770302107.354,589,3,"(511.0, 0.0)"
1770302107.364,589,3,"(511.0, 0.0)"
1770302107.374,589,3,"(511.0, 0.0)"
1770302107.385,589,3,"(511.0, 0.0)"
1770302107.396,589,3,"(511.0, 0.0)"
1770302107.406,589,3,"(511.0, 0.0)"
1770302107.416,589,3,"(511.0, 0.0)"
1770302107.427,589,3,"(511.0, 0.0)"
1770302107.438,589,3,"(511.0, 0.0)"
1770302107.449,589,3,"(511.0, 0.0)"
1770302107.459,589,3,"(511.0, 0.0)"
1770302107.469,589,3,"(511.0, 0.0)"
1770302107.479,589,3,"(511.0, 0.0)"
1770302107.489,589,3,"(511.0, 0.0)"
1770302107.5,589,3,"(511.0, 0.0)"
1770302107.51,589,3,"(511.0, 0.0)"
1770302107.521,589,3,"(511.0, 0.0)"
1770302107.533,589,3,"(511.0, 0.0)"
1770302107.543,589,3,"(511.0, 0.0)"
1770302107.554,589,3,"(511.0, 0.0)"
1770302107.565,589,3,"(511.0, 0.0)"
1770302107.576,589,3,"(511.0, 0.0)"
1770302107.587,589,3,"(511.0, 0.0)"
1770302107.598,589,3,"(511.0, 0.0)"
1770302107.609,589,3,"(511.0, 0.0)"
1770302107.62,589,3,"(511.0, 0.0)"
1770302107.63,589,3,"(511.0, 0.0)"
1770302107.644,589,3,"(511.0, 0.0)"
1770302107.655,589,3,"(511.0, 0.0)"
1770302107.665,589,3,"(511.0, 0.0)"
1770302107.678,589,3,"(511.0, 0.0)"
1770302107.689,589,3,"(511.0, 0.0)"
1770302107.699,589,3,"(511.0, 0.0)"
1770302107.71,589,3,"(511.0, 0.0)"
1770302107.72,589,3,"(511.0, 0.0)"
1770302107.731,589,3,"(511.0, 0.0)"
1770302154.949,589,4,"(511.0, 15.0)"
1770302154.96,589,4,"(511.0, 15.0)"
1770302154.971,589,4,"(511.0, 0.0)"
1770302154.981,589,4,"(511.0, 0.0)"
1770302154.992,589,4,"(511.0, 0.0)"
1770302155.003,589,4,"(511.0, 15.0)"
1770302155.014,589,4,"(511.0, 15.0)"
1770302155.024,589,4,"(511.0, 31.0)"
1770302155.035,589,4,"(511.0, 31.0)"
1770302155.045,589,4,"(511.0, 31.0)"
1770302155.055,589,4,"(511.0, 31.0)"
1770302155.066,589,4,"(511.0, 31.0)"
1770302155.077,589,4,"(511.0, 47.0)"
1770302155.088,589,4,"(511.0, 47.0)"
1770302155.099,589,4,"(511.0, 63.0)"
1770302155.109,589,4,"(511.0, 63.0)"
1770302155.119,589,4,"(511.0, 63.0)"
1770302155.131,589,4,"(511.0, 63.0)"
1770302155.142,589,4,"(511.0, 79.0)"
1770302155.153,589,4,"(511.0, 79.0)"
1770302155.164,589,4,"(511.0, 79.0)"
1770302155.175,589,4,"(511.0, 95.0)"
1770302155.186,589,4,"(511.0, 95.0)"
1770302155.198,589,4,"(511.0, 95.0)"
1770302155.209,589,4,"(511.0, 95.0)"
1770302155.219,589,4,"(511.0, 111.0)"
1770302155.232,589,4,"(511.0, 111.0)"
1770302155.243,589,4,"(511.0, 127.0)"
1770302155.253,589,4,"(511.0, 111.0)"
1770302155.265,589,4,"(511.0, 111.0)"
1770302155.275,589,4,"(511.0, 95.0)"
1770302155.286,589,4,"(511.0, 95.0)"
1770302155.297,589,4,"(511.0, 95.0)"
1770302155.308,589,4,"(511.0, 95.0)"
1770302155.319,589,4,"(511.0, 95.0)"
1770302155.329,589,4,"(511.0, 95.0)"
1770302155.339,589,4,"(511.0, 95.0)"
1770302155.351,589,4,"(511.0, 95.0)"
1770302155.361,589,4,"(511.0, 79.0)"
1770302155.371,589,4,"(511.0, 63.0)"
1770302155.387,589,4,"(511.0, 63.0)"
1770302155.398,589,4,"(511.0, 63.0)"
1770302155.409,589,4,"(511.0, 47.0)"
1770302155.42,589,4,"(511.0, 47.0)"
1770302155.43,589,4,"(511.0, 31.0)"
1770302155.441,589,4,"(511.0, 31.0)"
1770302155.452,589,4,"(511.0, 31.0)"
1770302155.463,589,4,"(511.0, 31.0)"
1770302155.474,589,4,"(511.0, 31.0)"
1770302155.484,589,4,"(511.0, 31.0)"
1770302155.495,589,4,"(511.0, 31.0)"
1770302155.506,589,4,"(511.0, 31.0)"
1770302155.518,589,4,"(511.0, 47.0)"
1770302155.528,589,4,"(511.0, 47.0)"
1770302155.538,589,4,"(511.0, 63.0)"
1770302155.549,589,4,"(511.0, 63.0)"
1770302155.559,589,4,"(511.0, 63.0)"
1770302155.571,589,4,"(511.0, 63.0)"
1770302155.582,589,4,"(511.0, 63.0)"
1770302155.593,589,4,"(511.0, 63.0)"
1770302155.604,589,4,"(511.0, 63.0)"
1770302155.614,589,4,"(511.0, 63.0)"
1770302155.624,589,4,"(511.0, 63.0)"
1770302155.635,589,4,"(511.0, 63.0)"
1770302155.647,589,4,"(511.0, 63.0)"
1770302155.657,589,4,"(511.0, 47.0)"
1770302155.667,589,4,"(511.0, 47.0)"
1770302155.677,589,4,"(511.0, 31.0)"
1770302155.687,589,4,"(511.0, 31.0)"
1770302155.698,589,4,"(511.0, 31.0)"
1770302155.708,589,4,"(511.0, 31.0)"
1770302155.72,589,4,"(511.0, 31.0)"
1770302155.73,589,4,"(511.0, 31.0)"
1770302155.741,589,4,"(511.0, 31.0)"
1770302155.754,589,4,"(511.0, 31.0)"
1770302155.765,589,4,"(511.0, 15.0)"
1770302155.775,589,4,"(511.0, 15.0)"
1770302155.786,589,4,"(511.0, 15.0)"
1770302155.798,589,4,"(511.0, 15.0)"
1770302155.808,589,4,"(511.0, 15.0)"
1770302155.82,589,4,"(511.0, 31.0)"
1770302155.831,589,4,"(511.0, 31.0)"
1770302155.841,589,4,"(511.0, 31.0)"
1770302155.853,589,4,"(511.0, 31.0)"
1770302155.863,589,4,"(511.0, 31.0)"
1770302155.874,589,4,"(511.0, 31.0)"
1770302155.884,589,4,"(511.0, 31.0)"
1770302155.895,589,4,"(511.0, 31.0)"
1770302155.906,589,4,"(511.0, 31.0)"
1770302155.917,589,4,"(511.0, 31.0)"
1770302155.928,589,4,"(511.0, 31.0)"
1770302155.939,589,4,"(511.0, 31.0)"
1770302155.949,589,4,"(511.0, 31.0)"
1770302155.959,589,4,"(511.0, 31.0)"
1770302155.972,589,4,"(511.0, 31.0)"
1770302155.983,589,4,"(511.0, 31.0)"
1770302155.994,589,4,"(511.0, 31.0)"
1770302156.005,589,4,"(511.0, 31.0)"
1770302156.015,589,4,"(511.0, 31.0)"
1770302156.026,589,4,"(511.0, 31.0)"
1770302156.037,589,4,"(511.0, 31.0)"
1770302156.047,589,4,"(511.0, 15.0)"
1770302156.058,589,4,"(511.0, 15.0)"
1770302156.069,589,4,"(511.0, 0.0)"
1770302156.079,589,4,"(511.0, 0.0)"
1770302156.09,589,4,"(511.0, 0.0)"
1770302156.101,589,4,"(511.0, 0.0)"
1770302156.111,589,4,"(511.0, 0.0)"
1770302156.122,589,4,"(511.0, 0.0)"
1770302156.133,589,4,"(511.0, 0.0)"
1770302156.143,589,4,"(511.0, 15.0)"
1770302156.155,589,4,"(511.0, 15.0)"
1770302156.166,589,4,"(511.0, 31.0)"
1770302156.177,589,4,"(511.0, 31.0)"
1770302156.189,589,4,"(511.0, 31.0)"
1770302156.2,589,4,"(511.0, 31.0)"
1770302156.21,589,4,"(511.0, 31.0)"
1770302156.222,589,4,"(511.0, 31.0)"
1770302156.233,589,4,"(511.0, 31.0)"
1770302156.243,589,4,"(511.0, 31.0)"
1770302156.253,589,4,"(511.0, 31.0)"
1770302156.265,589,4,"(511.0, 31.0)"
1770302156.275,589,4,"(511.0, 31.0)"
1770302156.286,589,4,"(511.0, 31.0)"
1770302156.296,589,4,"(511.0, 31.0)"
1770302156.309,589,4,"(511.0, 31.0)"
1770302156.319,589,4,"(511.0, 31.0)"
1770302156.33,589,4,"(511.0, 47.0)"
1770302156.341,589,4,"(511.0, 47.0)"
1770302156.351,589,4,"(511.0, 63.0)"
1770302156.362,589,4,"(511.0, 63.0)"
1770302156.375,589,4,"(511.0, 63.0)"
1770302156.386,589,4,"(511.0, 63.0)"
1770302156.397,589,4,"(511.0, 63.0)"
1770302156.409,589,4,"(511.0, 63.0)"
1770302156.419,589,4,"(511.0, 63.0)"
1770302156.43,589,4,"(511.0, 47.0)"
1770302156.442,589,4,"(511.0, 47.0)"
1770302156.453,589,4,"(511.0, 31.0)"
1770302156.463,589,4,"(511.0, 31.0)"
1770302156.474,589,4,"(511.0, 31.0)"
1770302156.485,589,4,"(511.0, 31.0)"
1770302156.495,589,4,"(511.0, 31.0)"
1770302156.505,589,4,"(511.0, 31.0)"
1770302156.516,589,4,"(511.0, 31.0)"
1770302156.527,589,4,"(511.0, 31.0)"
1770302156.537,589,4,"(511.0, 31.0)"
1770302156.548,589,4,"(511.0, 31.0)"
1770302156.559,589,4,"(511.0, 31.0)"
1770302156.571,589,4,"(511.0, 31.0)"
1770302156.582,589,4,"(511.0, 31.0)"
1770302156.594,589,4,"(511.0, 31.0)"
1770302156.605,589,4,"(511.0, 31.0)"
1770302156.615,589,4,"(511.0, 31.0)"
1770302156.626,589,4,"(511.0, 15.0)"
1770302156.636,589,4,"(511.0, 15.0)"
1770302156.646,589,4,"(511.0, 0.0)"
1770302156.658,589,4,"(511.0, 0.0)"
1770302156.669,589,4,"(511.0, 0.0)"
1770302156.679,589,4,"(511.0, 0.0)"
1770302156.69,589,4,"(511.0, 0.0)"
1770302156.7,589,4,"(511.0, 0.0)"
1770302156.712,589,4,"(511.0, 0.0)"
1770302156.722,589,4,"(511.0, 15.0)"
1770302156.733,589,4,"(511.0, 15.0)"
1770302156.746,589,4,"(511.0, 31.0)"
1770302156.756,589,4,"(511.0, 15.0)"
1770302156.767,589,4,"(511.0, 15.0)"
1770302156.779,589,4,"(511.0, 0.0)"
1770302156.789,589,4,"(511.0, 0.0)"
1770302156.801,589,4,"(511.0, 0.0)"
1770302156.811,589,4,"(511.0, 15.0)"
1770302156.821,589,4,"(511.0, 15.0)"
1770302156.832,589,4,"(511.0, 31.0)"
1770302156.843,589,4,"(511.0, 31.0)"
1770302156.853,589,4,"(511.0, 31.0)"
1770302156.863,589,4,"(511.0, 31.0)"
1770302156.874,589,4,"(511.0, 31.0)"
1770302156.884,589,4,"(511.0, 31.0)"
1770302156.895,589,4,"(511.0, 31.0)"
1770302156.905,589,4,"(511.0, 31.0)"
1770302156.916,589,4,"(511.0, 31.0)"
1770302156.926,589,4,"(511.0, 31.0)"
1770302156.936,589,4,"(511.0, 31.0)"
1770302156.947,589,4,"(511.0, 31.0)"
1770302156.958,589,4,"(511.0, 31.0)"
1770302156.969,589,4,"(511.0, 31.0)"
1770302156.98,589,4,"(511.0, 31.0)"
1770302156.991,589,4,"(511.0, 31.0)"
1770302157.001,589,4,"(511.0, 31.0)"
1770302157.013,589,4,"(511.0, 47.0)"
1770302157.025,589,4,"(511.0, 47.0)"
1770302157.035,589,4,"(511.0, 63.0)"
1770302157.046,589,4,"(511.0, 63.0)"
1770302157.056,589,4,"(511.0, 63.0)"
1770302157.066,589,4,"(511.0, 63.0)"
1770302157.076,589,4,"(511.0, 63.0)"
1770302157.086,589,4,"(511.0, 63.0)"
1770302157.098,589,4,"(511.0, 47.0)"
1770302157.108,589,4,"(511.0, 47.0)"
1770302157.119,589,4,"(511.0, 47.0)"
1770302157.129,589,4,"(511.0, 47.0)"
1770302157.141,589,4,"(511.0, 47.0)"
1770302157.152,589,4,"(511.0, 47.0)"
1770302157.163,589,4,"(511.0, 63.0)"
1770302157.175,589,4,"(511.0, 47.0)"
1770302157.185,589,4,"(511.0, 47.0)"
1770302157.196,589,4,"(511.0, 31.0)"
1770302157.208,589,4,"(511.0, 31.0)"
1770302157.219,589,4,"(511.0, 31.0)"
1770302157.229,589,4,"(511.0, 31.0)"
1770302157.242,589,4,"(511.0, 31.0)"
1770302157.253,589,4,"(511.0, 31.0)"
1770302157.263,589,4,"(511.0, 31.0)"
1770302157.275,589,4,"(511.0, 31.0)"
1770302157.286,589,4,"(511.0, 31.0)"
1770302157.297,589,4,"(511.0, 31.0)"
1770302157.308,589,4,"(511.0, 31.0)"
1770302157.318,589,4,"(511.0, 31.0)"
1770302157.328,589,4,"(511.0, 31.0)"
1770302157.338,589,4,"(511.0, 31.0)"
1770302157.349,589,4,"(511.0, 31.0)"
1770302157.36,589,4,"(511.0, 31.0)"
1770302157.37,589,4,"(511.0, 31.0)"
1770302157.381,589,4,"(511.0, 31.0)"
1770302157.392,589,4,"(511.0, 31.0)"
1770302157.403,589,4,"(511.0, 31.0)"
1770302157.413,589,4,"(511.0, 31.0)"
1770302157.426,589,4,"(511.0, 31.0)"
1770302157.437,589,4,"(511.0, 31.0)"
1770302157.448,589,4,"(511.0, 31.0)"
1770302157.461,589,4,"(511.0, 31.0)"
1770302157.471,589,4,"(511.0, 31.0)"
1770302157.482,589,4,"(511.0, 31.0)"
1770302157.495,589,4,"(511.0, 31.0)"
1770302157.505,589,4,"(511.0, 31.0)"
1770302157.515,589,4,"(511.0, 31.0)"
1770302157.527,589,4,"(511.0, 47.0)"
1770302157.538,589,4,"(511.0, 63.0)"
1770302157.548,589,4,"(511.0, 63.0)"
1770302157.561,589,4,"(511.0, 63.0)"
1770302157.571,589,4,"(511.0, 63.0)"
1770302157.581,589,4,"(511.0, 63.0)"
1770302157.593,589,4,"(511.0, 63.0)"
1770302157.604,589,4,"(511.0, 63.0)"
1770302157.614,589,4,"(511.0, 63.0)"
1770302157.627,589,4,"(511.0, 63.0)"
1770302157.637,589,4,"(511.0, 63.0)"
1770302157.647,589,4,"(511.0, 63.0)"
1770302157.661,589,4,"(511.0, 63.0)"
1770302157.671,589,4,"(511.0, 63.0)"
1770302157.681,589,4,"(511.0, 63.0)"
1770302157.691,589,4,"(511.0, 63.0)"
1770302157.703,589,4,"(511.0, 63.0)"
1770302157.714,589,4,"(511.0, 63.0)"
1770302157.724,589,4,"(511.0, 79.0)"
1770302157.735,589,4,"(596.0, 79.0)"
1770302157.746,589,4,"(426.0, 79.0)"
1770302157.757,589,4,"(511.0, 95.0)"
1770302157.768,589,4,"(511.0, 95.0)"
1770302157.778,589,4,"(511.0, 95.0)"
1770302157.788,589,4,"(511.0, 95.0)"
1770302157.799,589,4,"(511.0, 95.0)"
1770302157.81,589,4,"(511.0, 95.0)"
1770302157.82,589,4,"(511.0, 95.0)"
1770302157.831,589,4,"(511.0, 95.0)"
1770302157.843,589,4,"(511.0, 95.0)"
1770302157.854,589,4,"(511.0, 95.0)"
1770302157.865,589,4,"(511.0, 95.0)"
1770302157.876,589,4,"(511.0, 95.0)"
1770302157.887,589,4,"(511.0, 95.0)"
1770302157.898,589,4,"(511.0, 95.0)"
1770302157.908,589,4,"(511.0, 95.0)"
1770302157.919,589,4,"(511.0, 95.0)"
1770302157.93,589,4,"(511.0, 95.0)"
1770302157.941,589,4,"(511.0, 95.0)"
1770302157.953,589,4,"(511.0, 95.0)"
1770302171.09,589,1,"(511.0, 0.0)"
1770302171.102,589,1,"(511.0, 0.0)"
1770302171.112,589,1,"(511.0, 0.0)"
1770302171.123,589,1,"(511.0, 0.0)"
1770302171.133,589,1,"(511.0, 0.0)"
1770302171.145,589,1,"(511.0, 0.0)"
1770302171.155,589,1,"(511.0, 0.0)"
1770302171.165,589,1,"(511.0, 0.0)"
1770302171.176,589,1,"(511.0, 0.0)"
1770302171.186,589,1,"(511.0, 0.0)"
1770302171.196,589,1,"(511.0, 0.0)"
1770302171.207,589,1,"(511.0, 0.0)"
1770302171.218,589,1,"(511.0, 0.0)"
1770302171.229,589,1,"(511.0, 0.0)"
1770302171.239,589,1,"(511.0, 0.0)"
1770302171.25,589,1,"(511.0, 0.0)"
1770302171.261,589,1,"(511.0, 0.0)"
1770302171.272,589,1,"(511.0, 0.0)"
1770302171.283,589,1,"(511.0, 0.0)"
1770302171.293,589,1,"(511.0, 0.0)"
1770302171.306,589,1,"(511.0, 0.0)"
1770302171.316,589,1,"(511.0, 0.0)"
1770302171.327,589,1,"(511.0, 0.0)"
1770302171.339,589,1,"(511.0, 0.0)"
1770302171.349,589,1,"(511.0, 0.0)"
1770302171.359,589,1,"(511.0, 0.0)"
1770302171.37,589,1,"(511.0, 0.0)"
1770302171.381,589,1,"(511.0, 0.0)"
1770302171.391,589,1,"(511.0, 0.0)"
1770302171.401,589,1,"(511.0, 0.0)"
1770302171.412,589,1,"(511.0, 0.0)"
1770302171.423,589,1,"(511.0, 0.0)"
1770302171.433,589,1,"(511.0, 0.0)"
1770302171.444,589,1,"(511.0, 0.0)"
1770302171.456,589,1,"(511.0, 0.0)"
1770302171.467,589,1,"(511.0, 0.0)"
1770302171.477,589,1,"(511.0, 0.0)"
1770302171.489,589,1,"(511.0, 0.0)"
1770302171.499,589,1,"(511.0, 0.0)"
1770302171.509,589,1,"(511.0, 0.0)"
1770302171.519,589,1,"(511.0, 0.0)"
1770302171.53,589,1,"(511.0, 0.0)"
1770302171.541,589,1,"(511.0, 0.0)"
1770302171.551,589,1,"(511.0, 0.0)"
1770302171.562,589,1,"(511.0, 0.0)"
1770302171.573,589,1,"(511.0, 0.0)"
1770302171.584,589,1,"(511.0, 0.0)"
1770302171.595,589,1,"(511.0, 0.0)"
1770302171.608,589,1,"(511.0, 0.0)"
1770302171.619,589,1,"(511.0, 0.0)"
1770302171.629,589,1,"(511.0, 0.0)"
1770302171.64,589,1,"(511.0, 0.0)"
1770302171.651,589,1,"(511.0, 0.0)"
1770302171.661,589,1,"(511.0, 0.0)"
1770302171.672,589,1,"(511.0, 0.0)"
1770302171.682,589,1,"(511.0, 0.0)"
1770302171.696,589,1,"(511.0, 0.0)"
1770302171.706,589,1,"(511.0, 0.0)"
1770302171.717,589,1,"(511.0, 0.0)"
1770302171.729,589,1,"(511.0, 0.0)"
1770302171.739,589,1,"(511.0, 0.0)"
1770302171.75,589,1,"(511.0, 0.0)"
1770302171.762,589,1,"(511.0, 0.0)"
1770302171.772,589,1,"(511.0, 0.0)"
1770302171.782,589,1,"(511.0, 0.0)"
1770302171.793,589,1,"(511.0, 0.0)"
1770302171.803,589,1,"(511.0, 0.0)"
1770302171.814,589,1,"(511.0, 0.0)"
1770302171.825,589,1,"(511.0, 0.0)"
1770302171.836,589,1,"(511.0, 0.0)"
1770302171.847,589,1,"(511.0, 0.0)"
1770302171.858,589,1,"(511.0, 0.0)"
1770302171.869,589,1,"(511.0, 0.0)"
1770302171.883,589,1,"(511.0, 0.0)"
1770302171.893,589,1,"(511.0, 0.0)"
1770302171.903,589,1,"(511.0, 0.0)"
1770302171.915,589,1,"(511.0, 0.0)"
1770302171.925,589,1,"(511.0, 0.0)"
1770302171.936,589,1,"(511.0, 0.0)"
1770302171.947,589,1,"(511.0, 0.0)"
1770302171.958,589,1,"(511.0, 0.0)"
1770302171.969,589,1,"(511.0, 0.0)"
1770302171.981,589,1,"(511.0, 0.0)"
1770302171.991,589,1,"(511.0, 0.0)"
1770302172.002,589,1,"(511.0, 0.0)"
1770302172.012,589,1,"(511.0, 0.0)"
1770302172.024,589,1,"(511.0, 0.0)"
1770302172.034,589,1,"(511.0, 0.0)"
1770302172.045,589,1,"(511.0, 0.0)"
1770302172.057,589,1,"(511.0, 0.0)"
1770302172.068,589,1,"(511.0, 0.0)"
1770302172.078,589,1,"(511.0, 0.0)"
1770302172.089,589,1,"(511.0, 0.0)"
1770302172.1,589,1,"(511.0, 0.0)"
1770302172.11,589,1,"(511.0, 0.0)"
1770302172.121,589,1,"(511.0, 0.0)"
1770302172.132,589,1,"(511.0, 0.0)"
1770302172.142,589,1,"(511.0, 0.0)"
1770302172.153,589,1,"(511.0, 0.0)"
1770302172.168,589,1,"(511.0, 0.0)"
1770302172.179,589,1,"(511.0, 0.0)"
1770302172.189,589,1,"(511.0, 0.0)"
1770302172.2,589,1,"(511.0, 0.0)"
1770302172.211,589,1,"(511.0, 0.0)"
1770302172.223,589,1,"(511.0, 0.0)"
1770302172.233,589,1,"(511.0, 0.0)"
1770302172.244,589,1,"(511.0, 0.0)"
1770302172.254,589,1,"(511.0, 0.0)"
1770302172.264,589,1,"(511.0, 0.0)"
1770302172.275,589,1,"(511.0, 0.0)"
1770302172.286,589,1,"(511.0, 0.0)"
1770302172.298,589,1,"(511.0, 0.0)"
1770302172.308,589,1,"(511.0, 0.0)"
1770302172.319,589,1,"(511.0, 0.0)"
1770302172.329,589,1,"(511.0, 0.0)"
1770302172.34,589,1,"(511.0, 0.0)"
1770302172.352,589,1,"(511.0, 0.0)"
1770302172.363,589,1,"(511.0, 0.0)"
1770302172.373,589,1,"(511.0, 0.0)"
1770302172.384,589,1,"(511.0, 0.0)"
1770302172.394,589,1,"(511.0, 0.0)"
1770302172.405,589,1,"(511.0, 0.0)"
1770302172.418,589,1,"(511.0, 0.0)"
1770302172.428,589,1,"(511.0, 0.0)"
1770302172.439,589,1,"(511.0, 0.0)"
1770302172.449,589,1,"(511.0, 0.0)"
1770302172.459,589,1,"(511.0, 0.0)"
1770302172.469,589,1,"(511.0, 0.0)"
1770302172.481,589,1,"(511.0, 0.0)"
1770302172.491,589,1,"(511.0, 0.0)"
1770302172.503,589,1,"(511.0, 0.0)"
1770302172.514,589,1,"(511.0, 0.0)"
1770302172.526,589,1,"(511.0, 0.0)"
1770302172.537,589,1,"(511.0, 0.0)"
1770302172.548,589,1,"(511.0, 0.0)"
1770302172.558,589,1,"(511.0, 0.0)"
1770302172.569,589,1,"(511.0, 0.0)"
1770302172.58,589,1,"(511.0, 0.0)"
1770302172.59,589,1,"(511.0, 0.0)"
1770302172.603,589,1,"(511.0, 0.0)"
1770302172.616,589,1,"(511.0, 0.0)"
1770302172.627,589,1,"(511.0, 0.0)"
1770302172.638,589,1,"(511.0, 0.0)"
1770302172.649,589,1,"(511.0, 0.0)"
1770302172.659,589,1,"(511.0, 0.0)"
1770302172.67,589,1,"(511.0, 0.0)"
1770302172.68,589,1,"(511.0, 0.0)"
1770302172.69,589,1,"(511.0, 0.0)"
1770302172.701,589,1,"(511.0, 0.0)"
1770302172.712,589,1,"(511.0, 0.0)"
1770302172.722,589,1,"(511.0, 0.0)"
1770302172.733,589,1,"(511.0, 0.0)"
1770302172.744,589,1,"(511.0, 0.0)"
1770302172.754,589,1,"(511.0, 0.0)"
1770302172.768,589,1,"(511.0, 0.0)"
1770302172.778,589,1,"(511.0, 0.0)"
1770302172.789,589,1,"(511.0, 0.0)"
1770302172.8,589,1,"(511.0, 0.0)"
1770302172.811,589,1,"(511.0, 0.0)"
1770302172.822,589,1,"(511.0, 0.0)"
1770302172.833,589,1,"(511.0, 0.0)"
1770302172.845,589,1,"(511.0, 0.0)"
1770302172.856,589,1,"(511.0, 0.0)"
1770302172.867,589,1,"(511.0, 0.0)"
1770302172.878,589,1,"(511.0, 0.0)"
1770302172.888,589,1,"(511.0, 0.0)"
1770302172.899,589,1,"(511.0, 0.0)"
1770302172.909,589,1,"(511.0, 0.0)"
1770302172.919,589,1,"(511.0, 0.0)"
1770302172.932,589,1,"(511.0, 0.0)"
1770302172.942,589,1,"(511.0, 0.0)"
1770302172.952,589,1,"(511.0, 0.0)"
1770302172.965,589,1,"(511.0, 0.0)"
1770302172.976,589,1,"(511.0, 0.0)"
1770302172.986,589,1,"(511.0, 0.0)"
1770302172.996,589,1,"(511.0, 0.0)"
1770302173.007,589,1,"(511.0, 0.0)"
1770302173.017,589,1,"(511.0, 0.0)"
1770302173.028,589,1,"(511.0, 0.0)"
1770302173.038,589,1,"(511.0, 0.0)"
1770302173.048,589,1,"(511.0, 0.0)"
1770302173.059,589,1,"(511.0, 0.0)"
1770302173.069,589,1,"(511.0, 0.0)"
1770302173.081,589,1,"(511.0, 0.0)"
1770302173.091,589,1,"(511.0, 0.0)"
1770302173.102,589,1,"(511.0, 0.0)"
1770302173.113,589,1,"(511.0, 0.0)"
1770302173.124,589,1,"(511.0, 0.0)"
1770302173.134,589,1,"(511.0, 0.0)"
1770302173.146,589,1,"(511.0, 0.0)"
1770302173.156,589,1,"(511.0, 0.0)"
1770302173.166,589,1,"(511.0, 0.0)"
1770302173.177,589,1,"(511.0, 0.0)"
1770302173.188,589,1,"(511.0, 0.0)"
1770302173.198,589,1,"(511.0, 0.0)"
1770302173.209,589,1,"(511.0, 0.0)"
1770302173.22,589,1,"(511.0, 0.0)"
1770302173.23,589,1,"(511.0, 0.0)"
1770302173.241,589,1,"(511.0, 0.0)"
1770302173.251,589,1,"(511.0, 0.0)"
1770302173.263,589,1,"(511.0, 0.0)"
1770302173.273,589,1,"(511.0, 0.0)"
1770302173.284,589,1,"(511.0, 0.0)"
1770302173.294,589,1,"(511.0, 0.0)"
1770302173.304,589,1,"(511.0, 0.0)"
1770302173.315,589,1,"(511.0, 0.0)"
1770302173.325,589,1,"(511.0, 0.0)"
1770302173.336,589,1,"(511.0, 0.0)"
1770302173.347,589,1,"(511.0, 0.0)"
1770302173.358,589,1,"(511.0, 0.0)"
1770302173.369,589,1,"(511.0, 0.0)"
1770302173.382,589,1,"(511.0, 0.0)"
1770302173.392,589,1,"(511.0, 0.0)"
1770302173.403,589,1,"(511.0, 0.0)"
1770302173.414,589,1,"(511.0, 0.0)"
1770302173.424,589,1,"(511.0, 0.0)"
1770302173.435,589,1,"(511.0, 0.0)"
1770302173.445,589,1,"(511.0, 0.0)"
1770302173.455,589,1,"(511.0, 0.0)"
1770302173.466,589,1,"(511.0, 0.0)"
1770302173.477,589,1,"(511.0, 0.0)"
1770302173.487,589,1,"(511.0, 0.0)"
1770302173.498,589,1,"(511.0, 0.0)"
1770302173.509,589,1,"(511.0, 0.0)"
1770302173.519,589,1,"(511.0, 0.0)"
1770302173.53,589,1,"(511.0, 0.0)"
1770302173.541,589,1,"(511.0, 0.0)"
1770302173.553,589,1,"(511.0, 0.0)"
1770302173.566,589,1,"(511.0, 0.0)"
1770302173.576,589,1,"(511.0, 0.0)"
1770302173.586,589,1,"(511.0, 0.0)"
1770302173.599,589,1,"(511.0, 0.0)"
1770302173.61,589,1,"(511.0, 0.0)"
1770302173.62,589,1,"(511.0, 0.0)"
1770302173.632,589,1,"(511.0, 0.0)"
1770302173.643,589,1,"(511.0, 0.0)"
1770302173.654,589,1,"(511.0, 0.0)"
1770302173.665,589,1,"(511.0, 0.0)"
1770302173.676,589,1,"(511.0, 0.0)"
1770302173.686,589,1,"(511.0, 0.0)"
1770302173.697,589,1,"(511.0, 0.0)"
1770302173.707,589,1,"(511.0, 0.0)"
1770302173.717,589,1,"(511.0, 0.0)"
1770302173.728,589,1,"(511.0, 0.0)"
1770302173.738,589,1,"(511.0, 0.0)"
1770302173.749,589,1,"(511.0, 0.0)"
1770302173.759,589,1,"(511.0, 0.0)"
1770302173.77,589,1,"(511.0, 0.0)"
1770302173.78,589,1,"(511.0, 0.0)"
1770302173.79,589,1,"(511.0, 0.0)"
1770302173.8,589,1,"(511.0, 0.0)"
1770302173.81,589,1,"(511.0, 0.0)"
1770302173.821,589,1,"(511.0, 0.0)"
1770302173.832,589,1,"(511.0, 0.0)"
1770302173.842,589,1,"(511.0, 0.0)"
1770302173.854,589,1,"(511.0, 0.0)"
1770302173.864,589,1,"(511.0, 0.0)"
1770302173.875,589,1,"(511.0, 0.0)"
1770302173.886,589,1,"(511.0, 0.0)"
1770302173.897,589,1,"(511.0, 0.0)"
1770302173.908,589,1,"(511.0, 0.0)"
1770302173.918,589,1,"(511.0, 0.0)"
1770302173.929,589,1,"(511.0, 0.0)"
1770302173.94,589,1,"(511.0, 0.0)"
1770302173.95,589,1,"(511.0, 0.0)"
1770302173.961,589,1,"(511.0, 0.0)"
1770302173.972,589,1,"(511.0, 0.0)"
1770302173.983,589,1,"(511.0, 0.0)"
1770302173.995,589,1,"(511.0, 0.0)"
1770302174.006,589,1,"(511.0, 0.0)"
1770302174.017,589,1,"(511.0, 0.0)"
1770302174.027,589,1,"(511.0, 0.0)"
1770302174.038,589,1,"(511.0, 0.0)"
1770302174.048,589,1,"(511.0, 0.0)"
1770302174.058,589,1,"(511.0, 0.0)"
1770302174.069,589,1,"(511.0, 0.0)"
1770302174.08,589,1,"(511.0, 0.0)"
1770302174.09,589,1,"(511.0, 0.0)"
1770302177.701,589,2,"(511.0, 815.0)"
1770302177.712,589,2,"(511.0, 783.0)"
1770302177.722,589,2,"(426.0, 751.0)"
1770302177.735,589,2,"(511.0, 735.0)"
1770302177.746,589,2,"(511.0, 719.0)"
1770302177.757,589,2,"(511.0, 719.0)"
1770302177.768,589,2,"(426.0, 719.0)"
1770302177.778,589,2,"(511.0, 719.0)"
1770302177.789,589,2,"(596.0, 735.0)"
1770302177.799,589,2,"(341.0, 751.0)"
1770302177.81,589,2,"(341.0, 751.0)"
1770302177.821,589,2,"(426.0, 751.0)"
1770302177.831,589,2,"(426.0, 735.0)"
1770302177.841,589,2,"(511.0, 703.0)"
1770302177.852,589,2,"(426.0, 703.0)"
1770302177.863,589,2,"(426.0, 687.0)"
1770302177.873,589,2,"(511.0, 687.0)"
1770302177.884,589,2,"(682.0, 687.0)"
1770302177.894,589,2,"(511.0, 671.0)"
1770302177.904,589,2,"(511.0, 687.0)"
1770302177.915,589,2,"(341.0, 703.0)"
1770302177.925,589,2,"(511.0, 703.0)"
1770302177.936,589,2,"(596.0, 719.0)"
1770302177.946,589,2,"(511.0, 735.0)"
1770302177.957,589,2,"(596.0, 751.0)"
1770302177.969,589,2,"(511.0, 767.0)"
1770302177.979,589,2,"(511.0, 767.0)"
1770302177.99,589,2,"(511.0, 767.0)"
1770302178.003,589,2,"(511.0, 767.0)"
1770302178.014,589,2,"(511.0, 767.0)"
1770302178.025,589,2,"(682.0, 767.0)"
1770302178.036,589,2,"(341.0, 751.0)"
1770302178.046,589,2,"(341.0, 751.0)"
1770302178.057,589,2,"(596.0, 735.0)"
1770302178.068,589,2,"(596.0, 735.0)"
1770302178.079,589,2,"(511.0, 735.0)"
1770302178.09,589,2,"(511.0, 751.0)"
1770302178.1,589,2,"(511.0, 751.0)"
1770302178.111,589,2,"(511.0, 767.0)"
1770302178.122,589,2,"(511.0, 799.0)"
1770302178.133,589,2,"(426.0, 815.0)"
1770302178.144,589,2,"(341.0, 831.0)"
1770302178.155,589,2,"(426.0, 831.0)"
1770302178.166,589,2,"(511.0, 815.0)"
1770302178.176,589,2,"(511.0, 799.0)"
1770302178.188,589,2,"(511.0, 767.0)"
1770302178.201,589,2,"(511.0, 735.0)"
1770302178.211,589,2,"(596.0, 703.0)"
1770302178.222,589,2,"(682.0, 687.0)"
1770302178.234,589,2,"(596.0, 687.0)"
1770302178.244,589,2,"(511.0, 687.0)"
1770302178.255,589,2,"(682.0, 687.0)"
1770302178.265,589,2,"(426.0, 703.0)"
1770302178.276,589,2,"(511.0, 703.0)"
1770302178.287,589,2,"(426.0, 703.0)"
1770302178.298,589,2,"(426.0, 703.0)"
1770302178.309,589,2,"(511.0, 687.0)"
1770302178.32,589,2,"(596.0, 687.0)"
1770302178.331,589,2,"(596.0, 671.0)"
1770302178.342,589,2,"(511.0, 639.0)"
1770302178.353,589,2,"(511.0, 623.0)"
1770302178.363,589,2,"(596.0, 623.0)"
1770302178.374,589,2,"(511.0, 591.0)"
1770302178.385,589,2,"(426.0, 575.0)"
1770302178.396,589,2,"(341.0, 543.0)"
1770302178.409,589,2,"(511.0, 527.0)"
1770302178.42,589,2,"(511.0, 527.0)"
1770302178.432,589,2,"(511.0, 543.0)"
1770302178.442,589,2,"(511.0, 543.0)"
1770302178.452,589,2,"(682.0, 543.0)"
1770302178.463,589,2,"(511.0, 543.0)"
1770302178.473,589,2,"(511.0, 559.0)"
1770302178.483,589,2,"(511.0, 559.0)"
1770302178.494,589,2,"(511.0, 543.0)"
1770302178.504,589,2,"(511.0, 511.0)"
1770302178.517,589,2,"(511.0, 479.0)"
1770302178.527,589,2,"(511.0, 463.0)"
1770302178.539,589,2,"(511.0, 431.0)"
1770302178.549,589,2,"(341.0, 431.0)"
1770302178.56,589,2,"(511.0, 431.0)"
1770302178.571,589,2,"(511.0, 431.0)"
1770302178.581,589,2,"(852.0, 447.0)"
1770302178.591,589,2,"(511.0, 479.0)"
1770302178.601,589,2,"(596.0, 511.0)"
1770302178.614,589,2,"(682.0, 527.0)"
1770302178.624,589,2,"(596.0, 527.0)"
1770302178.635,589,2,"(682.0, 527.0)"
1770302178.647,589,2,"(511.0, 527.0)"
1770302178.657,589,2,"(596.0, 543.0)"
1770302178.667,589,2,"(596.0, 559.0)"
1770302178.678,589,2,"(511.0, 575.0)"
1770302178.688,589,2,"(255.0, 591.0)"
1770302178.7,589,2,"(255.0, 607.0)"
1770302178.71,589,2,"(511.0, 623.0)"
1770302178.721,589,2,"(426.0, 623.0)"
1770302178.731,589,2,"(426.0, 623.0)"
1770302178.741,589,2,"(511.0, 607.0)"
1770302178.753,589,2,"(511.0, 607.0)"
1770302178.766,589,2,"(426.0, 607.0)"
1770302178.776,589,2,"(511.0, 607.0)"
1770302178.787,589,2,"(511.0, 607.0)"
1770302178.798,589,2,"(511.0, 607.0)"
1770302178.809,589,2,"(511.0, 607.0)"
1770302178.82,589,2,"(511.0, 607.0)"
1770302178.83,589,2,"(511.0, 591.0)"
1770302178.841,589,2,"(596.0, 575.0)"
1770302178.851,589,2,"(511.0, 559.0)"
1770302178.861,589,2,"(511.0, 543.0)"
1770302178.871,589,2,"(511.0, 543.0)"
1770302178.882,589,2,"(511.0, 543.0)"
1770302178.894,589,2,"(511.0, 543.0)"
1770302178.904,589,2,"(511.0, 527.0)"
1770302178.915,589,2,"(596.0, 511.0)"
1770302178.925,589,2,"(596.0, 495.0)"
1770302178.935,589,2,"(511.0, 479.0)"
1770302178.945,589,2,"(596.0, 447.0)"
1770302178.956,589,2,"(596.0, 431.0)"
1770302178.966,589,2,"(426.0, 431.0)"
1770302178.976,589,2,"(511.0, 415.0)"
1770302178.987,589,2,"(511.0, 415.0)"
1770302178.997,589,2,"(511.0, 415.0)"
1770302179.007,589,2,"(511.0, 415.0)"
1770302179.02,589,2,"(596.0, 415.0)"
1770302179.031,589,2,"(596.0, 399.0)"
1770302179.041,589,2,"(511.0, 399.0)"
1770302179.055,589,2,"(511.0, 399.0)"
1770302179.065,589,2,"(511.0, 383.0)"
1770302179.076,589,2,"(511.0, 383.0)"
1770302179.088,589,2,"(341.0, 367.0)"
1770302179.099,589,2,"(596.0, 383.0)"
1770302179.109,589,2,"(511.0, 383.0)"
1770302179.121,589,2,"(511.0, 399.0)"
1770302179.131,589,2,"(682.0, 415.0)"
1770302179.142,589,2,"(341.0, 399.0)"
1770302179.153,589,2,"(511.0, 399.0)"
1770302179.164,589,2,"(596.0, 399.0)"
1770302179.175,589,2,"(426.0, 415.0)"
1770302179.186,589,2,"(596.0, 447.0)"
1770302179.197,589,2,"(511.0, 463.0)"
1770302179.208,589,2,"(426.0, 479.0)"
1770302179.22,589,2,"(511.0, 479.0)"
1770302179.231,589,2,"(511.0, 495.0)"
1770302179.241,589,2,"(511.0, 527.0)"
1770302179.253,589,2,"(511.0, 527.0)"
1770302179.264,589,2,"(511.0, 543.0)"
1770302179.274,589,2,"(596.0, 559.0)"
1770302179.284,589,2,"(596.0, 575.0)"
1770302179.295,589,2,"(511.0, 607.0)"
1770302179.308,589,2,"(767.0, 639.0)"
1770302179.318,589,2,"(767.0, 671.0)"
1770302179.329,589,2,"(682.0, 719.0)"
1770302179.339,589,2,"(767.0, 735.0)"
1770302179.35,589,2,"(682.0, 735.0)"
1770302179.36,589,2,"(511.0, 719.0)"
1770302179.371,589,2,"(511.0, 687.0)"
1770302179.382,589,2,"(511.0, 671.0)"
1770302179.394,589,2,"(511.0, 671.0)"
1770302179.404,589,2,"(341.0, 671.0)"
1770302179.414,589,2,"(341.0, 687.0)"
1770302179.426,589,2,"(426.0, 687.0)"
1770302179.436,589,2,"(341.0, 671.0)"
1770302179.447,589,2,"(426.0, 655.0)"
1770302179.458,589,2,"(511.0, 639.0)"
1770302179.469,589,2,"(511.0, 623.0)"
1770302179.48,589,2,"(511.0, 607.0)"
1770302179.491,589,2,"(511.0, 591.0)"
1770302179.501,589,2,"(511.0, 575.0)"
1770302179.513,589,2,"(511.0, 559.0)"
1770302179.523,589,2,"(511.0, 559.0)"
1770302179.533,589,2,"(511.0, 543.0)"
1770302179.544,589,2,"(511.0, 527.0)"
1770302179.555,589,2,"(511.0, 527.0)"
1770302179.566,589,2,"(511.0, 495.0)"
1770302179.577,589,2,"(511.0, 463.0)"
1770302179.588,589,2,"(511.0, 431.0)"
1770302179.598,589,2,"(511.0, 399.0)"
1770302179.608,589,2,"(596.0, 399.0)"
1770302179.622,589,2,"(511.0, 399.0)"
1770302179.632,589,2,"(596.0, 431.0)"
1770302179.642,589,2,"(596.0, 447.0)"
1770302179.654,589,2,"(596.0, 463.0)"
1770302179.664,589,2,"(596.0, 447.0)"
1770302179.675,589,2,"(511.0, 431.0)"
1770302179.686,589,2,"(426.0, 415.0)"
1770302179.696,589,2,"(511.0, 415.0)"
1770302179.708,589,2,"(511.0, 431.0)"
1770302179.718,589,2,"(596.0, 431.0)"
1770302179.729,589,2,"(511.0, 447.0)"
1770302179.739,589,2,"(511.0, 463.0)"
1770302179.749,589,2,"(426.0, 463.0)"
1770302179.76,589,2,"(511.0, 463.0)"
1770302179.77,589,2,"(511.0, 463.0)"
1770302179.78,589,2,"(596.0, 447.0)"
1770302179.791,589,2,"(426.0, 447.0)"
1770302179.803,589,2,"(511.0, 431.0)"
1770302179.813,589,2,"(511.0, 431.0)"
1770302179.826,589,2,"(426.0, 431.0)"
1770302179.836,589,2,"(511.0, 415.0)"
1770302179.847,589,2,"(511.0, 415.0)"
1770302179.859,589,2,"(511.0, 431.0)"
1770302179.869,589,2,"(511.0, 431.0)"
1770302179.88,589,2,"(511.0, 415.0)"
1770302179.892,589,2,"(596.0, 399.0)"
1770302179.903,589,2,"(596.0, 399.0)"
1770302179.914,589,2,"(596.0, 399.0)"
1770302179.925,589,2,"(511.0, 399.0)"
1770302179.935,589,2,"(596.0, 415.0)"
1770302179.946,589,2,"(596.0, 415.0)"
1770302179.956,589,2,"(511.0, 399.0)"
1770302179.966,589,2,"(341.0, 399.0)"
1770302179.978,589,2,"(341.0, 415.0)"
1770302179.989,589,2,"(426.0, 415.0)"
1770302179.999,589,2,"(341.0, 431.0)"
1770302180.013,589,2,"(426.0, 447.0)"
1770302180.024,589,2,"(511.0, 447.0)"
1770302180.035,589,2,"(511.0, 463.0)"
1770302180.045,589,2,"(511.0, 463.0)"
1770302180.056,589,2,"(596.0, 479.0)"
1770302180.066,589,2,"(596.0, 479.0)"
1770302180.077,589,2,"(511.0, 479.0)"
1770302180.089,589,2,"(511.0, 495.0)"
1770302180.099,589,2,"(511.0, 511.0)"
1770302180.111,589,2,"(341.0, 511.0)"
1770302180.122,589,2,"(596.0, 511.0)"
1770302180.134,589,2,"(511.0, 527.0)"
1770302180.145,589,2,"(426.0, 543.0)"
1770302180.156,589,2,"(511.0, 543.0)"
1770302180.167,589,2,"(682.0, 527.0)"
1770302180.18,589,2,"(682.0, 527.0)"
1770302180.191,589,2,"(511.0, 527.0)"
1770302180.203,589,2,"(511.0, 559.0)"
1770302180.213,589,2,"(767.0, 591.0)"
1770302180.224,589,2,"(1023.0, 623.0)"
1770302180.235,589,2,"(852.0, 623.0)"
1770302180.246,589,2,"(511.0, 639.0)"
1770302180.257,589,2,"(511.0, 639.0)"
1770302180.267,589,2,"(596.0, 639.0)"
1770302180.277,589,2,"(511.0, 655.0)"
1770302180.288,589,2,"(511.0, 655.0)"
1770302180.298,589,2,"(767.0, 655.0)"
1770302180.308,589,2,"(596.0, 655.0)"
1770302180.319,589,2,"(596.0, 655.0)"
1770302180.331,589,2,"(511.0, 671.0)"
1770302180.343,589,2,"(682.0, 671.0)"
1770302180.354,589,2,"(511.0, 671.0)"
1770302180.365,589,2,"(511.0, 687.0)"
1770302180.376,589,2,"(596.0, 671.0)"
1770302180.386,589,2,"(596.0, 655.0)"
1770302180.397,589,2,"(511.0, 639.0)"
1770302180.407,589,2,"(511.0, 623.0)"
1770302180.417,589,2,"(511.0, 607.0)"
1770302180.429,589,2,"(341.0, 623.0)"
1770302180.439,589,2,"(341.0, 623.0)"
1770302180.45,589,2,"(426.0, 623.0)"
1770302180.46,589,2,"(511.0, 607.0)"
1770302180.47,589,2,"(511.0, 591.0)"
1770302180.481,589,2,"(511.0, 575.0)"
1770302180.492,589,2,"(511.0, 559.0)"
1770302180.503,589,2,"(426.0, 559.0)"
1770302180.516,589,2,"(426.0, 543.0)"
1770302180.526,589,2,"(511.0, 527.0)"
1770302180.538,589,2,"(511.0, 527.0)"
1770302180.549,589,2,"(511.0, 527.0)"
1770302180.559,589,2,"(596.0, 527.0)"
1770302180.57,589,2,"(596.0, 511.0)"
1770302180.58,589,2,"(596.0, 511.0)"
1770302180.591,589,2,"(511.0, 511.0)"
1770302180.602,589,2,"(511.0, 527.0)"
1770302180.613,589,2,"(596.0, 527.0)"
1770302180.623,589,2,"(682.0, 527.0)"
1770302180.633,589,2,"(426.0, 527.0)"
1770302180.644,589,2,"(511.0, 527.0)"
1770302180.654,589,2,"(511.0, 543.0)"
1770302180.665,589,2,"(511.0, 543.0)"
1770302180.675,589,2,"(511.0, 543.0)"
1770302180.687,589,2,"(511.0, 543.0)"
1770302180.699,589,2,"(511.0, 543.0)"
1770302180.71,589,2,"(511.0, 543.0)"
1770302184.075,589,3,"(511.0, 0.0)"
1770302184.085,589,3,"(511.0, 0.0)"
1770302184.096,589,3,"(511.0, 0.0)"
1770302184.106,589,3,"(511.0, 0.0)"
1770302184.116,589,3,"(511.0, 0.0)"
1770302184.127,589,3,"(511.0, 0.0)"
1770302184.14,589,3,"(511.0, 0.0)"
1770302184.151,589,3,"(511.0, 0.0)"
1770302184.161,589,3,"(511.0, 0.0)"
1770302184.172,589,3,"(511.0, 0.0)"
1770302184.182,589,3,"(511.0, 0.0)"
1770302184.193,589,3,"(511.0, 0.0)"
1770302184.206,589,3,"(511.0, 0.0)"
1770302184.217,589,3,"(511.0, 0.0)"
1770302184.227,589,3,"(511.0, 0.0)"
1770302184.239,589,3,"(511.0, 0.0)"
1770302184.25,589,3,"(511.0, 0.0)"
1770302184.261,589,3,"(511.0, 0.0)"
1770302184.272,589,3,"(511.0, 0.0)"
1770302184.282,589,3,"(511.0, 0.0)"
1770302184.293,589,3,"(511.0, 0.0)"
1770302184.303,589,3,"(511.0, 0.0)"
1770302184.314,589,3,"(511.0, 0.0)"
1770302184.325,589,3,"(511.0, 0.0)"
1770302184.337,589,3,"(511.0, 0.0)"
1770302184.348,589,3,"(511.0, 0.0)"
1770302184.359,589,3,"(511.0, 0.0)"
1770302184.369,589,3,"(511.0, 0.0)"
1770302184.38,589,3,"(511.0, 0.0)"
1770302184.39,589,3,"(511.0, 0.0)"
1770302184.4,589,3,"(511.0, 0.0)"
1770302184.411,589,3,"(511.0, 0.0)"
1770302184.421,589,3,"(511.0, 0.0)"
1770302184.432,589,3,"(511.0, 0.0)"
1770302184.443,589,3,"(511.0, 0.0)"
1770302184.453,589,3,"(511.0, 0.0)"
1770302184.463,589,3,"(511.0, 0.0)"
1770302184.474,589,3,"(511.0, 0.0)"
1770302184.485,589,3,"(511.0, 0.0)"
1770302184.496,589,3,"(511.0, 0.0)"
1770302184.507,589,3,"(511.0, 0.0)"
1770302184.52,589,3,"(511.0, 0.0)"
1770302184.53,589,3,"(511.0, 0.0)"
1770302184.541,589,3,"(511.0, 0.0)"
1770302184.552,589,3,"(511.0, 0.0)"
1770302184.564,589,3,"(511.0, 0.0)"
1770302184.574,589,3,"(511.0, 0.0)"
1770302184.585,589,3,"(511.0, 0.0)"
1770302184.596,589,3,"(511.0, 0.0)"
1770302184.607,589,3,"(511.0, 0.0)"
1770302184.618,589,3,"(511.0, 0.0)"
1770302184.628,589,3,"(511.0, 0.0)"
1770302184.638,589,3,"(511.0, 15.0)"
1770302184.648,589,3,"(511.0, 15.0)"
1770302184.658,589,3,"(511.0, 31.0)"
1770302184.668,589,3,"(511.0, 31.0)"
1770302184.678,589,3,"(511.0, 31.0)"
1770302184.69,589,3,"(511.0, 31.0)"
1770302184.701,589,3,"(511.0, 15.0)"
1770302184.712,589,3,"(511.0, 15.0)"
1770302184.723,589,3,"(511.0, 0.0)"
1770302184.734,589,3,"(511.0, 0.0)"
1770302184.744,589,3,"(511.0, 0.0)"
1770302184.754,589,3,"(511.0, 0.0)"
1770302184.765,589,3,"(511.0, 0.0)"
1770302184.775,589,3,"(511.0, 0.0)"
1770302184.785,589,3,"(511.0, 0.0)"
1770302184.797,589,3,"(511.0, 0.0)"
1770302184.807,589,3,"(511.0, 0.0)"
1770302184.817,589,3,"(511.0, 0.0)"
1770302184.828,589,3,"(511.0, 0.0)"
1770302184.839,589,3,"(511.0, 0.0)"
1770302184.849,589,3,"(511.0, 0.0)"
1770302184.86,589,3,"(511.0, 0.0)"
1770302184.87,589,3,"(511.0, 0.0)"
1770302184.881,589,3,"(511.0, 0.0)"
1770302184.891,589,3,"(511.0, 0.0)"
1770302184.901,589,3,"(511.0, 0.0)"
1770302184.913,589,3,"(511.0, 0.0)"
1770302184.923,589,3,"(511.0, 0.0)"
1770302184.933,589,3,"(511.0, 0.0)"
1770302184.944,589,3,"(511.0, 0.0)"
1770302184.954,589,3,"(511.0, 0.0)"
1770302184.965,589,3,"(511.0, 0.0)"
1770302184.975,589,3,"(511.0, 0.0)"
1770302184.987,589,3,"(511.0, 0.0)"
1770302184.998,589,3,"(511.0, 0.0)"
1770302185.009,589,3,"(511.0, 0.0)"
1770302185.02,589,3,"(511.0, 0.0)"
1770302185.03,589,3,"(511.0, 0.0)"
1770302185.041,589,3,"(511.0, 0.0)"
1770302185.052,589,3,"(511.0, 0.0)"
1770302185.063,589,3,"(511.0, 0.0)"
1770302185.074,589,3,"(511.0, 0.0)"
1770302185.084,589,3,"(511.0, 0.0)"
1770302185.094,589,3,"(511.0, 0.0)"
1770302185.105,589,3,"(511.0, 0.0)"
1770302185.116,589,3,"(511.0, 0.0)"
1770302185.127,589,3,"(511.0, 0.0)"
1770302185.137,589,3,"(511.0, 0.0)"
1770302185.148,589,3,"(511.0, 0.0)"
1770302185.158,589,3,"(511.0, 0.0)"
1770302185.169,589,3,"(511.0, 0.0)"
1770302185.179,589,3,"(511.0, 0.0)"
1770302185.19,589,3,"(511.0, 0.0)"
1770302185.2,589,3,"(511.0, 0.0)"
1770302185.21,589,3,"(511.0, 0.0)"
1770302185.224,589,3,"(511.0, 0.0)"
1770302185.235,589,3,"(511.0, 0.0)"
1770302185.245,589,3,"(511.0, 0.0)"
1770302185.256,589,3,"(511.0, 0.0)"
1770302185.267,589,3,"(511.0, 0.0)"
1770302185.278,589,3,"(511.0, 0.0)"
1770302185.29,589,3,"(511.0, 0.0)"
1770302185.301,589,3,"(511.0, 0.0)"
1770302185.311,589,3,"(511.0, 0.0)"
1770302185.322,589,3,"(511.0, 0.0)"
1770302185.332,589,3,"(511.0, 0.0)"
1770302185.342,589,3,"(511.0, 0.0)"
1770302185.354,589,3,"(511.0, 0.0)"
1770302185.364,589,3,"(511.0, 0.0)"
1770302185.375,589,3,"(511.0, 0.0)"
1770302185.385,589,3,"(511.0, 0.0)"
1770302185.395,589,3,"(511.0, 0.0)"
1770302185.406,589,3,"(511.0, 0.0)"
1770302185.417,589,3,"(511.0, 0.0)"
1770302185.427,589,3,"(511.0, 0.0)"
1770302185.439,589,3,"(511.0, 0.0)"
1770302185.45,589,3,"(511.0, 0.0)"
1770302185.46,589,3,"(511.0, 0.0)"
1770302185.473,589,3,"(511.0, 0.0)"
1770302185.483,589,3,"(511.0, 0.0)"
1770302185.494,589,3,"(511.0, 0.0)"
1770302185.506,589,3,"(511.0, 0.0)"
1770302185.516,589,3,"(511.0, 0.0)"
1770302185.527,589,3,"(511.0, 0.0)"
1770302185.539,589,3,"(511.0, 0.0)"
1770302185.549,589,3,"(511.0, 0.0)"
1770302185.559,589,3,"(511.0, 0.0)"
1770302185.57,589,3,"(511.0, 0.0)"
1770302185.581,589,3,"(511.0, 0.0)"
1770302185.591,589,3,"(511.0, 0.0)"
1770302185.603,589,3,"(511.0, 0.0)"
1770302185.613,589,3,"(511.0, 0.0)"
1770302185.623,589,3,"(511.0, 0.0)"
1770302185.635,589,3,"(511.0, 0.0)"
1770302185.647,589,3,"(511.0, 0.0)"
1770302185.657,589,3,"(511.0, 0.0)"
1770302185.667,589,3,"(511.0, 0.0)"
1770302185.678,589,3,"(511.0, 0.0)"
1770302185.69,589,3,"(511.0, 0.0)"
1770302185.7,589,3,"(511.0, 0.0)"
1770302185.71,589,3,"(511.0, 0.0)"
1770302185.721,589,3,"(511.0, 0.0)"
1770302185.731,589,3,"(511.0, 0.0)"
1770302185.742,589,3,"(511.0, 0.0)"
1770302185.752,589,3,"(511.0, 0.0)"
1770302185.764,589,3,"(511.0, 0.0)"
1770302185.775,589,3,"(511.0, 0.0)"
1770302185.785,589,3,"(511.0, 0.0)"
1770302185.796,589,3,"(511.0, 0.0)"
1770302185.808,589,3,"(511.0, 0.0)"
1770302185.818,589,3,"(511.0, 0.0)"
1770302185.83,589,3,"(511.0, 0.0)"
1770302185.841,589,3,"(511.0, 0.0)"
1770302185.851,589,3,"(511.0, 0.0)"
1770302185.861,589,3,"(511.0, 0.0)"
1770302185.872,589,3,"(511.0, 0.0)"
1770302185.884,589,3,"(511.0, 0.0)"
1770302185.894,589,3,"(511.0, 0.0)"
1770302185.906,589,3,"(511.0, 0.0)"
1770302185.917,589,3,"(511.0, 0.0)"
1770302185.927,589,3,"(511.0, 0.0)"
1770302185.938,589,3,"(511.0, 0.0)"
1770302185.948,589,3,"(511.0, 0.0)"
1770302185.96,589,3,"(511.0, 0.0)"
1770302185.97,589,3,"(511.0, 0.0)"
1770302185.981,589,3,"(511.0, 0.0)"
1770302185.991,589,3,"(511.0, 0.0)"
1770302186.002,589,3,"(511.0, 0.0)"
1770302186.013,589,3,"(511.0, 0.0)"
1770302186.023,589,3,"(511.0, 0.0)"
1770302186.033,589,3,"(511.0, 0.0)"
1770302186.044,589,3,"(511.0, 0.0)"
1770302186.054,589,3,"(511.0, 0.0)"
1770302186.065,589,3,"(511.0, 0.0)"
1770302186.077,589,3,"(511.0, 0.0)"
1770302186.087,589,3,"(511.0, 0.0)"
1770302186.097,589,3,"(511.0, 0.0)"
1770302186.11,589,3,"(511.0, 0.0)"
1770302186.12,589,3,"(511.0, 0.0)"
1770302186.131,589,3,"(511.0, 0.0)"
1770302186.142,589,3,"(511.0, 0.0)"
1770302186.153,589,3,"(511.0, 0.0)"
1770302186.163,589,3,"(511.0, 0.0)"
1770302186.175,589,3,"(511.0, 0.0)"
1770302186.185,589,3,"(511.0, 0.0)"
1770302186.196,589,3,"(511.0, 0.0)"
1770302186.207,589,3,"(511.0, 0.0)"
1770302186.217,589,3,"(511.0, 0.0)"
1770302186.228,589,3,"(511.0, 0.0)"
1770302186.238,589,3,"(511.0, 0.0)"
1770302186.249,589,3,"(511.0, 0.0)"
1770302186.26,589,3,"(511.0, 0.0)"
1770302186.271,589,3,"(511.0, 0.0)"
1770302186.281,589,3,"(511.0, 0.0)"
1770302186.293,589,3,"(511.0, 0.0)"
1770302186.303,589,3,"(511.0, 0.0)"
1770302186.314,589,3,"(511.0, 0.0)"
1770302186.326,589,3,"(511.0, 0.0)"
1770302186.336,589,3,"(511.0, 0.0)"
1770302186.347,589,3,"(511.0, 0.0)"
1770302186.357,589,3,"(511.0, 0.0)"
1770302186.367,589,3,"(511.0, 0.0)"
1770302186.378,589,3,"(511.0, 0.0)"
1770302186.388,589,3,"(511.0, 0.0)"
1770302186.399,589,3,"(511.0, 0.0)"
1770302186.409,589,3,"(511.0, 0.0)"
1770302186.42,589,3,"(511.0, 0.0)"
1770302186.431,589,3,"(511.0, 0.0)"
1770302186.441,589,3,"(511.0, 0.0)"
1770302186.452,589,3,"(511.0, 0.0)"
1770302186.463,589,3,"(511.0, 0.0)"
1770302186.473,589,3,"(511.0, 0.0)"
1770302186.483,589,3,"(511.0, 0.0)"
1770302186.495,589,3,"(511.0, 0.0)"
1770302186.506,589,3,"(511.0, 0.0)"
1770302186.517,589,3,"(511.0, 0.0)"
1770302186.53,589,3,"(511.0, 0.0)"
1770302186.541,589,3,"(511.0, 0.0)"
1770302186.551,589,3,"(511.0, 0.0)"
1770302186.561,589,3,"(511.0, 0.0)"
1770302186.573,589,3,"(511.0, 0.0)"
1770302186.584,589,3,"(511.0, 0.0)"
1770302186.595,589,3,"(511.0, 0.0)"
1770302186.606,589,3,"(511.0, 0.0)"
1770302186.618,589,3,"(511.0, 0.0)"
1770302186.629,589,3,"(511.0, 0.0)"
1770302186.639,589,3,"(511.0, 0.0)"
1770302186.649,589,3,"(511.0, 0.0)"
1770302186.659,589,3,"(511.0, 0.0)"
1770302186.67,589,3,"(511.0, 0.0)"
1770302186.681,589,3,"(511.0, 0.0)"
1770302186.692,589,3,"(511.0, 0.0)"
1770302186.703,589,3,"(511.0, 0.0)"
1770302186.716,589,3,"(511.0, 0.0)"
1770302186.727,589,3,"(511.0, 0.0)"
1770302186.737,589,3,"(511.0, 0.0)"
1770302186.749,589,3,"(511.0, 0.0)"
1770302186.76,589,3,"(511.0, 0.0)"
1770302186.771,589,3,"(511.0, 0.0)"
1770302186.784,589,3,"(511.0, 0.0)"
1770302186.794,589,3,"(511.0, 0.0)"
1770302186.804,589,3,"(511.0, 0.0)"
1770302186.815,589,3,"(511.0, 0.0)"
1770302186.826,589,3,"(511.0, 0.0)"
1770302186.837,589,3,"(511.0, 0.0)"
1770302186.85,589,3,"(511.0, 0.0)"
1770302186.861,589,3,"(511.0, 0.0)"
1770302186.872,589,3,"(511.0, 0.0)"
1770302186.884,589,3,"(511.0, 0.0)"
1770302186.894,589,3,"(511.0, 0.0)"
1770302186.905,589,3,"(511.0, 0.0)"
1770302186.915,589,3,"(511.0, 0.0)"
1770302186.925,589,3,"(511.0, 0.0)"
1770302186.935,589,3,"(511.0, 0.0)"
1770302186.946,589,3,"(511.0, 0.0)"
1770302186.956,589,3,"(511.0, 0.0)"
1770302186.966,589,3,"(511.0, 0.0)"
1770302186.977,589,3,"(511.0, 0.0)"
1770302186.987,589,3,"(511.0, 0.0)"
1770302187.0,589,3,"(511.0, 0.0)"
1770302187.011,589,3,"(511.0, 0.0)"
1770302187.023,589,3,"(511.0, 0.0)"
1770302187.035,589,3,"(511.0, 0.0)"
1770302187.045,589,3,"(511.0, 0.0)"
1770302187.056,589,3,"(511.0, 0.0)"
1770302187.067,589,3,"(511.0, 0.0)"
1770302187.078,589,3,"(511.0, 0.0)"
1770302191.319,589,4,"(511.0, 31.0)"
1770302191.329,589,4,"(511.0, 31.0)"
1770302191.341,589,4,"(511.0, 31.0)"
1770302191.352,589,4,"(511.0, 31.0)"
1770302191.363,589,4,"(511.0, 31.0)"
1770302191.374,589,4,"(511.0, 31.0)"
1770302191.386,589,4,"(511.0, 31.0)"
1770302191.396,589,4,"(511.0, 31.0)"
1770302191.407,589,4,"(511.0, 31.0)"
1770302191.417,589,4,"(511.0, 31.0)"
1770302191.428,589,4,"(511.0, 31.0)"
1770302191.439,589,4,"(511.0, 31.0)"
1770302191.449,589,4,"(511.0, 31.0)"
1770302191.46,589,4,"(511.0, 31.0)"
1770302191.47,589,4,"(511.0, 31.0)"
1770302191.481,589,4,"(511.0, 31.0)"
1770302191.491,589,4,"(511.0, 15.0)"
1770302191.502,589,4,"(511.0, 15.0)"
1770302191.513,589,4,"(511.0, 0.0)"
1770302191.523,589,4,"(511.0, 0.0)"
1770302191.534,589,4,"(511.0, 0.0)"
1770302191.544,589,4,"(511.0, 0.0)"
1770302191.555,589,4,"(511.0, 0.0)"
1770302191.566,589,4,"(511.0, 0.0)"
1770302191.577,589,4,"(511.0, 0.0)"
1770302191.587,589,4,"(511.0, 0.0)"
1770302191.598,589,4,"(511.0, 0.0)"
1770302191.608,589,4,"(511.0, 15.0)"
1770302191.618,589,4,"(511.0, 15.0)"
1770302191.63,589,4,"(511.0, 31.0)"
1770302191.641,589,4,"(511.0, 31.0)"
1770302191.654,589,4,"(511.0, 31.0)"
1770302191.664,589,4,"(511.0, 31.0)"
1770302191.675,589,4,"(511.0, 31.0)"
1770302191.687,589,4,"(511.0, 31.0)"
1770302191.697,589,4,"(511.0, 31.0)"
1770302191.709,589,4,"(511.0, 31.0)"
1770302191.721,589,4,"(511.0, 31.0)"
1770302191.732,589,4,"(511.0, 31.0)"
1770302191.742,589,4,"(511.0, 31.0)"
1770302191.754,589,4,"(511.0, 31.0)"
1770302191.764,589,4,"(511.0, 31.0)"
1770302191.775,589,4,"(511.0, 31.0)"
1770302191.788,589,4,"(511.0, 31.0)"
1770302191.798,589,4,"(511.0, 31.0)"
1770302191.809,589,4,"(511.0, 31.0)"
1770302191.821,589,4,"(511.0, 31.0)"
1770302191.832,589,4,"(511.0, 31.0)"
1770302191.842,589,4,"(511.0, 31.0)"
1770302191.852,589,4,"(511.0, 31.0)"
1770302191.863,589,4,"(511.0, 31.0)"
1770302191.873,589,4,"(511.0, 31.0)"
1770302191.884,589,4,"(511.0, 31.0)"
1770302191.895,589,4,"(511.0, 31.0)"
1770302191.906,589,4,"(511.0, 31.0)"
1770302191.916,589,4,"(511.0, 31.0)"
1770302191.926,589,4,"(511.0, 31.0)"
1770302191.937,589,4,"(511.0, 31.0)"
1770302191.947,589,4,"(511.0, 31.0)"
1770302191.958,589,4,"(511.0, 31.0)"
1770302191.97,589,4,"(511.0, 47.0)"
1770302191.981,589,4,"(511.0, 47.0)"
1770302191.991,589,4,"(511.0, 47.0)"
1770302192.002,589,4,"(511.0, 47.0)"
1770302192.012,589,4,"(511.0, 31.0)"
1770302192.023,589,4,"(511.0, 31.0)"
1770302192.034,589,4,"(511.0, 31.0)"
1770302192.045,589,4,"(511.0, 31.0)"
1770302192.055,589,4,"(511.0, 31.0)"
1770302192.065,589,4,"(511.0, 31.0)"
1770302192.075,589,4,"(511.0, 31.0)"
1770302192.087,589,4,"(511.0, 31.0)"
1770302192.097,589,4,"(511.0, 31.0)"
1770302192.107,589,4,"(511.0, 31.0)"
1770302192.12,589,4,"(511.0, 31.0)"
1770302192.131,589,4,"(511.0, 31.0)"
1770302192.143,589,4,"(511.0, 31.0)"
1770302192.153,589,4,"(511.0, 31.0)"
1770302192.165,589,4,"(511.0, 31.0)"
1770302192.176,589,4,"(511.0, 31.0)"
1770302192.186,589,4,"(511.0, 15.0)"
1770302192.197,589,4,"(511.0, 0.0)"
1770302192.208,589,4,"(511.0, 0.0)"
1770302192.218,589,4,"(511.0, 0.0)"
1770302192.228,589,4,"(511.0, 0.0)"
1770302192.239,589,4,"(511.0, 15.0)"
1770302192.249,589,4,"(511.0, 15.0)"
1770302192.259,589,4,"(511.0, 31.0)"
1770302192.27,589,4,"(511.0, 31.0)"
1770302192.281,589,4,"(511.0, 31.0)"
1770302192.291,589,4,"(511.0, 31.0)"
1770302192.302,589,4,"(511.0, 31.0)"
1770302192.313,589,4,"(511.0, 31.0)"
1770302192.323,589,4,"(511.0, 31.0)"
1770302192.334,589,4,"(511.0, 31.0)"
1770302192.345,589,4,"(511.0, 31.0)"
1770302192.355,589,4,"(511.0, 31.0)"
1770302192.366,589,4,"(511.0, 31.0)"
1770302192.377,589,4,"(511.0, 31.0)"
1770302192.387,589,4,"(511.0, 31.0)"
1770302192.398,589,4,"(511.0, 31.0)"
1770302192.409,589,4,"(511.0, 31.0)"
1770302192.421,589,4,"(511.0, 31.0)"
1770302192.431,589,4,"(511.0, 47.0)"
1770302192.442,589,4,"(511.0, 63.0)"
1770302192.454,589,4,"(511.0, 79.0)"
1770302192.465,589,4,"(511.0, 79.0)"
1770302192.475,589,4,"(511.0, 95.0)"
1770302192.488,589,4,"(511.0, 95.0)"
1770302192.5,589,4,"(511.0, 95.0)"
1770302192.511,589,4,"(511.0, 95.0)"
1770302192.521,589,4,"(511.0, 95.0)"
1770302192.532,589,4,"(511.0, 95.0)"
1770302192.543,589,4,"(511.0, 111.0)"
1770302192.554,589,4,"(511.0, 111.0)"
1770302192.566,589,4,"(511.0, 127.0)"
1770302192.577,589,4,"(511.0, 143.0)"
1770302192.588,589,4,"(511.0, 143.0)"
1770302192.599,589,4,"(511.0, 159.0)"
1770302192.609,589,4,"(511.0, 159.0)"
1770302192.62,589,4,"(511.0, 159.0)"
1770302192.63,589,4,"(511.0, 159.0)"
1770302192.641,589,4,"(511.0, 159.0)"
1770302192.653,589,4,"(511.0, 159.0)"
1770302192.663,589,4,"(511.0, 175.0)"
1770302192.675,589,4,"(511.0, 175.0)"
1770302192.686,589,4,"(511.0, 159.0)"
1770302192.697,589,4,"(511.0, 143.0)"
1770302192.709,589,4,"(511.0, 127.0)"
1770302192.719,589,4,"(511.0, 127.0)"
1770302192.73,589,4,"(511.0, 127.0)"
1770302192.741,589,4,"(511.0, 127.0)"
1770302192.751,589,4,"(511.0, 127.0)"
1770302192.762,589,4,"(511.0, 127.0)"
1770302192.774,589,4,"(511.0, 127.0)"
1770302192.785,589,4,"(511.0, 127.0)"
1770302192.796,589,4,"(511.0, 111.0)"
1770302192.808,589,4,"(511.0, 111.0)"
1770302192.818,589,4,"(511.0, 95.0)"
1770302192.829,589,4,"(511.0, 79.0)"
1770302192.844,589,4,"(511.0, 63.0)"
1770302192.855,589,4,"(511.0, 63.0)"
1770302192.865,589,4,"(511.0, 63.0)"
1770302192.876,589,4,"(511.0, 63.0)"
1770302192.887,589,4,"(511.0, 63.0)"
1770302192.898,589,4,"(511.0, 63.0)"
1770302192.908,589,4,"(511.0, 63.0)"
1770302192.918,589,4,"(511.0, 63.0)"
1770302192.929,589,4,"(511.0, 63.0)"
1770302192.943,589,4,"(511.0, 63.0)"
1770302192.954,589,4,"(511.0, 63.0)"
1770302192.965,589,4,"(511.0, 63.0)"
1770302192.976,589,4,"(511.0, 63.0)"
1770302192.987,589,4,"(511.0, 63.0)"
1770302192.998,589,4,"(511.0, 63.0)"
1770302193.009,589,4,"(511.0, 63.0)"
1770302193.02,589,4,"(511.0, 63.0)"
1770302193.031,589,4,"(511.0, 63.0)"
1770302193.043,589,4,"(511.0, 63.0)"
1770302193.053,589,4,"(511.0, 63.0)"
1770302193.065,589,4,"(511.0, 63.0)"
1770302193.076,589,4,"(511.0, 63.0)"
1770302193.087,589,4,"(511.0, 63.0)"
1770302193.098,589,4,"(511.0, 63.0)"
1770302193.109,589,4,"(511.0, 63.0)"
1770302193.12,589,4,"(511.0, 63.0)"
1770302193.131,589,4,"(511.0, 63.0)"
1770302193.141,589,4,"(511.0, 63.0)"
1770302193.152,589,4,"(511.0, 63.0)"
1770302193.163,589,4,"(511.0, 47.0)"
1770302193.174,589,4,"(511.0, 47.0)"
1770302193.185,589,4,"(511.0, 31.0)"
1770302193.196,589,4,"(511.0, 31.0)"
1770302193.208,589,4,"(511.0, 31.0)"
1770302193.219,589,4,"(511.0, 31.0)"
1770302193.23,589,4,"(511.0, 31.0)"
1770302193.241,589,4,"(511.0, 31.0)"
1770302193.253,589,4,"(511.0, 31.0)"
1770302193.263,589,4,"(511.0, 47.0)"
1770302193.275,589,4,"(511.0, 63.0)"
1770302193.285,589,4,"(511.0, 63.0)"
1770302193.296,589,4,"(511.0, 63.0)"
1770302193.309,589,4,"(511.0, 79.0)"
1770302193.32,589,4,"(511.0, 79.0)"
1770302193.331,589,4,"(596.0, 79.0)"
1770302193.341,589,4,"(511.0, 79.0)"
1770302193.351,589,4,"(511.0, 79.0)"
1770302193.361,589,4,"(511.0, 95.0)"
1770302193.371,589,4,"(511.0, 95.0)"
1770302193.383,589,4,"(511.0, 95.0)"
1770302193.393,589,4,"(511.0, 95.0)"
1770302193.403,589,4,"(511.0, 95.0)"
1770302193.414,589,4,"(511.0, 95.0)"
1770302193.424,589,4,"(511.0, 95.0)"
1770302193.435,589,4,"(511.0, 111.0)"
1770302193.445,589,4,"(511.0, 111.0)"
1770302193.456,589,4,"(511.0, 127.0)"
1770302193.467,589,4,"(511.0, 127.0)"
1770302193.477,589,4,"(511.0, 127.0)"
1770302193.487,589,4,"(511.0, 127.0)"
1770302193.498,589,4,"(511.0, 127.0)"
1770302193.51,589,4,"(511.0, 127.0)"
1770302193.52,589,4,"(511.0, 111.0)"
1770302193.531,589,4,"(511.0, 111.0)"
1770302193.543,589,4,"(511.0, 111.0)"
1770302193.553,589,4,"(511.0, 95.0)"
1770302193.564,589,4,"(511.0, 95.0)"
1770302193.575,589,4,"(511.0, 95.0)"
1770302193.586,589,4,"(511.0, 95.0)"
1770302193.596,589,4,"(511.0, 95.0)"
1770302193.606,589,4,"(511.0, 95.0)"
1770302193.617,589,4,"(511.0, 95.0)"
1770302193.627,589,4,"(511.0, 95.0)"
1770302193.638,589,4,"(511.0, 95.0)"
1770302193.649,589,4,"(511.0, 95.0)"
1770302193.659,589,4,"(511.0, 95.0)"
1770302193.67,589,4,"(511.0, 95.0)"
1770302193.68,589,4,"(511.0, 95.0)"
1770302193.692,589,4,"(511.0, 95.0)"
1770302193.703,589,4,"(511.0, 95.0)"
1770302193.713,589,4,"(511.0, 95.0)"
1770302193.726,589,4,"(511.0, 95.0)"
1770302193.736,589,4,"(511.0, 95.0)"
1770302193.747,589,4,"(511.0, 95.0)"
1770302193.757,589,4,"(511.0, 95.0)"
1770302193.768,589,4,"(511.0, 95.0)"
1770302193.779,589,4,"(511.0, 95.0)"
1770302193.79,589,4,"(511.0, 95.0)"
1770302193.801,589,4,"(511.0, 95.0)"
1770302193.811,589,4,"(511.0, 95.0)"
1770302193.823,589,4,"(511.0, 95.0)"
1770302193.834,589,4,"(511.0, 95.0)"
1770302193.845,589,4,"(511.0, 95.0)"
1770302193.856,589,4,"(511.0, 95.0)"
1770302193.866,589,4,"(511.0, 95.0)"
1770302193.876,589,4,"(511.0, 95.0)"
1770302193.887,589,4,"(511.0, 95.0)"
1770302193.897,589,4,"(511.0, 95.0)"
1770302193.907,589,4,"(511.0, 95.0)"
1770302193.918,589,4,"(511.0, 95.0)"
1770302193.929,589,4,"(511.0, 95.0)"
1770302193.939,589,4,"(511.0, 95.0)"
1770302193.949,589,4,"(511.0, 95.0)"
1770302193.96,589,4,"(511.0, 95.0)"
1770302193.97,589,4,"(511.0, 95.0)"
1770302193.98,589,4,"(511.0, 95.0)"
1770302193.991,589,4,"(511.0, 95.0)"
1770302194.003,589,4,"(511.0, 95.0)"
1770302194.014,589,4,"(511.0, 95.0)"
1770302194.024,589,4,"(511.0, 95.0)"
1770302194.036,589,4,"(511.0, 79.0)"
1770302194.046,589,4,"(511.0, 79.0)"
1770302194.057,589,4,"(511.0, 63.0)"
1770302194.068,589,4,"(511.0, 63.0)"
1770302194.08,589,4,"(511.0, 79.0)"
1770302194.09,589,4,"(511.0, 79.0)"
1770302194.101,589,4,"(511.0, 79.0)"
1770302194.111,589,4,"(511.0, 63.0)"
1770302194.122,589,4,"(511.0, 63.0)"
1770302194.134,589,4,"(511.0, 63.0)"
1770302194.145,589,4,"(511.0, 63.0)"
1770302194.155,589,4,"(511.0, 63.0)"
1770302194.168,589,4,"(511.0, 63.0)"
1770302194.178,589,4,"(511.0, 63.0)"
1770302194.189,589,4,"(511.0, 63.0)"
1770302194.2,589,4,"(511.0, 63.0)"
1770302194.211,589,4,"(511.0, 63.0)"
1770302194.221,589,4,"(511.0, 63.0)"
1770302194.231,589,4,"(511.0, 63.0)"
1770302194.241,589,4,"(511.0, 63.0)"
1770302194.252,589,4,"(511.0, 63.0)"
1770302194.263,589,4,"(511.0, 63.0)"
1770302194.273,589,4,"(511.0, 63.0)"
1770302194.285,589,4,"(511.0, 63.0)"
1770302194.295,589,4,"(511.0, 63.0)"
1770302194.306,589,4,"(511.0, 79.0)"
1770302194.317,589,4,"(511.0, 79.0)"
1770302194.328,589,4,"(511.0, 79.0)"
1770302207.445,589,1,"(511.0, 0.0)"
1770302207.455,589,1,"(511.0, 0.0)"
1770302207.465,589,1,"(511.0, 0.0)"
1770302207.476,589,1,"(511.0, 0.0)"
1770302207.487,589,1,"(511.0, 0.0)"
1770302207.497,589,1,"(511.0, 0.0)"
1770302207.508,589,1,"(511.0, 0.0)"
1770302207.519,589,1,"(511.0, 0.0)"
1770302207.529,589,1,"(511.0, 0.0)"
1770302207.539,589,1,"(511.0, 0.0)"
1770302207.55,589,1,"(511.0, 0.0)"
1770302207.56,589,1,"(511.0, 0.0)"
1770302207.57,589,1,"(511.0, 0.0)"
1770302207.581,589,1,"(511.0, 0.0)"
1770302207.593,589,1,"(511.0, 0.0)"
1770302207.604,589,1,"(511.0, 0.0)"
1770302207.614,589,1,"(511.0, 0.0)"
1770302207.626,589,1,"(511.0, 0.0)"
1770302207.636,589,1,"(511.0, 0.0)"
1770302207.647,589,1,"(511.0, 0.0)"
1770302207.661,589,1,"(511.0, 0.0)"
1770302207.672,589,1,"(511.0, 0.0)"
1770302207.682,589,1,"(511.0, 0.0)"
1770302207.693,589,1,"(511.0, 0.0)"
1770302207.703,589,1,"(511.0, 0.0)"
1770302207.714,589,1,"(511.0, 0.0)"
1770302207.728,589,1,"(511.0, 0.0)"
1770302207.738,589,1,"(511.0, 0.0)"
1770302207.75,589,1,"(511.0, 0.0)"
1770302207.763,589,1,"(511.0, 0.0)"
1770302207.775,589,1,"(511.0, 0.0)"
1770302207.786,589,1,"(511.0, 0.0)"
1770302207.798,589,1,"(511.0, 0.0)"
1770302207.808,589,1,"(511.0, 0.0)"
1770302207.819,589,1,"(511.0, 0.0)"
1770302207.83,589,1,"(511.0, 0.0)"
1770302207.841,589,1,"(511.0, 0.0)"
1770302207.851,589,1,"(511.0, 0.0)"
1770302207.863,589,1,"(511.0, 0.0)"
1770302207.873,589,1,"(511.0, 0.0)"
1770302207.883,589,1,"(511.0, 0.0)"
1770302207.897,589,1,"(511.0, 0.0)"
1770302207.908,589,1,"(511.0, 0.0)"
1770302207.918,589,1,"(511.0, 0.0)"
1770302207.929,589,1,"(511.0, 0.0)"
1770302207.939,589,1,"(511.0, 0.0)"
1770302207.95,589,1,"(511.0, 0.0)"
1770302207.96,589,1,"(511.0, 0.0)"
1770302207.971,589,1,"(511.0, 0.0)"
1770302207.983,589,1,"(511.0, 0.0)"
1770302207.993,589,1,"(511.0, 0.0)"
1770302208.003,589,1,"(511.0, 0.0)"
1770302208.013,589,1,"(511.0, 0.0)"
1770302208.024,589,1,"(511.0, 0.0)"
1770302208.034,589,1,"(511.0, 0.0)"
1770302208.047,589,1,"(511.0, 0.0)"
1770302208.057,589,1,"(511.0, 0.0)"
1770302208.067,589,1,"(511.0, 0.0)"
1770302208.079,589,1,"(511.0, 0.0)"
1770302208.089,589,1,"(511.0, 0.0)"
1770302208.1,589,1,"(511.0, 0.0)"
1770302208.11,589,1,"(511.0, 0.0)"
1770302208.12,589,1,"(511.0, 0.0)"
1770302208.132,589,1,"(511.0, 0.0)"
1770302208.142,589,1,"(511.0, 0.0)"
1770302208.153,589,1,"(511.0, 0.0)"
1770302208.163,589,1,"(511.0, 0.0)"
1770302208.173,589,1,"(511.0, 0.0)"
1770302208.184,589,1,"(511.0, 15.0)"
1770302208.194,589,1,"(511.0, 15.0)"
1770302208.205,589,1,"(511.0, 31.0)"
1770302208.217,589,1,"(511.0, 31.0)"
1770302208.228,589,1,"(511.0, 31.0)"
1770302208.238,589,1,"(511.0, 31.0)"
1770302208.25,589,1,"(511.0, 31.0)"
1770302208.261,589,1,"(511.0, 31.0)"
1770302208.272,589,1,"(511.0, 31.0)"
1770302208.282,589,1,"(511.0, 31.0)"
1770302208.293,589,1,"(511.0, 31.0)"
1770302208.304,589,1,"(511.0, 31.0)"
1770302208.314,589,1,"(511.0, 31.0)"
1770302208.324,589,1,"(511.0, 31.0)"
1770302208.335,589,1,"(511.0, 31.0)"
1770302208.346,589,1,"(511.0, 31.0)"
1770302208.356,589,1,"(511.0, 31.0)"
1770302208.367,589,1,"(511.0, 31.0)"
1770302208.378,589,1,"(511.0, 31.0)"
1770302208.388,589,1,"(511.0, 31.0)"
1770302208.399,589,1,"(511.0, 31.0)"
1770302208.409,589,1,"(511.0, 31.0)"
1770302208.419,589,1,"(511.0, 31.0)"
1770302208.429,589,1,"(511.0, 31.0)"
1770302208.441,589,1,"(511.0, 15.0)"
1770302208.451,589,1,"(511.0, 15.0)"
1770302208.462,589,1,"(511.0, 0.0)"
1770302208.472,589,1,"(511.0, 0.0)"
1770302208.483,589,1,"(511.0, 0.0)"
1770302208.493,589,1,"(511.0, 0.0)"
1770302208.504,589,1,"(511.0, 0.0)"
1770302208.515,589,1,"(511.0, 0.0)"
1770302208.526,589,1,"(511.0, 0.0)"
1770302208.536,589,1,"(511.0, 0.0)"
1770302208.547,589,1,"(511.0, 15.0)"
1770302208.557,589,1,"(511.0, 15.0)"
1770302208.567,589,1,"(511.0, 31.0)"
1770302208.578,589,1,"(511.0, 15.0)"
1770302208.588,589,1,"(511.0, 15.0)"
1770302208.599,589,1,"(511.0, 15.0)"
1770302208.609,589,1,"(511.0, 0.0)"
1770302208.619,589,1,"(511.0, 0.0)"
1770302208.63,589,1,"(511.0, 0.0)"
1770302208.641,589,1,"(511.0, 0.0)"
1770302208.652,589,1,"(511.0, 0.0)"
1770302208.663,589,1,"(511.0, 0.0)"
1770302208.673,589,1,"(511.0, 0.0)"
1770302208.683,589,1,"(511.0, 0.0)"
1770302208.694,589,1,"(511.0, 0.0)"
1770302208.705,589,1,"(511.0, 0.0)"
1770302208.715,589,1,"(511.0, 0.0)"
1770302208.725,589,1,"(511.0, 0.0)"
1770302208.736,589,1,"(511.0, 0.0)"
1770302208.746,589,1,"(511.0, 0.0)"
1770302208.756,589,1,"(511.0, 0.0)"
1770302208.767,589,1,"(511.0, 0.0)"
1770302208.779,589,1,"(511.0, 0.0)"
1770302208.79,589,1,"(511.0, 0.0)"
1770302208.801,589,1,"(511.0, 0.0)"
1770302208.811,589,1,"(511.0, 0.0)"
1770302208.824,589,1,"(511.0, 0.0)"
1770302208.834,589,1,"(511.0, 0.0)"
1770302208.844,589,1,"(511.0, 0.0)"
1770302208.857,589,1,"(511.0, 0.0)"
1770302208.867,589,1,"(511.0, 0.0)"
1770302208.878,589,1,"(511.0, 0.0)"
1770302208.889,589,1,"(511.0, 0.0)"
1770302208.9,589,1,"(511.0, 0.0)"
1770302208.91,589,1,"(511.0, 0.0)"
1770302208.92,589,1,"(511.0, 0.0)"
1770302208.93,589,1,"(511.0, 0.0)"
1770302208.94,589,1,"(511.0, 0.0)"
1770302208.951,589,1,"(511.0, 0.0)"
1770302208.962,589,1,"(511.0, 0.0)"
1770302208.972,589,1,"(511.0, 0.0)"
1770302208.983,589,1,"(511.0, 0.0)"
1770302208.994,589,1,"(511.0, 0.0)"
1770302209.004,589,1,"(511.0, 0.0)"
1770302209.014,589,1,"(511.0, 0.0)"
1770302209.025,589,1,"(511.0, 0.0)"
1770302209.036,589,1,"(511.0, 0.0)"
1770302209.046,589,1,"(511.0, 0.0)"
1770302209.056,589,1,"(511.0, 0.0)"
1770302209.067,589,1,"(511.0, 0.0)"
1770302209.078,589,1,"(511.0, 0.0)"
1770302209.091,589,1,"(511.0, 0.0)"
1770302209.102,589,1,"(511.0, 0.0)"
1770302209.112,589,1,"(511.0, 0.0)"
1770302209.122,589,1,"(511.0, 0.0)"
1770302209.133,589,1,"(511.0, 0.0)"
1770302209.143,589,1,"(511.0, 0.0)"
1770302209.155,589,1,"(511.0, 0.0)"
1770302209.166,589,1,"(511.0, 0.0)"
1770302209.176,589,1,"(511.0, 0.0)"
1770302209.187,589,1,"(511.0, 0.0)"
1770302209.197,589,1,"(511.0, 0.0)"
1770302209.208,589,1,"(511.0, 0.0)"
1770302209.219,589,1,"(511.0, 0.0)"
1770302209.229,589,1,"(511.0, 0.0)"
1770302209.241,589,1,"(511.0, 0.0)"
1770302209.251,589,1,"(511.0, 0.0)"
1770302209.262,589,1,"(511.0, 0.0)"
1770302209.274,589,1,"(511.0, 0.0)"
1770302209.285,589,1,"(511.0, 0.0)"
1770302209.295,589,1,"(511.0, 0.0)"
1770302209.305,589,1,"(511.0, 0.0)"
1770302209.316,589,1,"(511.0, 0.0)"
1770302209.326,589,1,"(511.0, 0.0)"
1770302209.336,589,1,"(511.0, 0.0)"
1770302209.347,589,1,"(511.0, 0.0)"
1770302209.358,589,1,"(511.0, 0.0)"
1770302209.368,589,1,"(511.0, 0.0)"
1770302209.379,589,1,"(511.0, 0.0)"
1770302209.392,589,1,"(511.0, 0.0)"
1770302209.402,589,1,"(511.0, 0.0)"
1770302209.412,589,1,"(511.0, 0.0)"
1770302209.423,589,1,"(511.0, 0.0)"
1770302209.434,589,1,"(511.0, 0.0)"
1770302209.444,589,1,"(511.0, 0.0)"
1770302209.455,589,1,"(511.0, 0.0)"
1770302209.466,589,1,"(511.0, 0.0)"
1770302209.477,589,1,"(511.0, 0.0)"
1770302209.487,589,1,"(511.0, 0.0)"
1770302209.498,589,1,"(511.0, 0.0)"
1770302209.508,589,1,"(511.0, 0.0)"
1770302209.519,589,1,"(511.0, 0.0)"
1770302209.53,589,1,"(511.0, 0.0)"
1770302209.54,589,1,"(511.0, 0.0)"
1770302209.551,589,1,"(511.0, 0.0)"
1770302209.563,589,1,"(511.0, 0.0)"
1770302209.574,589,1,"(511.0, 0.0)"
1770302209.585,589,1,"(511.0, 0.0)"
1770302209.596,589,1,"(511.0, 0.0)"
1770302209.608,589,1,"(511.0, 0.0)"
1770302209.618,589,1,"(511.0, 0.0)"
1770302209.628,589,1,"(511.0, 0.0)"
1770302209.639,589,1,"(511.0, 0.0)"
1770302209.65,589,1,"(511.0, 0.0)"
1770302209.661,589,1,"(511.0, 0.0)"
1770302209.673,589,1,"(511.0, 0.0)"
1770302209.683,589,1,"(511.0, 0.0)"
1770302209.693,589,1,"(511.0, 0.0)"
1770302209.703,589,1,"(511.0, 0.0)"
1770302209.714,589,1,"(511.0, 0.0)"
1770302209.724,589,1,"(511.0, 0.0)"
1770302209.734,589,1,"(511.0, 0.0)"
1770302209.745,589,1,"(511.0, 0.0)"
1770302209.756,589,1,"(511.0, 0.0)"
1770302209.767,589,1,"(511.0, 0.0)"
1770302209.777,589,1,"(511.0, 0.0)"
1770302209.788,589,1,"(511.0, 0.0)"
1770302209.798,589,1,"(511.0, 0.0)"
1770302209.808,589,1,"(511.0, 0.0)"
1770302209.818,589,1,"(511.0, 0.0)"
1770302209.83,589,1,"(511.0, 0.0)"
1770302209.84,589,1,"(511.0, 0.0)"
1770302209.85,589,1,"(511.0, 0.0)"
1770302209.86,589,1,"(511.0, 0.0)"
1770302209.87,589,1,"(511.0, 0.0)"
1770302209.88,589,1,"(511.0, 0.0)"
1770302209.891,589,1,"(511.0, 0.0)"
1770302209.902,589,1,"(511.0, 0.0)"
1770302209.912,589,1,"(511.0, 0.0)"
1770302209.923,589,1,"(511.0, 0.0)"
1770302209.933,589,1,"(511.0, 0.0)"
1770302209.946,589,1,"(511.0, 0.0)"
1770302209.957,589,1,"(511.0, 0.0)"
1770302209.967,589,1,"(511.0, 0.0)"
1770302209.979,589,1,"(511.0, 0.0)"
1770302209.989,589,1,"(511.0, 0.0)"
1770302209.999,589,1,"(511.0, 0.0)"
1770302210.01,589,1,"(511.0, 0.0)"
1770302210.02,589,1,"(511.0, 0.0)"
1770302210.032,589,1,"(511.0, 0.0)"
1770302210.043,589,1,"(511.0, 0.0)"
1770302210.053,589,1,"(511.0, 0.0)"
1770302210.066,589,1,"(511.0, 0.0)"
1770302210.076,589,1,"(511.0, 0.0)"
1770302210.087,589,1,"(511.0, 0.0)"
1770302210.098,589,1,"(511.0, 0.0)"
1770302210.109,589,1,"(511.0, 0.0)"
1770302210.119,589,1,"(511.0, 0.0)"
1770302210.132,589,1,"(511.0, 0.0)"
1770302210.142,589,1,"(511.0, 0.0)"
1770302210.153,589,1,"(511.0, 0.0)"
1770302210.165,589,1,"(511.0, 0.0)"
1770302210.176,589,1,"(511.0, 0.0)"
1770302210.186,589,1,"(511.0, 0.0)"
1770302210.199,589,1,"(511.0, 0.0)"
1770302210.209,589,1,"(511.0, 0.0)"
1770302210.22,589,1,"(511.0, 0.0)"
1770302210.231,589,1,"(511.0, 0.0)"
1770302210.242,589,1,"(511.0, 0.0)"
1770302210.253,589,1,"(511.0, 0.0)"
1770302210.265,589,1,"(511.0, 0.0)"
1770302210.275,589,1,"(511.0, 0.0)"
1770302210.285,589,1,"(511.0, 0.0)"
1770302210.297,589,1,"(511.0, 0.0)"
1770302210.307,589,1,"(511.0, 0.0)"
1770302210.318,589,1,"(511.0, 0.0)"
1770302210.33,589,1,"(511.0, 0.0)"
1770302210.341,589,1,"(511.0, 0.0)"
1770302210.352,589,1,"(511.0, 0.0)"
1770302210.362,589,1,"(511.0, 0.0)"
1770302210.373,589,1,"(511.0, 0.0)"
1770302210.384,589,1,"(511.0, 0.0)"
1770302210.395,589,1,"(511.0, 0.0)"
1770302210.405,589,1,"(511.0, 0.0)"
1770302210.415,589,1,"(511.0, 0.0)"
1770302210.426,589,1,"(511.0, 0.0)"
1770302210.436,589,1,"(511.0, 0.0)"
1770302213.291,589,2,"(341.0, 799.0)"
1770302213.301,589,2,"(255.0, 799.0)"
1770302213.312,589,2,"(426.0, 799.0)"
1770302213.325,589,2,"(511.0, 799.0)"
1770302213.336,589,2,"(682.0, 799.0)"
1770302213.347,589,2,"(426.0, 799.0)"
1770302213.357,589,2,"(511.0, 799.0)"
1770302213.368,589,2,"(767.0, 799.0)"
1770302213.379,589,2,"(767.0, 799.0)"
1770302213.39,589,2,"(426.0, 815.0)"
1770302213.4,589,2,"(511.0, 815.0)"
1770302213.41,589,2,"(852.0, 831.0)"
1770302213.424,589,2,"(426.0, 831.0)"
1770302213.434,589,2,"(596.0, 863.0)"
1770302213.445,589,2,"(341.0, 863.0)"
1770302213.456,589,2,"(511.0, 879.0)"
1770302213.467,589,2,"(511.0, 847.0)"
1770302213.478,589,2,"(511.0, 831.0)"
1770302213.489,589,2,"(426.0, 815.0)"
1770302213.499,589,2,"(511.0, 815.0)"
1770302213.51,589,2,"(596.0, 815.0)"
1770302213.523,589,2,"(511.0, 831.0)"
1770302213.534,589,2,"(426.0, 815.0)"
1770302213.545,589,2,"(511.0, 799.0)"
1770302213.557,589,2,"(511.0, 799.0)"
1770302213.568,589,2,"(341.0, 831.0)"
1770302213.578,589,2,"(511.0, 847.0)"
1770302213.589,589,2,"(170.0, 863.0)"
1770302213.599,589,2,"(170.0, 863.0)"
1770302213.609,589,2,"(511.0, 863.0)"
1770302213.621,589,2,"(426.0, 863.0)"
1770302213.632,589,2,"(511.0, 895.0)"
1770302213.643,589,2,"(426.0, 911.0)"
1770302213.655,589,2,"(511.0, 911.0)"
1770302213.665,589,2,"(682.0, 911.0)"
1770302213.675,589,2,"(170.0, 911.0)"
1770302213.685,589,2,"(426.0, 895.0)"
1770302213.696,589,2,"(255.0, 895.0)"
1770302213.707,589,2,"(255.0, 879.0)"
1770302213.719,589,2,"(170.0, 879.0)"
1770302213.729,589,2,"(511.0, 895.0)"
1770302213.741,589,2,"(426.0, 911.0)"
1770302213.752,589,2,"(511.0, 911.0)"
1770302213.762,589,2,"(511.0, 927.0)"
1770302213.773,589,2,"(511.0, 927.0)"
1770302213.784,589,2,"(426.0, 943.0)"
1770302213.795,589,2,"(341.0, 943.0)"
1770302213.807,589,2,"(255.0, 927.0)"
1770302213.817,589,2,"(596.0, 911.0)"
1770302213.828,589,2,"(767.0, 895.0)"
1770302213.839,589,2,"(426.0, 911.0)"
1770302213.85,589,2,"(255.0, 927.0)"
1770302213.86,589,2,"(341.0, 943.0)"
1770302213.871,589,2,"(341.0, 959.0)"
1770302213.883,589,2,"(511.0, 927.0)"
1770302213.893,589,2,"(341.0, 911.0)"
1770302213.904,589,2,"(511.0, 879.0)"
1770302213.915,589,2,"(426.0, 847.0)"
1770302213.925,589,2,"(341.0, 831.0)"
1770302213.936,589,2,"(426.0, 831.0)"
1770302213.946,589,2,"(426.0, 815.0)"
1770302213.958,589,2,"(511.0, 799.0)"
1770302213.969,589,2,"(426.0, 783.0)"
1770302213.98,589,2,"(426.0, 767.0)"
1770302213.991,589,2,"(511.0, 751.0)"
1770302214.002,589,2,"(596.0, 735.0)"
1770302214.013,589,2,"(511.0, 719.0)"
1770302214.024,589,2,"(511.0, 719.0)"
1770302214.035,589,2,"(596.0, 703.0)"
1770302214.046,589,2,"(596.0, 703.0)"
1770302214.056,589,2,"(682.0, 703.0)"
1770302214.066,589,2,"(511.0, 703.0)"
1770302214.076,589,2,"(511.0, 703.0)"
1770302214.089,589,2,"(511.0, 687.0)"
1770302214.1,589,2,"(682.0, 655.0)"
1770302214.11,589,2,"(596.0, 623.0)"
1770302214.122,589,2,"(596.0, 623.0)"
1770302214.132,589,2,"(426.0, 623.0)"
1770302214.142,589,2,"(511.0, 623.0)"
1770302214.154,589,2,"(511.0, 623.0)"
1770302214.165,589,2,"(596.0, 623.0)"
1770302214.176,589,2,"(511.0, 623.0)"
1770302214.188,589,2,"(511.0, 623.0)"
1770302214.199,589,2,"(511.0, 623.0)"
1770302214.21,589,2,"(682.0, 607.0)"
1770302214.224,589,2,"(511.0, 607.0)"
1770302214.235,589,2,"(426.0, 607.0)"
1770302214.246,589,2,"(341.0, 607.0)"
1770302214.257,589,2,"(682.0, 639.0)"
1770302214.268,589,2,"(682.0, 655.0)"
1770302214.278,589,2,"(682.0, 671.0)"
1770302214.288,589,2,"(682.0, 671.0)"
1770302214.3,589,2,"(596.0, 671.0)"
1770302214.311,589,2,"(511.0, 655.0)"
1770302214.323,589,2,"(426.0, 655.0)"
1770302214.333,589,2,"(511.0, 623.0)"
1770302214.343,589,2,"(511.0, 607.0)"
1770302214.354,589,2,"(596.0, 607.0)"
1770302214.364,589,2,"(511.0, 607.0)"
1770302214.375,589,2,"(341.0, 607.0)"
1770302214.385,589,2,"(682.0, 607.0)"
1770302214.396,589,2,"(767.0, 639.0)"
1770302214.407,589,2,"(341.0, 671.0)"
1770302214.417,589,2,"(170.0, 703.0)"
1770302214.428,589,2,"(511.0, 735.0)"
1770302214.439,589,2,"(255.0, 751.0)"
1770302214.449,589,2,"(255.0, 767.0)"
1770302214.46,589,2,"(596.0, 767.0)"
1770302214.47,589,2,"(596.0, 767.0)"
1770302214.481,589,2,"(596.0, 767.0)"
1770302214.491,589,2,"(596.0, 767.0)"
1770302214.502,589,2,"(511.0, 751.0)"
1770302214.512,589,2,"(682.0, 751.0)"
1770302214.525,589,2,"(255.0, 735.0)"
1770302214.535,589,2,"(511.0, 735.0)"
1770302214.545,589,2,"(511.0, 735.0)"
1770302214.556,589,2,"(341.0, 751.0)"
1770302214.567,589,2,"(426.0, 751.0)"
1770302214.577,589,2,"(596.0, 767.0)"
1770302214.589,589,2,"(511.0, 767.0)"
1770302214.599,589,2,"(511.0, 767.0)"
1770302214.61,589,2,"(511.0, 767.0)"
1770302214.62,589,2,"(426.0, 767.0)"
1770302214.63,589,2,"(426.0, 767.0)"
1770302214.64,589,2,"(596.0, 751.0)"
1770302214.651,589,2,"(511.0, 703.0)"
1770302214.663,589,2,"(426.0, 671.0)"
1770302214.673,589,2,"(511.0, 623.0)"
1770302214.684,589,2,"(511.0, 591.0)"
1770302214.694,589,2,"(596.0, 575.0)"
1770302214.707,589,2,"(596.0, 575.0)"
1770302214.718,589,2,"(255.0, 591.0)"
1770302214.728,589,2,"(511.0, 591.0)"
1770302214.74,589,2,"(511.0, 623.0)"
1770302214.751,589,2,"(596.0, 623.0)"
1770302214.761,589,2,"(255.0, 639.0)"
1770302214.772,589,2,"(852.0, 639.0)"
1770302214.782,589,2,"(472.0, 639.0)"
1770302214.793,589,2,"(550.0, 655.0)"
1770302214.804,589,2,"(550.0, 687.0)"
1770302214.814,589,2,"(550.0, 735.0)"
1770302214.825,589,2,"(472.0, 751.0)"
1770302214.837,589,2,"(314.0, 783.0)"
1770302214.847,589,2,"(314.0, 799.0)"
1770302214.859,589,2,"(472.0, 799.0)"
1770302214.87,589,2,"(550.0, 815.0)"
1770302214.881,589,2,"(550.0, 847.0)"
1770302214.891,589,2,"(393.0, 847.0)"
1770302214.901,589,2,"(472.0, 863.0)"
1770302214.912,589,2,"(550.0, 863.0)"
1770302214.924,589,2,"(550.0, 863.0)"
1770302214.934,589,2,"(393.0, 863.0)"
1770302214.944,589,2,"(550.0, 863.0)"
1770302214.954,589,2,"(629.0, 847.0)"
1770302214.965,589,2,"(550.0, 847.0)"
1770302214.976,589,2,"(629.0, 831.0)"
1770302214.988,589,2,"(629.0, 831.0)"
1770302214.999,589,2,"(708.0, 831.0)"
1770302215.009,589,2,"(550.0, 831.0)"
1770302215.021,589,2,"(708.0, 831.0)"
1770302215.034,589,2,"(708.0, 815.0)"
1770302215.044,589,2,"(550.0, 815.0)"
1770302215.056,589,2,"(786.0, 799.0)"
1770302215.066,589,2,"(708.0, 783.0)"
1770302215.077,589,2,"(550.0, 751.0)"
1770302215.088,589,2,"(629.0, 751.0)"
1770302215.1,589,2,"(472.0, 751.0)"
1770302215.111,589,2,"(472.0, 767.0)"
1770302215.121,589,2,"(550.0, 783.0)"
1770302215.133,589,2,"(629.0, 783.0)"
1770302215.144,589,2,"(550.0, 767.0)"
1770302215.154,589,2,"(550.0, 767.0)"
1770302215.165,589,2,"(472.0, 751.0)"
1770302215.176,589,2,"(550.0, 751.0)"
1770302215.187,589,2,"(629.0, 751.0)"
1770302215.197,589,2,"(550.0, 735.0)"
1770302215.209,589,2,"(550.0, 735.0)"
1770302215.22,589,2,"(550.0, 735.0)"
1770302215.23,589,2,"(550.0, 719.0)"
1770302215.241,589,2,"(550.0, 703.0)"
1770302215.251,589,2,"(786.0, 687.0)"
1770302215.261,589,2,"(708.0, 671.0)"
1770302215.271,589,2,"(550.0, 671.0)"
1770302215.282,589,2,"(550.0, 671.0)"
1770302215.294,589,2,"(550.0, 671.0)"
1770302215.305,589,2,"(472.0, 639.0)"
1770302215.316,589,2,"(314.0, 607.0)"
1770302215.327,589,2,"(629.0, 591.0)"
1770302215.338,589,2,"(550.0, 591.0)"
1770302215.348,589,2,"(472.0, 591.0)"
1770302215.361,589,2,"(708.0, 591.0)"
1770302215.371,589,2,"(472.0, 575.0)"
1770302215.383,589,2,"(472.0, 559.0)"
1770302215.394,589,2,"(472.0, 543.0)"
1770302215.405,589,2,"(550.0, 543.0)"
1770302215.416,589,2,"(550.0, 543.0)"
1770302215.427,589,2,"(550.0, 543.0)"
1770302215.438,589,2,"(629.0, 543.0)"
1770302215.45,589,2,"(629.0, 543.0)"
1770302215.462,589,2,"(550.0, 559.0)"
1770302215.472,589,2,"(550.0, 559.0)"
1770302215.482,589,2,"(472.0, 575.0)"
1770302215.492,589,2,"(550.0, 575.0)"
1770302215.503,589,2,"(393.0, 575.0)"
1770302215.514,589,2,"(629.0, 591.0)"
1770302215.525,589,2,"(786.0, 575.0)"
1770302215.536,589,2,"(708.0, 559.0)"
1770302215.548,589,2,"(629.0, 543.0)"
1770302215.558,589,2,"(550.0, 543.0)"
1770302215.569,589,2,"(550.0, 543.0)"
1770302215.58,589,2,"(472.0, 527.0)"
1770302215.59,589,2,"(550.0, 527.0)"
1770302215.601,589,2,"(550.0, 511.0)"
1770302215.612,589,2,"(786.0, 511.0)"
1770302215.622,589,2,"(708.0, 511.0)"
1770302215.632,589,2,"(629.0, 495.0)"
1770302215.642,589,2,"(629.0, 495.0)"
1770302215.653,589,2,"(550.0, 479.0)"
1770302215.665,589,2,"(550.0, 463.0)"
1770302215.675,589,2,"(550.0, 463.0)"
1770302215.685,589,2,"(629.0, 463.0)"
1770302215.698,589,2,"(550.0, 447.0)"
1770302215.708,589,2,"(314.0, 447.0)"
1770302215.718,589,2,"(472.0, 463.0)"
1770302215.73,589,2,"(393.0, 479.0)"
1770302215.742,589,2,"(236.0, 511.0)"
1770302215.752,589,2,"(629.0, 527.0)"
1770302215.764,589,2,"(550.0, 527.0)"
1770302215.774,589,2,"(550.0, 543.0)"
1770302215.785,589,2,"(550.0, 543.0)"
1770302215.797,589,2,"(550.0, 543.0)"
1770302215.808,589,2,"(629.0, 543.0)"
1770302215.818,589,2,"(550.0, 543.0)"
1770302215.831,589,2,"(472.0, 543.0)"
1770302215.842,589,2,"(550.0, 559.0)"
1770302215.853,589,2,"(472.0, 543.0)"
1770302215.864,589,2,"(550.0, 527.0)"
1770302215.875,589,2,"(550.0, 495.0)"
1770302215.886,589,2,"(550.0, 479.0)"
1770302215.898,589,2,"(629.0, 479.0)"
1770302215.909,589,2,"(550.0, 479.0)"
1770302215.919,589,2,"(472.0, 495.0)"
1770302215.931,589,2,"(629.0, 495.0)"
1770302215.942,589,2,"(550.0, 511.0)"
1770302215.952,589,2,"(550.0, 511.0)"
1770302215.963,589,2,"(550.0, 527.0)"
1770302215.974,589,2,"(393.0, 527.0)"
1770302215.985,589,2,"(550.0, 527.0)"
1770302215.996,589,2,"(550.0, 511.0)"
1770302216.007,589,2,"(550.0, 495.0)"
1770302216.017,589,2,"(393.0, 495.0)"
1770302216.029,589,2,"(629.0, 495.0)"
1770302216.039,589,2,"(550.0, 495.0)"
1770302216.05,589,2,"(314.0, 511.0)"
1770302216.063,589,2,"(393.0, 527.0)"
1770302216.074,589,2,"(550.0, 543.0)"
1770302216.084,589,2,"(629.0, 543.0)"
1770302216.096,589,2,"(393.0, 543.0)"
1770302216.107,589,2,"(472.0, 543.0)"
1770302216.117,589,2,"(629.0, 543.0)"
1770302216.128,589,2,"(550.0, 559.0)"
1770302216.138,589,2,"(629.0, 591.0)"
1770302216.149,589,2,"(550.0, 607.0)"
1770302216.16,589,2,"(550.0, 639.0)"
1770302216.17,589,2,"(629.0, 655.0)"
1770302216.181,589,2,"(472.0, 655.0)"
1770302216.191,589,2,"(550.0, 655.0)"
1770302216.202,589,2,"(550.0, 655.0)"
1770302216.212,589,2,"(629.0, 639.0)"
1770302216.222,589,2,"(550.0, 623.0)"
1770302216.233,589,2,"(550.0, 607.0)"
1770302216.246,589,2,"(550.0, 607.0)"
1770302216.256,589,2,"(550.0, 607.0)"
1770302216.266,589,2,"(550.0, 607.0)"
1770302216.277,589,2,"(629.0, 591.0)"
1770302216.287,589,2,"(550.0, 591.0)"
1770302218.963,589,3,"(550.0, 0.0)"
1770302218.974,589,3,"(550.0, 0.0)"
1770302218.984,589,3,"(550.0, 0.0)"
1770302218.994,589,3,"(550.0, 0.0)"
1770302219.005,589,3,"(550.0, 0.0)"
1770302219.015,589,3,"(550.0, 0.0)"
1770302219.026,589,3,"(550.0, 0.0)"
1770302219.036,589,3,"(550.0, 0.0)"
1770302219.046,589,3,"(550.0, 0.0)"
1770302219.057,589,3,"(550.0, 0.0)"
1770302219.067,589,3,"(550.0, 0.0)"
1770302219.079,589,3,"(550.0, 0.0)"
1770302219.089,589,3,"(550.0, 0.0)"
1770302219.1,589,3,"(550.0, 0.0)"
1770302219.112,589,3,"(550.0, 0.0)"
1770302219.123,589,3,"(550.0, 0.0)"
1770302219.133,589,3,"(550.0, 0.0)"
1770302219.145,589,3,"(550.0, 0.0)"
1770302219.156,589,3,"(550.0, 0.0)"
1770302219.167,589,3,"(550.0, 0.0)"
1770302219.178,589,3,"(550.0, 0.0)"
1770302219.188,589,3,"(550.0, 0.0)"
1770302219.199,589,3,"(550.0, 0.0)"
1770302219.211,589,3,"(550.0, 0.0)"
1770302219.222,589,3,"(550.0, 0.0)"
1770302219.232,589,3,"(550.0, 0.0)"
1770302219.245,589,3,"(550.0, 0.0)"
1770302219.255,589,3,"(550.0, 0.0)"
1770302219.266,589,3,"(550.0, 0.0)"
1770302219.278,589,3,"(550.0, 0.0)"
1770302219.289,589,3,"(550.0, 0.0)"
1770302219.299,589,3,"(550.0, 0.0)"
1770302219.311,589,3,"(550.0, 0.0)"
1770302219.322,589,3,"(550.0, 0.0)"
1770302219.333,589,3,"(550.0, 0.0)"
1770302219.344,589,3,"(550.0, 0.0)"
1770302219.354,589,3,"(550.0, 0.0)"
1770302219.364,589,3,"(550.0, 0.0)"
1770302219.375,589,3,"(550.0, 0.0)"
1770302219.385,589,3,"(550.0, 0.0)"
1770302219.396,589,3,"(550.0, 0.0)"
1770302219.407,589,3,"(550.0, 0.0)"
1770302219.417,589,3,"(550.0, 0.0)"
1770302219.427,589,3,"(550.0, 0.0)"
1770302219.438,589,3,"(550.0, 0.0)"
1770302219.449,589,3,"(550.0, 0.0)"
1770302219.46,589,3,"(550.0, 0.0)"
1770302219.47,589,3,"(550.0, 0.0)"
1770302219.482,589,3,"(550.0, 0.0)"
1770302219.492,589,3,"(550.0, 0.0)"
1770302219.503,589,3,"(550.0, 0.0)"
1770302219.513,589,3,"(550.0, 0.0)"
1770302219.525,589,3,"(550.0, 0.0)"
1770302219.536,589,3,"(550.0, 0.0)"
1770302219.546,589,3,"(550.0, 0.0)"
1770302219.559,589,3,"(550.0, 0.0)"
1770302219.57,589,3,"(550.0, 0.0)"
1770302219.581,589,3,"(550.0, 0.0)"
1770302219.595,589,3,"(550.0, 0.0)"
1770302219.606,589,3,"(550.0, 0.0)"
1770302219.617,589,3,"(550.0, 0.0)"
1770302219.629,589,3,"(550.0, 0.0)"
1770302219.639,589,3,"(550.0, 0.0)"
1770302219.65,589,3,"(550.0, 0.0)"
1770302219.661,589,3,"(550.0, 0.0)"
1770302219.672,589,3,"(550.0, 0.0)"
1770302219.683,589,3,"(550.0, 0.0)"
1770302219.693,589,3,"(550.0, 0.0)"
1770302219.704,589,3,"(550.0, 0.0)"
1770302219.714,589,3,"(550.0, 0.0)"
1770302219.724,589,3,"(550.0, 0.0)"
1770302219.735,589,3,"(550.0, 0.0)"
1770302219.746,589,3,"(550.0, 0.0)"
1770302219.756,589,3,"(550.0, 0.0)"
1770302219.767,589,3,"(550.0, 0.0)"
1770302219.779,589,3,"(550.0, 0.0)"
1770302219.79,589,3,"(550.0, 0.0)"
1770302219.8,589,3,"(550.0, 0.0)"
1770302219.813,589,3,"(550.0, 0.0)"
1770302219.823,589,3,"(550.0, 0.0)"
1770302219.833,589,3,"(550.0, 0.0)"
1770302219.847,589,3,"(550.0, 0.0)"
1770302219.857,589,3,"(550.0, 0.0)"
1770302219.867,589,3,"(550.0, 0.0)"
1770302219.879,589,3,"(550.0, 0.0)"
1770302219.889,589,3,"(550.0, 0.0)"
1770302219.899,589,3,"(550.0, 0.0)"
1770302219.909,589,3,"(550.0, 0.0)"
1770302219.92,589,3,"(550.0, 0.0)"
1770302219.931,589,3,"(550.0, 0.0)"
1770302219.941,589,3,"(550.0, 0.0)"
1770302219.951,589,3,"(550.0, 0.0)"
1770302219.961,589,3,"(550.0, 0.0)"
1770302219.972,589,3,"(550.0, 0.0)"
1770302219.983,589,3,"(550.0, 0.0)"
1770302219.996,589,3,"(550.0, 0.0)"
1770302220.006,589,3,"(550.0, 0.0)"
1770302220.017,589,3,"(550.0, 0.0)"
1770302220.027,589,3,"(550.0, 0.0)"
1770302220.037,589,3,"(550.0, 0.0)"
1770302220.048,589,3,"(550.0, 0.0)"
1770302220.058,589,3,"(550.0, 0.0)"
1770302220.069,589,3,"(550.0, 0.0)"
1770302220.081,589,3,"(550.0, 0.0)"
1770302220.092,589,3,"(550.0, 0.0)"
1770302220.102,589,3,"(550.0, 0.0)"
1770302220.112,589,3,"(550.0, 0.0)"
1770302220.123,589,3,"(550.0, 0.0)"
1770302220.134,589,3,"(550.0, 0.0)"
1770302220.146,589,3,"(550.0, 0.0)"
1770302220.157,589,3,"(550.0, 0.0)"
1770302220.168,589,3,"(550.0, 0.0)"
1770302220.179,589,3,"(550.0, 0.0)"
1770302220.19,589,3,"(550.0, 0.0)"
1770302220.201,589,3,"(550.0, 0.0)"
1770302220.211,589,3,"(550.0, 0.0)"
1770302220.223,589,3,"(550.0, 0.0)"
1770302220.233,589,3,"(550.0, 0.0)"
1770302220.244,589,3,"(550.0, 0.0)"
1770302220.254,589,3,"(550.0, 0.0)"
1770302220.264,589,3,"(550.0, 0.0)"
1770302220.275,589,3,"(550.0, 0.0)"
1770302220.286,589,3,"(550.0, 0.0)"
1770302220.297,589,3,"(550.0, 0.0)"
1770302220.309,589,3,"(550.0, 0.0)"
1770302220.319,589,3,"(550.0, 0.0)"
1770302220.33,589,3,"(550.0, 0.0)"
1770302220.343,589,3,"(550.0, 0.0)"
1770302220.353,589,3,"(550.0, 0.0)"
1770302220.365,589,3,"(550.0, 0.0)"
1770302220.377,589,3,"(550.0, 0.0)"
1770302220.387,589,3,"(550.0, 0.0)"
1770302220.398,589,3,"(550.0, 0.0)"
1770302220.408,589,3,"(550.0, 0.0)"
1770302220.418,589,3,"(550.0, 0.0)"
1770302220.429,589,3,"(550.0, 0.0)"
1770302220.441,589,3,"(550.0, 0.0)"
1770302220.451,589,3,"(550.0, 0.0)"
1770302220.463,589,3,"(550.0, 0.0)"
1770302220.473,589,3,"(550.0, 0.0)"
1770302220.484,589,3,"(550.0, 0.0)"
1770302220.496,589,3,"(550.0, 0.0)"
1770302220.506,589,3,"(550.0, 0.0)"
1770302220.517,589,3,"(550.0, 0.0)"
1770302220.527,589,3,"(550.0, 0.0)"
1770302220.538,589,3,"(550.0, 0.0)"
1770302220.549,589,3,"(550.0, 0.0)"
1770302220.559,589,3,"(550.0, 0.0)"
1770302220.57,589,3,"(550.0, 0.0)"
1770302220.582,589,3,"(550.0, 0.0)"
1770302220.592,589,3,"(550.0, 0.0)"
1770302220.603,589,3,"(550.0, 0.0)"
1770302220.616,589,3,"(550.0, 0.0)"
1770302220.627,589,3,"(550.0, 0.0)"
1770302220.638,589,3,"(550.0, 0.0)"
1770302220.651,589,3,"(550.0, 0.0)"
1770302220.662,589,3,"(550.0, 0.0)"
1770302220.673,589,3,"(550.0, 0.0)"
1770302220.684,589,3,"(550.0, 0.0)"
1770302220.695,589,3,"(550.0, 0.0)"
1770302220.705,589,3,"(550.0, 0.0)"
1770302220.717,589,3,"(550.0, 0.0)"
1770302220.727,589,3,"(550.0, 0.0)"
1770302220.738,589,3,"(550.0, 0.0)"
1770302220.748,589,3,"(550.0, 0.0)"
1770302220.759,589,3,"(550.0, 0.0)"
1770302220.77,589,3,"(550.0, 0.0)"
1770302220.781,589,3,"(550.0, 0.0)"
1770302220.792,589,3,"(550.0, 0.0)"
1770302220.803,589,3,"(550.0, 0.0)"
1770302220.814,589,3,"(550.0, 0.0)"
1770302220.825,589,3,"(550.0, 0.0)"
1770302220.835,589,3,"(550.0, 0.0)"
1770302220.845,589,3,"(550.0, 0.0)"
1770302220.856,589,3,"(550.0, 0.0)"
1770302220.866,589,3,"(550.0, 0.0)"
1770302220.877,589,3,"(550.0, 0.0)"
1770302220.888,589,3,"(550.0, 0.0)"
1770302220.898,589,3,"(550.0, 0.0)"
1770302220.909,589,3,"(550.0, 0.0)"
1770302220.92,589,3,"(550.0, 0.0)"
1770302220.93,589,3,"(550.0, 0.0)"
1770302220.94,589,3,"(550.0, 0.0)"
1770302220.952,589,3,"(550.0, 0.0)"
1770302220.963,589,3,"(550.0, 0.0)"
1770302220.973,589,3,"(550.0, 0.0)"
1770302220.984,589,3,"(550.0, 0.0)"
1770302220.994,589,3,"(550.0, 0.0)"
1770302221.005,589,3,"(550.0, 0.0)"
1770302221.015,589,3,"(550.0, 0.0)"
1770302221.026,589,3,"(550.0, 0.0)"
1770302221.036,589,3,"(550.0, 0.0)"
1770302221.046,589,3,"(550.0, 0.0)"
1770302221.056,589,3,"(550.0, 0.0)"
1770302221.068,589,3,"(550.0, 0.0)"
1770302221.08,589,3,"(550.0, 0.0)"
1770302221.091,589,3,"(550.0, 0.0)"
1770302221.101,589,3,"(550.0, 0.0)"
1770302221.112,589,3,"(550.0, 0.0)"
1770302221.123,589,3,"(550.0, 0.0)"
1770302221.135,589,3,"(550.0, 0.0)"
1770302221.146,589,3,"(550.0, 0.0)"
1770302221.157,589,3,"(550.0, 0.0)"
1770302221.168,589,3,"(550.0, 0.0)"
1770302221.179,589,3,"(550.0, 0.0)"
1770302221.189,589,3,"(550.0, 0.0)"
1770302221.199,589,3,"(550.0, 0.0)"
1770302221.211,589,3,"(550.0, 0.0)"
1770302221.222,589,3,"(550.0, 0.0)"
1770302221.234,589,3,"(550.0, 0.0)"
1770302221.244,589,3,"(550.0, 0.0)"
1770302221.255,589,3,"(550.0, 0.0)"
1770302221.267,589,3,"(550.0, 0.0)"
1770302221.277,589,3,"(550.0, 0.0)"
1770302221.288,589,3,"(550.0, 0.0)"
1770302221.3,589,3,"(550.0, 0.0)"
1770302221.31,589,3,"(550.0, 0.0)"
1770302221.32,589,3,"(550.0, 0.0)"
1770302221.33,589,3,"(550.0, 0.0)"
1770302221.342,589,3,"(550.0, 0.0)"
1770302221.352,589,3,"(550.0, 0.0)"
1770302221.364,589,3,"(550.0, 0.0)"
1770302221.375,589,3,"(550.0, 0.0)"
1770302221.386,589,3,"(550.0, 0.0)"
1770302221.397,589,3,"(550.0, 0.0)"
1770302221.408,589,3,"(550.0, 0.0)"
1770302221.418,589,3,"(550.0, 0.0)"
1770302221.43,589,3,"(550.0, 0.0)"
1770302221.441,589,3,"(550.0, 0.0)"
1770302221.452,589,3,"(550.0, 0.0)"
1770302221.463,589,3,"(550.0, 0.0)"
1770302221.473,589,3,"(550.0, 0.0)"
1770302221.486,589,3,"(550.0, 0.0)"
1770302221.496,589,3,"(550.0, 0.0)"
1770302221.507,589,3,"(550.0, 0.0)"
1770302221.517,589,3,"(550.0, 0.0)"
1770302221.528,589,3,"(550.0, 0.0)"
1770302221.538,589,3,"(550.0, 0.0)"
1770302221.548,589,3,"(550.0, 0.0)"
1770302221.559,589,3,"(550.0, 0.0)"
1770302221.569,589,3,"(550.0, 0.0)"
1770302221.58,589,3,"(550.0, 0.0)"
1770302221.59,589,3,"(550.0, 0.0)"
1770302221.601,589,3,"(550.0, 0.0)"
1770302221.612,589,3,"(550.0, 0.0)"
1770302221.623,589,3,"(550.0, 0.0)"
1770302221.634,589,3,"(550.0, 0.0)"
1770302221.645,589,3,"(550.0, 0.0)"
1770302221.657,589,3,"(550.0, 0.0)"
1770302221.668,589,3,"(550.0, 0.0)"
1770302221.679,589,3,"(550.0, 0.0)"
1770302221.689,589,3,"(550.0, 0.0)"
1770302221.7,589,3,"(550.0, 0.0)"
1770302221.711,589,3,"(550.0, 0.0)"
1770302221.721,589,3,"(550.0, 0.0)"
1770302221.735,589,3,"(550.0, 0.0)"
1770302221.746,589,3,"(550.0, 0.0)"
1770302221.756,589,3,"(550.0, 0.0)"
1770302221.767,589,3,"(550.0, 0.0)"
1770302221.778,589,3,"(550.0, 0.0)"
1770302221.789,589,3,"(550.0, 0.0)"
1770302221.801,589,3,"(550.0, 0.0)"
1770302221.812,589,3,"(550.0, 0.0)"
1770302221.823,589,3,"(550.0, 0.0)"
1770302221.833,589,3,"(550.0, 0.0)"
1770302221.844,589,3,"(550.0, 0.0)"
1770302221.854,589,3,"(550.0, 0.0)"
1770302221.865,589,3,"(550.0, 0.0)"
1770302221.876,589,3,"(550.0, 0.0)"
1770302221.887,589,3,"(550.0, 0.0)"
1770302221.897,589,3,"(550.0, 0.0)"
1770302221.908,589,3,"(550.0, 0.0)"
1770302221.919,589,3,"(550.0, 0.0)"
1770302221.93,589,3,"(550.0, 0.0)"
1770302221.941,589,3,"(550.0, 0.0)"
1770302221.952,589,3,"(550.0, 0.0)"
1770302221.963,589,3,"(550.0, 0.0)"
1770302224.861,589,4,"(550.0, 0.0)"
1770302224.871,589,4,"(550.0, 0.0)"
1770302224.883,589,4,"(550.0, 15.0)"
1770302224.893,589,4,"(550.0, 15.0)"
1770302224.903,589,4,"(550.0, 31.0)"
1770302224.913,589,4,"(550.0, 31.0)"
1770302224.924,589,4,"(550.0, 31.0)"
1770302224.934,589,4,"(550.0, 31.0)"
1770302224.945,589,4,"(550.0, 31.0)"
1770302224.956,589,4,"(550.0, 31.0)"
1770302224.967,589,4,"(550.0, 31.0)"
1770302224.977,589,4,"(550.0, 31.0)"
1770302224.987,589,4,"(550.0, 31.0)"
1770302224.997,589,4,"(550.0, 31.0)"
1770302225.008,589,4,"(472.0, 31.0)"
1770302225.018,589,4,"(550.0, 47.0)"
1770302225.028,589,4,"(550.0, 47.0)"
1770302225.046,589,4,"(550.0, 63.0)"
1770302225.056,589,4,"(550.0, 79.0)"
1770302225.066,589,4,"(550.0, 95.0)"
1770302225.076,589,4,"(550.0, 95.0)"
1770302225.087,589,4,"(550.0, 95.0)"
1770302225.097,589,4,"(550.0, 95.0)"
1770302225.107,589,4,"(550.0, 95.0)"
1770302225.118,589,4,"(550.0, 111.0)"
1770302225.129,589,4,"(550.0, 111.0)"
1770302225.141,589,4,"(550.0, 127.0)"
1770302225.151,589,4,"(550.0, 127.0)"
1770302225.162,589,4,"(550.0, 127.0)"
1770302225.177,589,4,"(550.0, 127.0)"
1770302225.188,589,4,"(550.0, 127.0)"
1770302225.198,589,4,"(550.0, 143.0)"
1770302225.21,589,4,"(550.0, 143.0)"
1770302225.22,589,4,"(550.0, 159.0)"
1770302225.231,589,4,"(550.0, 159.0)"
1770302225.244,589,4,"(550.0, 159.0)"
1770302225.254,589,4,"(550.0, 159.0)"
1770302225.264,589,4,"(550.0, 159.0)"
1770302225.275,589,4,"(550.0, 159.0)"
1770302225.285,589,4,"(550.0, 159.0)"
1770302225.297,589,4,"(550.0, 159.0)"
1770302225.308,589,4,"(550.0, 143.0)"
1770302225.319,589,4,"(550.0, 127.0)"
1770302225.33,589,4,"(550.0, 127.0)"
1770302225.341,589,4,"(550.0, 127.0)"
1770302225.351,589,4,"(550.0, 127.0)"
1770302225.363,589,4,"(550.0, 127.0)"
1770302225.374,589,4,"(550.0, 111.0)"
1770302225.385,589,4,"(550.0, 111.0)"
1770302225.396,589,4,"(550.0, 95.0)"
1770302225.407,589,4,"(550.0, 95.0)"
1770302225.419,589,4,"(550.0, 95.0)"
1770302225.43,589,4,"(550.0, 95.0)"
1770302225.44,589,4,"(550.0, 95.0)"
1770302225.45,589,4,"(550.0, 95.0)"
1770302225.461,589,4,"(550.0, 95.0)"
1770302225.472,589,4,"(550.0, 79.0)"
1770302225.483,589,4,"(550.0, 79.0)"
1770302225.493,589,4,"(550.0, 63.0)"
1770302225.504,589,4,"(550.0, 63.0)"
1770302225.515,589,4,"(550.0, 63.0)"
1770302225.526,589,4,"(550.0, 63.0)"
1770302225.537,589,4,"(550.0, 63.0)"
1770302225.547,589,4,"(550.0, 63.0)"
1770302225.559,589,4,"(550.0, 63.0)"
1770302225.57,589,4,"(550.0, 63.0)"
1770302225.58,589,4,"(550.0, 63.0)"
1770302225.591,589,4,"(550.0, 63.0)"
1770302225.602,589,4,"(629.0, 63.0)"
1770302225.612,589,4,"(550.0, 63.0)"
1770302225.626,589,4,"(550.0, 79.0)"
1770302225.638,589,4,"(550.0, 111.0)"
1770302225.649,589,4,"(472.0, 111.0)"
1770302225.66,589,4,"(550.0, 127.0)"
1770302225.671,589,4,"(550.0, 127.0)"
1770302225.682,589,4,"(550.0, 127.0)"
1770302225.692,589,4,"(550.0, 127.0)"
1770302225.703,589,4,"(550.0, 127.0)"
1770302225.713,589,4,"(550.0, 127.0)"
1770302225.724,589,4,"(550.0, 127.0)"
1770302225.734,589,4,"(550.0, 127.0)"
1770302225.745,589,4,"(550.0, 127.0)"
1770302225.755,589,4,"(550.0, 127.0)"
1770302225.766,589,4,"(550.0, 127.0)"
1770302225.777,589,4,"(550.0, 127.0)"
1770302225.787,589,4,"(550.0, 111.0)"
1770302225.798,589,4,"(550.0, 111.0)"
1770302225.808,589,4,"(550.0, 95.0)"
1770302225.819,589,4,"(550.0, 95.0)"
1770302225.829,589,4,"(550.0, 95.0)"
1770302225.842,589,4,"(550.0, 111.0)"
1770302225.853,589,4,"(550.0, 111.0)"
1770302225.863,589,4,"(550.0, 111.0)"
1770302225.873,589,4,"(550.0, 111.0)"
1770302225.884,589,4,"(550.0, 79.0)"
1770302225.895,589,4,"(550.0, 63.0)"
1770302225.906,589,4,"(550.0, 63.0)"
1770302225.916,589,4,"(550.0, 63.0)"
1770302225.927,589,4,"(550.0, 79.0)"
1770302225.939,589,4,"(550.0, 79.0)"
1770302225.949,589,4,"(550.0, 95.0)"
1770302225.96,589,4,"(472.0, 95.0)"
1770302225.971,589,4,"(472.0, 95.0)"
1770302225.981,589,4,"(550.0, 95.0)"
1770302225.992,589,4,"(550.0, 111.0)"
1770302226.003,589,4,"(550.0, 111.0)"
1770302226.013,589,4,"(550.0, 127.0)"
1770302226.024,589,4,"(550.0, 127.0)"
1770302226.034,589,4,"(550.0, 127.0)"
1770302226.046,589,4,"(550.0, 127.0)"
1770302226.056,589,4,"(550.0, 127.0)"
1770302226.067,589,4,"(550.0, 143.0)"
1770302226.078,589,4,"(472.0, 159.0)"
1770302226.089,589,4,"(629.0, 159.0)"
1770302226.1,589,4,"(550.0, 159.0)"
1770302226.11,589,4,"(550.0, 159.0)"
1770302226.123,589,4,"(550.0, 159.0)"
1770302226.134,589,4,"(550.0, 175.0)"
1770302226.145,589,4,"(550.0, 191.0)"
1770302226.155,589,4,"(550.0, 191.0)"
1770302226.167,589,4,"(550.0, 191.0)"
1770302226.177,589,4,"(550.0, 191.0)"
1770302226.188,589,4,"(550.0, 191.0)"
1770302226.198,589,4,"(550.0, 191.0)"
1770302226.209,589,4,"(472.0, 191.0)"
1770302226.221,589,4,"(550.0, 191.0)"
1770302226.231,589,4,"(550.0, 191.0)"
1770302226.242,589,4,"(550.0, 191.0)"
1770302226.252,589,4,"(550.0, 191.0)"
1770302226.263,589,4,"(550.0, 191.0)"
1770302226.273,589,4,"(550.0, 191.0)"
1770302226.284,589,4,"(550.0, 191.0)"
1770302226.296,589,4,"(550.0, 191.0)"
1770302226.306,589,4,"(550.0, 191.0)"
1770302226.317,589,4,"(550.0, 191.0)"
1770302226.327,589,4,"(550.0, 191.0)"
1770302226.337,589,4,"(550.0, 175.0)"
1770302226.347,589,4,"(550.0, 175.0)"
1770302226.357,589,4,"(550.0, 175.0)"
1770302226.368,589,4,"(550.0, 159.0)"
1770302226.379,589,4,"(550.0, 159.0)"
1770302226.39,589,4,"(550.0, 159.0)"
1770302226.4,589,4,"(550.0, 159.0)"
1770302226.411,589,4,"(550.0, 143.0)"
1770302226.421,589,4,"(550.0, 143.0)"
1770302226.432,589,4,"(550.0, 127.0)"
1770302226.442,589,4,"(550.0, 127.0)"
1770302226.455,589,4,"(550.0, 127.0)"
1770302226.466,589,4,"(550.0, 127.0)"
1770302226.476,589,4,"(550.0, 127.0)"
1770302226.486,589,4,"(550.0, 127.0)"
1770302226.496,589,4,"(550.0, 127.0)"
1770302226.507,589,4,"(550.0, 127.0)"
1770302226.517,589,4,"(550.0, 127.0)"
1770302226.528,589,4,"(550.0, 127.0)"
1770302226.54,589,4,"(550.0, 127.0)"
1770302226.55,589,4,"(550.0, 127.0)"
1770302226.56,589,4,"(550.0, 127.0)"
1770302226.575,589,4,"(550.0, 127.0)"
1770302226.585,589,4,"(550.0, 111.0)"
1770302226.596,589,4,"(550.0, 111.0)"
1770302226.609,589,4,"(550.0, 95.0)"
1770302226.62,589,4,"(550.0, 95.0)"
1770302226.63,589,4,"(550.0, 95.0)"
1770302226.642,589,4,"(550.0, 95.0)"
1770302226.652,589,4,"(550.0, 95.0)"
1770302226.664,589,4,"(550.0, 95.0)"
1770302226.674,589,4,"(550.0, 95.0)"
1770302226.685,589,4,"(550.0, 95.0)"
1770302226.697,589,4,"(550.0, 95.0)"
1770302226.708,589,4,"(550.0, 95.0)"
1770302226.719,589,4,"(550.0, 95.0)"
1770302226.73,589,4,"(550.0, 95.0)"
1770302226.744,589,4,"(550.0, 95.0)"
1770302226.755,589,4,"(550.0, 95.0)"
1770302226.765,589,4,"(550.0, 95.0)"
1770302226.776,589,4,"(550.0, 95.0)"
1770302226.786,589,4,"(550.0, 95.0)"
1770302226.797,589,4,"(550.0, 95.0)"
1770302226.807,589,4,"(550.0, 95.0)"
1770302226.818,589,4,"(550.0, 95.0)"
1770302226.829,589,4,"(550.0, 95.0)"
1770302226.842,589,4,"(550.0, 95.0)"
1770302226.854,589,4,"(550.0, 95.0)"
1770302226.865,589,4,"(550.0, 95.0)"
1770302226.876,589,4,"(550.0, 95.0)"
1770302226.887,589,4,"(550.0, 95.0)"
1770302226.898,589,4,"(550.0, 95.0)"
1770302226.908,589,4,"(550.0, 95.0)"
1770302226.919,589,4,"(550.0, 95.0)"
1770302226.929,589,4,"(550.0, 95.0)"
1770302226.94,589,4,"(550.0, 95.0)"
1770302226.951,589,4,"(550.0, 79.0)"
1770302226.962,589,4,"(550.0, 79.0)"
1770302226.972,589,4,"(550.0, 63.0)"
1770302226.983,589,4,"(550.0, 63.0)"
1770302226.994,589,4,"(550.0, 63.0)"
1770302227.008,589,4,"(550.0, 63.0)"
1770302227.018,589,4,"(550.0, 63.0)"
1770302227.029,589,4,"(550.0, 63.0)"
1770302227.041,589,4,"(550.0, 63.0)"
1770302227.051,589,4,"(550.0, 63.0)"
1770302227.061,589,4,"(550.0, 63.0)"
1770302227.076,589,4,"(550.0, 63.0)"
1770302227.087,589,4,"(550.0, 63.0)"
1770302227.098,589,4,"(550.0, 63.0)"
1770302227.108,589,4,"(550.0, 63.0)"
1770302227.119,589,4,"(550.0, 63.0)"
1770302227.129,589,4,"(550.0, 63.0)"
1770302227.14,589,4,"(550.0, 79.0)"
1770302227.151,589,4,"(472.0, 95.0)"
1770302227.162,589,4,"(550.0, 111.0)"
1770302227.173,589,4,"(550.0, 111.0)"
1770302227.183,589,4,"(629.0, 127.0)"
1770302227.193,589,4,"(629.0, 143.0)"
1770302227.206,589,4,"(550.0, 143.0)"
1770302227.216,589,4,"(550.0, 143.0)"
1770302227.226,589,4,"(550.0, 143.0)"
1770302227.236,589,4,"(550.0, 143.0)"
1770302227.246,589,4,"(550.0, 159.0)"
1770302227.258,589,4,"(550.0, 159.0)"
1770302227.269,589,4,"(550.0, 159.0)"
1770302227.279,589,4,"(550.0, 159.0)"
1770302227.289,589,4,"(550.0, 159.0)"
1770302227.3,589,4,"(550.0, 159.0)"
1770302227.311,589,4,"(550.0, 159.0)"
1770302227.323,589,4,"(550.0, 159.0)"
1770302227.333,589,4,"(550.0, 159.0)"
1770302227.344,589,4,"(550.0, 159.0)"
1770302227.355,589,4,"(550.0, 175.0)"
1770302227.365,589,4,"(550.0, 175.0)"
1770302227.376,589,4,"(550.0, 191.0)"
1770302227.389,589,4,"(550.0, 191.0)"
1770302227.4,589,4,"(550.0, 191.0)"
1770302227.41,589,4,"(550.0, 191.0)"
1770302227.421,589,4,"(472.0, 191.0)"
1770302227.431,589,4,"(550.0, 191.0)"
1770302227.442,589,4,"(550.0, 191.0)"
1770302227.455,589,4,"(550.0, 191.0)"
1770302227.465,589,4,"(550.0, 191.0)"
1770302227.476,589,4,"(550.0, 207.0)"
1770302227.487,589,4,"(550.0, 207.0)"
1770302227.497,589,4,"(550.0, 223.0)"
1770302227.507,589,4,"(550.0, 207.0)"
1770302227.52,589,4,"(550.0, 207.0)"
1770302227.532,589,4,"(550.0, 191.0)"
1770302227.543,589,4,"(550.0, 191.0)"
1770302227.555,589,4,"(550.0, 191.0)"
1770302227.565,589,4,"(550.0, 191.0)"
1770302227.576,589,4,"(550.0, 191.0)"
1770302227.587,589,4,"(550.0, 191.0)"
1770302227.597,589,4,"(550.0, 191.0)"
1770302227.607,589,4,"(550.0, 191.0)"
1770302227.62,589,4,"(550.0, 191.0)"
1770302227.631,589,4,"(550.0, 175.0)"
1770302227.641,589,4,"(550.0, 175.0)"
1770302227.653,589,4,"(550.0, 159.0)"
1770302227.663,589,4,"(550.0, 159.0)"
1770302227.674,589,4,"(550.0, 159.0)"
1770302227.687,589,4,"(550.0, 159.0)"
1770302227.698,589,4,"(550.0, 159.0)"
1770302227.709,589,4,"(550.0, 159.0)"
1770302227.72,589,4,"(550.0, 159.0)"
1770302227.73,589,4,"(550.0, 159.0)"
1770302227.741,589,4,"(550.0, 159.0)"
1770302227.752,589,4,"(550.0, 159.0)"
1770302227.763,589,4,"(550.0, 159.0)"
1770302227.773,589,4,"(550.0, 159.0)"
1770302227.785,589,4,"(550.0, 159.0)"
1770302227.795,589,4,"(550.0, 159.0)"
1770302227.805,589,4,"(550.0, 159.0)"
1770302227.817,589,4,"(550.0, 159.0)"
1770302227.828,589,4,"(550.0, 159.0)"
1770302227.839,589,4,"(550.0, 159.0)"
1770302227.849,589,4,"(550.0, 159.0)"
1770302227.859,589,4,"(550.0, 159.0)"
1770302369.913,577,1,"(511.0, 0.0)"
1770302369.923,577,1,"(511.0, 0.0)"
1770302369.933,577,1,"(511.0, 0.0)"
1770302369.945,577,1,"(511.0, 0.0)"
1770302369.955,577,1,"(511.0, 0.0)"
1770302369.966,577,1,"(511.0, 0.0)"
1770302369.977,577,1,"(511.0, 0.0)"
1770302369.988,577,1,"(511.0, 0.0)"
1770302369.999,577,1,"(511.0, 0.0)"
1770302370.01,577,1,"(511.0, 0.0)"
1770302370.021,577,1,"(511.0, 0.0)"
1770302370.032,577,1,"(511.0, 0.0)"
1770302370.044,577,1,"(511.0, 0.0)"
1770302370.054,577,1,"(511.0, 0.0)"
1770302370.065,577,1,"(511.0, 0.0)"
1770302370.077,577,1,"(511.0, 0.0)"
1770302370.088,577,1,"(511.0, 0.0)"
1770302370.098,577,1,"(511.0, 0.0)"
1770302370.111,577,1,"(511.0, 0.0)"
1770302370.122,577,1,"(511.0, 0.0)"
1770302370.132,577,1,"(511.0, 0.0)"
1770302370.143,577,1,"(511.0, 0.0)"
1770302370.153,577,1,"(511.0, 0.0)"
1770302370.163,577,1,"(511.0, 0.0)"
1770302370.175,577,1,"(511.0, 0.0)"
1770302370.185,577,1,"(511.0, 0.0)"
1770302370.196,577,1,"(511.0, 0.0)"
1770302370.208,577,1,"(511.0, 0.0)"
1770302370.219,577,1,"(511.0, 0.0)"
1770302370.229,577,1,"(511.0, 0.0)"
1770302370.243,577,1,"(511.0, 0.0)"
1770302370.254,577,1,"(511.0, 0.0)"
1770302370.264,577,1,"(511.0, 0.0)"
1770302370.276,577,1,"(511.0, 0.0)"
1770302370.286,577,1,"(511.0, 0.0)"
1770302370.302,577,1,"(511.0, 0.0)"
1770302370.312,577,1,"(511.0, 0.0)"
1770302370.322,577,1,"(511.0, 0.0)"
1770302370.332,577,1,"(511.0, 0.0)"
1770302370.342,577,1,"(511.0, 0.0)"
1770302370.352,577,1,"(511.0, 0.0)"
1770302370.364,577,1,"(511.0, 0.0)"
1770302370.375,577,1,"(511.0, 0.0)"
1770302370.385,577,1,"(511.0, 0.0)"
1770302370.396,577,1,"(511.0, 0.0)"
1770302370.408,577,1,"(511.0, 0.0)"
1770302370.419,577,1,"(511.0, 0.0)"
1770302370.43,577,1,"(511.0, 0.0)"
1770302370.442,577,1,"(511.0, 0.0)"
1770302370.452,577,1,"(511.0, 0.0)"
1770302370.463,577,1,"(511.0, 0.0)"
1770302370.474,577,1,"(511.0, 0.0)"
1770302370.485,577,1,"(511.0, 0.0)"
1770302370.496,577,1,"(511.0, 0.0)"
1770302370.507,577,1,"(511.0, 0.0)"
1770302370.518,577,1,"(511.0, 0.0)"
1770302370.53,577,1,"(511.0, 0.0)"
1770302370.54,577,1,"(511.0, 0.0)"
1770302370.55,577,1,"(511.0, 0.0)"
1770302370.561,577,1,"(511.0, 0.0)"
1770302370.572,577,1,"(511.0, 0.0)"
1770302370.583,577,1,"(511.0, 0.0)"
1770302370.595,577,1,"(511.0, 0.0)"
1770302370.606,577,1,"(511.0, 0.0)"
1770302370.617,577,1,"(511.0, 0.0)"
1770302370.627,577,1,"(511.0, 0.0)"
1770302370.638,577,1,"(511.0, 0.0)"
1770302370.648,577,1,"(511.0, 0.0)"
1770302370.66,577,1,"(511.0, 0.0)"
1770302370.671,577,1,"(511.0, 0.0)"
1770302370.682,577,1,"(511.0, 0.0)"
1770302370.693,577,1,"(511.0, 0.0)"
1770302370.703,577,1,"(511.0, 0.0)"
1770302370.714,577,1,"(511.0, 0.0)"
1770302370.725,577,1,"(511.0, 0.0)"
1770302370.735,577,1,"(511.0, 0.0)"
1770302370.746,577,1,"(511.0, 0.0)"
1770302370.758,577,1,"(511.0, 0.0)"
1770302370.77,577,1,"(511.0, 0.0)"
1770302370.78,577,1,"(511.0, 0.0)"
1770302370.792,577,1,"(511.0, 0.0)"
1770302370.802,577,1,"(511.0, 0.0)"
1770302370.812,577,1,"(511.0, 0.0)"
1770302370.823,577,1,"(511.0, 0.0)"
1770302370.833,577,1,"(511.0, 0.0)"
1770302370.844,577,1,"(511.0, 0.0)"
1770302370.855,577,1,"(511.0, 0.0)"
1770302370.866,577,1,"(511.0, 0.0)"
1770302370.877,577,1,"(511.0, 0.0)"
1770302370.888,577,1,"(511.0, 0.0)"
1770302370.898,577,1,"(511.0, 0.0)"
1770302370.913,577,1,"(511.0, 0.0)"
1770302370.925,577,1,"(511.0, 0.0)"
1770302370.936,577,1,"(511.0, 0.0)"
1770302370.947,577,1,"(511.0, 0.0)"
1770302370.957,577,1,"(511.0, 0.0)"
1770302370.968,577,1,"(511.0, 0.0)"
1770302370.978,577,1,"(511.0, 0.0)"
1770302370.989,577,1,"(511.0, 0.0)"
1770302370.999,577,1,"(511.0, 0.0)"
1770302371.01,577,1,"(511.0, 0.0)"
1770302371.02,577,1,"(511.0, 0.0)"
1770302371.031,577,1,"(511.0, 0.0)"
1770302371.041,577,1,"(511.0, 0.0)"
1770302371.051,577,1,"(511.0, 0.0)"
1770302371.063,577,1,"(511.0, 0.0)"
1770302371.073,577,1,"(511.0, 0.0)"
1770302371.084,577,1,"(511.0, 0.0)"
1770302371.097,577,1,"(511.0, 0.0)"
1770302371.107,577,1,"(511.0, 0.0)"
1770302371.117,577,1,"(511.0, 0.0)"
1770302371.129,577,1,"(511.0, 0.0)"
1770302371.14,577,1,"(511.0, 0.0)"
1770302371.151,577,1,"(511.0, 0.0)"
1770302371.163,577,1,"(511.0, 0.0)"
1770302371.173,577,1,"(511.0, 0.0)"
1770302371.184,577,1,"(511.0, 0.0)"
1770302371.196,577,1,"(511.0, 0.0)"
1770302371.206,577,1,"(511.0, 0.0)"
1770302371.217,577,1,"(511.0, 0.0)"
1770302371.229,577,1,"(511.0, 0.0)"
1770302371.239,577,1,"(511.0, 0.0)"
1770302371.249,577,1,"(511.0, 0.0)"
1770302371.264,577,1,"(511.0, 0.0)"
1770302371.274,577,1,"(511.0, 0.0)"
1770302371.285,577,1,"(511.0, 0.0)"
1770302371.298,577,1,"(511.0, 0.0)"
1770302371.308,577,1,"(511.0, 0.0)"
1770302371.318,577,1,"(511.0, 0.0)"
1770302371.332,577,1,"(511.0, 0.0)"
1770302371.342,577,1,"(511.0, 0.0)"
1770302371.353,577,1,"(511.0, 0.0)"
1770302371.366,577,1,"(511.0, 0.0)"
1770302371.377,577,1,"(511.0, 0.0)"
1770302371.388,577,1,"(511.0, 0.0)"
1770302371.399,577,1,"(511.0, 0.0)"
1770302371.41,577,1,"(511.0, 0.0)"
1770302371.42,577,1,"(511.0, 0.0)"
1770302371.43,577,1,"(511.0, 0.0)"
1770302371.441,577,1,"(511.0, 0.0)"
1770302371.452,577,1,"(511.0, 0.0)"
1770302371.464,577,1,"(511.0, 0.0)"
1770302371.476,577,1,"(511.0, 0.0)"
1770302371.486,577,1,"(511.0, 0.0)"
1770302371.499,577,1,"(511.0, 0.0)"
1770302371.51,577,1,"(511.0, 0.0)"
1770302371.52,577,1,"(511.0, 0.0)"
1770302371.532,577,1,"(511.0, 0.0)"
1770302371.542,577,1,"(511.0, 0.0)"
1770302371.552,577,1,"(511.0, 0.0)"
1770302371.563,577,1,"(511.0, 0.0)"
1770302371.573,577,1,"(511.0, 0.0)"
1770302371.584,577,1,"(511.0, 0.0)"
1770302371.594,577,1,"(511.0, 0.0)"
1770302371.605,577,1,"(511.0, 0.0)"
1770302371.616,577,1,"(511.0, 0.0)"
1770302371.627,577,1,"(511.0, 0.0)"
1770302371.637,577,1,"(511.0, 0.0)"
1770302371.647,577,1,"(511.0, 0.0)"
1770302371.658,577,1,"(511.0, 0.0)"
1770302371.668,577,1,"(511.0, 0.0)"
1770302371.679,577,1,"(511.0, 0.0)"
1770302371.689,577,1,"(511.0, 0.0)"
1770302371.702,577,1,"(511.0, 0.0)"
1770302371.713,577,1,"(511.0, 0.0)"
1770302371.724,577,1,"(511.0, 0.0)"
1770302371.735,577,1,"(511.0, 0.0)"
1770302371.745,577,1,"(511.0, 0.0)"
1770302371.755,577,1,"(511.0, 0.0)"
1770302371.768,577,1,"(511.0, 0.0)"
1770302371.778,577,1,"(511.0, 0.0)"
1770302371.79,577,1,"(511.0, 0.0)"
1770302371.802,577,1,"(511.0, 0.0)"
1770302371.814,577,1,"(511.0, 0.0)"
1770302371.825,577,1,"(511.0, 0.0)"
1770302371.835,577,1,"(511.0, 0.0)"
1770302371.845,577,1,"(511.0, 0.0)"
1770302371.855,577,1,"(511.0, 0.0)"
1770302371.867,577,1,"(511.0, 0.0)"
1770302371.878,577,1,"(511.0, 0.0)"
1770302371.889,577,1,"(511.0, 0.0)"
1770302371.903,577,1,"(511.0, 0.0)"
1770302371.914,577,1,"(511.0, 0.0)"
1770302371.924,577,1,"(511.0, 0.0)"
1770302371.936,577,1,"(511.0, 0.0)"
1770302371.946,577,1,"(511.0, 0.0)"
1770302371.957,577,1,"(511.0, 0.0)"
1770302371.968,577,1,"(511.0, 0.0)"
1770302371.979,577,1,"(511.0, 0.0)"
1770302371.989,577,1,"(511.0, 0.0)"
1770302372.003,577,1,"(511.0, 0.0)"
1770302372.013,577,1,"(511.0, 0.0)"
1770302372.024,577,1,"(511.0, 0.0)"
1770302372.035,577,1,"(511.0, 0.0)"
1770302372.046,577,1,"(511.0, 0.0)"
1770302372.056,577,1,"(511.0, 0.0)"
1770302372.066,577,1,"(511.0, 0.0)"
1770302372.077,577,1,"(511.0, 0.0)"
1770302372.088,577,1,"(511.0, 0.0)"
1770302372.098,577,1,"(511.0, 0.0)"
1770302372.108,577,1,"(511.0, 0.0)"
1770302372.119,577,1,"(511.0, 0.0)"
1770302372.131,577,1,"(511.0, 0.0)"
1770302372.141,577,1,"(511.0, 0.0)"
1770302372.153,577,1,"(511.0, 0.0)"
1770302372.163,577,1,"(511.0, 0.0)"
1770302372.174,577,1,"(511.0, 0.0)"
1770302372.186,577,1,"(511.0, 0.0)"
1770302372.196,577,1,"(511.0, 0.0)"
1770302372.207,577,1,"(511.0, 0.0)"
1770302372.22,577,1,"(511.0, 0.0)"
1770302372.231,577,1,"(511.0, 0.0)"
1770302372.241,577,1,"(511.0, 0.0)"
1770302372.252,577,1,"(511.0, 0.0)"
1770302372.263,577,1,"(511.0, 0.0)"
1770302372.274,577,1,"(511.0, 0.0)"
1770302372.286,577,1,"(511.0, 0.0)"
1770302372.296,577,1,"(511.0, 0.0)"
1770302372.307,577,1,"(511.0, 0.0)"
1770302372.319,577,1,"(511.0, 0.0)"
1770302372.33,577,1,"(511.0, 0.0)"
1770302372.34,577,1,"(511.0, 0.0)"
1770302372.355,577,1,"(511.0, 0.0)"
1770302372.366,577,1,"(511.0, 0.0)"
1770302372.377,577,1,"(511.0, 0.0)"
1770302372.389,577,1,"(511.0, 0.0)"
1770302372.4,577,1,"(511.0, 0.0)"
1770302372.411,577,1,"(511.0, 0.0)"
1770302372.421,577,1,"(511.0, 0.0)"
1770302372.435,577,1,"(511.0, 0.0)"
1770302372.445,577,1,"(511.0, 0.0)"
1770302372.456,577,1,"(511.0, 0.0)"
1770302372.466,577,1,"(511.0, 0.0)"
1770302372.476,577,1,"(511.0, 0.0)"
1770302372.487,577,1,"(511.0, 0.0)"
1770302372.497,577,1,"(511.0, 0.0)"
1770302372.508,577,1,"(511.0, 0.0)"
1770302372.519,577,1,"(511.0, 0.0)"
1770302372.53,577,1,"(511.0, 0.0)"
1770302372.54,577,1,"(511.0, 0.0)"
1770302372.55,577,1,"(511.0, 0.0)"
1770302372.56,577,1,"(511.0, 0.0)"
1770302372.571,577,1,"(511.0, 0.0)"
1770302372.581,577,1,"(511.0, 0.0)"
1770302372.592,577,1,"(511.0, 0.0)"
1770302372.602,577,1,"(511.0, 0.0)"
1770302372.612,577,1,"(511.0, 0.0)"
1770302372.623,577,1,"(511.0, 0.0)"
1770302372.633,577,1,"(511.0, 0.0)"
1770302372.645,577,1,"(511.0, 0.0)"
1770302372.655,577,1,"(511.0, 0.0)"
1770302372.665,577,1,"(511.0, 0.0)"
1770302372.676,577,1,"(511.0, 0.0)"
1770302372.686,577,1,"(511.0, 0.0)"
1770302372.698,577,1,"(511.0, 0.0)"
1770302372.709,577,1,"(511.0, 0.0)"
1770302372.722,577,1,"(511.0, 0.0)"
1770302372.732,577,1,"(511.0, 0.0)"
1770302372.743,577,1,"(511.0, 0.0)"
1770302372.755,577,1,"(511.0, 0.0)"
1770302372.766,577,1,"(511.0, 0.0)"
1770302372.776,577,1,"(511.0, 0.0)"
1770302372.788,577,1,"(511.0, 0.0)"
1770302372.799,577,1,"(511.0, 0.0)"
1770302372.81,577,1,"(511.0, 0.0)"
1770302372.821,577,1,"(511.0, 0.0)"
1770302372.832,577,1,"(511.0, 0.0)"
1770302372.842,577,1,"(511.0, 0.0)"
1770302372.853,577,1,"(511.0, 0.0)"
1770302372.863,577,1,"(511.0, 0.0)"
1770302372.874,577,1,"(511.0, 0.0)"
1770302372.884,577,1,"(511.0, 0.0)"
1770302372.895,577,1,"(511.0, 0.0)"
1770302372.906,577,1,"(511.0, 0.0)"
1770302372.916,577,1,"(511.0, 0.0)"
1770302384.625,577,2,"(511.0, 0.0)"
1770302384.635,577,2,"(511.0, 0.0)"
1770302384.646,577,2,"(511.0, 0.0)"
1770302384.657,577,2,"(511.0, 0.0)"
1770302384.667,577,2,"(511.0, 0.0)"
1770302384.678,577,2,"(511.0, 0.0)"
1770302384.689,577,2,"(511.0, 0.0)"
1770302384.7,577,2,"(511.0, 0.0)"
1770302384.71,577,2,"(511.0, 0.0)"
1770302384.721,577,2,"(511.0, 0.0)"
1770302384.732,577,2,"(511.0, 0.0)"
1770302384.744,577,2,"(511.0, 0.0)"
1770302384.754,577,2,"(511.0, 0.0)"
1770302384.765,577,2,"(511.0, 0.0)"
1770302384.776,577,2,"(511.0, 0.0)"
1770302384.786,577,2,"(511.0, 0.0)"
1770302384.797,577,2,"(511.0, 0.0)"
1770302384.81,577,2,"(511.0, 0.0)"
1770302384.82,577,2,"(511.0, 0.0)"
1770302384.83,577,2,"(511.0, 0.0)"
1770302384.842,577,2,"(511.0, 0.0)"
1770302384.853,577,2,"(511.0, 0.0)"
1770302384.864,577,2,"(511.0, 0.0)"
1770302384.875,577,2,"(511.0, 0.0)"
1770302384.885,577,2,"(511.0, 0.0)"
1770302384.896,577,2,"(511.0, 0.0)"
1770302384.906,577,2,"(511.0, 0.0)"
1770302384.917,577,2,"(511.0, 0.0)"
1770302384.928,577,2,"(511.0, 0.0)"
1770302384.939,577,2,"(511.0, 0.0)"
1770302384.949,577,2,"(511.0, 0.0)"
1770302384.959,577,2,"(511.0, 0.0)"
1770302384.97,577,2,"(511.0, 0.0)"
1770302384.98,577,2,"(511.0, 0.0)"
1770302384.991,577,2,"(511.0, 0.0)"
1770302385.002,577,2,"(511.0, 0.0)"
1770302385.013,577,2,"(511.0, 0.0)"
1770302385.027,577,2,"(511.0, 0.0)"
1770302385.037,577,2,"(511.0, 0.0)"
1770302385.047,577,2,"(511.0, 0.0)"
1770302385.057,577,2,"(511.0, 0.0)"
1770302385.068,577,2,"(511.0, 0.0)"
1770302385.079,577,2,"(511.0, 0.0)"
1770302385.09,577,2,"(511.0, 0.0)"
1770302385.101,577,2,"(511.0, 0.0)"
1770302385.111,577,2,"(511.0, 0.0)"
1770302385.122,577,2,"(511.0, 0.0)"
1770302385.133,577,2,"(511.0, 0.0)"
1770302385.143,577,2,"(511.0, 0.0)"
1770302385.154,577,2,"(511.0, 0.0)"
1770302385.165,577,2,"(511.0, 0.0)"
1770302385.176,577,2,"(511.0, 0.0)"
1770302385.186,577,2,"(511.0, 0.0)"
1770302385.196,577,2,"(511.0, 0.0)"
1770302385.207,577,2,"(511.0, 0.0)"
1770302385.217,577,2,"(511.0, 0.0)"
1770302385.228,577,2,"(511.0, 0.0)"
1770302385.239,577,2,"(511.0, 0.0)"
1770302385.249,577,2,"(511.0, 0.0)"
1770302385.26,577,2,"(511.0, 0.0)"
1770302385.271,577,2,"(511.0, 0.0)"
1770302385.282,577,2,"(511.0, 0.0)"
1770302385.294,577,2,"(511.0, 0.0)"
1770302385.305,577,2,"(511.0, 0.0)"
1770302385.316,577,2,"(511.0, 0.0)"
1770302385.326,577,2,"(511.0, 0.0)"
1770302385.337,577,2,"(511.0, 0.0)"
1770302385.348,577,2,"(511.0, 0.0)"
1770302385.359,577,2,"(511.0, 0.0)"
1770302385.37,577,2,"(511.0, 0.0)"
1770302385.381,577,2,"(511.0, 0.0)"
1770302385.392,577,2,"(511.0, 0.0)"
1770302385.402,577,2,"(511.0, 0.0)"
1770302385.413,577,2,"(511.0, 0.0)"
1770302385.424,577,2,"(511.0, 0.0)"
1770302385.434,577,2,"(511.0, 0.0)"
1770302385.446,577,2,"(511.0, 0.0)"
1770302385.456,577,2,"(511.0, 0.0)"
1770302385.467,577,2,"(511.0, 0.0)"
1770302385.479,577,2,"(511.0, 0.0)"
1770302385.49,577,2,"(511.0, 0.0)"
1770302385.501,577,2,"(511.0, 0.0)"
1770302385.511,577,2,"(511.0, 0.0)"
1770302385.526,577,2,"(511.0, 0.0)"
1770302385.536,577,2,"(511.0, 0.0)"
1770302385.546,577,2,"(511.0, 0.0)"
1770302385.557,577,2,"(511.0, 0.0)"
1770302385.569,577,2,"(511.0, 0.0)"
1770302385.579,577,2,"(511.0, 26.0)"
1770302385.59,577,2,"(511.0, 26.0)"
1770302385.601,577,2,"(511.0, 53.0)"
1770302385.611,577,2,"(511.0, 80.0)"
1770302385.621,577,2,"(511.0, 80.0)"
1770302385.632,577,2,"(383.0, 107.0)"
1770302385.643,577,2,"(511.0, 107.0)"
1770302385.654,577,2,"(511.0, 134.0)"
1770302385.665,577,2,"(511.0, 161.0)"
1770302385.675,577,2,"(511.0, 188.0)"
1770302385.686,577,2,"(511.0, 188.0)"
1770302385.696,577,2,"(511.0, 215.0)"
1770302385.707,577,2,"(511.0, 215.0)"
1770302385.718,577,2,"(511.0, 215.0)"
1770302385.729,577,2,"(511.0, 242.0)"
1770302385.74,577,2,"(511.0, 269.0)"
1770302385.75,577,2,"(511.0, 269.0)"
1770302385.761,577,2,"(511.0, 296.0)"
1770302385.771,577,2,"(511.0, 296.0)"
1770302385.782,577,2,"(511.0, 323.0)"
1770302385.794,577,2,"(511.0, 296.0)"
1770302385.806,577,2,"(511.0, 269.0)"
1770302385.816,577,2,"(511.0, 269.0)"
1770302385.826,577,2,"(511.0, 269.0)"
1770302385.837,577,2,"(511.0, 242.0)"
1770302385.847,577,2,"(511.0, 242.0)"
1770302385.857,577,2,"(511.0, 215.0)"
1770302385.868,577,2,"(511.0, 188.0)"
1770302385.879,577,2,"(511.0, 161.0)"
1770302385.89,577,2,"(511.0, 161.0)"
1770302385.901,577,2,"(511.0, 134.0)"
1770302385.912,577,2,"(511.0, 134.0)"
1770302385.924,577,2,"(511.0, 134.0)"
1770302385.934,577,2,"(511.0, 161.0)"
1770302385.945,577,2,"(511.0, 188.0)"
1770302385.955,577,2,"(511.0, 188.0)"
1770302385.966,577,2,"(511.0, 188.0)"
1770302385.977,577,2,"(511.0, 188.0)"
1770302385.987,577,2,"(511.0, 161.0)"
1770302385.998,577,2,"(511.0, 161.0)"
1770302386.01,577,2,"(511.0, 161.0)"
1770302386.021,577,2,"(511.0, 161.0)"
1770302386.032,577,2,"(511.0, 161.0)"
1770302386.043,577,2,"(511.0, 161.0)"
1770302386.055,577,2,"(511.0, 161.0)"
1770302386.065,577,2,"(511.0, 188.0)"
1770302386.076,577,2,"(511.0, 215.0)"
1770302386.087,577,2,"(511.0, 242.0)"
1770302386.097,577,2,"(511.0, 269.0)"
1770302386.108,577,2,"(511.0, 296.0)"
1770302386.118,577,2,"(255.0, 323.0)"
1770302386.13,577,2,"(383.0, 349.0)"
1770302386.142,577,2,"(511.0, 376.0)"
1770302386.153,577,2,"(511.0, 430.0)"
1770302386.164,577,2,"(383.0, 457.0)"
1770302386.176,577,2,"(511.0, 457.0)"
1770302386.187,577,2,"(383.0, 484.0)"
1770302386.197,577,2,"(383.0, 484.0)"
1770302386.208,577,2,"(639.0, 484.0)"
1770302386.219,577,2,"(511.0, 484.0)"
1770302386.229,577,2,"(511.0, 484.0)"
1770302386.24,577,2,"(511.0, 511.0)"
1770302386.25,577,2,"(639.0, 538.0)"
1770302386.262,577,2,"(383.0, 565.0)"
1770302386.272,577,2,"(383.0, 565.0)"
1770302386.282,577,2,"(511.0, 592.0)"
1770302386.293,577,2,"(511.0, 592.0)"
1770302386.305,577,2,"(511.0, 592.0)"
1770302386.315,577,2,"(511.0, 592.0)"
1770302386.325,577,2,"(511.0, 592.0)"
1770302386.335,577,2,"(511.0, 592.0)"
1770302386.347,577,2,"(511.0, 565.0)"
1770302386.357,577,2,"(511.0, 565.0)"
1770302386.368,577,2,"(639.0, 538.0)"
1770302386.378,577,2,"(511.0, 538.0)"
1770302386.389,577,2,"(511.0, 511.0)"
1770302386.399,577,2,"(511.0, 511.0)"
1770302386.411,577,2,"(511.0, 484.0)"
1770302386.422,577,2,"(511.0, 457.0)"
1770302386.432,577,2,"(511.0, 457.0)"
1770302386.442,577,2,"(511.0, 430.0)"
1770302386.453,577,2,"(511.0, 430.0)"
1770302386.463,577,2,"(511.0, 403.0)"
1770302386.474,577,2,"(511.0, 403.0)"
1770302386.485,577,2,"(511.0, 376.0)"
1770302386.495,577,2,"(511.0, 376.0)"
1770302386.505,577,2,"(511.0, 376.0)"
1770302386.516,577,2,"(511.0, 403.0)"
1770302386.527,577,2,"(511.0, 403.0)"
1770302386.538,577,2,"(511.0, 430.0)"
1770302386.549,577,2,"(511.0, 403.0)"
1770302386.56,577,2,"(511.0, 403.0)"
1770302386.57,577,2,"(511.0, 403.0)"
1770302386.58,577,2,"(511.0, 376.0)"
1770302386.59,577,2,"(511.0, 376.0)"
1770302386.601,577,2,"(383.0, 376.0)"
1770302386.613,577,2,"(511.0, 376.0)"
1770302386.625,577,2,"(511.0, 376.0)"
1770302386.635,577,2,"(511.0, 376.0)"
1770302386.648,577,2,"(511.0, 376.0)"
1770302386.658,577,2,"(511.0, 376.0)"
1770302386.669,577,2,"(511.0, 376.0)"
1770302386.681,577,2,"(511.0, 376.0)"
1770302386.692,577,2,"(511.0, 349.0)"
1770302386.704,577,2,"(511.0, 349.0)"
1770302386.714,577,2,"(511.0, 323.0)"
1770302386.724,577,2,"(511.0, 323.0)"
1770302386.736,577,2,"(511.0, 323.0)"
1770302386.748,577,2,"(511.0, 323.0)"
1770302386.76,577,2,"(511.0, 323.0)"
1770302386.77,577,2,"(511.0, 323.0)"
1770302386.782,577,2,"(511.0, 323.0)"
1770302386.794,577,2,"(511.0, 323.0)"
1770302386.805,577,2,"(511.0, 323.0)"
1770302386.816,577,2,"(511.0, 323.0)"
1770302386.827,577,2,"(511.0, 323.0)"
1770302386.838,577,2,"(639.0, 323.0)"
1770302386.85,577,2,"(511.0, 349.0)"
1770302386.861,577,2,"(511.0, 349.0)"
1770302386.871,577,2,"(511.0, 376.0)"
1770302386.884,577,2,"(383.0, 376.0)"
1770302386.895,577,2,"(511.0, 376.0)"
1770302386.905,577,2,"(511.0, 376.0)"
1770302386.915,577,2,"(639.0, 403.0)"
1770302386.926,577,2,"(511.0, 403.0)"
1770302386.937,577,2,"(511.0, 430.0)"
1770302386.948,577,2,"(511.0, 430.0)"
1770302386.96,577,2,"(511.0, 430.0)"
1770302386.97,577,2,"(511.0, 430.0)"
1770302386.982,577,2,"(511.0, 430.0)"
1770302386.992,577,2,"(511.0, 430.0)"
1770302387.002,577,2,"(511.0, 430.0)"
1770302387.016,577,2,"(383.0, 430.0)"
1770302387.027,577,2,"(383.0, 430.0)"
1770302387.038,577,2,"(383.0, 430.0)"
1770302387.049,577,2,"(511.0, 430.0)"
1770302387.06,577,2,"(511.0, 430.0)"
1770302387.07,577,2,"(511.0, 430.0)"
1770302387.084,577,2,"(511.0, 430.0)"
1770302387.095,577,2,"(511.0, 430.0)"
1770302387.105,577,2,"(511.0, 430.0)"
1770302387.116,577,2,"(511.0, 403.0)"
1770302387.127,577,2,"(511.0, 403.0)"
1770302387.137,577,2,"(511.0, 376.0)"
1770302387.148,577,2,"(511.0, 376.0)"
1770302387.159,577,2,"(511.0, 376.0)"
1770302387.169,577,2,"(511.0, 376.0)"
1770302387.182,577,2,"(511.0, 376.0)"
1770302387.193,577,2,"(511.0, 376.0)"
1770302387.203,577,2,"(511.0, 349.0)"
1770302387.215,577,2,"(511.0, 349.0)"
1770302387.225,577,2,"(511.0, 323.0)"
1770302387.235,577,2,"(511.0, 323.0)"
1770302387.245,577,2,"(511.0, 323.0)"
1770302387.257,577,2,"(511.0, 296.0)"
1770302387.267,577,2,"(511.0, 296.0)"
1770302387.277,577,2,"(511.0, 296.0)"
1770302387.289,577,2,"(511.0, 269.0)"
1770302387.302,577,2,"(511.0, 269.0)"
1770302387.312,577,2,"(511.0, 269.0)"
1770302387.322,577,2,"(511.0, 269.0)"
1770302387.334,577,2,"(511.0, 269.0)"
1770302387.345,577,2,"(511.0, 269.0)"
1770302387.356,577,2,"(511.0, 269.0)"
1770302387.366,577,2,"(511.0, 269.0)"
1770302387.377,577,2,"(511.0, 269.0)"
1770302387.387,577,2,"(511.0, 269.0)"
1770302387.399,577,2,"(511.0, 269.0)"
1770302387.409,577,2,"(511.0, 269.0)"
1770302387.421,577,2,"(511.0, 269.0)"
1770302387.434,577,2,"(511.0, 269.0)"
1770302387.445,577,2,"(511.0, 269.0)"
1770302387.456,577,2,"(511.0, 269.0)"
1770302387.466,577,2,"(511.0, 269.0)"
1770302387.476,577,2,"(511.0, 269.0)"
1770302387.487,577,2,"(511.0, 269.0)"
1770302387.5,577,2,"(511.0, 269.0)"
1770302387.512,577,2,"(511.0, 242.0)"
1770302387.523,577,2,"(511.0, 242.0)"
1770302387.533,577,2,"(511.0, 215.0)"
1770302387.544,577,2,"(511.0, 215.0)"
1770302387.554,577,2,"(511.0, 215.0)"
1770302387.566,577,2,"(511.0, 215.0)"
1770302387.577,577,2,"(511.0, 215.0)"
1770302387.587,577,2,"(511.0, 188.0)"
1770302387.6,577,2,"(511.0, 188.0)"
1770302387.611,577,2,"(511.0, 161.0)"
1770302387.621,577,2,"(511.0, 161.0)"
1770302392.332,577,3,"(511.0, 0.0)"
1770302392.342,577,3,"(511.0, 0.0)"
1770302392.353,577,3,"(511.0, 0.0)"
1770302392.363,577,3,"(511.0, 0.0)"
1770302392.374,577,3,"(511.0, 0.0)"
1770302392.385,577,3,"(511.0, 0.0)"
1770302392.396,577,3,"(511.0, 0.0)"
1770302392.407,577,3,"(511.0, 0.0)"
1770302392.417,577,3,"(511.0, 0.0)"
1770302392.43,577,3,"(511.0, 0.0)"
1770302392.441,577,3,"(511.0, 0.0)"
1770302392.451,577,3,"(511.0, 0.0)"
1770302392.463,577,3,"(511.0, 26.0)"
1770302392.473,577,3,"(511.0, 26.0)"
1770302392.483,577,3,"(511.0, 53.0)"
1770302392.496,577,3,"(511.0, 26.0)"
1770302392.506,577,3,"(511.0, 26.0)"
1770302392.517,577,3,"(511.0, 0.0)"
1770302392.528,577,3,"(511.0, 0.0)"
1770302392.54,577,3,"(511.0, 0.0)"
1770302392.551,577,3,"(511.0, 0.0)"
1770302392.563,577,3,"(511.0, 0.0)"
1770302392.573,577,3,"(511.0, 0.0)"
1770302392.584,577,3,"(511.0, 0.0)"
1770302392.595,577,3,"(511.0, 0.0)"
1770302392.606,577,3,"(511.0, 26.0)"
1770302392.617,577,3,"(511.0, 53.0)"
1770302392.63,577,3,"(511.0, 26.0)"
1770302392.64,577,3,"(511.0, 0.0)"
1770302392.651,577,3,"(511.0, 0.0)"
1770302392.664,577,3,"(511.0, 0.0)"
1770302392.674,577,3,"(511.0, 0.0)"
1770302392.685,577,3,"(511.0, 0.0)"
1770302392.695,577,3,"(511.0, 0.0)"
1770302392.706,577,3,"(511.0, 0.0)"
1770302392.717,577,3,"(511.0, 0.0)"
1770302392.731,577,3,"(511.0, 0.0)"
1770302392.741,577,3,"(511.0, 0.0)"
1770302392.751,577,3,"(511.0, 0.0)"
1770302392.762,577,3,"(511.0, 0.0)"
1770302392.773,577,3,"(511.0, 0.0)"
1770302392.785,577,3,"(511.0, 0.0)"
1770302392.797,577,3,"(511.0, 0.0)"
1770302392.807,577,3,"(511.0, 0.0)"
1770302392.817,577,3,"(511.0, 0.0)"
1770302392.831,577,3,"(511.0, 0.0)"
1770302392.842,577,3,"(511.0, 0.0)"
1770302392.853,577,3,"(511.0, 0.0)"
1770302392.863,577,3,"(511.0, 0.0)"
1770302392.873,577,3,"(511.0, 0.0)"
1770302392.884,577,3,"(511.0, 0.0)"
1770302392.894,577,3,"(511.0, 0.0)"
1770302392.905,577,3,"(511.0, 0.0)"
1770302392.915,577,3,"(511.0, 0.0)"
1770302392.926,577,3,"(511.0, 0.0)"
1770302392.936,577,3,"(511.0, 0.0)"
1770302392.947,577,3,"(511.0, 0.0)"
1770302392.958,577,3,"(511.0, 0.0)"
1770302392.969,577,3,"(511.0, 0.0)"
1770302392.98,577,3,"(511.0, 0.0)"
1770302392.99,577,3,"(511.0, 0.0)"
1770302393.0,577,3,"(511.0, 0.0)"
1770302393.014,577,3,"(511.0, 0.0)"
1770302393.025,577,3,"(511.0, 0.0)"
1770302393.035,577,3,"(511.0, 0.0)"
1770302393.047,577,3,"(511.0, 0.0)"
1770302393.057,577,3,"(511.0, 0.0)"
1770302393.068,577,3,"(511.0, 0.0)"
1770302393.078,577,3,"(511.0, 0.0)"
1770302393.089,577,3,"(511.0, 0.0)"
1770302393.1,577,3,"(511.0, 0.0)"
1770302393.11,577,3,"(511.0, 0.0)"
1770302393.121,577,3,"(511.0, 0.0)"
1770302393.133,577,3,"(511.0, 0.0)"
1770302393.144,577,3,"(511.0, 0.0)"
1770302393.154,577,3,"(511.0, 0.0)"
1770302393.165,577,3,"(511.0, 0.0)"
1770302393.176,577,3,"(511.0, 0.0)"
1770302393.186,577,3,"(511.0, 0.0)"
1770302393.197,577,3,"(511.0, 0.0)"
1770302393.207,577,3,"(511.0, 0.0)"
1770302393.218,577,3,"(511.0, 0.0)"
1770302393.229,577,3,"(511.0, 0.0)"
1770302393.24,577,3,"(511.0, 0.0)"
1770302393.25,577,3,"(511.0, 0.0)"
1770302393.261,577,3,"(511.0, 0.0)"
1770302393.272,577,3,"(511.0, 0.0)"
1770302393.284,577,3,"(511.0, 0.0)"
1770302393.295,577,3,"(511.0, 0.0)"
1770302393.305,577,3,"(511.0, 0.0)"
1770302393.316,577,3,"(511.0, 0.0)"
1770302393.327,577,3,"(511.0, 0.0)"
1770302393.337,577,3,"(511.0, 0.0)"
1770302393.348,577,3,"(511.0, 0.0)"
1770302393.359,577,3,"(511.0, 0.0)"
1770302393.369,577,3,"(511.0, 0.0)"
1770302393.379,577,3,"(511.0, 0.0)"
1770302393.39,577,3,"(511.0, 0.0)"
1770302393.401,577,3,"(511.0, 0.0)"
1770302393.411,577,3,"(511.0, 0.0)"
1770302393.421,577,3,"(511.0, 0.0)"
1770302393.433,577,3,"(511.0, 0.0)"
1770302393.443,577,3,"(511.0, 0.0)"
1770302393.454,577,3,"(511.0, 0.0)"
1770302393.464,577,3,"(511.0, 0.0)"
1770302393.474,577,3,"(511.0, 0.0)"
1770302393.485,577,3,"(511.0, 0.0)"
1770302393.496,577,3,"(511.0, 0.0)"
1770302393.507,577,3,"(511.0, 0.0)"
1770302393.519,577,3,"(511.0, 0.0)"
1770302393.529,577,3,"(511.0, 0.0)"
1770302393.54,577,3,"(511.0, 0.0)"
1770302393.55,577,3,"(511.0, 0.0)"
1770302393.56,577,3,"(511.0, 0.0)"
1770302393.571,577,3,"(511.0, 0.0)"
1770302393.581,577,3,"(511.0, 0.0)"
1770302393.591,577,3,"(511.0, 0.0)"
1770302393.601,577,3,"(511.0, 0.0)"
1770302393.612,577,3,"(511.0, 0.0)"
1770302393.622,577,3,"(511.0, 0.0)"
1770302393.635,577,3,"(511.0, 0.0)"
1770302393.645,577,3,"(511.0, 0.0)"
1770302393.655,577,3,"(511.0, 0.0)"
1770302393.665,577,3,"(511.0, 0.0)"
1770302393.675,577,3,"(511.0, 0.0)"
1770302393.685,577,3,"(511.0, 0.0)"
1770302393.696,577,3,"(511.0, 0.0)"
1770302393.707,577,3,"(511.0, 0.0)"
1770302393.718,577,3,"(511.0, 0.0)"
1770302393.728,577,3,"(511.0, 0.0)"
1770302393.738,577,3,"(511.0, 0.0)"
1770302393.749,577,3,"(511.0, 0.0)"
1770302393.759,577,3,"(511.0, 0.0)"
1770302393.769,577,3,"(511.0, 0.0)"
1770302393.78,577,3,"(511.0, 0.0)"
1770302393.791,577,3,"(511.0, 0.0)"
1770302393.801,577,3,"(511.0, 0.0)"
1770302393.811,577,3,"(511.0, 0.0)"
1770302393.822,577,3,"(511.0, 0.0)"
1770302393.833,577,3,"(511.0, 0.0)"
1770302393.843,577,3,"(511.0, 0.0)"
1770302393.854,577,3,"(511.0, 0.0)"
1770302393.865,577,3,"(511.0, 0.0)"
1770302393.877,577,3,"(511.0, 0.0)"
1770302393.888,577,3,"(511.0, 0.0)"
1770302393.898,577,3,"(511.0, 0.0)"
1770302393.909,577,3,"(511.0, 0.0)"
1770302393.919,577,3,"(511.0, 0.0)"
1770302393.929,577,3,"(511.0, 0.0)"
1770302393.941,577,3,"(511.0, 0.0)"
1770302393.953,577,3,"(511.0, 0.0)"
1770302393.965,577,3,"(511.0, 0.0)"
1770302393.975,577,3,"(511.0, 0.0)"
1770302393.985,577,3,"(511.0, 0.0)"
1770302393.995,577,3,"(511.0, 0.0)"
1770302394.006,577,3,"(511.0, 0.0)"
1770302394.016,577,3,"(511.0, 0.0)"
1770302394.028,577,3,"(511.0, 0.0)"
1770302394.039,577,3,"(511.0, 0.0)"
1770302394.049,577,3,"(511.0, 0.0)"
1770302394.059,577,3,"(511.0, 0.0)"
1770302394.07,577,3,"(511.0, 0.0)"
1770302394.08,577,3,"(511.0, 0.0)"
1770302394.093,577,3,"(511.0, 0.0)"
1770302394.104,577,3,"(511.0, 0.0)"
1770302394.114,577,3,"(511.0, 0.0)"
1770302394.126,577,3,"(511.0, 0.0)"
1770302394.137,577,3,"(511.0, 0.0)"
1770302394.147,577,3,"(511.0, 0.0)"
1770302394.158,577,3,"(511.0, 0.0)"
1770302394.168,577,3,"(511.0, 0.0)"
1770302394.178,577,3,"(511.0, 0.0)"
1770302394.188,577,3,"(511.0, 0.0)"
1770302394.198,577,3,"(511.0, 0.0)"
1770302394.21,577,3,"(511.0, 0.0)"
1770302394.221,577,3,"(511.0, 0.0)"
1770302394.232,577,3,"(511.0, 0.0)"
1770302394.244,577,3,"(511.0, 0.0)"
1770302394.254,577,3,"(511.0, 0.0)"
1770302394.265,577,3,"(511.0, 0.0)"
1770302394.277,577,3,"(511.0, 0.0)"
1770302394.287,577,3,"(511.0, 0.0)"
1770302394.298,577,3,"(511.0, 0.0)"
1770302394.31,577,3,"(511.0, 0.0)"
1770302394.321,577,3,"(511.0, 0.0)"
1770302394.332,577,3,"(511.0, 0.0)"
1770302394.343,577,3,"(511.0, 0.0)"
1770302394.353,577,3,"(511.0, 0.0)"
1770302394.364,577,3,"(511.0, 0.0)"
1770302394.377,577,3,"(511.0, 0.0)"
1770302394.387,577,3,"(511.0, 0.0)"
1770302394.398,577,3,"(511.0, 0.0)"
1770302394.408,577,3,"(511.0, 0.0)"
1770302394.419,577,3,"(511.0, 0.0)"
1770302394.429,577,3,"(511.0, 0.0)"
1770302394.439,577,3,"(511.0, 0.0)"
1770302394.449,577,3,"(511.0, 0.0)"
1770302394.46,577,3,"(511.0, 0.0)"
1770302394.471,577,3,"(511.0, 0.0)"
1770302394.481,577,3,"(511.0, 0.0)"
1770302394.494,577,3,"(511.0, 0.0)"
1770302394.505,577,3,"(511.0, 0.0)"
1770302394.516,577,3,"(511.0, 0.0)"
1770302394.528,577,3,"(511.0, 0.0)"
1770302394.538,577,3,"(511.0, 0.0)"
1770302394.549,577,3,"(511.0, 0.0)"
1770302394.561,577,3,"(511.0, 0.0)"
1770302394.571,577,3,"(511.0, 0.0)"
1770302394.582,577,3,"(511.0, 0.0)"
1770302394.592,577,3,"(511.0, 0.0)"
1770302394.602,577,3,"(511.0, 0.0)"
1770302394.614,577,3,"(511.0, 0.0)"
1770302394.624,577,3,"(511.0, 0.0)"
1770302394.635,577,3,"(511.0, 0.0)"
1770302394.645,577,3,"(511.0, 0.0)"
1770302394.656,577,3,"(511.0, 0.0)"
1770302394.666,577,3,"(511.0, 0.0)"
1770302394.676,577,3,"(511.0, 0.0)"
1770302394.687,577,3,"(511.0, 0.0)"
1770302394.697,577,3,"(511.0, 0.0)"
1770302394.708,577,3,"(511.0, 0.0)"
1770302394.72,577,3,"(511.0, 0.0)"
1770302394.731,577,3,"(511.0, 0.0)"
1770302394.741,577,3,"(511.0, 0.0)"
1770302394.751,577,3,"(511.0, 0.0)"
1770302394.763,577,3,"(511.0, 0.0)"
1770302394.774,577,3,"(511.0, 0.0)"
1770302394.785,577,3,"(511.0, 26.0)"
1770302394.796,577,3,"(511.0, 26.0)"
1770302394.807,577,3,"(511.0, 53.0)"
1770302394.818,577,3,"(511.0, 53.0)"
1770302394.829,577,3,"(511.0, 53.0)"
1770302394.839,577,3,"(511.0, 53.0)"
1770302394.85,577,3,"(511.0, 53.0)"
1770302394.86,577,3,"(511.0, 53.0)"
1770302394.871,577,3,"(511.0, 53.0)"
1770302394.882,577,3,"(511.0, 53.0)"
1770302394.893,577,3,"(511.0, 53.0)"
1770302394.903,577,3,"(511.0, 53.0)"
1770302394.913,577,3,"(511.0, 53.0)"
1770302394.923,577,3,"(511.0, 53.0)"
1770302394.934,577,3,"(511.0, 53.0)"
1770302394.944,577,3,"(511.0, 53.0)"
1770302394.954,577,3,"(511.0, 53.0)"
1770302394.966,577,3,"(511.0, 53.0)"
1770302394.977,577,3,"(511.0, 53.0)"
1770302394.988,577,3,"(511.0, 53.0)"
1770302394.999,577,3,"(511.0, 53.0)"
1770302395.009,577,3,"(511.0, 53.0)"
1770302395.019,577,3,"(511.0, 53.0)"
1770302395.03,577,3,"(511.0, 53.0)"
1770302395.04,577,3,"(511.0, 53.0)"
1770302395.051,577,3,"(511.0, 53.0)"
1770302395.062,577,3,"(511.0, 53.0)"
1770302395.072,577,3,"(511.0, 53.0)"
1770302395.084,577,3,"(511.0, 53.0)"
1770302395.094,577,3,"(511.0, 53.0)"
1770302395.104,577,3,"(511.0, 53.0)"
1770302395.116,577,3,"(511.0, 53.0)"
1770302395.126,577,3,"(511.0, 53.0)"
1770302395.137,577,3,"(511.0, 53.0)"
1770302395.147,577,3,"(511.0, 53.0)"
1770302395.157,577,3,"(511.0, 53.0)"
1770302395.168,577,3,"(511.0, 26.0)"
1770302395.178,577,3,"(511.0, 26.0)"
1770302395.189,577,3,"(511.0, 0.0)"
1770302395.201,577,3,"(511.0, 0.0)"
1770302395.211,577,3,"(511.0, 26.0)"
1770302395.222,577,3,"(511.0, 26.0)"
1770302395.233,577,3,"(511.0, 53.0)"
1770302395.243,577,3,"(511.0, 53.0)"
1770302395.254,577,3,"(511.0, 26.0)"
1770302395.264,577,3,"(511.0, 26.0)"
1770302395.275,577,3,"(511.0, 0.0)"
1770302395.287,577,3,"(511.0, 0.0)"
1770302395.299,577,3,"(511.0, 0.0)"
1770302395.31,577,3,"(511.0, 0.0)"
1770302395.32,577,3,"(511.0, 0.0)"
1770302402.623,577,4,"(511.0, 215.0)"
1770302402.634,577,4,"(511.0, 215.0)"
1770302402.645,577,4,"(511.0, 215.0)"
1770302402.655,577,4,"(511.0, 215.0)"
1770302402.666,577,4,"(511.0, 188.0)"
1770302402.677,577,4,"(511.0, 161.0)"
1770302402.688,577,4,"(511.0, 161.0)"
1770302402.7,577,4,"(511.0, 161.0)"
1770302402.71,577,4,"(511.0, 161.0)"
1770302402.722,577,4,"(511.0, 161.0)"
1770302402.732,577,4,"(511.0, 161.0)"
1770302402.743,577,4,"(511.0, 161.0)"
1770302402.755,577,4,"(511.0, 161.0)"
1770302402.766,577,4,"(511.0, 161.0)"
1770302402.776,577,4,"(511.0, 161.0)"
1770302402.786,577,4,"(511.0, 161.0)"
1770302402.797,577,4,"(511.0, 161.0)"
1770302402.807,577,4,"(511.0, 161.0)"
1770302402.819,577,4,"(511.0, 161.0)"
1770302402.829,577,4,"(511.0, 161.0)"
1770302402.84,577,4,"(511.0, 161.0)"
1770302402.85,577,4,"(511.0, 161.0)"
1770302402.861,577,4,"(511.0, 161.0)"
1770302402.872,577,4,"(511.0, 161.0)"
1770302402.883,577,4,"(511.0, 161.0)"
1770302402.893,577,4,"(511.0, 161.0)"
1770302402.903,577,4,"(511.0, 161.0)"
1770302402.914,577,4,"(511.0, 161.0)"
1770302402.924,577,4,"(511.0, 161.0)"
1770302402.936,577,4,"(511.0, 161.0)"
1770302402.946,577,4,"(511.0, 161.0)"
1770302402.956,577,4,"(511.0, 161.0)"
1770302402.969,577,4,"(511.0, 134.0)"
1770302402.982,577,4,"(511.0, 107.0)"
1770302402.992,577,4,"(511.0, 107.0)"
1770302403.003,577,4,"(511.0, 107.0)"
1770302403.013,577,4,"(511.0, 107.0)"
1770302403.023,577,4,"(511.0, 107.0)"
1770302403.035,577,4,"(511.0, 107.0)"
1770302403.045,577,4,"(511.0, 107.0)"
1770302403.056,577,4,"(511.0, 107.0)"
1770302403.07,577,4,"(511.0, 107.0)"
1770302403.08,577,4,"(511.0, 80.0)"
1770302403.091,577,4,"(511.0, 80.0)"
1770302403.103,577,4,"(511.0, 80.0)"
1770302403.113,577,4,"(511.0, 53.0)"
1770302403.125,577,4,"(511.0, 53.0)"
1770302403.135,577,4,"(511.0, 53.0)"
1770302403.145,577,4,"(511.0, 53.0)"
1770302403.156,577,4,"(511.0, 53.0)"
1770302403.166,577,4,"(511.0, 53.0)"
1770302403.176,577,4,"(511.0, 53.0)"
1770302403.187,577,4,"(511.0, 53.0)"
1770302403.197,577,4,"(511.0, 53.0)"
1770302403.208,577,4,"(511.0, 53.0)"
1770302403.218,577,4,"(511.0, 53.0)"
1770302403.229,577,4,"(511.0, 53.0)"
1770302403.24,577,4,"(511.0, 53.0)"
1770302403.251,577,4,"(511.0, 53.0)"
1770302403.262,577,4,"(511.0, 53.0)"
1770302403.273,577,4,"(511.0, 53.0)"
1770302403.286,577,4,"(511.0, 53.0)"
1770302403.296,577,4,"(511.0, 53.0)"
1770302403.307,577,4,"(511.0, 53.0)"
1770302403.318,577,4,"(511.0, 53.0)"
1770302403.33,577,4,"(511.0, 53.0)"
1770302403.34,577,4,"(511.0, 53.0)"
1770302403.353,577,4,"(511.0, 53.0)"
1770302403.364,577,4,"(511.0, 53.0)"
1770302403.375,577,4,"(511.0, 53.0)"
1770302403.386,577,4,"(511.0, 53.0)"
1770302403.396,577,4,"(511.0, 53.0)"
1770302403.406,577,4,"(511.0, 53.0)"
1770302403.42,577,4,"(511.0, 53.0)"
1770302403.43,577,4,"(511.0, 53.0)"
1770302403.44,577,4,"(511.0, 53.0)"
1770302403.453,577,4,"(511.0, 53.0)"
1770302403.463,577,4,"(511.0, 53.0)"
1770302403.474,577,4,"(511.0, 53.0)"
1770302403.487,577,4,"(511.0, 53.0)"
1770302403.498,577,4,"(511.0, 53.0)"
1770302403.508,577,4,"(511.0, 53.0)"
1770302403.52,577,4,"(511.0, 53.0)"
1770302403.53,577,4,"(511.0, 53.0)"
1770302403.541,577,4,"(511.0, 53.0)"
1770302403.552,577,4,"(511.0, 53.0)"
1770302403.562,577,4,"(511.0, 53.0)"
1770302403.573,577,4,"(511.0, 53.0)"
1770302403.583,577,4,"(511.0, 53.0)"
1770302403.594,577,4,"(511.0, 53.0)"
1770302403.605,577,4,"(511.0, 53.0)"
1770302403.616,577,4,"(511.0, 53.0)"
1770302403.626,577,4,"(511.0, 53.0)"
1770302403.637,577,4,"(511.0, 53.0)"
1770302403.647,577,4,"(511.0, 53.0)"
1770302403.658,577,4,"(511.0, 53.0)"
1770302403.669,577,4,"(511.0, 53.0)"
1770302403.68,577,4,"(511.0, 53.0)"
1770302403.691,577,4,"(511.0, 53.0)"
1770302403.701,577,4,"(511.0, 53.0)"
1770302403.712,577,4,"(511.0, 53.0)"
1770302403.722,577,4,"(511.0, 53.0)"
1770302403.733,577,4,"(511.0, 53.0)"
1770302403.743,577,4,"(511.0, 53.0)"
1770302403.754,577,4,"(511.0, 53.0)"
1770302403.765,577,4,"(511.0, 53.0)"
1770302403.776,577,4,"(511.0, 53.0)"
1770302403.787,577,4,"(511.0, 53.0)"
1770302403.799,577,4,"(511.0, 53.0)"
1770302403.809,577,4,"(511.0, 53.0)"
1770302403.821,577,4,"(511.0, 53.0)"
1770302403.832,577,4,"(511.0, 53.0)"
1770302403.843,577,4,"(511.0, 53.0)"
1770302403.853,577,4,"(511.0, 53.0)"
1770302403.865,577,4,"(511.0, 53.0)"
1770302403.875,577,4,"(511.0, 53.0)"
1770302403.887,577,4,"(511.0, 53.0)"
1770302403.897,577,4,"(511.0, 53.0)"
1770302403.908,577,4,"(511.0, 53.0)"
1770302403.919,577,4,"(511.0, 53.0)"
1770302403.929,577,4,"(511.0, 53.0)"
1770302403.939,577,4,"(511.0, 53.0)"
1770302403.949,577,4,"(511.0, 53.0)"
1770302403.96,577,4,"(511.0, 53.0)"
1770302403.971,577,4,"(511.0, 53.0)"
1770302403.981,577,4,"(511.0, 53.0)"
1770302403.991,577,4,"(511.0, 53.0)"
1770302404.002,577,4,"(511.0, 53.0)"
1770302404.013,577,4,"(511.0, 53.0)"
1770302404.024,577,4,"(511.0, 53.0)"
1770302404.034,577,4,"(511.0, 53.0)"
1770302404.045,577,4,"(511.0, 53.0)"
1770302404.055,577,4,"(511.0, 53.0)"
1770302404.066,577,4,"(511.0, 53.0)"
1770302404.077,577,4,"(511.0, 53.0)"
1770302404.088,577,4,"(511.0, 53.0)"
1770302404.1,577,4,"(511.0, 53.0)"
1770302404.11,577,4,"(639.0, 80.0)"
1770302404.124,577,4,"(511.0, 107.0)"
1770302404.134,577,4,"(511.0, 134.0)"
1770302404.144,577,4,"(639.0, 134.0)"
1770302404.156,577,4,"(511.0, 161.0)"
1770302404.167,577,4,"(511.0, 188.0)"
1770302404.177,577,4,"(511.0, 188.0)"
1770302404.19,577,4,"(511.0, 215.0)"
1770302404.2,577,4,"(511.0, 215.0)"
1770302404.212,577,4,"(511.0, 215.0)"
1770302404.222,577,4,"(511.0, 242.0)"
1770302404.232,577,4,"(511.0, 242.0)"
1770302404.242,577,4,"(511.0, 269.0)"
1770302404.253,577,4,"(511.0, 269.0)"
1770302404.263,577,4,"(511.0, 269.0)"
1770302404.276,577,4,"(511.0, 269.0)"
1770302404.286,577,4,"(511.0, 269.0)"
1770302404.297,577,4,"(511.0, 269.0)"
1770302404.307,577,4,"(511.0, 269.0)"
1770302404.317,577,4,"(511.0, 269.0)"
1770302404.328,577,4,"(511.0, 269.0)"
1770302404.338,577,4,"(511.0, 242.0)"
1770302404.348,577,4,"(511.0, 242.0)"
1770302404.36,577,4,"(511.0, 215.0)"
1770302404.37,577,4,"(511.0, 188.0)"
1770302404.381,577,4,"(511.0, 161.0)"
1770302404.392,577,4,"(511.0, 134.0)"
1770302404.403,577,4,"(511.0, 107.0)"
1770302404.415,577,4,"(511.0, 107.0)"
1770302404.425,577,4,"(511.0, 80.0)"
1770302404.436,577,4,"(511.0, 53.0)"
1770302404.447,577,4,"(511.0, 53.0)"
1770302404.457,577,4,"(511.0, 53.0)"
1770302404.468,577,4,"(511.0, 53.0)"
1770302404.479,577,4,"(511.0, 53.0)"
1770302404.49,577,4,"(511.0, 53.0)"
1770302404.501,577,4,"(511.0, 26.0)"
1770302404.512,577,4,"(511.0, 26.0)"
1770302404.523,577,4,"(511.0, 26.0)"
1770302404.533,577,4,"(511.0, 26.0)"
1770302404.543,577,4,"(511.0, 26.0)"
1770302404.553,577,4,"(511.0, 53.0)"
1770302404.565,577,4,"(511.0, 53.0)"
1770302404.575,577,4,"(511.0, 53.0)"
1770302404.586,577,4,"(511.0, 53.0)"
1770302404.597,577,4,"(511.0, 53.0)"
1770302404.608,577,4,"(511.0, 53.0)"
1770302404.62,577,4,"(511.0, 53.0)"
1770302404.63,577,4,"(511.0, 53.0)"
1770302404.641,577,4,"(511.0, 53.0)"
1770302404.651,577,4,"(511.0, 53.0)"
1770302404.662,577,4,"(511.0, 53.0)"
1770302404.672,577,4,"(511.0, 53.0)"
1770302404.684,577,4,"(511.0, 53.0)"
1770302404.696,577,4,"(511.0, 53.0)"
1770302404.706,577,4,"(511.0, 53.0)"
1770302404.717,577,4,"(511.0, 53.0)"
1770302404.729,577,4,"(511.0, 53.0)"
1770302404.74,577,4,"(511.0, 53.0)"
1770302404.751,577,4,"(511.0, 53.0)"
1770302404.762,577,4,"(511.0, 53.0)"
1770302404.772,577,4,"(511.0, 53.0)"
1770302404.782,577,4,"(511.0, 53.0)"
1770302404.795,577,4,"(511.0, 53.0)"
1770302404.805,577,4,"(511.0, 53.0)"
1770302404.815,577,4,"(511.0, 53.0)"
1770302404.829,577,4,"(511.0, 53.0)"
1770302404.84,577,4,"(511.0, 26.0)"
1770302404.85,577,4,"(511.0, 26.0)"
1770302404.864,577,4,"(511.0, 0.0)"
1770302404.874,577,4,"(511.0, 0.0)"
1770302404.885,577,4,"(511.0, 0.0)"
1770302404.897,577,4,"(511.0, 0.0)"
1770302404.908,577,4,"(511.0, 0.0)"
1770302404.918,577,4,"(511.0, 0.0)"
1770302404.93,577,4,"(511.0, 0.0)"
1770302404.941,577,4,"(511.0, 0.0)"
1770302404.951,577,4,"(511.0, 0.0)"
1770302404.963,577,4,"(511.0, 0.0)"
1770302404.974,577,4,"(511.0, 0.0)"
1770302404.984,577,4,"(511.0, 0.0)"
1770302404.995,577,4,"(511.0, 0.0)"
1770302405.005,577,4,"(511.0, 0.0)"
1770302405.016,577,4,"(511.0, 0.0)"
1770302405.027,577,4,"(511.0, 0.0)"
1770302405.037,577,4,"(511.0, 0.0)"
1770302405.048,577,4,"(511.0, 0.0)"
1770302405.058,577,4,"(511.0, 0.0)"
1770302405.069,577,4,"(511.0, 0.0)"
1770302405.082,577,4,"(511.0, 0.0)"
1770302405.092,577,4,"(511.0, 0.0)"
1770302405.102,577,4,"(511.0, 0.0)"
1770302405.114,577,4,"(511.0, 26.0)"
1770302405.125,577,4,"(511.0, 53.0)"
1770302405.136,577,4,"(511.0, 53.0)"
1770302405.148,577,4,"(511.0, 53.0)"
1770302405.159,577,4,"(511.0, 53.0)"
1770302405.17,577,4,"(511.0, 53.0)"
1770302405.181,577,4,"(511.0, 53.0)"
1770302405.192,577,4,"(511.0, 53.0)"
1770302405.203,577,4,"(511.0, 53.0)"
1770302405.214,577,4,"(511.0, 53.0)"
1770302405.225,577,4,"(511.0, 53.0)"
1770302405.236,577,4,"(511.0, 53.0)"
1770302405.247,577,4,"(511.0, 53.0)"
1770302405.257,577,4,"(511.0, 53.0)"
1770302405.267,577,4,"(511.0, 53.0)"
1770302405.28,577,4,"(511.0, 53.0)"
1770302405.29,577,4,"(511.0, 53.0)"
1770302405.302,577,4,"(511.0, 53.0)"
1770302405.312,577,4,"(511.0, 53.0)"
1770302405.322,577,4,"(511.0, 53.0)"
1770302405.332,577,4,"(511.0, 53.0)"
1770302405.345,577,4,"(511.0, 53.0)"
1770302405.356,577,4,"(511.0, 53.0)"
1770302405.367,577,4,"(511.0, 53.0)"
1770302405.378,577,4,"(511.0, 53.0)"
1770302405.389,577,4,"(511.0, 53.0)"
1770302405.399,577,4,"(511.0, 80.0)"
1770302405.413,577,4,"(511.0, 80.0)"
1770302405.424,577,4,"(639.0, 107.0)"
1770302405.435,577,4,"(511.0, 134.0)"
1770302405.447,577,4,"(511.0, 134.0)"
1770302405.457,577,4,"(511.0, 161.0)"
1770302405.468,577,4,"(511.0, 188.0)"
1770302405.479,577,4,"(511.0, 215.0)"
1770302405.492,577,4,"(511.0, 215.0)"
1770302405.503,577,4,"(511.0, 242.0)"
1770302405.514,577,4,"(511.0, 269.0)"
1770302405.526,577,4,"(511.0, 269.0)"
1770302405.537,577,4,"(511.0, 269.0)"
1770302405.548,577,4,"(511.0, 269.0)"
1770302405.559,577,4,"(511.0, 242.0)"
1770302405.569,577,4,"(511.0, 242.0)"
1770302405.579,577,4,"(511.0, 215.0)"
1770302405.59,577,4,"(511.0, 215.0)"
1770302405.601,577,4,"(511.0, 215.0)"
1770302405.611,577,4,"(511.0, 215.0)"
1770302405.623,577,4,"(511.0, 215.0)"
1770302405.633,577,4,"(511.0, 188.0)"
1770302426.46,577,1,"(511.0, 0.0)"
1770302426.472,577,1,"(511.0, 0.0)"
1770302426.482,577,1,"(511.0, 0.0)"
1770302426.493,577,1,"(511.0, 0.0)"
1770302426.504,577,1,"(511.0, 0.0)"
1770302426.515,577,1,"(511.0, 0.0)"
1770302426.527,577,1,"(511.0, 0.0)"
1770302426.537,577,1,"(511.0, 0.0)"
1770302426.548,577,1,"(511.0, 0.0)"
1770302426.56,577,1,"(511.0, 0.0)"
1770302426.57,577,1,"(511.0, 0.0)"
1770302426.581,577,1,"(511.0, 0.0)"
1770302426.592,577,1,"(511.0, 0.0)"
1770302426.602,577,1,"(511.0, 0.0)"
1770302426.614,577,1,"(511.0, 0.0)"
1770302426.625,577,1,"(511.0, 0.0)"
1770302426.635,577,1,"(511.0, 0.0)"
1770302426.648,577,1,"(511.0, 0.0)"
1770302426.658,577,1,"(511.0, 0.0)"
1770302426.669,577,1,"(511.0, 0.0)"
1770302426.683,577,1,"(511.0, 0.0)"
1770302426.695,577,1,"(511.0, 0.0)"
1770302426.705,577,1,"(511.0, 0.0)"
1770302426.715,577,1,"(511.0, 0.0)"
1770302426.725,577,1,"(511.0, 0.0)"
1770302426.736,577,1,"(511.0, 0.0)"
1770302426.749,577,1,"(511.0, 0.0)"
1770302426.76,577,1,"(511.0, 0.0)"
1770302426.77,577,1,"(511.0, 0.0)"
1770302426.782,577,1,"(511.0, 0.0)"
1770302426.792,577,1,"(511.0, 0.0)"
1770302426.803,577,1,"(511.0, 0.0)"
1770302426.817,577,1,"(511.0, 0.0)"
1770302426.828,577,1,"(511.0, 0.0)"
1770302426.838,577,1,"(511.0, 0.0)"
1770302426.849,577,1,"(511.0, 0.0)"
1770302426.859,577,1,"(511.0, 0.0)"
1770302426.87,577,1,"(511.0, 0.0)"
1770302426.88,577,1,"(511.0, 0.0)"
1770302426.89,577,1,"(511.0, 0.0)"
1770302426.901,577,1,"(511.0, 0.0)"
1770302426.912,577,1,"(511.0, 0.0)"
1770302426.922,577,1,"(511.0, 0.0)"
1770302426.933,577,1,"(511.0, 0.0)"
1770302426.944,577,1,"(511.0, 0.0)"
1770302426.954,577,1,"(511.0, 0.0)"
1770302426.965,577,1,"(511.0, 0.0)"
1770302426.975,577,1,"(511.0, 0.0)"
1770302426.985,577,1,"(511.0, 0.0)"
1770302426.995,577,1,"(511.0, 0.0)"
1770302427.006,577,1,"(511.0, 0.0)"
1770302427.017,577,1,"(511.0, 0.0)"
1770302427.027,577,1,"(511.0, 0.0)"
1770302427.038,577,1,"(511.0, 0.0)"
1770302427.048,577,1,"(511.0, 0.0)"
1770302427.058,577,1,"(511.0, 0.0)"
1770302427.071,577,1,"(511.0, 0.0)"
1770302427.082,577,1,"(511.0, 0.0)"
1770302427.092,577,1,"(511.0, 0.0)"
1770302427.102,577,1,"(511.0, 0.0)"
1770302427.113,577,1,"(511.0, 0.0)"
1770302427.124,577,1,"(511.0, 0.0)"
1770302427.134,577,1,"(511.0, 0.0)"
1770302427.144,577,1,"(511.0, 0.0)"
1770302427.155,577,1,"(511.0, 0.0)"
1770302427.165,577,1,"(511.0, 0.0)"
1770302427.176,577,1,"(511.0, 0.0)"
1770302427.186,577,1,"(511.0, 0.0)"
1770302427.196,577,1,"(511.0, 0.0)"
1770302427.207,577,1,"(511.0, 0.0)"
1770302427.217,577,1,"(511.0, 0.0)"
1770302427.228,577,1,"(511.0, 0.0)"
1770302427.238,577,1,"(511.0, 0.0)"
1770302427.249,577,1,"(511.0, 0.0)"
1770302427.26,577,1,"(511.0, 0.0)"
1770302427.27,577,1,"(511.0, 0.0)"
1770302427.28,577,1,"(511.0, 0.0)"
1770302427.29,577,1,"(511.0, 0.0)"
1770302427.302,577,1,"(511.0, 0.0)"
1770302427.312,577,1,"(511.0, 0.0)"
1770302427.323,577,1,"(511.0, 0.0)"
1770302427.333,577,1,"(511.0, 0.0)"
1770302427.344,577,1,"(511.0, 0.0)"
1770302427.354,577,1,"(511.0, 0.0)"
1770302427.367,577,1,"(511.0, 0.0)"
1770302427.378,577,1,"(511.0, 0.0)"
1770302427.388,577,1,"(511.0, 0.0)"
1770302427.4,577,1,"(511.0, 0.0)"
1770302427.41,577,1,"(511.0, 0.0)"
1770302427.421,577,1,"(511.0, 0.0)"
1770302427.432,577,1,"(511.0, 0.0)"
1770302427.442,577,1,"(511.0, 0.0)"
1770302427.453,577,1,"(511.0, 0.0)"
1770302427.465,577,1,"(511.0, 0.0)"
1770302427.476,577,1,"(511.0, 0.0)"
1770302427.486,577,1,"(511.0, 0.0)"
1770302427.499,577,1,"(511.0, 0.0)"
1770302427.51,577,1,"(511.0, 0.0)"
1770302427.521,577,1,"(511.0, 0.0)"
1770302427.531,577,1,"(511.0, 0.0)"
1770302427.542,577,1,"(511.0, 0.0)"
1770302427.553,577,1,"(511.0, 0.0)"
1770302427.564,577,1,"(511.0, 0.0)"
1770302427.575,577,1,"(511.0, 0.0)"
1770302427.585,577,1,"(511.0, 0.0)"
1770302427.596,577,1,"(511.0, 0.0)"
1770302427.606,577,1,"(511.0, 0.0)"
1770302427.617,577,1,"(511.0, 0.0)"
1770302427.628,577,1,"(511.0, 0.0)"
1770302427.639,577,1,"(511.0, 0.0)"
1770302427.649,577,1,"(511.0, 0.0)"
1770302427.66,577,1,"(511.0, 0.0)"
1770302427.671,577,1,"(511.0, 0.0)"
1770302427.681,577,1,"(511.0, 0.0)"
1770302427.692,577,1,"(511.0, 0.0)"
1770302427.702,577,1,"(511.0, 0.0)"
1770302427.714,577,1,"(511.0, 0.0)"
1770302427.725,577,1,"(511.0, 0.0)"
1770302427.736,577,1,"(511.0, 0.0)"
1770302427.749,577,1,"(511.0, 0.0)"
1770302427.76,577,1,"(511.0, 0.0)"
1770302427.771,577,1,"(511.0, 0.0)"
1770302427.783,577,1,"(511.0, 0.0)"
1770302427.793,577,1,"(511.0, 0.0)"
1770302427.804,577,1,"(511.0, 0.0)"
1770302427.814,577,1,"(511.0, 0.0)"
1770302427.825,577,1,"(511.0, 0.0)"
1770302427.836,577,1,"(511.0, 0.0)"
1770302427.847,577,1,"(511.0, 0.0)"
1770302427.858,577,1,"(511.0, 0.0)"
1770302427.868,577,1,"(511.0, 0.0)"
1770302427.878,577,1,"(511.0, 0.0)"
1770302427.889,577,1,"(511.0, 0.0)"
1770302427.899,577,1,"(511.0, 0.0)"
1770302427.909,577,1,"(511.0, 0.0)"
1770302427.92,577,1,"(511.0, 0.0)"
1770302427.931,577,1,"(511.0, 0.0)"
1770302427.942,577,1,"(511.0, 0.0)"
1770302427.953,577,1,"(511.0, 0.0)"
1770302427.965,577,1,"(511.0, 0.0)"
1770302427.976,577,1,"(511.0, 0.0)"
1770302427.987,577,1,"(511.0, 0.0)"
1770302427.998,577,1,"(511.0, 0.0)"
1770302428.009,577,1,"(511.0, 0.0)"
1770302428.019,577,1,"(511.0, 0.0)"
1770302428.03,577,1,"(511.0, 0.0)"
1770302428.042,577,1,"(511.0, 0.0)"
1770302428.053,577,1,"(511.0, 0.0)"
1770302428.065,577,1,"(511.0, 0.0)"
1770302428.075,577,1,"(511.0, 0.0)"
1770302428.086,577,1,"(511.0, 0.0)"
1770302428.097,577,1,"(511.0, 0.0)"
1770302428.107,577,1,"(511.0, 0.0)"
1770302428.117,577,1,"(511.0, 0.0)"
1770302428.128,577,1,"(511.0, 0.0)"
1770302428.139,577,1,"(511.0, 0.0)"
1770302428.149,577,1,"(511.0, 0.0)"
1770302428.16,577,1,"(511.0, 0.0)"
1770302428.171,577,1,"(511.0, 0.0)"
1770302428.181,577,1,"(511.0, 0.0)"
1770302428.193,577,1,"(511.0, 0.0)"
1770302428.204,577,1,"(511.0, 0.0)"
1770302428.214,577,1,"(511.0, 0.0)"
1770302428.225,577,1,"(511.0, 0.0)"
1770302428.235,577,1,"(511.0, 0.0)"
1770302428.245,577,1,"(511.0, 0.0)"
1770302428.256,577,1,"(511.0, 0.0)"
1770302428.266,577,1,"(511.0, 0.0)"
1770302428.276,577,1,"(511.0, 0.0)"
1770302428.287,577,1,"(511.0, 0.0)"
1770302428.3,577,1,"(511.0, 0.0)"
1770302428.31,577,1,"(511.0, 0.0)"
1770302428.321,577,1,"(511.0, 0.0)"
1770302428.334,577,1,"(511.0, 0.0)"
1770302428.344,577,1,"(511.0, 0.0)"
1770302428.355,577,1,"(511.0, 0.0)"
1770302428.368,577,1,"(511.0, 0.0)"
1770302428.378,577,1,"(511.0, 0.0)"
1770302428.389,577,1,"(511.0, 0.0)"
1770302428.402,577,1,"(511.0, 0.0)"
1770302428.413,577,1,"(511.0, 0.0)"
1770302428.424,577,1,"(511.0, 0.0)"
1770302428.434,577,1,"(511.0, 0.0)"
1770302428.445,577,1,"(511.0, 0.0)"
1770302428.456,577,1,"(511.0, 0.0)"
1770302428.466,577,1,"(511.0, 0.0)"
1770302428.477,577,1,"(511.0, 0.0)"
1770302428.488,577,1,"(511.0, 0.0)"
1770302428.501,577,1,"(511.0, 0.0)"
1770302428.512,577,1,"(511.0, 0.0)"
1770302428.522,577,1,"(511.0, 0.0)"
1770302428.533,577,1,"(511.0, 0.0)"
1770302428.543,577,1,"(511.0, 0.0)"
1770302428.553,577,1,"(511.0, 0.0)"
1770302428.564,577,1,"(511.0, 0.0)"
1770302428.575,577,1,"(511.0, 0.0)"
1770302428.586,577,1,"(511.0, 0.0)"
1770302428.597,577,1,"(511.0, 0.0)"
1770302428.608,577,1,"(511.0, 0.0)"
1770302428.62,577,1,"(511.0, 0.0)"
1770302428.631,577,1,"(511.0, 0.0)"
1770302428.642,577,1,"(511.0, 0.0)"
1770302428.653,577,1,"(511.0, 0.0)"
1770302428.663,577,1,"(511.0, 0.0)"
1770302428.674,577,1,"(511.0, 0.0)"
1770302428.684,577,1,"(511.0, 0.0)"
1770302428.695,577,1,"(511.0, 0.0)"
1770302428.705,577,1,"(511.0, 0.0)"
1770302428.716,577,1,"(511.0, 0.0)"
1770302428.726,577,1,"(511.0, 0.0)"
1770302428.737,577,1,"(511.0, 0.0)"
1770302428.747,577,1,"(511.0, 0.0)"
1770302428.759,577,1,"(511.0, 0.0)"
1770302428.77,577,1,"(511.0, 0.0)"
1770302428.782,577,1,"(511.0, 0.0)"
1770302428.792,577,1,"(511.0, 0.0)"
1770302428.802,577,1,"(511.0, 0.0)"
1770302428.814,577,1,"(511.0, 0.0)"
1770302428.824,577,1,"(511.0, 0.0)"
1770302428.835,577,1,"(511.0, 0.0)"
1770302428.848,577,1,"(511.0, 0.0)"
1770302428.858,577,1,"(511.0, 0.0)"
1770302428.869,577,1,"(511.0, 0.0)"
1770302428.882,577,1,"(511.0, 0.0)"
1770302428.892,577,1,"(511.0, 0.0)"
1770302428.903,577,1,"(511.0, 0.0)"
1770302428.914,577,1,"(511.0, 0.0)"
1770302428.925,577,1,"(511.0, 0.0)"
1770302428.935,577,1,"(511.0, 0.0)"
1770302428.946,577,1,"(511.0, 0.0)"
1770302428.957,577,1,"(511.0, 0.0)"
1770302428.968,577,1,"(511.0, 0.0)"
1770302428.979,577,1,"(511.0, 0.0)"
1770302428.99,577,1,"(511.0, 0.0)"
1770302429.0,577,1,"(511.0, 0.0)"
1770302429.011,577,1,"(511.0, 0.0)"
1770302429.021,577,1,"(511.0, 0.0)"
1770302429.032,577,1,"(511.0, 0.0)"
1770302429.042,577,1,"(511.0, 0.0)"
1770302429.052,577,1,"(511.0, 0.0)"
1770302429.063,577,1,"(511.0, 0.0)"
1770302429.073,577,1,"(511.0, 0.0)"
1770302429.085,577,1,"(511.0, 0.0)"
1770302429.095,577,1,"(511.0, 0.0)"
1770302429.105,577,1,"(511.0, 26.0)"
1770302429.116,577,1,"(511.0, 26.0)"
1770302429.126,577,1,"(511.0, 53.0)"
1770302429.136,577,1,"(511.0, 26.0)"
1770302429.147,577,1,"(511.0, 26.0)"
1770302429.158,577,1,"(511.0, 0.0)"
1770302429.168,577,1,"(511.0, 0.0)"
1770302429.18,577,1,"(511.0, 26.0)"
1770302429.191,577,1,"(511.0, 26.0)"
1770302429.201,577,1,"(511.0, 26.0)"
1770302429.212,577,1,"(511.0, 26.0)"
1770302429.223,577,1,"(511.0, 0.0)"
1770302429.233,577,1,"(511.0, 0.0)"
1770302429.244,577,1,"(511.0, 0.0)"
1770302429.254,577,1,"(511.0, 0.0)"
1770302429.265,577,1,"(511.0, 26.0)"
1770302429.277,577,1,"(511.0, 26.0)"
1770302429.287,577,1,"(511.0, 26.0)"
1770302429.299,577,1,"(511.0, 26.0)"
1770302429.309,577,1,"(511.0, 26.0)"
1770302429.319,577,1,"(511.0, 53.0)"
1770302429.333,577,1,"(511.0, 53.0)"
1770302429.343,577,1,"(511.0, 53.0)"
1770302429.354,577,1,"(511.0, 53.0)"
1770302429.365,577,1,"(511.0, 53.0)"
1770302429.376,577,1,"(511.0, 53.0)"
1770302429.387,577,1,"(511.0, 53.0)"
1770302429.399,577,1,"(511.0, 53.0)"
1770302429.41,577,1,"(511.0, 53.0)"
1770302429.42,577,1,"(511.0, 53.0)"
1770302429.431,577,1,"(511.0, 53.0)"
1770302429.441,577,1,"(511.0, 53.0)"
1770302429.452,577,1,"(511.0, 53.0)"
1770302429.462,577,1,"(511.0, 53.0)"
1770302436.029,577,2,"(511.0, 53.0)"
1770302436.04,577,2,"(511.0, 53.0)"
1770302436.05,577,2,"(511.0, 26.0)"
1770302436.061,577,2,"(511.0, 26.0)"
1770302436.071,577,2,"(511.0, 0.0)"
1770302436.082,577,2,"(511.0, 0.0)"
1770302436.094,577,2,"(511.0, 0.0)"
1770302436.104,577,2,"(511.0, 0.0)"
1770302436.114,577,2,"(511.0, 0.0)"
1770302436.124,577,2,"(511.0, 0.0)"
1770302436.135,577,2,"(511.0, 0.0)"
1770302436.146,577,2,"(511.0, 0.0)"
1770302436.156,577,2,"(511.0, 0.0)"
1770302436.168,577,2,"(511.0, 0.0)"
1770302436.178,577,2,"(511.0, 0.0)"
1770302436.189,577,2,"(511.0, 0.0)"
1770302436.199,577,2,"(511.0, 0.0)"
1770302436.209,577,2,"(511.0, 0.0)"
1770302436.22,577,2,"(511.0, 0.0)"
1770302436.231,577,2,"(511.0, 26.0)"
1770302436.242,577,2,"(511.0, 26.0)"
1770302436.252,577,2,"(511.0, 26.0)"
1770302436.264,577,2,"(511.0, 53.0)"
1770302436.275,577,2,"(511.0, 53.0)"
1770302436.285,577,2,"(511.0, 53.0)"
1770302436.297,577,2,"(511.0, 53.0)"
1770302436.308,577,2,"(511.0, 53.0)"
1770302436.318,577,2,"(511.0, 53.0)"
1770302436.33,577,2,"(511.0, 53.0)"
1770302436.341,577,2,"(511.0, 53.0)"
1770302436.351,577,2,"(511.0, 53.0)"
1770302436.361,577,2,"(511.0, 53.0)"
1770302436.372,577,2,"(511.0, 53.0)"
1770302436.382,577,2,"(511.0, 53.0)"
1770302436.393,577,2,"(511.0, 53.0)"
1770302436.404,577,2,"(511.0, 53.0)"
1770302436.414,577,2,"(511.0, 53.0)"
1770302436.425,577,2,"(511.0, 53.0)"
1770302436.435,577,2,"(511.0, 53.0)"
1770302436.446,577,2,"(511.0, 53.0)"
1770302436.456,577,2,"(511.0, 53.0)"
1770302436.467,577,2,"(511.0, 53.0)"
1770302436.477,577,2,"(511.0, 53.0)"
1770302436.487,577,2,"(511.0, 53.0)"
1770302436.499,577,2,"(511.0, 53.0)"
1770302436.509,577,2,"(511.0, 53.0)"
1770302436.52,577,2,"(511.0, 53.0)"
1770302436.53,577,2,"(511.0, 53.0)"
1770302436.541,577,2,"(511.0, 53.0)"
1770302436.552,577,2,"(511.0, 53.0)"
1770302436.562,577,2,"(511.0, 53.0)"
1770302436.573,577,2,"(511.0, 53.0)"
1770302436.583,577,2,"(511.0, 53.0)"
1770302436.594,577,2,"(511.0, 53.0)"
1770302436.604,577,2,"(511.0, 53.0)"
1770302436.615,577,2,"(511.0, 53.0)"
1770302436.625,577,2,"(511.0, 53.0)"
1770302436.637,577,2,"(511.0, 53.0)"
1770302436.647,577,2,"(511.0, 53.0)"
1770302436.659,577,2,"(511.0, 53.0)"
1770302436.67,577,2,"(511.0, 53.0)"
1770302436.682,577,2,"(511.0, 53.0)"
1770302436.693,577,2,"(511.0, 53.0)"
1770302436.704,577,2,"(511.0, 53.0)"
1770302436.715,577,2,"(511.0, 53.0)"
1770302436.726,577,2,"(511.0, 53.0)"
1770302436.737,577,2,"(511.0, 53.0)"
1770302436.747,577,2,"(511.0, 53.0)"
1770302436.757,577,2,"(511.0, 53.0)"
1770302436.773,577,2,"(511.0, 80.0)"
1770302436.784,577,2,"(511.0, 107.0)"
1770302436.795,577,2,"(511.0, 107.0)"
1770302436.805,577,2,"(511.0, 107.0)"
1770302436.816,577,2,"(511.0, 107.0)"
1770302436.827,577,2,"(511.0, 107.0)"
1770302436.837,577,2,"(511.0, 134.0)"
1770302436.848,577,2,"(767.0, 134.0)"
1770302436.858,577,2,"(511.0, 188.0)"
1770302436.869,577,2,"(639.0, 215.0)"
1770302436.879,577,2,"(639.0, 269.0)"
1770302436.891,577,2,"(767.0, 323.0)"
1770302436.902,577,2,"(511.0, 349.0)"
1770302436.912,577,2,"(639.0, 376.0)"
1770302436.922,577,2,"(511.0, 403.0)"
1770302436.933,577,2,"(511.0, 403.0)"
1770302436.944,577,2,"(511.0, 430.0)"
1770302436.957,577,2,"(511.0, 430.0)"
1770302436.968,577,2,"(511.0, 430.0)"
1770302436.979,577,2,"(511.0, 430.0)"
1770302436.989,577,2,"(511.0, 430.0)"
1770302436.999,577,2,"(511.0, 457.0)"
1770302437.01,577,2,"(511.0, 457.0)"
1770302437.022,577,2,"(511.0, 484.0)"
1770302437.032,577,2,"(511.0, 484.0)"
1770302437.043,577,2,"(383.0, 484.0)"
1770302437.054,577,2,"(511.0, 484.0)"
1770302437.064,577,2,"(511.0, 484.0)"
1770302437.075,577,2,"(511.0, 484.0)"
1770302437.09,577,2,"(511.0, 484.0)"
1770302437.1,577,2,"(511.0, 511.0)"
1770302437.111,577,2,"(511.0, 511.0)"
1770302437.121,577,2,"(511.0, 484.0)"
1770302437.132,577,2,"(383.0, 457.0)"
1770302437.142,577,2,"(383.0, 403.0)"
1770302437.152,577,2,"(511.0, 376.0)"
1770302437.163,577,2,"(511.0, 376.0)"
1770302437.174,577,2,"(511.0, 376.0)"
1770302437.184,577,2,"(639.0, 376.0)"
1770302437.194,577,2,"(639.0, 376.0)"
1770302437.207,577,2,"(511.0, 403.0)"
1770302437.217,577,2,"(511.0, 430.0)"
1770302437.228,577,2,"(639.0, 457.0)"
1770302437.239,577,2,"(383.0, 457.0)"
1770302437.249,577,2,"(511.0, 484.0)"
1770302437.26,577,2,"(511.0, 457.0)"
1770302437.272,577,2,"(511.0, 457.0)"
1770302437.282,577,2,"(511.0, 430.0)"
1770302437.293,577,2,"(511.0, 430.0)"
1770302437.306,577,2,"(511.0, 430.0)"
1770302437.317,577,2,"(639.0, 430.0)"
1770302437.328,577,2,"(511.0, 430.0)"
1770302437.34,577,2,"(511.0, 430.0)"
1770302437.35,577,2,"(511.0, 457.0)"
1770302437.361,577,2,"(511.0, 457.0)"
1770302437.371,577,2,"(511.0, 430.0)"
1770302437.382,577,2,"(511.0, 430.0)"
1770302437.392,577,2,"(511.0, 430.0)"
1770302437.403,577,2,"(511.0, 430.0)"
1770302437.414,577,2,"(511.0, 430.0)"
1770302437.425,577,2,"(639.0, 430.0)"
1770302437.435,577,2,"(511.0, 457.0)"
1770302437.446,577,2,"(511.0, 484.0)"
1770302437.457,577,2,"(383.0, 484.0)"
1770302437.468,577,2,"(383.0, 484.0)"
1770302437.478,577,2,"(511.0, 430.0)"
1770302437.49,577,2,"(511.0, 430.0)"
1770302437.501,577,2,"(511.0, 430.0)"
1770302437.512,577,2,"(511.0, 430.0)"
1770302437.522,577,2,"(511.0, 430.0)"
1770302437.533,577,2,"(511.0, 430.0)"
1770302437.543,577,2,"(511.0, 430.0)"
1770302437.555,577,2,"(511.0, 430.0)"
1770302437.565,577,2,"(511.0, 430.0)"
1770302437.576,577,2,"(639.0, 430.0)"
1770302437.587,577,2,"(511.0, 430.0)"
1770302437.598,577,2,"(511.0, 430.0)"
1770302437.609,577,2,"(511.0, 430.0)"
1770302437.619,577,2,"(511.0, 430.0)"
1770302437.63,577,2,"(511.0, 430.0)"
1770302437.64,577,2,"(511.0, 430.0)"
1770302437.651,577,2,"(511.0, 430.0)"
1770302437.661,577,2,"(255.0, 430.0)"
1770302437.673,577,2,"(511.0, 430.0)"
1770302437.683,577,2,"(511.0, 430.0)"
1770302437.693,577,2,"(511.0, 430.0)"
1770302437.704,577,2,"(511.0, 403.0)"
1770302437.714,577,2,"(639.0, 376.0)"
1770302437.724,577,2,"(511.0, 376.0)"
1770302437.734,577,2,"(511.0, 403.0)"
1770302437.745,577,2,"(511.0, 430.0)"
1770302437.756,577,2,"(639.0, 457.0)"
1770302437.766,577,2,"(511.0, 457.0)"
1770302437.777,577,2,"(511.0, 484.0)"
1770302437.788,577,2,"(511.0, 484.0)"
1770302437.798,577,2,"(511.0, 511.0)"
1770302437.809,577,2,"(511.0, 511.0)"
1770302437.82,577,2,"(383.0, 538.0)"
1770302437.831,577,2,"(511.0, 538.0)"
1770302437.844,577,2,"(639.0, 538.0)"
1770302437.855,577,2,"(511.0, 538.0)"
1770302437.866,577,2,"(511.0, 538.0)"
1770302437.877,577,2,"(511.0, 538.0)"
1770302437.888,577,2,"(511.0, 538.0)"
1770302437.898,577,2,"(511.0, 538.0)"
1770302437.91,577,2,"(511.0, 511.0)"
1770302437.92,577,2,"(511.0, 511.0)"
1770302437.93,577,2,"(511.0, 511.0)"
1770302437.942,577,2,"(511.0, 484.0)"
1770302437.953,577,2,"(511.0, 484.0)"
1770302437.963,577,2,"(511.0, 484.0)"
1770302437.974,577,2,"(511.0, 484.0)"
1770302437.985,577,2,"(511.0, 457.0)"
1770302437.995,577,2,"(511.0, 457.0)"
1770302438.007,577,2,"(511.0, 430.0)"
1770302438.017,577,2,"(511.0, 430.0)"
1770302438.027,577,2,"(639.0, 430.0)"
1770302438.037,577,2,"(639.0, 430.0)"
1770302438.048,577,2,"(511.0, 430.0)"
1770302438.059,577,2,"(511.0, 457.0)"
1770302438.07,577,2,"(639.0, 484.0)"
1770302438.081,577,2,"(639.0, 484.0)"
1770302438.092,577,2,"(639.0, 484.0)"
1770302438.103,577,2,"(511.0, 484.0)"
1770302438.114,577,2,"(511.0, 484.0)"
1770302438.126,577,2,"(511.0, 484.0)"
1770302438.137,577,2,"(511.0, 484.0)"
1770302438.147,577,2,"(511.0, 484.0)"
1770302438.158,577,2,"(511.0, 484.0)"
1770302438.169,577,2,"(511.0, 484.0)"
1770302438.179,577,2,"(383.0, 484.0)"
1770302438.194,577,2,"(511.0, 484.0)"
1770302438.205,577,2,"(511.0, 511.0)"
1770302438.215,577,2,"(511.0, 511.0)"
1770302438.226,577,2,"(255.0, 511.0)"
1770302438.237,577,2,"(511.0, 511.0)"
1770302438.247,577,2,"(639.0, 511.0)"
1770302438.258,577,2,"(383.0, 511.0)"
1770302438.27,577,2,"(511.0, 538.0)"
1770302438.281,577,2,"(511.0, 538.0)"
1770302438.291,577,2,"(511.0, 538.0)"
1770302438.301,577,2,"(511.0, 511.0)"
1770302438.312,577,2,"(511.0, 484.0)"
1770302438.323,577,2,"(511.0, 457.0)"
1770302438.333,577,2,"(511.0, 430.0)"
1770302438.344,577,2,"(511.0, 430.0)"
1770302438.354,577,2,"(511.0, 403.0)"
1770302438.364,577,2,"(511.0, 403.0)"
1770302438.375,577,2,"(511.0, 403.0)"
1770302438.385,577,2,"(511.0, 403.0)"
1770302438.396,577,2,"(511.0, 403.0)"
1770302438.408,577,2,"(511.0, 430.0)"
1770302438.419,577,2,"(511.0, 403.0)"
1770302438.429,577,2,"(511.0, 403.0)"
1770302438.443,577,2,"(511.0, 376.0)"
1770302438.453,577,2,"(511.0, 349.0)"
1770302438.464,577,2,"(511.0, 323.0)"
1770302438.474,577,2,"(511.0, 323.0)"
1770302438.485,577,2,"(511.0, 323.0)"
1770302438.495,577,2,"(511.0, 296.0)"
1770302438.506,577,2,"(511.0, 296.0)"
1770302438.516,577,2,"(511.0, 296.0)"
1770302438.526,577,2,"(511.0, 296.0)"
1770302438.537,577,2,"(511.0, 296.0)"
1770302438.548,577,2,"(511.0, 296.0)"
1770302438.56,577,2,"(511.0, 269.0)"
1770302438.571,577,2,"(511.0, 269.0)"
1770302438.582,577,2,"(511.0, 269.0)"
1770302438.593,577,2,"(511.0, 269.0)"
1770302438.604,577,2,"(511.0, 269.0)"
1770302438.614,577,2,"(511.0, 269.0)"
1770302438.624,577,2,"(511.0, 269.0)"
1770302438.635,577,2,"(511.0, 269.0)"
1770302438.645,577,2,"(511.0, 269.0)"
1770302438.655,577,2,"(511.0, 269.0)"
1770302438.666,577,2,"(511.0, 269.0)"
1770302438.677,577,2,"(511.0, 269.0)"
1770302438.688,577,2,"(511.0, 296.0)"
1770302438.698,577,2,"(639.0, 296.0)"
1770302438.71,577,2,"(511.0, 323.0)"
1770302438.72,577,2,"(511.0, 323.0)"
1770302438.732,577,2,"(511.0, 323.0)"
1770302438.742,577,2,"(383.0, 323.0)"
1770302438.752,577,2,"(511.0, 323.0)"
1770302438.764,577,2,"(511.0, 323.0)"
1770302438.774,577,2,"(639.0, 323.0)"
1770302438.785,577,2,"(511.0, 323.0)"
1770302438.796,577,2,"(511.0, 323.0)"
1770302438.806,577,2,"(511.0, 323.0)"
1770302438.816,577,2,"(511.0, 323.0)"
1770302438.828,577,2,"(511.0, 349.0)"
1770302438.839,577,2,"(511.0, 349.0)"
1770302438.849,577,2,"(511.0, 376.0)"
1770302438.86,577,2,"(511.0, 376.0)"
1770302438.871,577,2,"(511.0, 376.0)"
1770302438.882,577,2,"(511.0, 376.0)"
1770302438.893,577,2,"(511.0, 403.0)"
1770302438.904,577,2,"(511.0, 403.0)"
1770302438.914,577,2,"(511.0, 430.0)"
1770302438.925,577,2,"(511.0, 403.0)"
1770302438.935,577,2,"(511.0, 403.0)"
1770302438.946,577,2,"(511.0, 403.0)"
1770302438.956,577,2,"(511.0, 403.0)"
1770302438.967,577,2,"(511.0, 403.0)"
1770302438.978,577,2,"(639.0, 403.0)"
1770302438.989,577,2,"(511.0, 376.0)"
1770302438.999,577,2,"(511.0, 376.0)"
1770302439.01,577,2,"(639.0, 403.0)"
1770302439.021,577,2,"(511.0, 403.0)"
1770302445.75,577,3,"(511.0, 0.0)"
1770302445.76,577,3,"(511.0, 0.0)"
1770302445.77,577,3,"(511.0, 0.0)"
1770302445.782,577,3,"(511.0, 0.0)"
1770302445.792,577,3,"(511.0, 0.0)"
1770302445.803,577,3,"(511.0, 0.0)"
1770302445.813,577,3,"(511.0, 0.0)"
1770302445.824,577,3,"(511.0, 0.0)"
1770302445.834,577,3,"(511.0, 0.0)"
1770302445.845,577,3,"(511.0, 0.0)"
1770302445.856,577,3,"(511.0, 0.0)"
1770302445.868,577,3,"(511.0, 0.0)"
1770302445.878,577,3,"(511.0, 0.0)"
1770302445.889,577,3,"(511.0, 0.0)"
1770302445.9,577,3,"(511.0, 0.0)"
1770302445.911,577,3,"(511.0, 0.0)"
1770302445.922,577,3,"(511.0, 0.0)"
1770302445.934,577,3,"(511.0, 0.0)"
1770302445.944,577,3,"(511.0, 0.0)"
1770302445.955,577,3,"(511.0, 0.0)"
1770302445.966,577,3,"(511.0, 0.0)"
1770302445.977,577,3,"(511.0, 0.0)"
1770302445.988,577,3,"(511.0, 0.0)"
1770302445.998,577,3,"(511.0, 0.0)"
1770302446.009,577,3,"(511.0, 0.0)"
1770302446.02,577,3,"(511.0, 0.0)"
1770302446.031,577,3,"(511.0, 0.0)"
1770302446.042,577,3,"(511.0, 0.0)"
1770302446.053,577,3,"(511.0, 0.0)"
1770302446.064,577,3,"(511.0, 0.0)"
1770302446.075,577,3,"(511.0, 0.0)"
1770302446.086,577,3,"(511.0, 0.0)"
1770302446.098,577,3,"(511.0, 0.0)"
1770302446.108,577,3,"(511.0, 0.0)"
1770302446.118,577,3,"(511.0, 0.0)"
1770302446.129,577,3,"(511.0, 0.0)"
1770302446.139,577,3,"(511.0, 0.0)"
1770302446.15,577,3,"(511.0, 0.0)"
1770302446.16,577,3,"(511.0, 0.0)"
1770302446.173,577,3,"(511.0, 0.0)"
1770302446.183,577,3,"(511.0, 0.0)"
1770302446.193,577,3,"(511.0, 0.0)"
1770302446.204,577,3,"(511.0, 0.0)"
1770302446.216,577,3,"(511.0, 0.0)"
1770302446.227,577,3,"(511.0, 0.0)"
1770302446.238,577,3,"(511.0, 0.0)"
1770302446.249,577,3,"(511.0, 0.0)"
1770302446.26,577,3,"(511.0, 26.0)"
1770302446.27,577,3,"(511.0, 26.0)"
1770302446.281,577,3,"(511.0, 53.0)"
1770302446.291,577,3,"(511.0, 53.0)"
1770302446.302,577,3,"(511.0, 53.0)"
1770302446.314,577,3,"(511.0, 53.0)"
1770302446.324,577,3,"(511.0, 53.0)"
1770302446.336,577,3,"(511.0, 53.0)"
1770302446.346,577,3,"(511.0, 53.0)"
1770302446.356,577,3,"(511.0, 53.0)"
1770302446.367,577,3,"(511.0, 53.0)"
1770302446.378,577,3,"(511.0, 53.0)"
1770302446.389,577,3,"(511.0, 53.0)"
1770302446.4,577,3,"(511.0, 80.0)"
1770302446.41,577,3,"(511.0, 80.0)"
1770302446.423,577,3,"(511.0, 107.0)"
1770302446.433,577,3,"(511.0, 107.0)"
1770302446.444,577,3,"(511.0, 107.0)"
1770302446.456,577,3,"(511.0, 134.0)"
1770302446.466,577,3,"(511.0, 134.0)"
1770302446.477,577,3,"(511.0, 161.0)"
1770302446.488,577,3,"(511.0, 161.0)"
1770302446.499,577,3,"(511.0, 161.0)"
1770302446.51,577,3,"(511.0, 188.0)"
1770302446.52,577,3,"(511.0, 188.0)"
1770302446.531,577,3,"(511.0, 215.0)"
1770302446.542,577,3,"(511.0, 215.0)"
1770302446.552,577,3,"(511.0, 242.0)"
1770302446.563,577,3,"(511.0, 242.0)"
1770302446.573,577,3,"(511.0, 269.0)"
1770302446.583,577,3,"(511.0, 269.0)"
1770302446.594,577,3,"(511.0, 269.0)"
1770302446.605,577,3,"(511.0, 269.0)"
1770302446.616,577,3,"(511.0, 269.0)"
1770302446.627,577,3,"(511.0, 269.0)"
1770302446.637,577,3,"(511.0, 269.0)"
1770302446.648,577,3,"(511.0, 242.0)"
1770302446.658,577,3,"(511.0, 242.0)"
1770302446.669,577,3,"(511.0, 215.0)"
1770302446.679,577,3,"(511.0, 215.0)"
1770302446.689,577,3,"(511.0, 215.0)"
1770302446.7,577,3,"(511.0, 215.0)"
1770302446.71,577,3,"(511.0, 188.0)"
1770302446.722,577,3,"(511.0, 188.0)"
1770302446.733,577,3,"(511.0, 161.0)"
1770302446.744,577,3,"(511.0, 161.0)"
1770302446.754,577,3,"(511.0, 161.0)"
1770302446.765,577,3,"(511.0, 161.0)"
1770302446.775,577,3,"(511.0, 134.0)"
1770302446.788,577,3,"(511.0, 134.0)"
1770302446.798,577,3,"(511.0, 107.0)"
1770302446.809,577,3,"(511.0, 107.0)"
1770302446.82,577,3,"(511.0, 107.0)"
1770302446.831,577,3,"(511.0, 107.0)"
1770302446.841,577,3,"(511.0, 107.0)"
1770302446.851,577,3,"(511.0, 107.0)"
1770302446.862,577,3,"(511.0, 107.0)"
1770302446.872,577,3,"(511.0, 80.0)"
1770302446.883,577,3,"(511.0, 80.0)"
1770302446.893,577,3,"(511.0, 53.0)"
1770302446.905,577,3,"(511.0, 53.0)"
1770302446.916,577,3,"(511.0, 53.0)"
1770302446.927,577,3,"(511.0, 53.0)"
1770302446.94,577,3,"(511.0, 53.0)"
1770302446.95,577,3,"(511.0, 80.0)"
1770302446.961,577,3,"(511.0, 80.0)"
1770302446.974,577,3,"(511.0, 107.0)"
1770302446.985,577,3,"(511.0, 107.0)"
1770302446.995,577,3,"(511.0, 107.0)"
1770302447.007,577,3,"(511.0, 107.0)"
1770302447.017,577,3,"(511.0, 107.0)"
1770302447.028,577,3,"(511.0, 107.0)"
1770302447.04,577,3,"(511.0, 107.0)"
1770302447.051,577,3,"(511.0, 107.0)"
1770302447.062,577,3,"(511.0, 107.0)"
1770302447.073,577,3,"(511.0, 107.0)"
1770302447.083,577,3,"(511.0, 107.0)"
1770302447.095,577,3,"(511.0, 80.0)"
1770302447.106,577,3,"(511.0, 80.0)"
1770302447.116,577,3,"(511.0, 53.0)"
1770302447.127,577,3,"(511.0, 53.0)"
1770302447.137,577,3,"(511.0, 53.0)"
1770302447.148,577,3,"(511.0, 53.0)"
1770302447.158,577,3,"(511.0, 53.0)"
1770302447.168,577,3,"(511.0, 53.0)"
1770302447.178,577,3,"(511.0, 53.0)"
1770302447.191,577,3,"(511.0, 53.0)"
1770302447.201,577,3,"(511.0, 26.0)"
1770302447.212,577,3,"(511.0, 26.0)"
1770302447.224,577,3,"(511.0, 0.0)"
1770302447.234,577,3,"(511.0, 0.0)"
1770302447.245,577,3,"(511.0, 0.0)"
1770302447.256,577,3,"(511.0, 0.0)"
1770302447.267,577,3,"(511.0, 0.0)"
1770302447.277,577,3,"(511.0, 0.0)"
1770302447.287,577,3,"(511.0, 0.0)"
1770302447.298,577,3,"(511.0, 0.0)"
1770302447.308,577,3,"(511.0, 0.0)"
1770302447.318,577,3,"(511.0, 0.0)"
1770302447.329,577,3,"(511.0, 0.0)"
1770302447.339,577,3,"(511.0, 0.0)"
1770302447.349,577,3,"(511.0, 0.0)"
1770302447.359,577,3,"(511.0, 0.0)"
1770302447.37,577,3,"(511.0, 0.0)"
1770302447.38,577,3,"(511.0, 0.0)"
1770302447.391,577,3,"(511.0, 0.0)"
1770302447.401,577,3,"(511.0, 0.0)"
1770302447.412,577,3,"(511.0, 0.0)"
1770302447.424,577,3,"(511.0, 0.0)"
1770302447.435,577,3,"(511.0, 0.0)"
1770302447.446,577,3,"(511.0, 0.0)"
1770302447.459,577,3,"(511.0, 0.0)"
1770302447.469,577,3,"(511.0, 0.0)"
1770302447.48,577,3,"(511.0, 0.0)"
1770302447.492,577,3,"(511.0, 0.0)"
1770302447.503,577,3,"(511.0, 0.0)"
1770302447.513,577,3,"(511.0, 0.0)"
1770302447.524,577,3,"(511.0, 0.0)"
1770302447.534,577,3,"(511.0, 0.0)"
1770302447.545,577,3,"(511.0, 0.0)"
1770302447.556,577,3,"(511.0, 0.0)"
1770302447.566,577,3,"(511.0, 0.0)"
1770302447.577,577,3,"(511.0, 0.0)"
1770302447.587,577,3,"(511.0, 0.0)"
1770302447.598,577,3,"(511.0, 0.0)"
1770302447.608,577,3,"(511.0, 0.0)"
1770302447.619,577,3,"(511.0, 0.0)"
1770302447.629,577,3,"(511.0, 0.0)"
1770302447.64,577,3,"(511.0, 0.0)"
1770302447.65,577,3,"(511.0, 0.0)"
1770302447.66,577,3,"(511.0, 0.0)"
1770302447.671,577,3,"(511.0, 0.0)"
1770302447.681,577,3,"(511.0, 0.0)"
1770302447.692,577,3,"(511.0, 0.0)"
1770302447.704,577,3,"(511.0, 0.0)"
1770302447.714,577,3,"(511.0, 0.0)"
1770302447.726,577,3,"(511.0, 0.0)"
1770302447.737,577,3,"(511.0, 0.0)"
1770302447.747,577,3,"(511.0, 0.0)"
1770302447.757,577,3,"(511.0, 0.0)"
1770302447.767,577,3,"(511.0, 0.0)"
1770302447.778,577,3,"(511.0, 0.0)"
1770302447.788,577,3,"(511.0, 0.0)"
1770302447.8,577,3,"(511.0, 0.0)"
1770302447.81,577,3,"(511.0, 0.0)"
1770302447.82,577,3,"(511.0, 0.0)"
1770302447.83,577,3,"(511.0, 0.0)"
1770302447.843,577,3,"(511.0, 0.0)"
1770302447.854,577,3,"(511.0, 0.0)"
1770302447.864,577,3,"(511.0, 0.0)"
1770302447.874,577,3,"(511.0, 0.0)"
1770302447.884,577,3,"(511.0, 0.0)"
1770302447.895,577,3,"(511.0, 0.0)"
1770302447.905,577,3,"(511.0, 0.0)"
1770302447.916,577,3,"(511.0, 0.0)"
1770302447.928,577,3,"(511.0, 0.0)"
1770302447.938,577,3,"(511.0, 0.0)"
1770302447.949,577,3,"(511.0, 0.0)"
1770302447.96,577,3,"(511.0, 0.0)"
1770302447.971,577,3,"(511.0, 0.0)"
1770302447.982,577,3,"(511.0, 0.0)"
1770302447.993,577,3,"(511.0, 0.0)"
1770302448.003,577,3,"(511.0, 0.0)"
1770302448.013,577,3,"(511.0, 0.0)"
1770302448.025,577,3,"(511.0, 0.0)"
1770302448.035,577,3,"(511.0, 0.0)"
1770302448.045,577,3,"(511.0, 0.0)"
1770302448.058,577,3,"(511.0, 0.0)"
1770302448.07,577,3,"(511.0, 0.0)"
1770302448.081,577,3,"(511.0, 0.0)"
1770302448.092,577,3,"(511.0, 0.0)"
1770302448.102,577,3,"(511.0, 0.0)"
1770302448.113,577,3,"(511.0, 0.0)"
1770302448.123,577,3,"(511.0, 0.0)"
1770302448.135,577,3,"(511.0, 0.0)"
1770302448.145,577,3,"(511.0, 0.0)"
1770302448.158,577,3,"(511.0, 0.0)"
1770302448.169,577,3,"(511.0, 0.0)"
1770302448.179,577,3,"(511.0, 0.0)"
1770302448.189,577,3,"(511.0, 0.0)"
1770302448.2,577,3,"(511.0, 0.0)"
1770302448.21,577,3,"(511.0, 0.0)"
1770302448.22,577,3,"(511.0, 0.0)"
1770302448.231,577,3,"(511.0, 0.0)"
1770302448.243,577,3,"(511.0, 0.0)"
1770302448.253,577,3,"(511.0, 0.0)"
1770302448.263,577,3,"(511.0, 0.0)"
1770302448.275,577,3,"(511.0, 0.0)"
1770302448.285,577,3,"(511.0, 0.0)"
1770302448.296,577,3,"(511.0, 0.0)"
1770302448.308,577,3,"(511.0, 0.0)"
1770302448.319,577,3,"(511.0, 0.0)"
1770302448.331,577,3,"(511.0, 0.0)"
1770302448.341,577,3,"(511.0, 0.0)"
1770302448.352,577,3,"(511.0, 0.0)"
1770302448.362,577,3,"(511.0, 0.0)"
1770302448.374,577,3,"(511.0, 0.0)"
1770302448.384,577,3,"(511.0, 0.0)"
1770302448.395,577,3,"(511.0, 0.0)"
1770302448.405,577,3,"(511.0, 0.0)"
1770302448.415,577,3,"(511.0, 0.0)"
1770302448.426,577,3,"(511.0, 0.0)"
1770302448.437,577,3,"(511.0, 0.0)"
1770302448.448,577,3,"(511.0, 0.0)"
1770302448.459,577,3,"(511.0, 0.0)"
1770302448.469,577,3,"(511.0, 0.0)"
1770302448.48,577,3,"(511.0, 0.0)"
1770302448.492,577,3,"(511.0, 0.0)"
1770302448.502,577,3,"(511.0, 0.0)"
1770302448.512,577,3,"(511.0, 0.0)"
1770302448.524,577,3,"(511.0, 0.0)"
1770302448.536,577,3,"(511.0, 0.0)"
1770302448.546,577,3,"(511.0, 0.0)"
1770302448.558,577,3,"(511.0, 0.0)"
1770302448.571,577,3,"(511.0, 0.0)"
1770302448.582,577,3,"(511.0, 0.0)"
1770302448.592,577,3,"(511.0, 0.0)"
1770302448.603,577,3,"(511.0, 0.0)"
1770302448.614,577,3,"(511.0, 0.0)"
1770302448.625,577,3,"(511.0, 0.0)"
1770302448.635,577,3,"(511.0, 0.0)"
1770302448.645,577,3,"(511.0, 0.0)"
1770302448.656,577,3,"(511.0, 0.0)"
1770302448.667,577,3,"(511.0, 0.0)"
1770302448.678,577,3,"(511.0, 0.0)"
1770302448.689,577,3,"(511.0, 0.0)"
1770302448.7,577,3,"(511.0, 0.0)"
1770302448.71,577,3,"(511.0, 0.0)"
1770302448.721,577,3,"(511.0, 0.0)"
1770302448.731,577,3,"(511.0, 0.0)"
1770302448.742,577,3,"(511.0, 0.0)"
1770302448.752,577,3,"(511.0, 0.0)"
1770302457.568,577,4,"(511.0, 53.0)"
1770302457.579,577,4,"(511.0, 53.0)"
1770302457.59,577,4,"(511.0, 53.0)"
1770302457.6,577,4,"(511.0, 53.0)"
1770302457.611,577,4,"(511.0, 53.0)"
1770302457.622,577,4,"(511.0, 53.0)"
1770302457.633,577,4,"(511.0, 53.0)"
1770302457.643,577,4,"(511.0, 26.0)"
1770302457.654,577,4,"(511.0, 26.0)"
1770302457.664,577,4,"(511.0, 26.0)"
1770302457.676,577,4,"(511.0, 26.0)"
1770302457.687,577,4,"(511.0, 26.0)"
1770302457.7,577,4,"(511.0, 26.0)"
1770302457.71,577,4,"(511.0, 26.0)"
1770302457.72,577,4,"(511.0, 26.0)"
1770302457.73,577,4,"(511.0, 53.0)"
1770302457.74,577,4,"(511.0, 53.0)"
1770302457.75,577,4,"(511.0, 26.0)"
1770302457.76,577,4,"(511.0, 26.0)"
1770302457.771,577,4,"(511.0, 26.0)"
1770302457.781,577,4,"(511.0, 26.0)"
1770302457.791,577,4,"(511.0, 53.0)"
1770302457.802,577,4,"(511.0, 53.0)"
1770302457.813,577,4,"(511.0, 53.0)"
1770302457.823,577,4,"(511.0, 53.0)"
1770302457.835,577,4,"(511.0, 53.0)"
1770302457.845,577,4,"(511.0, 53.0)"
1770302457.856,577,4,"(511.0, 53.0)"
1770302457.867,577,4,"(511.0, 53.0)"
1770302457.878,577,4,"(511.0, 53.0)"
1770302457.888,577,4,"(511.0, 53.0)"
1770302457.898,577,4,"(511.0, 53.0)"
1770302457.909,577,4,"(511.0, 53.0)"
1770302457.919,577,4,"(511.0, 53.0)"
1770302457.93,577,4,"(511.0, 53.0)"
1770302457.94,577,4,"(511.0, 53.0)"
1770302457.953,577,4,"(511.0, 53.0)"
1770302457.964,577,4,"(511.0, 26.0)"
1770302457.974,577,4,"(511.0, 26.0)"
1770302457.985,577,4,"(511.0, 0.0)"
1770302457.995,577,4,"(511.0, 0.0)"
1770302458.005,577,4,"(511.0, 0.0)"
1770302458.016,577,4,"(511.0, 0.0)"
1770302458.026,577,4,"(511.0, 0.0)"
1770302458.037,577,4,"(511.0, 0.0)"
1770302458.048,577,4,"(511.0, 0.0)"
1770302458.059,577,4,"(511.0, 0.0)"
1770302458.071,577,4,"(511.0, 0.0)"
1770302458.081,577,4,"(511.0, 0.0)"
1770302458.091,577,4,"(511.0, 0.0)"
1770302458.102,577,4,"(511.0, 0.0)"
1770302458.113,577,4,"(511.0, 0.0)"
1770302458.124,577,4,"(511.0, 0.0)"
1770302458.138,577,4,"(511.0, 0.0)"
1770302458.149,577,4,"(511.0, 0.0)"
1770302458.16,577,4,"(511.0, 0.0)"
1770302458.173,577,4,"(511.0, 0.0)"
1770302458.183,577,4,"(511.0, 0.0)"
1770302458.193,577,4,"(511.0, 0.0)"
1770302458.205,577,4,"(511.0, 0.0)"
1770302458.216,577,4,"(511.0, 0.0)"
1770302458.227,577,4,"(511.0, 0.0)"
1770302458.238,577,4,"(511.0, 0.0)"
1770302458.248,577,4,"(511.0, 0.0)"
1770302458.259,577,4,"(511.0, 0.0)"
1770302458.271,577,4,"(511.0, 0.0)"
1770302458.282,577,4,"(511.0, 0.0)"
1770302458.293,577,4,"(511.0, 0.0)"
1770302458.303,577,4,"(511.0, 0.0)"
1770302458.313,577,4,"(511.0, 0.0)"
1770302458.324,577,4,"(511.0, 0.0)"
1770302458.334,577,4,"(511.0, 0.0)"
1770302458.345,577,4,"(511.0, 0.0)"
1770302458.355,577,4,"(511.0, 0.0)"
1770302458.365,577,4,"(511.0, 0.0)"
1770302458.376,577,4,"(511.0, 0.0)"
1770302458.388,577,4,"(511.0, 0.0)"
1770302458.398,577,4,"(511.0, 0.0)"
1770302458.41,577,4,"(511.0, 0.0)"
1770302458.421,577,4,"(511.0, 0.0)"
1770302458.432,577,4,"(511.0, 0.0)"
1770302458.443,577,4,"(511.0, 0.0)"
1770302458.453,577,4,"(511.0, 0.0)"
1770302458.464,577,4,"(511.0, 0.0)"
1770302458.474,577,4,"(511.0, 0.0)"
1770302458.485,577,4,"(511.0, 0.0)"
1770302458.495,577,4,"(511.0, 0.0)"
1770302458.507,577,4,"(511.0, 0.0)"
1770302458.517,577,4,"(511.0, 0.0)"
1770302458.527,577,4,"(511.0, 0.0)"
1770302458.539,577,4,"(511.0, 0.0)"
1770302458.549,577,4,"(511.0, 0.0)"
1770302458.56,577,4,"(511.0, 0.0)"
1770302458.573,577,4,"(511.0, 0.0)"
1770302458.584,577,4,"(511.0, 0.0)"
1770302458.594,577,4,"(511.0, 0.0)"
1770302458.607,577,4,"(511.0, 0.0)"
1770302458.618,577,4,"(511.0, 0.0)"
1770302458.628,577,4,"(511.0, 0.0)"
1770302458.64,577,4,"(511.0, 0.0)"
1770302458.65,577,4,"(511.0, 0.0)"
1770302458.661,577,4,"(511.0, 0.0)"
1770302458.672,577,4,"(511.0, 0.0)"
1770302458.682,577,4,"(511.0, 0.0)"
1770302458.694,577,4,"(511.0, 0.0)"
1770302458.705,577,4,"(511.0, 0.0)"
1770302458.715,577,4,"(511.0, 0.0)"
1770302458.726,577,4,"(511.0, 0.0)"
1770302458.737,577,4,"(511.0, 26.0)"
1770302458.748,577,4,"(511.0, 53.0)"
1770302458.761,577,4,"(511.0, 53.0)"
1770302458.771,577,4,"(511.0, 53.0)"
1770302458.781,577,4,"(511.0, 53.0)"
1770302458.793,577,4,"(511.0, 53.0)"
1770302458.804,577,4,"(511.0, 53.0)"
1770302458.814,577,4,"(511.0, 53.0)"
1770302458.824,577,4,"(511.0, 53.0)"
1770302458.834,577,4,"(511.0, 53.0)"
1770302458.845,577,4,"(511.0, 53.0)"
1770302458.856,577,4,"(511.0, 53.0)"
1770302458.867,577,4,"(511.0, 53.0)"
1770302458.879,577,4,"(511.0, 53.0)"
1770302458.89,577,4,"(511.0, 53.0)"
1770302458.9,577,4,"(511.0, 53.0)"
1770302458.911,577,4,"(511.0, 53.0)"
1770302458.922,577,4,"(511.0, 53.0)"
1770302458.932,577,4,"(511.0, 53.0)"
1770302458.943,577,4,"(511.0, 53.0)"
1770302458.953,577,4,"(511.0, 53.0)"
1770302458.963,577,4,"(511.0, 53.0)"
1770302458.975,577,4,"(511.0, 53.0)"
1770302458.985,577,4,"(511.0, 26.0)"
1770302458.996,577,4,"(511.0, 26.0)"
1770302459.006,577,4,"(511.0, 0.0)"
1770302459.017,577,4,"(511.0, 0.0)"
1770302459.027,577,4,"(511.0, 0.0)"
1770302459.037,577,4,"(511.0, 0.0)"
1770302459.049,577,4,"(511.0, 0.0)"
1770302459.06,577,4,"(511.0, 0.0)"
1770302459.072,577,4,"(511.0, 0.0)"
1770302459.082,577,4,"(511.0, 0.0)"
1770302459.094,577,4,"(511.0, 0.0)"
1770302459.105,577,4,"(511.0, 0.0)"
1770302459.116,577,4,"(511.0, 0.0)"
1770302459.127,577,4,"(511.0, 0.0)"
1770302459.138,577,4,"(511.0, 0.0)"
1770302459.148,577,4,"(511.0, 0.0)"
1770302459.162,577,4,"(511.0, 0.0)"
1770302459.174,577,4,"(511.0, 0.0)"
1770302459.185,577,4,"(511.0, 0.0)"
1770302459.195,577,4,"(511.0, 0.0)"
1770302459.206,577,4,"(511.0, 0.0)"
1770302459.216,577,4,"(511.0, 0.0)"
1770302459.228,577,4,"(511.0, 0.0)"
1770302459.238,577,4,"(511.0, 0.0)"
1770302459.249,577,4,"(511.0, 0.0)"
1770302459.261,577,4,"(511.0, 0.0)"
1770302459.272,577,4,"(511.0, 0.0)"
1770302459.282,577,4,"(511.0, 0.0)"
1770302459.293,577,4,"(511.0, 0.0)"
1770302459.303,577,4,"(511.0, 0.0)"
1770302459.313,577,4,"(511.0, 0.0)"
1770302459.325,577,4,"(511.0, 0.0)"
1770302459.335,577,4,"(511.0, 0.0)"
1770302459.346,577,4,"(511.0, 0.0)"
1770302459.356,577,4,"(511.0, 0.0)"
1770302459.367,577,4,"(511.0, 0.0)"
1770302459.378,577,4,"(511.0, 0.0)"
1770302459.389,577,4,"(511.0, 0.0)"
1770302459.4,577,4,"(511.0, 0.0)"
1770302459.41,577,4,"(511.0, 0.0)"
1770302459.421,577,4,"(511.0, 0.0)"
1770302459.431,577,4,"(511.0, 0.0)"
1770302459.441,577,4,"(511.0, 0.0)"
1770302459.451,577,4,"(511.0, 0.0)"
1770302459.462,577,4,"(511.0, 0.0)"
1770302459.473,577,4,"(511.0, 0.0)"
1770302459.483,577,4,"(511.0, 0.0)"
1770302459.494,577,4,"(511.0, 0.0)"
1770302459.504,577,4,"(511.0, 0.0)"
1770302459.515,577,4,"(511.0, 0.0)"
1770302459.525,577,4,"(511.0, 0.0)"
1770302459.536,577,4,"(511.0, 0.0)"
1770302459.546,577,4,"(511.0, 0.0)"
1770302459.556,577,4,"(511.0, 0.0)"
1770302459.568,577,4,"(511.0, 0.0)"
1770302459.58,577,4,"(511.0, 0.0)"
1770302459.59,577,4,"(511.0, 0.0)"
1770302459.603,577,4,"(511.0, 0.0)"
1770302459.614,577,4,"(511.0, 0.0)"
1770302459.624,577,4,"(511.0, 0.0)"
1770302459.635,577,4,"(511.0, 0.0)"
1770302459.646,577,4,"(511.0, 0.0)"
1770302459.657,577,4,"(511.0, 0.0)"
1770302459.668,577,4,"(511.0, 0.0)"
1770302459.679,577,4,"(511.0, 0.0)"
1770302459.69,577,4,"(511.0, 0.0)"
1770302459.701,577,4,"(511.0, 0.0)"
1770302459.712,577,4,"(511.0, 0.0)"
1770302459.723,577,4,"(511.0, 26.0)"
1770302459.733,577,4,"(511.0, 26.0)"
1770302459.744,577,4,"(511.0, 53.0)"
1770302459.756,577,4,"(511.0, 53.0)"
1770302459.767,577,4,"(511.0, 53.0)"
1770302459.777,577,4,"(511.0, 53.0)"
1770302459.79,577,4,"(511.0, 53.0)"
1770302459.8,577,4,"(511.0, 53.0)"
1770302459.81,577,4,"(511.0, 53.0)"
1770302459.823,577,4,"(511.0, 53.0)"
1770302459.834,577,4,"(511.0, 53.0)"
1770302459.844,577,4,"(511.0, 53.0)"
1770302459.855,577,4,"(511.0, 53.0)"
1770302459.865,577,4,"(511.0, 53.0)"
1770302459.876,577,4,"(511.0, 53.0)"
1770302459.886,577,4,"(511.0, 53.0)"
1770302459.897,577,4,"(511.0, 53.0)"
1770302459.907,577,4,"(511.0, 53.0)"
1770302459.918,577,4,"(511.0, 53.0)"
1770302459.928,577,4,"(511.0, 53.0)"
1770302459.941,577,4,"(511.0, 53.0)"
1770302459.952,577,4,"(511.0, 53.0)"
1770302459.962,577,4,"(511.0, 26.0)"
1770302459.975,577,4,"(511.0, 26.0)"
1770302459.986,577,4,"(511.0, 0.0)"
1770302459.997,577,4,"(511.0, 0.0)"
1770302460.009,577,4,"(511.0, 0.0)"
1770302460.019,577,4,"(511.0, 0.0)"
1770302460.031,577,4,"(511.0, 0.0)"
1770302460.043,577,4,"(511.0, 0.0)"
1770302460.053,577,4,"(511.0, 0.0)"
1770302460.064,577,4,"(511.0, 0.0)"
1770302460.074,577,4,"(511.0, 0.0)"
1770302460.085,577,4,"(511.0, 0.0)"
1770302460.095,577,4,"(511.0, 0.0)"
1770302460.106,577,4,"(511.0, 0.0)"
1770302460.116,577,4,"(511.0, 0.0)"
1770302460.127,577,4,"(511.0, 0.0)"
1770302460.137,577,4,"(511.0, 0.0)"
1770302460.148,577,4,"(511.0, 0.0)"
1770302460.158,577,4,"(511.0, 0.0)"
1770302460.169,577,4,"(511.0, 0.0)"
1770302460.179,577,4,"(511.0, 0.0)"
1770302460.19,577,4,"(511.0, 0.0)"
1770302460.201,577,4,"(511.0, 0.0)"
1770302460.211,577,4,"(511.0, 0.0)"
1770302460.222,577,4,"(511.0, 26.0)"
1770302460.232,577,4,"(511.0, 26.0)"
1770302460.243,577,4,"(511.0, 53.0)"
1770302460.255,577,4,"(511.0, 53.0)"
1770302460.265,577,4,"(511.0, 53.0)"
1770302460.277,577,4,"(511.0, 53.0)"
1770302460.288,577,4,"(511.0, 26.0)"
1770302460.298,577,4,"(511.0, 0.0)"
1770302460.31,577,4,"(511.0, 0.0)"
1770302460.322,577,4,"(511.0, 0.0)"
1770302460.333,577,4,"(511.0, 0.0)"
1770302460.344,577,4,"(511.0, 0.0)"
1770302460.354,577,4,"(511.0, 0.0)"
1770302460.364,577,4,"(511.0, 0.0)"
1770302460.375,577,4,"(511.0, 0.0)"
1770302460.386,577,4,"(511.0, 0.0)"
1770302460.397,577,4,"(511.0, 0.0)"
1770302460.407,577,4,"(511.0, 0.0)"
1770302460.417,577,4,"(511.0, 0.0)"
1770302460.429,577,4,"(511.0, 0.0)"
1770302460.44,577,4,"(511.0, 0.0)"
1770302460.451,577,4,"(511.0, 0.0)"
1770302460.463,577,4,"(511.0, 0.0)"
1770302460.473,577,4,"(511.0, 0.0)"
1770302460.484,577,4,"(511.0, 0.0)"
1770302460.497,577,4,"(511.0, 0.0)"
1770302460.508,577,4,"(511.0, 0.0)"
1770302460.519,577,4,"(511.0, 0.0)"
1770302460.529,577,4,"(511.0, 0.0)"
1770302460.539,577,4,"(511.0, 0.0)"
1770302460.549,577,4,"(511.0, 0.0)"
1770302460.56,577,4,"(511.0, 0.0)"
1770302460.57,577,4,"(511.0, 0.0)"
1770302490.472,577,1,"(511.0, 0.0)"
1770302490.483,577,1,"(511.0, 0.0)"
1770302490.493,577,1,"(511.0, 0.0)"
1770302490.504,577,1,"(511.0, 0.0)"
1770302490.514,577,1,"(511.0, 0.0)"
1770302490.525,577,1,"(511.0, 0.0)"
1770302490.537,577,1,"(511.0, 0.0)"
1770302490.547,577,1,"(511.0, 0.0)"
1770302490.558,577,1,"(511.0, 0.0)"
1770302490.568,577,1,"(511.0, 0.0)"
1770302490.578,577,1,"(511.0, 0.0)"
1770302490.591,577,1,"(511.0, 0.0)"
1770302490.601,577,1,"(511.0, 0.0)"
1770302490.612,577,1,"(511.0, 0.0)"
1770302490.623,577,1,"(511.0, 0.0)"
1770302490.634,577,1,"(511.0, 0.0)"
1770302490.644,577,1,"(511.0, 0.0)"
1770302490.654,577,1,"(511.0, 0.0)"
1770302490.665,577,1,"(511.0, 0.0)"
1770302490.676,577,1,"(511.0, 0.0)"
1770302490.686,577,1,"(511.0, 0.0)"
1770302490.697,577,1,"(511.0, 0.0)"
1770302490.707,577,1,"(511.0, 0.0)"
1770302490.719,577,1,"(511.0, 0.0)"
1770302490.729,577,1,"(511.0, 0.0)"
1770302490.739,577,1,"(511.0, 0.0)"
1770302490.749,577,1,"(511.0, 0.0)"
1770302490.76,577,1,"(511.0, 0.0)"
1770302490.77,577,1,"(511.0, 0.0)"
1770302490.78,577,1,"(511.0, 0.0)"
1770302490.792,577,1,"(511.0, 0.0)"
1770302490.804,577,1,"(511.0, 0.0)"
1770302490.814,577,1,"(511.0, 0.0)"
1770302490.824,577,1,"(511.0, 0.0)"
1770302490.835,577,1,"(511.0, 0.0)"
1770302490.845,577,1,"(511.0, 0.0)"
1770302490.855,577,1,"(511.0, 0.0)"
1770302490.865,577,1,"(511.0, 0.0)"
1770302490.876,577,1,"(511.0, 0.0)"
1770302490.886,577,1,"(511.0, 0.0)"
1770302490.897,577,1,"(511.0, 0.0)"
1770302490.907,577,1,"(511.0, 0.0)"
1770302490.918,577,1,"(511.0, 0.0)"
1770302490.93,577,1,"(511.0, 0.0)"
1770302490.94,577,1,"(511.0, 0.0)"
1770302490.951,577,1,"(511.0, 0.0)"
1770302490.961,577,1,"(511.0, 0.0)"
1770302490.972,577,1,"(511.0, 0.0)"
1770302490.982,577,1,"(511.0, 0.0)"
1770302490.992,577,1,"(511.0, 0.0)"
1770302491.003,577,1,"(511.0, 0.0)"
1770302491.014,577,1,"(511.0, 0.0)"
1770302491.027,577,1,"(511.0, 0.0)"
1770302491.038,577,1,"(511.0, 0.0)"
1770302491.048,577,1,"(511.0, 0.0)"
1770302491.06,577,1,"(511.0, 0.0)"
1770302491.071,577,1,"(511.0, 0.0)"
1770302491.081,577,1,"(511.0, 0.0)"
1770302491.093,577,1,"(511.0, 0.0)"
1770302491.104,577,1,"(511.0, 0.0)"
1770302491.116,577,1,"(511.0, 0.0)"
1770302491.127,577,1,"(511.0, 0.0)"
1770302491.137,577,1,"(511.0, 0.0)"
1770302491.148,577,1,"(511.0, 0.0)"
1770302491.16,577,1,"(511.0, 0.0)"
1770302491.171,577,1,"(511.0, 0.0)"
1770302491.181,577,1,"(511.0, 0.0)"
1770302491.192,577,1,"(511.0, 0.0)"
1770302491.203,577,1,"(511.0, 0.0)"
1770302491.213,577,1,"(511.0, 0.0)"
1770302491.224,577,1,"(511.0, 0.0)"
1770302491.235,577,1,"(511.0, 0.0)"
1770302491.245,577,1,"(511.0, 0.0)"
1770302491.255,577,1,"(511.0, 0.0)"
1770302491.265,577,1,"(511.0, 0.0)"
1770302491.277,577,1,"(511.0, 0.0)"
1770302491.288,577,1,"(511.0, 0.0)"
1770302491.298,577,1,"(511.0, 0.0)"
1770302491.31,577,1,"(511.0, 0.0)"
1770302491.321,577,1,"(511.0, 0.0)"
1770302491.332,577,1,"(511.0, 0.0)"
1770302491.343,577,1,"(511.0, 0.0)"
1770302491.355,577,1,"(511.0, 0.0)"
1770302491.367,577,1,"(511.0, 0.0)"
1770302491.378,577,1,"(511.0, 0.0)"
1770302491.39,577,1,"(511.0, 0.0)"
1770302491.4,577,1,"(511.0, 0.0)"
1770302491.414,577,1,"(511.0, 0.0)"
1770302491.424,577,1,"(511.0, 0.0)"
1770302491.434,577,1,"(511.0, 0.0)"
1770302491.446,577,1,"(511.0, 0.0)"
1770302491.457,577,1,"(511.0, 0.0)"
1770302491.468,577,1,"(511.0, 0.0)"
1770302491.479,577,1,"(511.0, 0.0)"
1770302491.49,577,1,"(511.0, 0.0)"
1770302491.501,577,1,"(511.0, 0.0)"
1770302491.513,577,1,"(511.0, 0.0)"
1770302491.524,577,1,"(511.0, 0.0)"
1770302491.535,577,1,"(511.0, 0.0)"
1770302491.546,577,1,"(511.0, 0.0)"
1770302491.557,577,1,"(511.0, 0.0)"
1770302491.568,577,1,"(511.0, 0.0)"
1770302491.578,577,1,"(511.0, 0.0)"
1770302491.589,577,1,"(511.0, 0.0)"
1770302491.599,577,1,"(511.0, 0.0)"
1770302491.61,577,1,"(511.0, 26.0)"
1770302491.62,577,1,"(511.0, 26.0)"
1770302491.631,577,1,"(511.0, 53.0)"
1770302491.641,577,1,"(511.0, 53.0)"
1770302491.652,577,1,"(511.0, 53.0)"
1770302491.663,577,1,"(511.0, 53.0)"
1770302491.674,577,1,"(511.0, 53.0)"
1770302491.684,577,1,"(511.0, 53.0)"
1770302491.695,577,1,"(511.0, 53.0)"
1770302491.705,577,1,"(511.0, 53.0)"
1770302491.716,577,1,"(511.0, 53.0)"
1770302491.73,577,1,"(511.0, 53.0)"
1770302491.741,577,1,"(511.0, 53.0)"
1770302491.752,577,1,"(511.0, 53.0)"
1770302491.762,577,1,"(511.0, 53.0)"
1770302491.772,577,1,"(511.0, 53.0)"
1770302491.782,577,1,"(511.0, 53.0)"
1770302491.795,577,1,"(511.0, 53.0)"
1770302491.805,577,1,"(511.0, 53.0)"
1770302491.816,577,1,"(511.0, 53.0)"
1770302491.829,577,1,"(511.0, 53.0)"
1770302491.84,577,1,"(511.0, 53.0)"
1770302491.85,577,1,"(511.0, 53.0)"
1770302491.86,577,1,"(511.0, 53.0)"
1770302491.87,577,1,"(511.0, 53.0)"
1770302491.881,577,1,"(511.0, 53.0)"
1770302491.892,577,1,"(511.0, 26.0)"
1770302491.902,577,1,"(511.0, 26.0)"
1770302491.912,577,1,"(511.0, 0.0)"
1770302491.926,577,1,"(511.0, 0.0)"
1770302491.937,577,1,"(511.0, 0.0)"
1770302491.947,577,1,"(511.0, 0.0)"
1770302491.958,577,1,"(511.0, 0.0)"
1770302491.97,577,1,"(511.0, 0.0)"
1770302491.98,577,1,"(511.0, 0.0)"
1770302491.991,577,1,"(511.0, 0.0)"
1770302492.001,577,1,"(511.0, 0.0)"
1770302492.012,577,1,"(511.0, 0.0)"
1770302492.022,577,1,"(511.0, 0.0)"
1770302492.033,577,1,"(511.0, 0.0)"
1770302492.044,577,1,"(511.0, 0.0)"
1770302492.055,577,1,"(511.0, 0.0)"
1770302492.065,577,1,"(511.0, 0.0)"
1770302492.076,577,1,"(511.0, 0.0)"
1770302492.086,577,1,"(511.0, 0.0)"
1770302492.097,577,1,"(511.0, 0.0)"
1770302492.107,577,1,"(511.0, 0.0)"
1770302492.118,577,1,"(511.0, 0.0)"
1770302492.129,577,1,"(511.0, 0.0)"
1770302492.143,577,1,"(511.0, 0.0)"
1770302492.153,577,1,"(511.0, 0.0)"
1770302492.164,577,1,"(511.0, 0.0)"
1770302492.175,577,1,"(511.0, 0.0)"
1770302492.186,577,1,"(511.0, 0.0)"
1770302492.197,577,1,"(511.0, 0.0)"
1770302492.208,577,1,"(511.0, 0.0)"
1770302492.22,577,1,"(511.0, 0.0)"
1770302492.23,577,1,"(511.0, 0.0)"
1770302492.243,577,1,"(511.0, 0.0)"
1770302492.253,577,1,"(511.0, 0.0)"
1770302492.263,577,1,"(511.0, 0.0)"
1770302492.273,577,1,"(511.0, 0.0)"
1770302492.284,577,1,"(511.0, 0.0)"
1770302492.294,577,1,"(511.0, 0.0)"
1770302492.305,577,1,"(511.0, 0.0)"
1770302492.315,577,1,"(511.0, 0.0)"
1770302492.326,577,1,"(511.0, 0.0)"
1770302492.336,577,1,"(511.0, 0.0)"
1770302492.347,577,1,"(511.0, 0.0)"
1770302492.36,577,1,"(511.0, 0.0)"
1770302492.371,577,1,"(511.0, 0.0)"
1770302492.381,577,1,"(511.0, 0.0)"
1770302492.392,577,1,"(511.0, 0.0)"
1770302492.402,577,1,"(511.0, 0.0)"
1770302492.413,577,1,"(511.0, 0.0)"
1770302492.424,577,1,"(511.0, 0.0)"
1770302492.434,577,1,"(511.0, 0.0)"
1770302492.445,577,1,"(511.0, 0.0)"
1770302492.456,577,1,"(511.0, 0.0)"
1770302492.466,577,1,"(511.0, 0.0)"
1770302492.476,577,1,"(511.0, 0.0)"
1770302492.487,577,1,"(511.0, 0.0)"
1770302492.497,577,1,"(511.0, 0.0)"
1770302492.508,577,1,"(511.0, 0.0)"
1770302492.518,577,1,"(511.0, 0.0)"
1770302492.528,577,1,"(511.0, 0.0)"
1770302492.539,577,1,"(511.0, 0.0)"
1770302492.549,577,1,"(511.0, 0.0)"
1770302492.559,577,1,"(511.0, 0.0)"
1770302492.569,577,1,"(511.0, 0.0)"
1770302492.58,577,1,"(511.0, 0.0)"
1770302492.591,577,1,"(511.0, 0.0)"
1770302492.601,577,1,"(511.0, 0.0)"
1770302492.613,577,1,"(511.0, 0.0)"
1770302492.625,577,1,"(511.0, 0.0)"
1770302492.636,577,1,"(511.0, 0.0)"
1770302492.646,577,1,"(511.0, 0.0)"
1770302492.656,577,1,"(511.0, 0.0)"
1770302492.666,577,1,"(511.0, 0.0)"
1770302492.677,577,1,"(511.0, 0.0)"
1770302492.687,577,1,"(511.0, 0.0)"
1770302492.697,577,1,"(511.0, 0.0)"
1770302492.708,577,1,"(511.0, 0.0)"
1770302492.719,577,1,"(511.0, 0.0)"
1770302492.732,577,1,"(511.0, 0.0)"
1770302492.742,577,1,"(511.0, 0.0)"
1770302492.752,577,1,"(511.0, 0.0)"
1770302492.765,577,1,"(511.0, 0.0)"
1770302492.777,577,1,"(511.0, 0.0)"
1770302492.788,577,1,"(511.0, 0.0)"
1770302492.8,577,1,"(511.0, 0.0)"
1770302492.811,577,1,"(511.0, 0.0)"
1770302492.821,577,1,"(511.0, 0.0)"
1770302492.834,577,1,"(511.0, 0.0)"
1770302492.844,577,1,"(511.0, 0.0)"
1770302492.855,577,1,"(511.0, 0.0)"
1770302492.865,577,1,"(511.0, 0.0)"
1770302492.877,577,1,"(511.0, 0.0)"
1770302492.887,577,1,"(511.0, 0.0)"
1770302492.899,577,1,"(511.0, 0.0)"
1770302492.909,577,1,"(511.0, 0.0)"
1770302492.92,577,1,"(511.0, 0.0)"
1770302492.934,577,1,"(511.0, 0.0)"
1770302492.945,577,1,"(511.0, 0.0)"
1770302492.956,577,1,"(511.0, 0.0)"
1770302492.967,577,1,"(511.0, 0.0)"
1770302492.977,577,1,"(511.0, 0.0)"
1770302492.987,577,1,"(511.0, 0.0)"
1770302492.999,577,1,"(511.0, 0.0)"
1770302493.01,577,1,"(511.0, 0.0)"
1770302493.02,577,1,"(511.0, 0.0)"
1770302493.032,577,1,"(511.0, 0.0)"
1770302493.043,577,1,"(511.0, 0.0)"
1770302493.054,577,1,"(511.0, 0.0)"
1770302493.065,577,1,"(511.0, 0.0)"
1770302493.076,577,1,"(511.0, 0.0)"
1770302493.087,577,1,"(511.0, 0.0)"
1770302493.1,577,1,"(511.0, 0.0)"
1770302493.11,577,1,"(511.0, 0.0)"
1770302493.121,577,1,"(511.0, 0.0)"
1770302493.132,577,1,"(511.0, 0.0)"
1770302493.142,577,1,"(511.0, 0.0)"
1770302493.152,577,1,"(511.0, 0.0)"
1770302493.163,577,1,"(511.0, 0.0)"
1770302493.173,577,1,"(511.0, 0.0)"
1770302493.184,577,1,"(511.0, 0.0)"
1770302493.194,577,1,"(511.0, 0.0)"
1770302493.204,577,1,"(511.0, 0.0)"
1770302493.215,577,1,"(511.0, 0.0)"
1770302493.225,577,1,"(511.0, 0.0)"
1770302493.237,577,1,"(511.0, 0.0)"
1770302493.248,577,1,"(511.0, 0.0)"
1770302493.258,577,1,"(511.0, 0.0)"
1770302493.27,577,1,"(511.0, 0.0)"
1770302493.28,577,1,"(511.0, 0.0)"
1770302493.291,577,1,"(511.0, 0.0)"
1770302493.301,577,1,"(511.0, 0.0)"
1770302493.311,577,1,"(511.0, 0.0)"
1770302493.322,577,1,"(511.0, 0.0)"
1770302493.332,577,1,"(511.0, 0.0)"
1770302493.343,577,1,"(511.0, 0.0)"
1770302493.354,577,1,"(511.0, 0.0)"
1770302493.364,577,1,"(511.0, 0.0)"
1770302493.374,577,1,"(511.0, 0.0)"
1770302493.386,577,1,"(511.0, 0.0)"
1770302493.396,577,1,"(511.0, 0.0)"
1770302493.407,577,1,"(511.0, 0.0)"
1770302493.42,577,1,"(511.0, 0.0)"
1770302493.43,577,1,"(511.0, 0.0)"
1770302493.441,577,1,"(511.0, 0.0)"
1770302493.452,577,1,"(511.0, 0.0)"
1770302493.464,577,1,"(511.0, 0.0)"
1770302493.474,577,1,"(511.0, 0.0)"
1770302497.953,577,2,"(511.0, 134.0)"
1770302497.964,577,2,"(511.0, 107.0)"
1770302497.974,577,2,"(511.0, 107.0)"
1770302497.986,577,2,"(511.0, 107.0)"
1770302497.997,577,2,"(511.0, 107.0)"
1770302498.008,577,2,"(511.0, 107.0)"
1770302498.018,577,2,"(511.0, 107.0)"
1770302498.028,577,2,"(511.0, 107.0)"
1770302498.039,577,2,"(511.0, 80.0)"
1770302498.049,577,2,"(511.0, 80.0)"
1770302498.06,577,2,"(511.0, 53.0)"
1770302498.07,577,2,"(511.0, 53.0)"
1770302498.08,577,2,"(511.0, 53.0)"
1770302498.091,577,2,"(511.0, 53.0)"
1770302498.101,577,2,"(511.0, 53.0)"
1770302498.111,577,2,"(511.0, 53.0)"
1770302498.122,577,2,"(511.0, 53.0)"
1770302498.133,577,2,"(511.0, 53.0)"
1770302498.144,577,2,"(511.0, 53.0)"
1770302498.154,577,2,"(511.0, 53.0)"
1770302498.166,577,2,"(511.0, 53.0)"
1770302498.176,577,2,"(511.0, 80.0)"
1770302498.186,577,2,"(511.0, 80.0)"
1770302498.196,577,2,"(511.0, 107.0)"
1770302498.208,577,2,"(511.0, 107.0)"
1770302498.219,577,2,"(511.0, 107.0)"
1770302498.229,577,2,"(511.0, 107.0)"
1770302498.24,577,2,"(511.0, 107.0)"
1770302498.253,577,2,"(511.0, 107.0)"
1770302498.263,577,2,"(511.0, 107.0)"
1770302498.274,577,2,"(511.0, 134.0)"
1770302498.286,577,2,"(511.0, 134.0)"
1770302498.297,577,2,"(511.0, 161.0)"
1770302498.307,577,2,"(511.0, 161.0)"
1770302498.318,577,2,"(511.0, 161.0)"
1770302498.33,577,2,"(511.0, 188.0)"
1770302498.34,577,2,"(511.0, 188.0)"
1770302498.352,577,2,"(639.0, 215.0)"
1770302498.363,577,2,"(383.0, 242.0)"
1770302498.373,577,2,"(511.0, 242.0)"
1770302498.385,577,2,"(511.0, 269.0)"
1770302498.396,577,2,"(511.0, 269.0)"
1770302498.407,577,2,"(511.0, 269.0)"
1770302498.417,577,2,"(511.0, 296.0)"
1770302498.427,577,2,"(511.0, 296.0)"
1770302498.437,577,2,"(511.0, 323.0)"
1770302498.449,577,2,"(511.0, 323.0)"
1770302498.46,577,2,"(511.0, 323.0)"
1770302498.472,577,2,"(511.0, 323.0)"
1770302498.483,577,2,"(511.0, 323.0)"
1770302498.493,577,2,"(511.0, 323.0)"
1770302498.504,577,2,"(511.0, 323.0)"
1770302498.515,577,2,"(511.0, 323.0)"
1770302498.525,577,2,"(511.0, 323.0)"
1770302498.535,577,2,"(511.0, 323.0)"
1770302498.546,577,2,"(511.0, 323.0)"
1770302498.557,577,2,"(511.0, 323.0)"
1770302498.567,577,2,"(511.0, 323.0)"
1770302498.578,577,2,"(511.0, 296.0)"
1770302498.59,577,2,"(511.0, 296.0)"
1770302498.6,577,2,"(511.0, 269.0)"
1770302498.61,577,2,"(511.0, 242.0)"
1770302498.621,577,2,"(511.0, 242.0)"
1770302498.631,577,2,"(511.0, 215.0)"
1770302498.642,577,2,"(511.0, 215.0)"
1770302498.653,577,2,"(511.0, 215.0)"
1770302498.663,577,2,"(511.0, 215.0)"
1770302498.673,577,2,"(511.0, 188.0)"
1770302498.686,577,2,"(511.0, 188.0)"
1770302498.696,577,2,"(511.0, 161.0)"
1770302498.706,577,2,"(511.0, 161.0)"
1770302498.719,577,2,"(511.0, 161.0)"
1770302498.729,577,2,"(511.0, 161.0)"
1770302498.74,577,2,"(511.0, 161.0)"
1770302498.752,577,2,"(511.0, 161.0)"
1770302498.763,577,2,"(511.0, 134.0)"
1770302498.774,577,2,"(511.0, 134.0)"
1770302498.784,577,2,"(511.0, 107.0)"
1770302498.795,577,2,"(511.0, 107.0)"
1770302498.806,577,2,"(511.0, 107.0)"
1770302498.817,577,2,"(511.0, 134.0)"
1770302498.828,577,2,"(511.0, 134.0)"
1770302498.838,577,2,"(511.0, 161.0)"
1770302498.85,577,2,"(511.0, 161.0)"
1770302498.861,577,2,"(511.0, 161.0)"
1770302498.871,577,2,"(511.0, 161.0)"
1770302498.883,577,2,"(511.0, 161.0)"
1770302498.894,577,2,"(511.0, 161.0)"
1770302498.905,577,2,"(511.0, 161.0)"
1770302498.916,577,2,"(511.0, 161.0)"
1770302498.926,577,2,"(511.0, 161.0)"
1770302498.937,577,2,"(511.0, 161.0)"
1770302498.947,577,2,"(511.0, 188.0)"
1770302498.958,577,2,"(511.0, 188.0)"
1770302498.97,577,2,"(511.0, 215.0)"
1770302498.98,577,2,"(511.0, 215.0)"
1770302498.991,577,2,"(511.0, 215.0)"
1770302499.002,577,2,"(511.0, 215.0)"
1770302499.013,577,2,"(511.0, 215.0)"
1770302499.024,577,2,"(511.0, 215.0)"
1770302499.034,577,2,"(511.0, 215.0)"
1770302499.045,577,2,"(511.0, 215.0)"
1770302499.056,577,2,"(511.0, 215.0)"
1770302499.066,577,2,"(511.0, 215.0)"
1770302499.077,577,2,"(511.0, 215.0)"
1770302499.087,577,2,"(511.0, 215.0)"
1770302499.098,577,2,"(511.0, 215.0)"
1770302499.108,577,2,"(511.0, 215.0)"
1770302499.119,577,2,"(511.0, 215.0)"
1770302499.129,577,2,"(511.0, 215.0)"
1770302499.14,577,2,"(511.0, 215.0)"
1770302499.151,577,2,"(511.0, 215.0)"
1770302499.161,577,2,"(511.0, 215.0)"
1770302499.172,577,2,"(511.0, 215.0)"
1770302499.183,577,2,"(511.0, 215.0)"
1770302499.193,577,2,"(511.0, 215.0)"
1770302499.205,577,2,"(511.0, 215.0)"
1770302499.216,577,2,"(511.0, 215.0)"
1770302499.226,577,2,"(511.0, 215.0)"
1770302499.236,577,2,"(511.0, 215.0)"
1770302499.247,577,2,"(511.0, 215.0)"
1770302499.258,577,2,"(511.0, 215.0)"
1770302499.269,577,2,"(639.0, 215.0)"
1770302499.28,577,2,"(511.0, 215.0)"
1770302499.29,577,2,"(511.0, 215.0)"
1770302499.303,577,2,"(511.0, 215.0)"
1770302499.313,577,2,"(511.0, 215.0)"
1770302499.323,577,2,"(511.0, 215.0)"
1770302499.334,577,2,"(511.0, 215.0)"
1770302499.344,577,2,"(511.0, 215.0)"
1770302499.355,577,2,"(511.0, 215.0)"
1770302499.365,577,2,"(511.0, 215.0)"
1770302499.376,577,2,"(511.0, 215.0)"
1770302499.388,577,2,"(511.0, 215.0)"
1770302499.4,577,2,"(511.0, 215.0)"
1770302499.41,577,2,"(511.0, 215.0)"
1770302499.421,577,2,"(511.0, 215.0)"
1770302499.432,577,2,"(511.0, 242.0)"
1770302499.442,577,2,"(511.0, 242.0)"
1770302499.455,577,2,"(511.0, 242.0)"
1770302499.465,577,2,"(511.0, 215.0)"
1770302499.476,577,2,"(511.0, 215.0)"
1770302499.486,577,2,"(511.0, 215.0)"
1770302499.496,577,2,"(511.0, 215.0)"
1770302499.507,577,2,"(511.0, 215.0)"
1770302499.517,577,2,"(511.0, 215.0)"
1770302499.528,577,2,"(511.0, 215.0)"
1770302499.538,577,2,"(511.0, 215.0)"
1770302499.551,577,2,"(511.0, 215.0)"
1770302499.561,577,2,"(511.0, 215.0)"
1770302499.572,577,2,"(511.0, 215.0)"
1770302499.583,577,2,"(511.0, 215.0)"
1770302499.594,577,2,"(511.0, 215.0)"
1770302499.605,577,2,"(511.0, 215.0)"
1770302499.615,577,2,"(511.0, 215.0)"
1770302499.626,577,2,"(511.0, 215.0)"
1770302499.637,577,2,"(511.0, 188.0)"
1770302499.648,577,2,"(511.0, 188.0)"
1770302499.658,577,2,"(511.0, 161.0)"
1770302499.67,577,2,"(511.0, 161.0)"
1770302499.682,577,2,"(511.0, 161.0)"
1770302499.692,577,2,"(511.0, 161.0)"
1770302499.704,577,2,"(511.0, 161.0)"
1770302499.714,577,2,"(511.0, 161.0)"
1770302499.725,577,2,"(511.0, 161.0)"
1770302499.737,577,2,"(511.0, 161.0)"
1770302499.748,577,2,"(511.0, 161.0)"
1770302499.758,577,2,"(511.0, 161.0)"
1770302499.771,577,2,"(511.0, 161.0)"
1770302499.782,577,2,"(511.0, 161.0)"
1770302499.792,577,2,"(511.0, 161.0)"
1770302499.802,577,2,"(511.0, 161.0)"
1770302499.813,577,2,"(511.0, 161.0)"
1770302499.824,577,2,"(511.0, 161.0)"
1770302499.835,577,2,"(511.0, 161.0)"
1770302499.846,577,2,"(511.0, 161.0)"
1770302499.856,577,2,"(511.0, 161.0)"
1770302499.868,577,2,"(511.0, 161.0)"
1770302499.878,577,2,"(511.0, 161.0)"
1770302499.889,577,2,"(511.0, 161.0)"
1770302499.9,577,2,"(511.0, 161.0)"
1770302499.911,577,2,"(511.0, 188.0)"
1770302499.921,577,2,"(511.0, 188.0)"
1770302499.933,577,2,"(511.0, 215.0)"
1770302499.944,577,2,"(511.0, 215.0)"
1770302499.955,577,2,"(511.0, 215.0)"
1770302499.968,577,2,"(511.0, 215.0)"
1770302499.979,577,2,"(511.0, 215.0)"
1770302499.99,577,2,"(511.0, 215.0)"
1770302500.004,577,2,"(511.0, 215.0)"
1770302500.015,577,2,"(511.0, 215.0)"
1770302500.025,577,2,"(511.0, 215.0)"
1770302500.035,577,2,"(511.0, 215.0)"
1770302500.046,577,2,"(511.0, 215.0)"
1770302500.057,577,2,"(511.0, 215.0)"
1770302500.067,577,2,"(511.0, 215.0)"
1770302500.077,577,2,"(511.0, 215.0)"
1770302500.087,577,2,"(511.0, 215.0)"
1770302500.097,577,2,"(511.0, 215.0)"
1770302500.109,577,2,"(511.0, 215.0)"
1770302500.12,577,2,"(511.0, 215.0)"
1770302500.132,577,2,"(511.0, 215.0)"
1770302500.142,577,2,"(511.0, 215.0)"
1770302500.152,577,2,"(511.0, 215.0)"
1770302500.162,577,2,"(511.0, 215.0)"
1770302500.172,577,2,"(511.0, 188.0)"
1770302500.184,577,2,"(511.0, 188.0)"
1770302500.194,577,2,"(511.0, 161.0)"
1770302500.205,577,2,"(511.0, 161.0)"
1770302500.216,577,2,"(511.0, 161.0)"
1770302500.227,577,2,"(511.0, 161.0)"
1770302500.237,577,2,"(511.0, 161.0)"
1770302500.248,577,2,"(511.0, 161.0)"
1770302500.259,577,2,"(511.0, 161.0)"
1770302500.27,577,2,"(511.0, 161.0)"
1770302500.282,577,2,"(511.0, 161.0)"
1770302500.292,577,2,"(511.0, 161.0)"
1770302500.303,577,2,"(511.0, 161.0)"
1770302500.315,577,2,"(511.0, 161.0)"
1770302500.326,577,2,"(511.0, 161.0)"
1770302500.337,577,2,"(511.0, 161.0)"
1770302500.349,577,2,"(511.0, 161.0)"
1770302500.36,577,2,"(511.0, 161.0)"
1770302500.371,577,2,"(511.0, 161.0)"
1770302500.382,577,2,"(511.0, 161.0)"
1770302500.393,577,2,"(511.0, 161.0)"
1770302500.403,577,2,"(511.0, 161.0)"
1770302500.414,577,2,"(511.0, 161.0)"
1770302500.425,577,2,"(511.0, 161.0)"
1770302500.436,577,2,"(511.0, 188.0)"
1770302500.446,577,2,"(511.0, 188.0)"
1770302500.456,577,2,"(511.0, 215.0)"
1770302500.467,577,2,"(511.0, 215.0)"
1770302500.478,577,2,"(511.0, 215.0)"
1770302500.489,577,2,"(511.0, 215.0)"
1770302500.5,577,2,"(511.0, 215.0)"
1770302500.51,577,2,"(511.0, 215.0)"
1770302500.52,577,2,"(511.0, 215.0)"
1770302500.535,577,2,"(511.0, 215.0)"
1770302500.55,577,2,"(511.0, 215.0)"
1770302500.56,577,2,"(511.0, 215.0)"
1770302500.571,577,2,"(511.0, 215.0)"
1770302500.582,577,2,"(511.0, 215.0)"
1770302500.593,577,2,"(639.0, 242.0)"
1770302500.603,577,2,"(511.0, 242.0)"
1770302500.615,577,2,"(511.0, 242.0)"
1770302500.626,577,2,"(511.0, 215.0)"
1770302500.637,577,2,"(511.0, 215.0)"
1770302500.648,577,2,"(511.0, 242.0)"
1770302500.659,577,2,"(511.0, 242.0)"
1770302500.67,577,2,"(511.0, 242.0)"
1770302500.683,577,2,"(511.0, 242.0)"
1770302500.694,577,2,"(511.0, 242.0)"
1770302500.705,577,2,"(511.0, 215.0)"
1770302500.716,577,2,"(511.0, 215.0)"
1770302500.726,577,2,"(511.0, 215.0)"
1770302500.737,577,2,"(511.0, 215.0)"
1770302500.748,577,2,"(511.0, 215.0)"
1770302500.758,577,2,"(511.0, 215.0)"
1770302500.769,577,2,"(511.0, 215.0)"
1770302500.78,577,2,"(511.0, 242.0)"
1770302500.79,577,2,"(511.0, 242.0)"
1770302500.8,577,2,"(511.0, 269.0)"
1770302500.81,577,2,"(511.0, 269.0)"
1770302500.821,577,2,"(511.0, 269.0)"
1770302500.833,577,2,"(383.0, 269.0)"
1770302500.843,577,2,"(511.0, 269.0)"
1770302500.853,577,2,"(511.0, 242.0)"
1770302500.865,577,2,"(511.0, 242.0)"
1770302500.875,577,2,"(511.0, 215.0)"
1770302500.885,577,2,"(511.0, 215.0)"
1770302500.899,577,2,"(511.0, 215.0)"
1770302500.909,577,2,"(511.0, 215.0)"
1770302500.919,577,2,"(511.0, 215.0)"
1770302500.932,577,2,"(511.0, 215.0)"
1770302500.943,577,2,"(511.0, 242.0)"
1770302500.953,577,2,"(511.0, 242.0)"
1770302504.726,577,3,"(511.0, 53.0)"
1770302504.737,577,3,"(511.0, 53.0)"
1770302504.747,577,3,"(511.0, 53.0)"
1770302504.757,577,3,"(511.0, 53.0)"
1770302504.767,577,3,"(511.0, 53.0)"
1770302504.778,577,3,"(511.0, 53.0)"
1770302504.789,577,3,"(511.0, 53.0)"
1770302504.799,577,3,"(511.0, 53.0)"
1770302504.81,577,3,"(511.0, 53.0)"
1770302504.82,577,3,"(511.0, 53.0)"
1770302504.831,577,3,"(511.0, 80.0)"
1770302504.842,577,3,"(511.0, 80.0)"
1770302504.852,577,3,"(511.0, 53.0)"
1770302504.862,577,3,"(511.0, 53.0)"
1770302504.872,577,3,"(511.0, 53.0)"
1770302504.883,577,3,"(511.0, 53.0)"
1770302504.894,577,3,"(511.0, 53.0)"
1770302504.905,577,3,"(511.0, 53.0)"
1770302504.915,577,3,"(511.0, 53.0)"
1770302504.925,577,3,"(511.0, 53.0)"
1770302504.937,577,3,"(511.0, 53.0)"
1770302504.947,577,3,"(511.0, 53.0)"
1770302504.96,577,3,"(511.0, 53.0)"
1770302504.971,577,3,"(511.0, 53.0)"
1770302504.981,577,3,"(511.0, 53.0)"
1770302504.992,577,3,"(511.0, 53.0)"
1770302505.002,577,3,"(511.0, 53.0)"
1770302505.013,577,3,"(511.0, 53.0)"
1770302505.023,577,3,"(511.0, 53.0)"
1770302505.033,577,3,"(511.0, 53.0)"
1770302505.043,577,3,"(511.0, 53.0)"
1770302505.054,577,3,"(511.0, 53.0)"
1770302505.064,577,3,"(511.0, 53.0)"
1770302505.074,577,3,"(511.0, 53.0)"
1770302505.085,577,3,"(511.0, 53.0)"
1770302505.096,577,3,"(511.0, 53.0)"
1770302505.107,577,3,"(511.0, 53.0)"
1770302505.117,577,3,"(511.0, 53.0)"
1770302505.128,577,3,"(511.0, 53.0)"
1770302505.138,577,3,"(511.0, 53.0)"
1770302505.15,577,3,"(511.0, 53.0)"
1770302505.161,577,3,"(511.0, 53.0)"
1770302505.172,577,3,"(511.0, 53.0)"
1770302505.182,577,3,"(511.0, 53.0)"
1770302505.193,577,3,"(511.0, 53.0)"
1770302505.204,577,3,"(511.0, 53.0)"
1770302505.214,577,3,"(511.0, 53.0)"
1770302505.224,577,3,"(511.0, 53.0)"
1770302505.235,577,3,"(511.0, 53.0)"
1770302505.245,577,3,"(511.0, 53.0)"
1770302505.255,577,3,"(511.0, 53.0)"
1770302505.267,577,3,"(511.0, 53.0)"
1770302505.277,577,3,"(511.0, 53.0)"
1770302505.288,577,3,"(511.0, 53.0)"
1770302505.298,577,3,"(511.0, 53.0)"
1770302505.308,577,3,"(511.0, 53.0)"
1770302505.318,577,3,"(511.0, 53.0)"
1770302505.329,577,3,"(511.0, 53.0)"
1770302505.339,577,3,"(511.0, 53.0)"
1770302505.35,577,3,"(511.0, 53.0)"
1770302505.362,577,3,"(511.0, 53.0)"
1770302505.372,577,3,"(511.0, 53.0)"
1770302505.383,577,3,"(511.0, 80.0)"
1770302505.393,577,3,"(511.0, 80.0)"
1770302505.404,577,3,"(511.0, 80.0)"
1770302505.414,577,3,"(511.0, 53.0)"
1770302505.425,577,3,"(511.0, 53.0)"
1770302505.435,577,3,"(511.0, 53.0)"
1770302505.446,577,3,"(511.0, 53.0)"
1770302505.456,577,3,"(511.0, 53.0)"
1770302505.467,577,3,"(511.0, 53.0)"
1770302505.479,577,3,"(511.0, 53.0)"
1770302505.489,577,3,"(511.0, 53.0)"
1770302505.5,577,3,"(511.0, 53.0)"
1770302505.512,577,3,"(511.0, 53.0)"
1770302505.523,577,3,"(511.0, 53.0)"
1770302505.533,577,3,"(511.0, 53.0)"
1770302505.544,577,3,"(511.0, 53.0)"
1770302505.556,577,3,"(511.0, 53.0)"
1770302505.566,577,3,"(511.0, 53.0)"
1770302505.576,577,3,"(511.0, 53.0)"
1770302505.586,577,3,"(511.0, 53.0)"
1770302505.597,577,3,"(511.0, 53.0)"
1770302505.608,577,3,"(511.0, 53.0)"
1770302505.618,577,3,"(511.0, 53.0)"
1770302505.628,577,3,"(511.0, 53.0)"
1770302505.639,577,3,"(511.0, 53.0)"
1770302505.65,577,3,"(511.0, 53.0)"
1770302505.661,577,3,"(511.0, 53.0)"
1770302505.671,577,3,"(511.0, 53.0)"
1770302505.681,577,3,"(511.0, 53.0)"
1770302505.692,577,3,"(511.0, 53.0)"
1770302505.703,577,3,"(511.0, 53.0)"
1770302505.713,577,3,"(511.0, 53.0)"
1770302505.723,577,3,"(511.0, 53.0)"
1770302505.733,577,3,"(511.0, 53.0)"
1770302505.744,577,3,"(511.0, 53.0)"
1770302505.755,577,3,"(511.0, 53.0)"
1770302505.766,577,3,"(511.0, 53.0)"
1770302505.778,577,3,"(511.0, 53.0)"
1770302505.788,577,3,"(511.0, 53.0)"
1770302505.8,577,3,"(511.0, 53.0)"
1770302505.812,577,3,"(511.0, 53.0)"
1770302505.822,577,3,"(511.0, 53.0)"
1770302505.833,577,3,"(511.0, 53.0)"
1770302505.847,577,3,"(511.0, 53.0)"
1770302505.858,577,3,"(511.0, 53.0)"
1770302505.868,577,3,"(511.0, 53.0)"
1770302505.88,577,3,"(511.0, 53.0)"
1770302505.89,577,3,"(511.0, 53.0)"
1770302505.901,577,3,"(511.0, 53.0)"
1770302505.912,577,3,"(511.0, 53.0)"
1770302505.923,577,3,"(511.0, 53.0)"
1770302505.933,577,3,"(511.0, 53.0)"
1770302505.943,577,3,"(511.0, 53.0)"
1770302505.954,577,3,"(511.0, 53.0)"
1770302505.965,577,3,"(511.0, 53.0)"
1770302505.977,577,3,"(511.0, 53.0)"
1770302505.988,577,3,"(511.0, 53.0)"
1770302505.998,577,3,"(511.0, 53.0)"
1770302506.008,577,3,"(511.0, 53.0)"
1770302506.019,577,3,"(511.0, 53.0)"
1770302506.03,577,3,"(511.0, 53.0)"
1770302506.04,577,3,"(511.0, 53.0)"
1770302506.051,577,3,"(511.0, 53.0)"
1770302506.062,577,3,"(511.0, 53.0)"
1770302506.073,577,3,"(511.0, 53.0)"
1770302506.084,577,3,"(511.0, 53.0)"
1770302506.094,577,3,"(511.0, 53.0)"
1770302506.105,577,3,"(511.0, 53.0)"
1770302506.115,577,3,"(511.0, 53.0)"
1770302506.126,577,3,"(511.0, 53.0)"
1770302506.137,577,3,"(511.0, 53.0)"
1770302506.147,577,3,"(511.0, 53.0)"
1770302506.158,577,3,"(511.0, 53.0)"
1770302506.169,577,3,"(511.0, 53.0)"
1770302506.18,577,3,"(511.0, 53.0)"
1770302506.19,577,3,"(511.0, 53.0)"
1770302506.202,577,3,"(511.0, 53.0)"
1770302506.214,577,3,"(511.0, 53.0)"
1770302506.224,577,3,"(511.0, 53.0)"
1770302506.235,577,3,"(511.0, 53.0)"
1770302506.246,577,3,"(511.0, 53.0)"
1770302506.257,577,3,"(511.0, 53.0)"
1770302506.268,577,3,"(511.0, 26.0)"
1770302506.278,577,3,"(511.0, 26.0)"
1770302506.289,577,3,"(511.0, 0.0)"
1770302506.3,577,3,"(511.0, 0.0)"
1770302506.31,577,3,"(511.0, 0.0)"
1770302506.322,577,3,"(511.0, 0.0)"
1770302506.333,577,3,"(511.0, 0.0)"
1770302506.344,577,3,"(511.0, 26.0)"
1770302506.355,577,3,"(511.0, 26.0)"
1770302506.365,577,3,"(511.0, 0.0)"
1770302506.375,577,3,"(511.0, 0.0)"
1770302506.385,577,3,"(511.0, 0.0)"
1770302506.396,577,3,"(511.0, 0.0)"
1770302506.407,577,3,"(511.0, 0.0)"
1770302506.417,577,3,"(511.0, 0.0)"
1770302506.428,577,3,"(511.0, 0.0)"
1770302506.438,577,3,"(511.0, 0.0)"
1770302506.448,577,3,"(511.0, 0.0)"
1770302506.459,577,3,"(511.0, 0.0)"
1770302506.469,577,3,"(511.0, 0.0)"
1770302506.482,577,3,"(511.0, 0.0)"
1770302506.493,577,3,"(511.0, 0.0)"
1770302506.503,577,3,"(511.0, 0.0)"
1770302506.513,577,3,"(511.0, 0.0)"
1770302506.525,577,3,"(511.0, 0.0)"
1770302506.535,577,3,"(511.0, 0.0)"
1770302506.546,577,3,"(511.0, 0.0)"
1770302506.556,577,3,"(511.0, 0.0)"
1770302506.567,577,3,"(511.0, 0.0)"
1770302506.578,577,3,"(511.0, 0.0)"
1770302506.588,577,3,"(511.0, 0.0)"
1770302506.601,577,3,"(511.0, 0.0)"
1770302506.612,577,3,"(511.0, 0.0)"
1770302506.622,577,3,"(511.0, 0.0)"
1770302506.635,577,3,"(511.0, 0.0)"
1770302506.645,577,3,"(511.0, 26.0)"
1770302506.656,577,3,"(511.0, 26.0)"
1770302506.668,577,3,"(511.0, 53.0)"
1770302506.678,577,3,"(511.0, 53.0)"
1770302506.688,577,3,"(511.0, 53.0)"
1770302506.7,577,3,"(511.0, 53.0)"
1770302506.71,577,3,"(511.0, 53.0)"
1770302506.72,577,3,"(511.0, 53.0)"
1770302506.731,577,3,"(511.0, 53.0)"
1770302506.741,577,3,"(511.0, 53.0)"
1770302506.752,577,3,"(511.0, 53.0)"
1770302506.762,577,3,"(511.0, 53.0)"
1770302506.773,577,3,"(511.0, 53.0)"
1770302506.786,577,3,"(511.0, 53.0)"
1770302506.797,577,3,"(511.0, 53.0)"
1770302506.808,577,3,"(511.0, 53.0)"
1770302506.819,577,3,"(511.0, 53.0)"
1770302506.83,577,3,"(511.0, 80.0)"
1770302506.84,577,3,"(511.0, 80.0)"
1770302506.851,577,3,"(511.0, 107.0)"
1770302506.862,577,3,"(511.0, 107.0)"
1770302506.873,577,3,"(511.0, 107.0)"
1770302506.883,577,3,"(511.0, 107.0)"
1770302506.895,577,3,"(511.0, 107.0)"
1770302506.905,577,3,"(511.0, 107.0)"
1770302506.917,577,3,"(511.0, 107.0)"
1770302506.927,577,3,"(511.0, 107.0)"
1770302506.938,577,3,"(511.0, 107.0)"
1770302506.949,577,3,"(511.0, 107.0)"
1770302506.96,577,3,"(511.0, 107.0)"
1770302506.97,577,3,"(511.0, 107.0)"
1770302506.982,577,3,"(511.0, 107.0)"
1770302506.992,577,3,"(511.0, 107.0)"
1770302507.003,577,3,"(511.0, 107.0)"
1770302507.014,577,3,"(511.0, 107.0)"
1770302507.025,577,3,"(511.0, 107.0)"
1770302507.036,577,3,"(511.0, 107.0)"
1770302507.046,577,3,"(511.0, 107.0)"
1770302507.056,577,3,"(511.0, 80.0)"
1770302507.068,577,3,"(511.0, 80.0)"
1770302507.079,577,3,"(511.0, 53.0)"
1770302507.09,577,3,"(511.0, 53.0)"
1770302507.101,577,3,"(511.0, 53.0)"
1770302507.111,577,3,"(511.0, 53.0)"
1770302507.121,577,3,"(511.0, 53.0)"
1770302507.132,577,3,"(511.0, 53.0)"
1770302507.143,577,3,"(511.0, 53.0)"
1770302507.154,577,3,"(511.0, 53.0)"
1770302507.164,577,3,"(511.0, 53.0)"
1770302507.175,577,3,"(511.0, 53.0)"
1770302507.186,577,3,"(511.0, 53.0)"
1770302507.196,577,3,"(511.0, 53.0)"
1770302507.207,577,3,"(511.0, 53.0)"
1770302507.218,577,3,"(511.0, 53.0)"
1770302507.23,577,3,"(511.0, 53.0)"
1770302507.24,577,3,"(511.0, 53.0)"
1770302507.251,577,3,"(511.0, 53.0)"
1770302507.262,577,3,"(511.0, 53.0)"
1770302507.274,577,3,"(511.0, 53.0)"
1770302507.285,577,3,"(511.0, 53.0)"
1770302507.295,577,3,"(511.0, 53.0)"
1770302507.306,577,3,"(511.0, 53.0)"
1770302507.316,577,3,"(511.0, 53.0)"
1770302507.326,577,3,"(511.0, 53.0)"
1770302507.338,577,3,"(511.0, 53.0)"
1770302507.348,577,3,"(511.0, 53.0)"
1770302507.359,577,3,"(511.0, 53.0)"
1770302507.37,577,3,"(511.0, 53.0)"
1770302507.381,577,3,"(511.0, 53.0)"
1770302507.391,577,3,"(511.0, 53.0)"
1770302507.402,577,3,"(511.0, 53.0)"
1770302507.412,577,3,"(511.0, 53.0)"
1770302507.422,577,3,"(511.0, 53.0)"
1770302507.433,577,3,"(511.0, 53.0)"
1770302507.443,577,3,"(511.0, 53.0)"
1770302507.455,577,3,"(511.0, 53.0)"
1770302507.467,577,3,"(511.0, 53.0)"
1770302507.478,577,3,"(511.0, 53.0)"
1770302507.489,577,3,"(511.0, 53.0)"
1770302507.499,577,3,"(511.0, 53.0)"
1770302507.51,577,3,"(511.0, 53.0)"
1770302507.522,577,3,"(511.0, 53.0)"
1770302507.533,577,3,"(511.0, 53.0)"
1770302507.543,577,3,"(511.0, 53.0)"
1770302507.553,577,3,"(511.0, 53.0)"
1770302507.563,577,3,"(511.0, 53.0)"
1770302507.574,577,3,"(511.0, 53.0)"
1770302507.584,577,3,"(511.0, 53.0)"
1770302507.595,577,3,"(511.0, 80.0)"
1770302507.606,577,3,"(511.0, 107.0)"
1770302507.617,577,3,"(511.0, 107.0)"
1770302507.628,577,3,"(511.0, 107.0)"
1770302507.639,577,3,"(511.0, 107.0)"
1770302507.65,577,3,"(511.0, 107.0)"
1770302507.66,577,3,"(511.0, 107.0)"
1770302507.672,577,3,"(511.0, 107.0)"
1770302507.683,577,3,"(511.0, 107.0)"
1770302507.694,577,3,"(511.0, 107.0)"
1770302507.707,577,3,"(511.0, 107.0)"
1770302507.717,577,3,"(511.0, 107.0)"
1770302507.728,577,3,"(511.0, 107.0)"
1770302521.143,577,4,"(511.0, 0.0)"
1770302521.154,577,4,"(511.0, 0.0)"
1770302521.164,577,4,"(511.0, 0.0)"
1770302521.175,577,4,"(511.0, 0.0)"
1770302521.185,577,4,"(511.0, 0.0)"
1770302521.196,577,4,"(511.0, 0.0)"
1770302521.207,577,4,"(511.0, 0.0)"
1770302521.218,577,4,"(511.0, 0.0)"
1770302521.229,577,4,"(511.0, 0.0)"
1770302521.239,577,4,"(511.0, 0.0)"
1770302521.249,577,4,"(511.0, 0.0)"
1770302521.261,577,4,"(511.0, 0.0)"
1770302521.272,577,4,"(511.0, 0.0)"
1770302521.282,577,4,"(511.0, 0.0)"
1770302521.295,577,4,"(511.0, 0.0)"
1770302521.306,577,4,"(511.0, 0.0)"
1770302521.316,577,4,"(511.0, 0.0)"
1770302521.328,577,4,"(511.0, 0.0)"
1770302521.339,577,4,"(511.0, 0.0)"
1770302521.35,577,4,"(511.0, 0.0)"
1770302521.361,577,4,"(511.0, 0.0)"
1770302521.373,577,4,"(511.0, 0.0)"
1770302521.383,577,4,"(511.0, 0.0)"
1770302521.394,577,4,"(511.0, 0.0)"
1770302521.405,577,4,"(511.0, 0.0)"
1770302521.415,577,4,"(511.0, 0.0)"
1770302521.426,577,4,"(511.0, 0.0)"
1770302521.437,577,4,"(511.0, 0.0)"
1770302521.448,577,4,"(511.0, 0.0)"
1770302521.458,577,4,"(511.0, 0.0)"
1770302521.469,577,4,"(511.0, 0.0)"
1770302521.479,577,4,"(511.0, 0.0)"
1770302521.49,577,4,"(511.0, 0.0)"
1770302521.501,577,4,"(511.0, 0.0)"
1770302521.511,577,4,"(511.0, 0.0)"
1770302521.522,577,4,"(511.0, 0.0)"
1770302521.532,577,4,"(511.0, 0.0)"
1770302521.543,577,4,"(511.0, 26.0)"
1770302521.553,577,4,"(511.0, 26.0)"
1770302521.563,577,4,"(511.0, 53.0)"
1770302521.576,577,4,"(511.0, 53.0)"
1770302521.586,577,4,"(511.0, 80.0)"
1770302521.597,577,4,"(511.0, 80.0)"
1770302521.611,577,4,"(511.0, 107.0)"
1770302521.623,577,4,"(511.0, 107.0)"
1770302521.634,577,4,"(511.0, 107.0)"
1770302521.646,577,4,"(511.0, 134.0)"
1770302521.656,577,4,"(511.0, 134.0)"
1770302521.666,577,4,"(511.0, 161.0)"
1770302521.678,577,4,"(511.0, 161.0)"
1770302521.688,577,4,"(511.0, 161.0)"
1770302521.699,577,4,"(511.0, 161.0)"
1770302521.712,577,4,"(511.0, 161.0)"
1770302521.722,577,4,"(511.0, 161.0)"
1770302521.733,577,4,"(511.0, 161.0)"
1770302521.745,577,4,"(511.0, 161.0)"
1770302521.755,577,4,"(511.0, 161.0)"
1770302521.766,577,4,"(511.0, 161.0)"
1770302521.777,577,4,"(511.0, 161.0)"
1770302521.787,577,4,"(511.0, 161.0)"
1770302521.798,577,4,"(511.0, 161.0)"
1770302521.809,577,4,"(511.0, 134.0)"
1770302521.819,577,4,"(511.0, 134.0)"
1770302521.83,577,4,"(511.0, 107.0)"
1770302521.84,577,4,"(511.0, 107.0)"
1770302521.852,577,4,"(511.0, 107.0)"
1770302521.862,577,4,"(511.0, 80.0)"
1770302521.873,577,4,"(511.0, 53.0)"
1770302521.884,577,4,"(511.0, 53.0)"
1770302521.894,577,4,"(511.0, 53.0)"
1770302521.905,577,4,"(511.0, 53.0)"
1770302521.915,577,4,"(511.0, 53.0)"
1770302521.926,577,4,"(511.0, 26.0)"
1770302521.937,577,4,"(511.0, 26.0)"
1770302521.948,577,4,"(511.0, 0.0)"
1770302521.958,577,4,"(511.0, 0.0)"
1770302521.969,577,4,"(511.0, 0.0)"
1770302521.98,577,4,"(511.0, 0.0)"
1770302521.993,577,4,"(511.0, 0.0)"
1770302522.003,577,4,"(511.0, 0.0)"
1770302522.013,577,4,"(511.0, 0.0)"
1770302522.024,577,4,"(511.0, 0.0)"
1770302522.035,577,4,"(511.0, 0.0)"
1770302522.046,577,4,"(511.0, 0.0)"
1770302522.056,577,4,"(511.0, 0.0)"
1770302522.067,577,4,"(511.0, 0.0)"
1770302522.077,577,4,"(511.0, 0.0)"
1770302522.089,577,4,"(511.0, 0.0)"
1770302522.099,577,4,"(511.0, 0.0)"
1770302522.109,577,4,"(511.0, 0.0)"
1770302522.12,577,4,"(511.0, 0.0)"
1770302522.131,577,4,"(511.0, 0.0)"
1770302522.141,577,4,"(511.0, 0.0)"
1770302522.152,577,4,"(511.0, 0.0)"
1770302522.163,577,4,"(511.0, 0.0)"
1770302522.174,577,4,"(511.0, 0.0)"
1770302522.184,577,4,"(511.0, 0.0)"
1770302522.195,577,4,"(511.0, 0.0)"
1770302522.206,577,4,"(511.0, 0.0)"
1770302522.217,577,4,"(511.0, 0.0)"
1770302522.227,577,4,"(511.0, 0.0)"
1770302522.238,577,4,"(511.0, 0.0)"
1770302522.25,577,4,"(511.0, 0.0)"
1770302522.26,577,4,"(511.0, 26.0)"
1770302522.272,577,4,"(511.0, 26.0)"
1770302522.283,577,4,"(511.0, 80.0)"
1770302522.293,577,4,"(639.0, 80.0)"
1770302522.304,577,4,"(639.0, 107.0)"
1770302522.315,577,4,"(639.0, 107.0)"
1770302522.326,577,4,"(511.0, 134.0)"
1770302522.337,577,4,"(511.0, 188.0)"
1770302522.347,577,4,"(511.0, 188.0)"
1770302522.357,577,4,"(511.0, 242.0)"
1770302522.368,577,4,"(255.0, 269.0)"
1770302522.378,577,4,"(639.0, 296.0)"
1770302522.392,577,4,"(639.0, 323.0)"
1770302522.402,577,4,"(511.0, 349.0)"
1770302522.412,577,4,"(511.0, 349.0)"
1770302522.424,577,4,"(639.0, 376.0)"
1770302522.435,577,4,"(511.0, 403.0)"
1770302522.446,577,4,"(511.0, 430.0)"
1770302522.457,577,4,"(511.0, 430.0)"
1770302522.468,577,4,"(511.0, 430.0)"
1770302522.479,577,4,"(511.0, 430.0)"
1770302522.491,577,4,"(511.0, 403.0)"
1770302522.501,577,4,"(511.0, 403.0)"
1770302522.512,577,4,"(511.0, 376.0)"
1770302522.524,577,4,"(511.0, 376.0)"
1770302522.536,577,4,"(511.0, 349.0)"
1770302522.546,577,4,"(511.0, 323.0)"
1770302522.558,577,4,"(511.0, 323.0)"
1770302522.569,577,4,"(511.0, 296.0)"
1770302522.58,577,4,"(511.0, 269.0)"
1770302522.592,577,4,"(511.0, 242.0)"
1770302522.602,577,4,"(511.0, 188.0)"
1770302522.612,577,4,"(511.0, 161.0)"
1770302522.624,577,4,"(511.0, 161.0)"
1770302522.635,577,4,"(511.0, 107.0)"
1770302522.646,577,4,"(511.0, 80.0)"
1770302522.656,577,4,"(511.0, 80.0)"
1770302522.666,577,4,"(511.0, 53.0)"
1770302522.676,577,4,"(511.0, 26.0)"
1770302522.688,577,4,"(511.0, 0.0)"
1770302522.7,577,4,"(511.0, 0.0)"
1770302522.71,577,4,"(511.0, 0.0)"
1770302522.723,577,4,"(511.0, 0.0)"
1770302522.733,577,4,"(511.0, 0.0)"
1770302522.744,577,4,"(511.0, 0.0)"
1770302522.754,577,4,"(511.0, 0.0)"
1770302522.765,577,4,"(511.0, 0.0)"
1770302522.775,577,4,"(511.0, 0.0)"
1770302522.785,577,4,"(511.0, 0.0)"
1770302522.796,577,4,"(511.0, 0.0)"
1770302522.806,577,4,"(511.0, 0.0)"
1770302522.817,577,4,"(511.0, 26.0)"
1770302522.827,577,4,"(511.0, 26.0)"
1770302522.837,577,4,"(511.0, 53.0)"
1770302522.849,577,4,"(511.0, 53.0)"
1770302522.859,577,4,"(511.0, 53.0)"
1770302522.869,577,4,"(511.0, 80.0)"
1770302522.879,577,4,"(511.0, 80.0)"
1770302522.891,577,4,"(511.0, 107.0)"
1770302522.901,577,4,"(511.0, 107.0)"
1770302522.911,577,4,"(511.0, 134.0)"
1770302522.922,577,4,"(511.0, 161.0)"
1770302522.933,577,4,"(511.0, 161.0)"
1770302522.944,577,4,"(511.0, 188.0)"
1770302522.956,577,4,"(511.0, 215.0)"
1770302522.968,577,4,"(511.0, 215.0)"
1770302522.978,577,4,"(511.0, 242.0)"
1770302522.99,577,4,"(511.0, 242.0)"
1770302523.001,577,4,"(511.0, 269.0)"
1770302523.011,577,4,"(511.0, 269.0)"
1770302523.022,577,4,"(511.0, 269.0)"
1770302523.033,577,4,"(511.0, 269.0)"
1770302523.043,577,4,"(511.0, 269.0)"
1770302523.054,577,4,"(511.0, 269.0)"
1770302523.064,577,4,"(511.0, 269.0)"
1770302523.075,577,4,"(511.0, 269.0)"
1770302523.085,577,4,"(511.0, 242.0)"
1770302523.097,577,4,"(511.0, 242.0)"
1770302523.108,577,4,"(511.0, 215.0)"
1770302523.118,577,4,"(511.0, 188.0)"
1770302523.129,577,4,"(511.0, 161.0)"
1770302523.143,577,4,"(511.0, 161.0)"
1770302523.153,577,4,"(511.0, 161.0)"
1770302523.164,577,4,"(511.0, 134.0)"
1770302523.175,577,4,"(511.0, 134.0)"
1770302523.186,577,4,"(511.0, 107.0)"
1770302523.197,577,4,"(511.0, 80.0)"
1770302523.208,577,4,"(511.0, 53.0)"
1770302523.218,577,4,"(511.0, 53.0)"
1770302523.229,577,4,"(511.0, 53.0)"
1770302523.24,577,4,"(511.0, 53.0)"
1770302523.25,577,4,"(511.0, 26.0)"
1770302523.261,577,4,"(511.0, 26.0)"
1770302523.273,577,4,"(511.0, 0.0)"
1770302523.284,577,4,"(511.0, 0.0)"
1770302523.295,577,4,"(511.0, 0.0)"
1770302523.308,577,4,"(511.0, 0.0)"
1770302523.318,577,4,"(511.0, 0.0)"
1770302523.329,577,4,"(511.0, 26.0)"
1770302523.339,577,4,"(511.0, 26.0)"
1770302523.349,577,4,"(511.0, 53.0)"
1770302523.36,577,4,"(511.0, 53.0)"
1770302523.371,577,4,"(511.0, 53.0)"
1770302523.381,577,4,"(511.0, 53.0)"
1770302523.391,577,4,"(511.0, 53.0)"
1770302523.403,577,4,"(511.0, 26.0)"
1770302523.413,577,4,"(511.0, 0.0)"
1770302523.427,577,4,"(511.0, 0.0)"
1770302523.437,577,4,"(511.0, 0.0)"
1770302523.447,577,4,"(511.0, 0.0)"
1770302523.46,577,4,"(511.0, 0.0)"
1770302523.47,577,4,"(511.0, 0.0)"
1770302523.481,577,4,"(511.0, 0.0)"
1770302523.494,577,4,"(511.0, 0.0)"
1770302523.504,577,4,"(511.0, 0.0)"
1770302523.515,577,4,"(511.0, 0.0)"
1770302523.526,577,4,"(511.0, 0.0)"
1770302523.537,577,4,"(511.0, 0.0)"
1770302523.547,577,4,"(511.0, 0.0)"
1770302523.56,577,4,"(511.0, 0.0)"
1770302523.571,577,4,"(511.0, 0.0)"
1770302523.581,577,4,"(511.0, 0.0)"
1770302523.591,577,4,"(511.0, 0.0)"
1770302523.602,577,4,"(511.0, 0.0)"
1770302523.613,577,4,"(511.0, 0.0)"
1770302523.624,577,4,"(511.0, 0.0)"
1770302523.635,577,4,"(511.0, 0.0)"
1770302523.646,577,4,"(511.0, 0.0)"
1770302523.657,577,4,"(511.0, 0.0)"
1770302523.667,577,4,"(511.0, 26.0)"
1770302523.679,577,4,"(511.0, 26.0)"
1770302523.689,577,4,"(511.0, 53.0)"
1770302523.699,577,4,"(511.0, 53.0)"
1770302523.711,577,4,"(511.0, 53.0)"
1770302523.722,577,4,"(511.0, 80.0)"
1770302523.733,577,4,"(511.0, 107.0)"
1770302523.744,577,4,"(511.0, 107.0)"
1770302523.754,577,4,"(511.0, 134.0)"
1770302523.765,577,4,"(511.0, 134.0)"
1770302523.775,577,4,"(511.0, 161.0)"
1770302523.786,577,4,"(511.0, 161.0)"
1770302523.797,577,4,"(511.0, 161.0)"
1770302523.808,577,4,"(511.0, 161.0)"
1770302523.819,577,4,"(511.0, 161.0)"
1770302523.83,577,4,"(511.0, 188.0)"
1770302523.841,577,4,"(511.0, 215.0)"
1770302523.852,577,4,"(639.0, 242.0)"
1770302523.863,577,4,"(639.0, 242.0)"
1770302523.873,577,4,"(639.0, 269.0)"
1770302523.883,577,4,"(511.0, 296.0)"
1770302523.895,577,4,"(511.0, 296.0)"
1770302523.905,577,4,"(511.0, 349.0)"
1770302523.915,577,4,"(383.0, 349.0)"
1770302523.925,577,4,"(511.0, 376.0)"
1770302523.936,577,4,"(511.0, 376.0)"
1770302523.946,577,4,"(511.0, 376.0)"
1770302523.957,577,4,"(383.0, 376.0)"
1770302523.968,577,4,"(383.0, 403.0)"
1770302523.979,577,4,"(511.0, 403.0)"
1770302523.99,577,4,"(383.0, 430.0)"
1770302524.001,577,4,"(383.0, 430.0)"
1770302524.013,577,4,"(511.0, 457.0)"
1770302524.024,577,4,"(383.0, 484.0)"
1770302524.034,577,4,"(511.0, 484.0)"
1770302524.048,577,4,"(511.0, 511.0)"
1770302524.059,577,4,"(511.0, 511.0)"
1770302524.069,577,4,"(511.0, 511.0)"
1770302524.081,577,4,"(511.0, 511.0)"
1770302524.092,577,4,"(639.0, 484.0)"
1770302524.103,577,4,"(511.0, 484.0)"
1770302524.114,577,4,"(511.0, 484.0)"
1770302524.125,577,4,"(511.0, 484.0)"
1770302524.136,577,4,"(511.0, 457.0)"
