timestamp,session_id,level_number,value
1770036060.301,196,1,"(511.0, 568.0)"
1770036060.312,196,1,"(511.0, 568.0)"
1770036060.322,196,1,"(511.0, 568.0)"
1770036060.334,196,1,"(511.0, 568.0)"
1770036060.345,196,1,"(511.0, 568.0)"
1770036060.356,196,1,"(511.0, 568.0)"
1770036060.366,196,1,"(511.0, 568.0)"
1770036060.376,196,1,"(511.0, 568.0)"
1770036060.387,196,1,"(511.0, 568.0)"
1770036060.398,196,1,"(511.0, 568.0)"
1770036060.408,196,1,"(511.0, 568.0)"
1770036060.419,196,1,"(511.0, 568.0)"
1770036060.43,196,1,"(511.0, 568.0)"
1770036060.441,196,1,"(511.0, 568.0)"
1770036060.452,196,1,"(511.0, 568.0)"
1770036060.463,196,1,"(511.0, 568.0)"
1770036060.473,196,1,"(511.0, 568.0)"
1770036060.483,196,1,"(511.0, 568.0)"
1770036060.494,196,1,"(511.0, 568.0)"
1770036060.505,196,1,"(511.0, 568.0)"
1770036060.516,196,1,"(511.0, 568.0)"
1770036060.526,196,1,"(511.0, 568.0)"
1770036060.539,196,1,"(511.0, 568.0)"
1770036060.55,196,1,"(511.0, 568.0)"
1770036060.56,196,1,"(511.0, 568.0)"
1770036060.572,196,1,"(511.0, 568.0)"
1770036060.583,196,1,"(511.0, 568.0)"
1770036060.594,196,1,"(511.0, 568.0)"
1770036060.605,196,1,"(511.0, 568.0)"
1770036060.615,196,1,"(511.0, 568.0)"
1770036060.626,196,1,"(511.0, 568.0)"
1770036060.636,196,1,"(511.0, 568.0)"
1770036060.646,196,1,"(511.0, 568.0)"
1770036060.657,196,1,"(511.0, 568.0)"
1770036060.668,196,1,"(511.0, 568.0)"
1770036060.679,196,1,"(511.0, 568.0)"
1770036060.689,196,1,"(511.0, 568.0)"
1770036060.7,196,1,"(511.0, 568.0)"
1770036060.71,196,1,"(511.0, 568.0)"
1770036060.721,196,1,"(511.0, 568.0)"
1770036060.732,196,1,"(511.0, 568.0)"
1770036060.743,196,1,"(511.0, 568.0)"
1770036060.755,196,1,"(511.0, 568.0)"
1770036060.765,196,1,"(511.0, 568.0)"
1770036060.776,196,1,"(511.0, 568.0)"
1770036060.786,196,1,"(511.0, 568.0)"
1770036060.797,196,1,"(511.0, 511.0)"
1770036060.808,196,1,"(511.0, 511.0)"
1770036060.819,196,1,"(511.0, 454.0)"
1770036060.829,196,1,"(511.0, 454.0)"
1770036060.84,196,1,"(511.0, 454.0)"
1770036060.851,196,1,"(511.0, 511.0)"
1770036060.862,196,1,"(511.0, 511.0)"
1770036060.872,196,1,"(511.0, 511.0)"
1770036060.882,196,1,"(511.0, 511.0)"
1770036060.893,196,1,"(511.0, 511.0)"
1770036060.903,196,1,"(511.0, 511.0)"
1770036060.914,196,1,"(511.0, 511.0)"
1770036060.925,196,1,"(511.0, 511.0)"
1770036060.935,196,1,"(511.0, 511.0)"
1770036060.946,196,1,"(511.0, 511.0)"
1770036060.956,196,1,"(511.0, 511.0)"
1770036060.967,196,1,"(511.0, 511.0)"
1770036060.977,196,1,"(511.0, 511.0)"
1770036060.988,196,1,"(511.0, 511.0)"
1770036060.999,196,1,"(511.0, 454.0)"
1770036061.009,196,1,"(511.0, 454.0)"
1770036061.02,196,1,"(511.0, 454.0)"
1770036061.031,196,1,"(511.0, 454.0)"
1770036061.041,196,1,"(511.0, 454.0)"
1770036061.052,196,1,"(511.0, 454.0)"
1770036061.062,196,1,"(511.0, 454.0)"
1770036061.073,196,1,"(511.0, 454.0)"
1770036061.084,196,1,"(511.0, 454.0)"
1770036061.096,196,1,"(511.0, 454.0)"
1770036061.106,196,1,"(511.0, 454.0)"
1770036061.118,196,1,"(511.0, 454.0)"
1770036061.128,196,1,"(511.0, 454.0)"
1770036061.139,196,1,"(511.0, 454.0)"
1770036061.149,196,1,"(511.0, 454.0)"
1770036061.159,196,1,"(511.0, 454.0)"
1770036061.171,196,1,"(511.0, 454.0)"
1770036061.181,196,1,"(511.0, 454.0)"
1770036061.191,196,1,"(511.0, 454.0)"
1770036061.202,196,1,"(511.0, 454.0)"
1770036061.212,196,1,"(511.0, 454.0)"
1770036061.223,196,1,"(511.0, 454.0)"
1770036061.234,196,1,"(511.0, 454.0)"
1770036061.245,196,1,"(511.0, 454.0)"
1770036061.255,196,1,"(511.0, 454.0)"
1770036061.265,196,1,"(511.0, 454.0)"
1770036061.276,196,1,"(511.0, 454.0)"
1770036061.286,196,1,"(511.0, 454.0)"
1770036061.296,196,1,"(511.0, 454.0)"
1770036061.306,196,1,"(511.0, 454.0)"
1770036061.318,196,1,"(511.0, 454.0)"
1770036061.329,196,1,"(511.0, 454.0)"
1770036061.34,196,1,"(511.0, 454.0)"
1770036061.35,196,1,"(511.0, 454.0)"
1770036061.361,196,1,"(511.0, 511.0)"
1770036061.371,196,1,"(511.0, 511.0)"
1770036061.381,196,1,"(511.0, 568.0)"
1770036061.392,196,1,"(511.0, 568.0)"
1770036061.402,196,1,"(511.0, 568.0)"
1770036061.412,196,1,"(511.0, 568.0)"
1770036061.423,196,1,"(511.0, 568.0)"
1770036061.434,196,1,"(511.0, 568.0)"
1770036061.444,196,1,"(511.0, 568.0)"
1770036061.455,196,1,"(511.0, 568.0)"
1770036061.466,196,1,"(511.0, 568.0)"
1770036061.477,196,1,"(511.0, 568.0)"
1770036061.488,196,1,"(511.0, 568.0)"
1770036061.498,196,1,"(511.0, 568.0)"
1770036061.508,196,1,"(511.0, 568.0)"
1770036061.518,196,1,"(511.0, 568.0)"
1770036061.529,196,1,"(511.0, 568.0)"
1770036061.539,196,1,"(511.0, 568.0)"
1770036061.55,196,1,"(511.0, 568.0)"
1770036061.562,196,1,"(511.0, 568.0)"
1770036061.573,196,1,"(511.0, 568.0)"
1770036061.583,196,1,"(511.0, 568.0)"
1770036061.594,196,1,"(511.0, 568.0)"
1770036061.604,196,1,"(511.0, 568.0)"
1770036061.615,196,1,"(511.0, 568.0)"
1770036061.625,196,1,"(511.0, 568.0)"
1770036061.636,196,1,"(511.0, 568.0)"
1770036061.646,196,1,"(511.0, 568.0)"
1770036061.658,196,1,"(511.0, 568.0)"
1770036061.668,196,1,"(511.0, 568.0)"
1770036061.679,196,1,"(511.0, 568.0)"
1770036061.691,196,1,"(511.0, 568.0)"
1770036061.701,196,1,"(511.0, 568.0)"
1770036061.712,196,1,"(511.0, 511.0)"
1770036061.723,196,1,"(511.0, 511.0)"
1770036061.733,196,1,"(511.0, 454.0)"
1770036061.745,196,1,"(511.0, 454.0)"
1770036061.755,196,1,"(511.0, 454.0)"
1770036061.766,196,1,"(511.0, 454.0)"
1770036061.776,196,1,"(511.0, 454.0)"
1770036061.786,196,1,"(511.0, 454.0)"
1770036061.797,196,1,"(511.0, 511.0)"
1770036061.808,196,1,"(511.0, 511.0)"
1770036061.819,196,1,"(511.0, 511.0)"
1770036061.83,196,1,"(511.0, 511.0)"
1770036061.841,196,1,"(511.0, 511.0)"
1770036061.851,196,1,"(511.0, 511.0)"
1770036061.861,196,1,"(511.0, 511.0)"
1770036061.871,196,1,"(511.0, 511.0)"
1770036061.881,196,1,"(511.0, 454.0)"
1770036061.892,196,1,"(511.0, 454.0)"
1770036061.904,196,1,"(511.0, 454.0)"
1770036061.915,196,1,"(511.0, 454.0)"
1770036061.926,196,1,"(511.0, 511.0)"
1770036061.936,196,1,"(511.0, 511.0)"
1770036061.946,196,1,"(511.0, 568.0)"
1770036061.957,196,1,"(511.0, 568.0)"
1770036061.968,196,1,"(511.0, 568.0)"
1770036061.979,196,1,"(511.0, 568.0)"
1770036061.99,196,1,"(511.0, 568.0)"
1770036062.0,196,1,"(511.0, 568.0)"
1770036062.01,196,1,"(511.0, 568.0)"
1770036062.02,196,1,"(511.0, 568.0)"
1770036062.031,196,1,"(511.0, 568.0)"
1770036062.041,196,1,"(511.0, 511.0)"
1770036062.051,196,1,"(511.0, 511.0)"
1770036062.063,196,1,"(511.0, 454.0)"
1770036062.073,196,1,"(511.0, 454.0)"
1770036062.084,196,1,"(511.0, 454.0)"
1770036062.095,196,1,"(511.0, 454.0)"
1770036062.105,196,1,"(511.0, 454.0)"
1770036062.116,196,1,"(511.0, 454.0)"
1770036062.126,196,1,"(511.0, 454.0)"
1770036062.136,196,1,"(511.0, 454.0)"
1770036062.147,196,1,"(511.0, 454.0)"
1770036062.158,196,1,"(511.0, 454.0)"
1770036062.169,196,1,"(511.0, 454.0)"
1770036062.179,196,1,"(511.0, 454.0)"
1770036062.19,196,1,"(511.0, 454.0)"
1770036062.2,196,1,"(511.0, 454.0)"
1770036062.211,196,1,"(511.0, 454.0)"
1770036062.222,196,1,"(511.0, 454.0)"
1770036062.233,196,1,"(511.0, 454.0)"
1770036062.243,196,1,"(511.0, 454.0)"
1770036062.253,196,1,"(511.0, 454.0)"
1770036062.264,196,1,"(511.0, 454.0)"
1770036062.276,196,1,"(511.0, 454.0)"
1770036062.286,196,1,"(511.0, 454.0)"
1770036062.297,196,1,"(511.0, 454.0)"
1770036062.307,196,1,"(511.0, 454.0)"
1770036062.319,196,1,"(511.0, 454.0)"
1770036062.329,196,1,"(511.0, 454.0)"
1770036062.341,196,1,"(511.0, 454.0)"
1770036062.352,196,1,"(511.0, 454.0)"
1770036062.363,196,1,"(511.0, 511.0)"
1770036062.373,196,1,"(511.0, 511.0)"
1770036062.385,196,1,"(511.0, 511.0)"
1770036062.395,196,1,"(511.0, 511.0)"
1770036062.406,196,1,"(511.0, 511.0)"
1770036062.416,196,1,"(511.0, 454.0)"
1770036062.426,196,1,"(511.0, 454.0)"
1770036062.438,196,1,"(511.0, 454.0)"
1770036062.449,196,1,"(511.0, 454.0)"
1770036062.459,196,1,"(511.0, 454.0)"
1770036062.47,196,1,"(511.0, 454.0)"
1770036062.481,196,1,"(511.0, 454.0)"
1770036062.491,196,1,"(511.0, 454.0)"
1770036062.501,196,1,"(511.0, 454.0)"
1770036062.511,196,1,"(511.0, 454.0)"
1770036062.522,196,1,"(511.0, 454.0)"
1770036062.532,196,1,"(511.0, 454.0)"
1770036062.542,196,1,"(511.0, 454.0)"
1770036062.552,196,1,"(511.0, 454.0)"
1770036062.563,196,1,"(511.0, 454.0)"
1770036062.574,196,1,"(511.0, 454.0)"
1770036062.584,196,1,"(511.0, 454.0)"
1770036062.594,196,1,"(511.0, 454.0)"
1770036062.606,196,1,"(511.0, 454.0)"
1770036062.616,196,1,"(511.0, 454.0)"
1770036062.626,196,1,"(511.0, 454.0)"
1770036062.637,196,1,"(511.0, 454.0)"
1770036062.648,196,1,"(511.0, 454.0)"
1770036062.658,196,1,"(511.0, 454.0)"
1770036062.669,196,1,"(511.0, 454.0)"
1770036062.68,196,1,"(511.0, 454.0)"
1770036062.69,196,1,"(511.0, 454.0)"
1770036062.701,196,1,"(511.0, 454.0)"
1770036062.712,196,1,"(511.0, 454.0)"
1770036062.722,196,1,"(511.0, 454.0)"
1770036062.733,196,1,"(511.0, 454.0)"
1770036062.744,196,1,"(511.0, 454.0)"
1770036062.755,196,1,"(511.0, 454.0)"
1770036062.766,196,1,"(511.0, 454.0)"
1770036062.776,196,1,"(511.0, 454.0)"
1770036062.787,196,1,"(511.0, 454.0)"
1770036062.797,196,1,"(511.0, 454.0)"
1770036062.807,196,1,"(511.0, 454.0)"
1770036062.818,196,1,"(511.0, 454.0)"
1770036062.828,196,1,"(511.0, 454.0)"
1770036062.838,196,1,"(511.0, 454.0)"
1770036062.85,196,1,"(511.0, 454.0)"
1770036062.86,196,1,"(511.0, 454.0)"
1770036062.871,196,1,"(511.0, 454.0)"
1770036062.882,196,1,"(511.0, 454.0)"
1770036062.893,196,1,"(511.0, 454.0)"
1770036062.904,196,1,"(511.0, 454.0)"
1770036062.914,196,1,"(511.0, 454.0)"
1770036062.924,196,1,"(511.0, 454.0)"
1770036062.934,196,1,"(511.0, 454.0)"
1770036062.945,196,1,"(511.0, 454.0)"
1770036062.956,196,1,"(511.0, 454.0)"
1770036062.966,196,1,"(511.0, 454.0)"
1770036062.976,196,1,"(511.0, 454.0)"
1770036062.986,196,1,"(511.0, 511.0)"
1770036062.997,196,1,"(511.0, 511.0)"
1770036063.008,196,1,"(511.0, 568.0)"
1770036063.019,196,1,"(511.0, 568.0)"
1770036063.029,196,1,"(511.0, 568.0)"
1770036063.04,196,1,"(511.0, 568.0)"
1770036063.05,196,1,"(511.0, 568.0)"
1770036063.061,196,1,"(511.0, 568.0)"
1770036063.072,196,1,"(511.0, 568.0)"
1770036063.083,196,1,"(511.0, 568.0)"
1770036063.094,196,1,"(511.0, 568.0)"
1770036063.104,196,1,"(511.0, 568.0)"
1770036063.114,196,1,"(511.0, 568.0)"
1770036063.125,196,1,"(511.0, 568.0)"
1770036063.136,196,1,"(511.0, 568.0)"
1770036063.146,196,1,"(511.0, 568.0)"
1770036063.156,196,1,"(511.0, 568.0)"
1770036063.168,196,1,"(511.0, 568.0)"
1770036063.178,196,1,"(511.0, 568.0)"
1770036063.188,196,1,"(511.0, 568.0)"
1770036063.199,196,1,"(511.0, 568.0)"
1770036063.21,196,1,"(511.0, 568.0)"
1770036063.221,196,1,"(511.0, 568.0)"
1770036063.233,196,1,"(511.0, 568.0)"
1770036063.244,196,1,"(511.0, 568.0)"
1770036063.254,196,1,"(511.0, 568.0)"
1770036063.266,196,1,"(511.0, 568.0)"
1770036063.276,196,1,"(511.0, 568.0)"
1770036063.286,196,1,"(511.0, 568.0)"
1770036063.298,196,1,"(511.0, 568.0)"
1770036063.308,196,1,"(511.0, 568.0)"
1770036067.174,196,2,"(146.0, 944.0)"
1770036067.184,196,2,"(803.0, 996.0)"
1770036067.195,196,2,"(365.0, 1023.0)"
1770036067.206,196,2,"(438.0, 1023.0)"
1770036067.216,196,2,"(219.0, 1023.0)"
1770036067.227,196,2,"(365.0, 1023.0)"
1770036067.238,196,2,"(511.0, 1023.0)"
1770036067.249,196,2,"(438.0, 1023.0)"
1770036067.259,196,2,"(438.0, 1023.0)"
1770036067.27,196,2,"(511.0, 1010.0)"
1770036067.281,196,2,"(511.0, 974.0)"
1770036067.291,196,2,"(365.0, 937.0)"
1770036067.303,196,2,"(438.0, 913.0)"
1770036067.313,196,2,"(584.0, 901.0)"
1770036067.324,196,2,"(511.0, 876.0)"
1770036067.334,196,2,"(584.0, 876.0)"
1770036067.345,196,2,"(511.0, 852.0)"
1770036067.357,196,2,"(511.0, 840.0)"
1770036067.368,196,2,"(219.0, 828.0)"
1770036067.379,196,2,"(365.0, 828.0)"
1770036067.389,196,2,"(292.0, 840.0)"
1770036067.399,196,2,"(511.0, 852.0)"
1770036067.409,196,2,"(511.0, 852.0)"
1770036067.419,196,2,"(730.0, 840.0)"
1770036067.431,196,2,"(584.0, 803.0)"
1770036067.442,196,2,"(365.0, 779.0)"
1770036067.452,196,2,"(219.0, 767.0)"
1770036067.463,196,2,"(365.0, 779.0)"
1770036067.474,196,2,"(511.0, 791.0)"
1770036067.485,196,2,"(511.0, 791.0)"
1770036067.496,196,2,"(438.0, 779.0)"
1770036067.508,196,2,"(511.0, 767.0)"
1770036067.518,196,2,"(511.0, 755.0)"
1770036067.529,196,2,"(438.0, 767.0)"
1770036067.539,196,2,"(438.0, 779.0)"
1770036067.551,196,2,"(365.0, 779.0)"
1770036067.561,196,2,"(511.0, 767.0)"
1770036067.572,196,2,"(657.0, 767.0)"
1770036067.582,196,2,"(511.0, 767.0)"
1770036067.594,196,2,"(511.0, 779.0)"
1770036067.604,196,2,"(438.0, 791.0)"
1770036067.614,196,2,"(365.0, 779.0)"
1770036067.625,196,2,"(438.0, 767.0)"
1770036067.636,196,2,"(584.0, 730.0)"
1770036067.646,196,2,"(438.0, 706.0)"
1770036067.658,196,2,"(365.0, 694.0)"
1770036067.668,196,2,"(438.0, 694.0)"
1770036067.679,196,2,"(511.0, 694.0)"
1770036067.69,196,2,"(511.0, 694.0)"
1770036067.7,196,2,"(511.0, 682.0)"
1770036067.711,196,2,"(365.0, 669.0)"
1770036067.722,196,2,"(365.0, 657.0)"
1770036067.733,196,2,"(365.0, 657.0)"
1770036067.743,196,2,"(438.0, 645.0)"
1770036067.755,196,2,"(438.0, 657.0)"
1770036067.765,196,2,"(511.0, 669.0)"
1770036067.775,196,2,"(803.0, 669.0)"
1770036067.786,196,2,"(511.0, 682.0)"
1770036067.796,196,2,"(949.0, 682.0)"
1770036067.806,196,2,"(613.0, 694.0)"
1770036067.818,196,2,"(319.0, 718.0)"
1770036067.828,196,2,"(511.0, 755.0)"
1770036067.839,196,2,"(511.0, 779.0)"
1770036067.849,196,2,"(63.0, 791.0)"
1770036067.86,196,2,"(511.0, 791.0)"
1770036067.87,196,2,"(447.0, 791.0)"
1770036067.881,196,2,"(511.0, 791.0)"
1770036067.891,196,2,"(639.0, 791.0)"
1770036067.903,196,2,"(575.0, 791.0)"
1770036067.914,196,2,"(511.0, 791.0)"
1770036067.925,196,2,"(447.0, 791.0)"
1770036067.935,196,2,"(447.0, 791.0)"
1770036067.945,196,2,"(383.0, 803.0)"
1770036067.956,196,2,"(575.0, 828.0)"
1770036067.967,196,2,"(703.0, 852.0)"
1770036067.977,196,2,"(767.0, 852.0)"
1770036067.988,196,2,"(575.0, 852.0)"
1770036067.998,196,2,"(511.0, 840.0)"
1770036068.01,196,2,"(447.0, 840.0)"
1770036068.021,196,2,"(511.0, 828.0)"
1770036068.032,196,2,"(447.0, 803.0)"
1770036068.042,196,2,"(639.0, 791.0)"
1770036068.053,196,2,"(575.0, 779.0)"
1770036068.064,196,2,"(575.0, 767.0)"
1770036068.074,196,2,"(575.0, 742.0)"
1770036068.086,196,2,"(703.0, 718.0)"
1770036068.096,196,2,"(511.0, 694.0)"
1770036068.108,196,2,"(511.0, 682.0)"
1770036068.119,196,2,"(511.0, 669.0)"
1770036068.129,196,2,"(575.0, 669.0)"
1770036068.14,196,2,"(639.0, 682.0)"
1770036068.15,196,2,"(575.0, 706.0)"
1770036068.161,196,2,"(575.0, 706.0)"
1770036068.172,196,2,"(831.0, 730.0)"
1770036068.182,196,2,"(319.0, 730.0)"
1770036068.193,196,2,"(383.0, 730.0)"
1770036068.204,196,2,"(447.0, 718.0)"
1770036068.214,196,2,"(319.0, 694.0)"
1770036068.225,196,2,"(447.0, 682.0)"
1770036068.235,196,2,"(511.0, 669.0)"
1770036068.246,196,2,"(575.0, 657.0)"
1770036068.256,196,2,"(575.0, 657.0)"
1770036068.266,196,2,"(511.0, 657.0)"
1770036068.277,196,2,"(511.0, 657.0)"
1770036068.288,196,2,"(511.0, 657.0)"
1770036068.298,196,2,"(575.0, 669.0)"
1770036068.309,196,2,"(511.0, 682.0)"
1770036068.319,196,2,"(575.0, 694.0)"
1770036068.331,196,2,"(511.0, 718.0)"
1770036068.341,196,2,"(511.0, 730.0)"
1770036068.352,196,2,"(511.0, 742.0)"
1770036068.363,196,2,"(575.0, 755.0)"
1770036068.373,196,2,"(831.0, 767.0)"
1770036068.384,196,2,"(639.0, 767.0)"
1770036068.394,196,2,"(447.0, 755.0)"
1770036068.405,196,2,"(511.0, 742.0)"
1770036068.416,196,2,"(447.0, 730.0)"
1770036068.426,196,2,"(383.0, 718.0)"
1770036068.436,196,2,"(447.0, 706.0)"
1770036068.447,196,2,"(511.0, 706.0)"
1770036068.458,196,2,"(511.0, 718.0)"
1770036068.468,196,2,"(447.0, 730.0)"
1770036068.48,196,2,"(383.0, 742.0)"
1770036068.491,196,2,"(511.0, 730.0)"
1770036068.501,196,2,"(447.0, 730.0)"
1770036068.511,196,2,"(575.0, 718.0)"
1770036068.522,196,2,"(319.0, 718.0)"
1770036068.532,196,2,"(511.0, 718.0)"
1770036068.543,196,2,"(383.0, 718.0)"
1770036068.554,196,2,"(447.0, 706.0)"
1770036068.567,196,2,"(511.0, 706.0)"
1770036068.577,196,2,"(511.0, 669.0)"
1770036068.588,196,2,"(511.0, 645.0)"
1770036068.599,196,2,"(639.0, 633.0)"
1770036068.609,196,2,"(639.0, 596.0)"
1770036068.619,196,2,"(511.0, 572.0)"
1770036068.631,196,2,"(511.0, 560.0)"
1770036068.642,196,2,"(575.0, 560.0)"
1770036068.653,196,2,"(511.0, 548.0)"
1770036068.664,196,2,"(575.0, 548.0)"
1770036068.674,196,2,"(511.0, 535.0)"
1770036068.684,196,2,"(447.0, 535.0)"
1770036068.694,196,2,"(575.0, 523.0)"
1770036068.704,196,2,"(319.0, 511.0)"
1770036068.715,196,2,"(511.0, 511.0)"
1770036068.726,196,2,"(511.0, 487.0)"
1770036068.737,196,2,"(511.0, 474.0)"
1770036068.748,196,2,"(511.0, 462.0)"
1770036068.758,196,2,"(511.0, 462.0)"
1770036068.768,196,2,"(511.0, 462.0)"
1770036068.779,196,2,"(511.0, 450.0)"
1770036068.79,196,2,"(511.0, 438.0)"
1770036068.801,196,2,"(511.0, 426.0)"
1770036068.812,196,2,"(511.0, 401.0)"
1770036068.822,196,2,"(447.0, 401.0)"
1770036068.832,196,2,"(703.0, 401.0)"
1770036068.843,196,2,"(575.0, 426.0)"
1770036068.854,196,2,"(511.0, 438.0)"
1770036068.864,196,2,"(575.0, 462.0)"
1770036068.875,196,2,"(575.0, 474.0)"
1770036068.886,196,2,"(511.0, 474.0)"
1770036068.896,196,2,"(511.0, 487.0)"
1770036068.906,196,2,"(511.0, 487.0)"
1770036068.917,196,2,"(383.0, 487.0)"
1770036068.927,196,2,"(383.0, 499.0)"
1770036068.939,196,2,"(511.0, 511.0)"
1770036068.95,196,2,"(447.0, 535.0)"
1770036068.961,196,2,"(511.0, 535.0)"
1770036068.971,196,2,"(511.0, 548.0)"
1770036068.983,196,2,"(639.0, 560.0)"
1770036068.993,196,2,"(447.0, 572.0)"
1770036069.003,196,2,"(575.0, 584.0)"
1770036069.014,196,2,"(575.0, 584.0)"
1770036069.024,196,2,"(511.0, 584.0)"
1770036069.035,196,2,"(511.0, 584.0)"
1770036069.046,196,2,"(511.0, 584.0)"
1770036069.056,196,2,"(447.0, 584.0)"
1770036069.067,196,2,"(511.0, 584.0)"
1770036069.077,196,2,"(511.0, 572.0)"
1770036069.087,196,2,"(703.0, 560.0)"
1770036069.1,196,2,"(703.0, 548.0)"
1770036069.111,196,2,"(575.0, 535.0)"
1770036069.121,196,2,"(511.0, 548.0)"
1770036069.132,196,2,"(639.0, 548.0)"
1770036069.143,196,2,"(575.0, 548.0)"
1770036069.153,196,2,"(511.0, 535.0)"
1770036069.164,196,2,"(447.0, 535.0)"
1770036069.174,196,2,"(511.0, 523.0)"
1770036069.184,196,2,"(511.0, 511.0)"
1770036069.196,196,2,"(511.0, 487.0)"
1770036069.206,196,2,"(575.0, 462.0)"
1770036069.217,196,2,"(575.0, 438.0)"
1770036069.227,196,2,"(511.0, 426.0)"
1770036069.238,196,2,"(575.0, 426.0)"
1770036069.249,196,2,"(639.0, 414.0)"
1770036069.259,196,2,"(511.0, 426.0)"
1770036069.27,196,2,"(447.0, 426.0)"
1770036069.281,196,2,"(639.0, 450.0)"
1770036069.292,196,2,"(575.0, 462.0)"
1770036069.303,196,2,"(511.0, 474.0)"
1770036069.314,196,2,"(639.0, 499.0)"
1770036069.325,196,2,"(511.0, 511.0)"
1770036069.335,196,2,"(575.0, 535.0)"
1770036069.345,196,2,"(511.0, 548.0)"
1770036069.356,196,2,"(511.0, 535.0)"
1770036069.366,196,2,"(511.0, 511.0)"
1770036069.376,196,2,"(511.0, 487.0)"
1770036069.387,196,2,"(511.0, 462.0)"
1770036069.397,196,2,"(511.0, 462.0)"
1770036069.408,196,2,"(575.0, 462.0)"
1770036069.418,196,2,"(447.0, 462.0)"
1770036069.429,196,2,"(575.0, 474.0)"
1770036069.439,196,2,"(511.0, 487.0)"
1770036069.452,196,2,"(447.0, 511.0)"
1770036069.462,196,2,"(447.0, 523.0)"
1770036069.472,196,2,"(511.0, 535.0)"
1770036069.483,196,2,"(575.0, 523.0)"
1770036069.494,196,2,"(511.0, 523.0)"
1770036069.504,196,2,"(447.0, 511.0)"
1770036069.514,196,2,"(511.0, 511.0)"
1770036069.526,196,2,"(447.0, 511.0)"
1770036069.536,196,2,"(447.0, 523.0)"
1770036069.546,196,2,"(511.0, 523.0)"
1770036069.556,196,2,"(575.0, 511.0)"
1770036069.568,196,2,"(511.0, 499.0)"
1770036069.578,196,2,"(383.0, 499.0)"
1770036069.588,196,2,"(447.0, 474.0)"
1770036069.599,196,2,"(511.0, 474.0)"
1770036069.61,196,2,"(511.0, 462.0)"
1770036069.62,196,2,"(575.0, 474.0)"
1770036069.63,196,2,"(639.0, 487.0)"
1770036069.64,196,2,"(511.0, 511.0)"
1770036069.651,196,2,"(383.0, 535.0)"
1770036069.661,196,2,"(511.0, 548.0)"
1770036069.672,196,2,"(383.0, 560.0)"
1770036069.682,196,2,"(511.0, 548.0)"
1770036069.694,196,2,"(575.0, 535.0)"
1770036069.705,196,2,"(511.0, 535.0)"
1770036069.717,196,2,"(447.0, 535.0)"
1770036069.727,196,2,"(575.0, 535.0)"
1770036069.737,196,2,"(447.0, 535.0)"
1770036069.747,196,2,"(639.0, 535.0)"
1770036069.758,196,2,"(575.0, 535.0)"
1770036069.768,196,2,"(511.0, 548.0)"
1770036069.778,196,2,"(383.0, 560.0)"
1770036069.789,196,2,"(383.0, 560.0)"
1770036069.8,196,2,"(511.0, 560.0)"
1770036069.81,196,2,"(447.0, 560.0)"
1770036069.821,196,2,"(511.0, 560.0)"
1770036069.832,196,2,"(639.0, 560.0)"
1770036069.842,196,2,"(511.0, 572.0)"
1770036069.853,196,2,"(703.0, 572.0)"
1770036069.864,196,2,"(511.0, 596.0)"
1770036069.874,196,2,"(511.0, 596.0)"
1770036069.885,196,2,"(575.0, 596.0)"
1770036069.895,196,2,"(639.0, 584.0)"
1770036069.906,196,2,"(383.0, 584.0)"
1770036069.916,196,2,"(575.0, 584.0)"
1770036069.926,196,2,"(575.0, 584.0)"
1770036069.937,196,2,"(511.0, 584.0)"
1770036069.947,196,2,"(511.0, 584.0)"
1770036069.957,196,2,"(511.0, 572.0)"
1770036069.968,196,2,"(511.0, 560.0)"
1770036069.979,196,2,"(447.0, 548.0)"
1770036069.99,196,2,"(511.0, 523.0)"
1770036070.0,196,2,"(511.0, 523.0)"
1770036070.011,196,2,"(511.0, 499.0)"
1770036070.021,196,2,"(511.0, 487.0)"
1770036070.031,196,2,"(575.0, 462.0)"
1770036070.042,196,2,"(447.0, 450.0)"
1770036070.052,196,2,"(447.0, 450.0)"
1770036070.062,196,2,"(511.0, 438.0)"
1770036070.073,196,2,"(447.0, 426.0)"
1770036070.084,196,2,"(447.0, 414.0)"
1770036070.095,196,2,"(511.0, 401.0)"
1770036070.106,196,2,"(511.0, 389.0)"
1770036070.116,196,2,"(511.0, 365.0)"
1770036070.126,196,2,"(511.0, 365.0)"
1770036070.137,196,2,"(511.0, 353.0)"
1770036070.148,196,2,"(575.0, 341.0)"
1770036070.158,196,2,"(575.0, 328.0)"
1770036070.17,196,2,"(447.0, 328.0)"
1770036070.18,196,2,"(447.0, 316.0)"
1770036074.348,196,3,"(511.0, 182.0)"
1770036074.359,196,3,"(511.0, 170.0)"
1770036074.37,196,3,"(511.0, 170.0)"
1770036074.382,196,3,"(511.0, 170.0)"
1770036074.393,196,3,"(511.0, 170.0)"
1770036074.404,196,3,"(511.0, 170.0)"
1770036074.414,196,3,"(511.0, 170.0)"
1770036074.424,196,3,"(511.0, 170.0)"
1770036074.435,196,3,"(511.0, 170.0)"
1770036074.445,196,3,"(511.0, 170.0)"
1770036074.455,196,3,"(511.0, 170.0)"
1770036074.466,196,3,"(511.0, 170.0)"
1770036074.476,196,3,"(511.0, 170.0)"
1770036074.487,196,3,"(511.0, 158.0)"
1770036074.498,196,3,"(511.0, 158.0)"
1770036074.508,196,3,"(511.0, 158.0)"
1770036074.519,196,3,"(511.0, 158.0)"
1770036074.529,196,3,"(511.0, 170.0)"
1770036074.54,196,3,"(511.0, 170.0)"
1770036074.55,196,3,"(511.0, 170.0)"
1770036074.562,196,3,"(511.0, 170.0)"
1770036074.573,196,3,"(511.0, 158.0)"
1770036074.583,196,3,"(511.0, 158.0)"
1770036074.594,196,3,"(511.0, 146.0)"
1770036074.604,196,3,"(511.0, 146.0)"
1770036074.614,196,3,"(511.0, 146.0)"
1770036074.626,196,3,"(511.0, 158.0)"
1770036074.636,196,3,"(511.0, 158.0)"
1770036074.646,196,3,"(511.0, 158.0)"
1770036074.657,196,3,"(511.0, 158.0)"
1770036074.667,196,3,"(511.0, 170.0)"
1770036074.679,196,3,"(511.0, 170.0)"
1770036074.689,196,3,"(511.0, 170.0)"
1770036074.699,196,3,"(511.0, 170.0)"
1770036074.711,196,3,"(511.0, 170.0)"
1770036074.721,196,3,"(511.0, 170.0)"
1770036074.732,196,3,"(511.0, 170.0)"
1770036074.743,196,3,"(511.0, 170.0)"
1770036074.754,196,3,"(511.0, 170.0)"
1770036074.764,196,3,"(511.0, 170.0)"
1770036074.776,196,3,"(511.0, 170.0)"
1770036074.787,196,3,"(511.0, 170.0)"
1770036074.797,196,3,"(511.0, 170.0)"
1770036074.808,196,3,"(511.0, 170.0)"
1770036074.818,196,3,"(511.0, 170.0)"
1770036074.828,196,3,"(511.0, 170.0)"
1770036074.838,196,3,"(511.0, 170.0)"
1770036074.849,196,3,"(511.0, 170.0)"
1770036074.859,196,3,"(511.0, 170.0)"
1770036074.869,196,3,"(511.0, 170.0)"
1770036074.881,196,3,"(511.0, 182.0)"
1770036074.892,196,3,"(511.0, 194.0)"
1770036074.902,196,3,"(511.0, 194.0)"
1770036074.913,196,3,"(511.0, 182.0)"
1770036074.923,196,3,"(511.0, 182.0)"
1770036074.933,196,3,"(511.0, 170.0)"
1770036074.943,196,3,"(511.0, 170.0)"
1770036074.953,196,3,"(511.0, 170.0)"
1770036074.965,196,3,"(511.0, 170.0)"
1770036074.976,196,3,"(511.0, 170.0)"
1770036074.987,196,3,"(511.0, 170.0)"
1770036074.999,196,3,"(511.0, 170.0)"
1770036075.009,196,3,"(511.0, 170.0)"
1770036075.02,196,3,"(511.0, 170.0)"
1770036075.032,196,3,"(511.0, 170.0)"
1770036075.042,196,3,"(511.0, 170.0)"
1770036075.052,196,3,"(511.0, 170.0)"
1770036075.063,196,3,"(511.0, 182.0)"
1770036075.073,196,3,"(511.0, 182.0)"
1770036075.083,196,3,"(511.0, 194.0)"
1770036075.093,196,3,"(511.0, 194.0)"
1770036075.104,196,3,"(511.0, 194.0)"
1770036075.114,196,3,"(511.0, 194.0)"
1770036075.124,196,3,"(511.0, 194.0)"
1770036075.135,196,3,"(511.0, 194.0)"
1770036075.145,196,3,"(511.0, 194.0)"
1770036075.156,196,3,"(511.0, 194.0)"
1770036075.166,196,3,"(511.0, 194.0)"
1770036075.177,196,3,"(511.0, 207.0)"
1770036075.187,196,3,"(511.0, 207.0)"
1770036075.199,196,3,"(511.0, 219.0)"
1770036075.209,196,3,"(511.0, 219.0)"
1770036075.219,196,3,"(511.0, 219.0)"
1770036075.23,196,3,"(511.0, 219.0)"
1770036075.24,196,3,"(511.0, 231.0)"
1770036075.251,196,3,"(511.0, 231.0)"
1770036075.262,196,3,"(511.0, 243.0)"
1770036075.272,196,3,"(511.0, 243.0)"
1770036075.282,196,3,"(511.0, 243.0)"
1770036075.293,196,3,"(511.0, 243.0)"
1770036075.303,196,3,"(511.0, 243.0)"
1770036075.316,196,3,"(511.0, 243.0)"
1770036075.326,196,3,"(511.0, 243.0)"
1770036075.336,196,3,"(511.0, 243.0)"
1770036075.347,196,3,"(511.0, 243.0)"
1770036075.357,196,3,"(511.0, 243.0)"
1770036075.368,196,3,"(511.0, 231.0)"
1770036075.379,196,3,"(511.0, 231.0)"
1770036075.389,196,3,"(511.0, 219.0)"
1770036075.4,196,3,"(511.0, 219.0)"
1770036075.411,196,3,"(511.0, 219.0)"
1770036075.421,196,3,"(511.0, 207.0)"
1770036075.431,196,3,"(511.0, 207.0)"
1770036075.442,196,3,"(511.0, 194.0)"
1770036075.452,196,3,"(511.0, 194.0)"
1770036075.463,196,3,"(511.0, 194.0)"
1770036075.474,196,3,"(511.0, 194.0)"
1770036075.485,196,3,"(511.0, 194.0)"
1770036075.495,196,3,"(511.0, 194.0)"
1770036075.506,196,3,"(511.0, 194.0)"
1770036075.516,196,3,"(511.0, 194.0)"
1770036075.526,196,3,"(511.0, 182.0)"
1770036075.536,196,3,"(511.0, 182.0)"
1770036075.547,196,3,"(511.0, 170.0)"
1770036075.557,196,3,"(511.0, 170.0)"
1770036075.568,196,3,"(511.0, 170.0)"
1770036075.578,196,3,"(511.0, 170.0)"
1770036075.589,196,3,"(511.0, 170.0)"
1770036075.599,196,3,"(511.0, 170.0)"
1770036075.61,196,3,"(511.0, 170.0)"
1770036075.62,196,3,"(511.0, 170.0)"
1770036075.631,196,3,"(511.0, 170.0)"
1770036075.641,196,3,"(511.0, 170.0)"
1770036075.652,196,3,"(511.0, 170.0)"
1770036075.662,196,3,"(511.0, 170.0)"
1770036075.673,196,3,"(511.0, 170.0)"
1770036075.683,196,3,"(511.0, 170.0)"
1770036075.693,196,3,"(511.0, 170.0)"
1770036075.704,196,3,"(511.0, 170.0)"
1770036075.715,196,3,"(511.0, 170.0)"
1770036075.725,196,3,"(511.0, 170.0)"
1770036075.736,196,3,"(511.0, 170.0)"
1770036075.747,196,3,"(511.0, 170.0)"
1770036075.757,196,3,"(511.0, 170.0)"
1770036075.768,196,3,"(511.0, 170.0)"
1770036075.778,196,3,"(511.0, 170.0)"
1770036075.789,196,3,"(511.0, 170.0)"
1770036075.799,196,3,"(511.0, 170.0)"
1770036075.81,196,3,"(511.0, 170.0)"
1770036075.82,196,3,"(511.0, 170.0)"
1770036075.832,196,3,"(511.0, 170.0)"
1770036075.842,196,3,"(511.0, 170.0)"
1770036075.854,196,3,"(511.0, 170.0)"
1770036075.866,196,3,"(511.0, 170.0)"
1770036075.876,196,3,"(511.0, 170.0)"
1770036075.887,196,3,"(511.0, 170.0)"
1770036075.897,196,3,"(511.0, 170.0)"
1770036075.908,196,3,"(511.0, 170.0)"
1770036075.918,196,3,"(511.0, 170.0)"
1770036075.929,196,3,"(511.0, 170.0)"
1770036075.939,196,3,"(511.0, 170.0)"
1770036075.95,196,3,"(511.0, 170.0)"
1770036075.96,196,3,"(511.0, 170.0)"
1770036075.971,196,3,"(511.0, 170.0)"
1770036075.981,196,3,"(511.0, 170.0)"
1770036075.991,196,3,"(511.0, 170.0)"
1770036076.003,196,3,"(511.0, 170.0)"
1770036076.013,196,3,"(511.0, 170.0)"
1770036076.023,196,3,"(511.0, 170.0)"
1770036076.033,196,3,"(511.0, 170.0)"
1770036076.044,196,3,"(511.0, 170.0)"
1770036076.054,196,3,"(511.0, 170.0)"
1770036076.065,196,3,"(511.0, 170.0)"
1770036076.075,196,3,"(511.0, 170.0)"
1770036076.086,196,3,"(511.0, 170.0)"
1770036076.097,196,3,"(511.0, 170.0)"
1770036076.108,196,3,"(511.0, 170.0)"
1770036076.119,196,3,"(511.0, 170.0)"
1770036076.129,196,3,"(511.0, 170.0)"
1770036076.139,196,3,"(511.0, 170.0)"
1770036076.15,196,3,"(511.0, 170.0)"
1770036076.16,196,3,"(511.0, 170.0)"
1770036076.171,196,3,"(511.0, 158.0)"
1770036076.181,196,3,"(511.0, 158.0)"
1770036076.192,196,3,"(511.0, 146.0)"
1770036076.204,196,3,"(511.0, 146.0)"
1770036076.216,196,3,"(511.0, 146.0)"
1770036076.227,196,3,"(511.0, 146.0)"
1770036076.238,196,3,"(511.0, 146.0)"
1770036076.248,196,3,"(511.0, 146.0)"
1770036076.258,196,3,"(511.0, 146.0)"
1770036076.269,196,3,"(511.0, 146.0)"
1770036076.279,196,3,"(511.0, 146.0)"
1770036076.289,196,3,"(511.0, 146.0)"
1770036076.3,196,3,"(511.0, 146.0)"
1770036076.311,196,3,"(511.0, 146.0)"
1770036076.321,196,3,"(511.0, 146.0)"
1770036076.331,196,3,"(511.0, 146.0)"
1770036076.343,196,3,"(511.0, 133.0)"
1770036076.353,196,3,"(511.0, 133.0)"
1770036076.363,196,3,"(511.0, 121.0)"
1770036076.373,196,3,"(511.0, 121.0)"
1770036076.384,196,3,"(511.0, 121.0)"
1770036076.394,196,3,"(511.0, 121.0)"
1770036076.404,196,3,"(511.0, 121.0)"
1770036076.415,196,3,"(511.0, 121.0)"
1770036076.426,196,3,"(511.0, 121.0)"
1770036076.436,196,3,"(511.0, 121.0)"
1770036076.446,196,3,"(511.0, 133.0)"
1770036076.457,196,3,"(511.0, 133.0)"
1770036076.468,196,3,"(511.0, 146.0)"
1770036076.479,196,3,"(511.0, 146.0)"
1770036076.489,196,3,"(511.0, 146.0)"
1770036076.5,196,3,"(511.0, 146.0)"
1770036076.51,196,3,"(511.0, 146.0)"
1770036076.521,196,3,"(511.0, 146.0)"
1770036076.531,196,3,"(511.0, 146.0)"
1770036076.542,196,3,"(511.0, 146.0)"
1770036076.552,196,3,"(511.0, 146.0)"
1770036076.563,196,3,"(511.0, 146.0)"
1770036076.573,196,3,"(511.0, 146.0)"
1770036076.583,196,3,"(511.0, 158.0)"
1770036076.594,196,3,"(511.0, 158.0)"
1770036076.605,196,3,"(511.0, 170.0)"
1770036076.615,196,3,"(511.0, 170.0)"
1770036076.625,196,3,"(511.0, 170.0)"
1770036076.637,196,3,"(511.0, 170.0)"
1770036076.647,196,3,"(511.0, 170.0)"
1770036076.657,196,3,"(511.0, 170.0)"
1770036076.668,196,3,"(511.0, 170.0)"
1770036076.679,196,3,"(511.0, 170.0)"
1770036076.689,196,3,"(511.0, 170.0)"
1770036076.7,196,3,"(511.0, 170.0)"
1770036076.711,196,3,"(511.0, 170.0)"
1770036076.722,196,3,"(511.0, 170.0)"
1770036076.733,196,3,"(511.0, 170.0)"
1770036076.744,196,3,"(511.0, 170.0)"
1770036076.755,196,3,"(511.0, 170.0)"
1770036076.765,196,3,"(511.0, 170.0)"
1770036076.776,196,3,"(511.0, 170.0)"
1770036076.786,196,3,"(511.0, 170.0)"
1770036076.796,196,3,"(511.0, 170.0)"
1770036076.806,196,3,"(511.0, 170.0)"
1770036076.817,196,3,"(511.0, 170.0)"
1770036076.828,196,3,"(511.0, 170.0)"
1770036076.838,196,3,"(511.0, 170.0)"
1770036076.849,196,3,"(511.0, 170.0)"
1770036076.859,196,3,"(511.0, 170.0)"
1770036076.87,196,3,"(511.0, 170.0)"
1770036076.88,196,3,"(511.0, 170.0)"
1770036076.89,196,3,"(511.0, 170.0)"
1770036076.901,196,3,"(511.0, 170.0)"
1770036076.912,196,3,"(511.0, 170.0)"
1770036076.923,196,3,"(511.0, 170.0)"
1770036076.933,196,3,"(511.0, 170.0)"
1770036076.944,196,3,"(511.0, 170.0)"
1770036076.955,196,3,"(511.0, 170.0)"
1770036076.966,196,3,"(511.0, 170.0)"
1770036076.976,196,3,"(511.0, 170.0)"
1770036076.986,196,3,"(511.0, 170.0)"
1770036076.997,196,3,"(511.0, 170.0)"
1770036077.007,196,3,"(511.0, 170.0)"
1770036077.017,196,3,"(511.0, 170.0)"
1770036077.027,196,3,"(511.0, 170.0)"
1770036077.038,196,3,"(511.0, 170.0)"
1770036077.048,196,3,"(511.0, 170.0)"
1770036077.059,196,3,"(511.0, 170.0)"
1770036077.07,196,3,"(511.0, 170.0)"
1770036077.081,196,3,"(511.0, 170.0)"
1770036077.091,196,3,"(511.0, 170.0)"
1770036077.101,196,3,"(511.0, 170.0)"
1770036077.112,196,3,"(511.0, 170.0)"
1770036077.123,196,3,"(511.0, 170.0)"
1770036077.134,196,3,"(511.0, 170.0)"
1770036077.144,196,3,"(511.0, 170.0)"
1770036077.154,196,3,"(511.0, 170.0)"
1770036077.165,196,3,"(511.0, 170.0)"
1770036077.176,196,3,"(511.0, 170.0)"
1770036077.188,196,3,"(511.0, 170.0)"
1770036077.198,196,3,"(511.0, 170.0)"
1770036077.209,196,3,"(511.0, 170.0)"
1770036077.219,196,3,"(511.0, 170.0)"
1770036077.23,196,3,"(511.0, 170.0)"
1770036077.24,196,3,"(511.0, 170.0)"
1770036077.253,196,3,"(511.0, 170.0)"
1770036077.263,196,3,"(511.0, 170.0)"
1770036077.274,196,3,"(511.0, 170.0)"
1770036077.285,196,3,"(511.0, 170.0)"
1770036077.295,196,3,"(511.0, 170.0)"
1770036077.305,196,3,"(511.0, 170.0)"
1770036077.316,196,3,"(511.0, 170.0)"
1770036077.327,196,3,"(511.0, 170.0)"
1770036077.337,196,3,"(511.0, 170.0)"
1770036077.347,196,3,"(511.0, 170.0)"
1770036077.357,196,3,"(511.0, 170.0)"
1770036080.639,196,4,"(511.0, 231.0)"
1770036080.649,196,4,"(511.0, 231.0)"
1770036080.66,196,4,"(511.0, 231.0)"
1770036080.67,196,4,"(511.0, 231.0)"
1770036080.68,196,4,"(511.0, 231.0)"
1770036080.69,196,4,"(511.0, 231.0)"
1770036080.701,196,4,"(511.0, 219.0)"
1770036080.711,196,4,"(511.0, 219.0)"
1770036080.722,196,4,"(511.0, 219.0)"
1770036080.733,196,4,"(511.0, 219.0)"
1770036080.743,196,4,"(447.0, 219.0)"
1770036080.754,196,4,"(511.0, 231.0)"
1770036080.765,196,4,"(511.0, 243.0)"
1770036080.775,196,4,"(511.0, 255.0)"
1770036080.785,196,4,"(447.0, 267.0)"
1770036080.796,196,4,"(447.0, 280.0)"
1770036080.807,196,4,"(511.0, 292.0)"
1770036080.818,196,4,"(575.0, 292.0)"
1770036080.829,196,4,"(575.0, 292.0)"
1770036080.839,196,4,"(511.0, 304.0)"
1770036080.85,196,4,"(447.0, 316.0)"
1770036080.861,196,4,"(447.0, 316.0)"
1770036080.871,196,4,"(447.0, 316.0)"
1770036080.882,196,4,"(511.0, 316.0)"
1770036080.893,196,4,"(511.0, 328.0)"
1770036080.904,196,4,"(511.0, 328.0)"
1770036080.915,196,4,"(511.0, 341.0)"
1770036080.925,196,4,"(575.0, 341.0)"
1770036080.936,196,4,"(511.0, 341.0)"
1770036080.946,196,4,"(511.0, 341.0)"
1770036080.959,196,4,"(511.0, 341.0)"
1770036080.969,196,4,"(511.0, 341.0)"
1770036080.98,196,4,"(511.0, 341.0)"
1770036080.992,196,4,"(511.0, 341.0)"
1770036081.004,196,4,"(511.0, 328.0)"
1770036081.016,196,4,"(511.0, 316.0)"
1770036081.026,196,4,"(511.0, 304.0)"
1770036081.036,196,4,"(511.0, 280.0)"
1770036081.046,196,4,"(511.0, 267.0)"
1770036081.058,196,4,"(511.0, 267.0)"
1770036081.068,196,4,"(511.0, 280.0)"
1770036081.079,196,4,"(511.0, 280.0)"
1770036081.09,196,4,"(511.0, 267.0)"
1770036081.1,196,4,"(511.0, 267.0)"
1770036081.11,196,4,"(511.0, 267.0)"
1770036081.12,196,4,"(511.0, 267.0)"
1770036081.131,196,4,"(511.0, 255.0)"
1770036081.142,196,4,"(511.0, 255.0)"
1770036081.153,196,4,"(511.0, 243.0)"
1770036081.163,196,4,"(511.0, 243.0)"
1770036081.174,196,4,"(511.0, 243.0)"
1770036081.184,196,4,"(511.0, 243.0)"
1770036081.194,196,4,"(511.0, 243.0)"
1770036081.207,196,4,"(511.0, 231.0)"
1770036081.217,196,4,"(511.0, 231.0)"
1770036081.228,196,4,"(511.0, 231.0)"
1770036081.239,196,4,"(511.0, 231.0)"
1770036081.249,196,4,"(511.0, 219.0)"
1770036081.26,196,4,"(511.0, 219.0)"
1770036081.27,196,4,"(511.0, 219.0)"
1770036081.28,196,4,"(511.0, 231.0)"
1770036081.29,196,4,"(511.0, 231.0)"
1770036081.302,196,4,"(511.0, 243.0)"
1770036081.314,196,4,"(511.0, 231.0)"
1770036081.325,196,4,"(511.0, 231.0)"
1770036081.335,196,4,"(511.0, 219.0)"
1770036081.345,196,4,"(511.0, 207.0)"
1770036081.356,196,4,"(511.0, 207.0)"
1770036081.366,196,4,"(511.0, 194.0)"
1770036081.376,196,4,"(511.0, 194.0)"
1770036081.386,196,4,"(511.0, 194.0)"
1770036081.397,196,4,"(511.0, 182.0)"
1770036081.408,196,4,"(511.0, 182.0)"
1770036081.418,196,4,"(511.0, 182.0)"
1770036081.429,196,4,"(511.0, 182.0)"
1770036081.439,196,4,"(511.0, 194.0)"
1770036081.449,196,4,"(511.0, 194.0)"
1770036081.46,196,4,"(511.0, 207.0)"
1770036081.47,196,4,"(511.0, 207.0)"
1770036081.481,196,4,"(511.0, 219.0)"
1770036081.491,196,4,"(511.0, 219.0)"
1770036081.501,196,4,"(511.0, 219.0)"
1770036081.512,196,4,"(511.0, 219.0)"
1770036081.522,196,4,"(511.0, 219.0)"
1770036081.532,196,4,"(511.0, 231.0)"
1770036081.542,196,4,"(511.0, 231.0)"
1770036081.552,196,4,"(511.0, 243.0)"
1770036081.563,196,4,"(511.0, 243.0)"
1770036081.574,196,4,"(511.0, 243.0)"
1770036081.585,196,4,"(511.0, 243.0)"
1770036081.596,196,4,"(511.0, 243.0)"
1770036081.606,196,4,"(511.0, 243.0)"
1770036081.616,196,4,"(511.0, 243.0)"
1770036081.626,196,4,"(511.0, 243.0)"
1770036081.637,196,4,"(511.0, 243.0)"
1770036081.648,196,4,"(511.0, 243.0)"
1770036081.658,196,4,"(511.0, 255.0)"
1770036081.669,196,4,"(511.0, 255.0)"
1770036081.679,196,4,"(511.0, 267.0)"
1770036081.689,196,4,"(511.0, 255.0)"
1770036081.7,196,4,"(511.0, 243.0)"
1770036081.71,196,4,"(511.0, 243.0)"
1770036081.721,196,4,"(511.0, 243.0)"
1770036081.733,196,4,"(511.0, 243.0)"
1770036081.744,196,4,"(511.0, 243.0)"
1770036081.754,196,4,"(511.0, 243.0)"
1770036081.765,196,4,"(511.0, 231.0)"
1770036081.776,196,4,"(511.0, 231.0)"
1770036081.786,196,4,"(511.0, 219.0)"
1770036081.797,196,4,"(511.0, 219.0)"
1770036081.807,196,4,"(511.0, 207.0)"
1770036081.818,196,4,"(511.0, 194.0)"
1770036081.828,196,4,"(511.0, 194.0)"
1770036081.841,196,4,"(511.0, 194.0)"
1770036081.852,196,4,"(511.0, 194.0)"
1770036081.863,196,4,"(511.0, 194.0)"
1770036081.874,196,4,"(511.0, 194.0)"
1770036081.884,196,4,"(511.0, 194.0)"
1770036081.896,196,4,"(511.0, 194.0)"
1770036081.906,196,4,"(511.0, 194.0)"
1770036081.916,196,4,"(511.0, 194.0)"
1770036081.926,196,4,"(511.0, 194.0)"
1770036081.937,196,4,"(511.0, 182.0)"
1770036081.947,196,4,"(511.0, 182.0)"
1770036081.958,196,4,"(511.0, 182.0)"
1770036081.968,196,4,"(511.0, 182.0)"
1770036081.978,196,4,"(511.0, 170.0)"
1770036081.989,196,4,"(511.0, 170.0)"
1770036082.0,196,4,"(511.0, 170.0)"
1770036082.012,196,4,"(511.0, 170.0)"
1770036082.022,196,4,"(511.0, 170.0)"
1770036082.032,196,4,"(511.0, 170.0)"
1770036082.042,196,4,"(511.0, 170.0)"
1770036082.054,196,4,"(511.0, 170.0)"
1770036082.065,196,4,"(511.0, 170.0)"
1770036082.076,196,4,"(511.0, 170.0)"
1770036082.086,196,4,"(511.0, 170.0)"
1770036082.096,196,4,"(511.0, 170.0)"
1770036082.108,196,4,"(511.0, 170.0)"
1770036082.118,196,4,"(511.0, 170.0)"
1770036082.129,196,4,"(511.0, 170.0)"
1770036082.139,196,4,"(511.0, 170.0)"
1770036082.149,196,4,"(511.0, 170.0)"
1770036082.161,196,4,"(511.0, 158.0)"
1770036082.171,196,4,"(511.0, 146.0)"
1770036082.182,196,4,"(511.0, 146.0)"
1770036082.192,196,4,"(511.0, 146.0)"
1770036082.203,196,4,"(511.0, 146.0)"
1770036082.214,196,4,"(511.0, 146.0)"
1770036082.224,196,4,"(511.0, 146.0)"
1770036082.235,196,4,"(511.0, 146.0)"
1770036082.246,196,4,"(511.0, 146.0)"
1770036082.256,196,4,"(511.0, 158.0)"
1770036082.267,196,4,"(511.0, 170.0)"
1770036082.278,196,4,"(511.0, 170.0)"
1770036082.288,196,4,"(511.0, 182.0)"
1770036082.299,196,4,"(511.0, 194.0)"
1770036082.309,196,4,"(511.0, 194.0)"
1770036082.32,196,4,"(511.0, 194.0)"
1770036082.331,196,4,"(511.0, 194.0)"
1770036082.341,196,4,"(511.0, 194.0)"
1770036082.352,196,4,"(511.0, 194.0)"
1770036082.362,196,4,"(511.0, 194.0)"
1770036082.373,196,4,"(511.0, 194.0)"
1770036082.383,196,4,"(511.0, 194.0)"
1770036082.395,196,4,"(511.0, 194.0)"
1770036082.405,196,4,"(511.0, 194.0)"
1770036082.415,196,4,"(511.0, 194.0)"
1770036082.426,196,4,"(511.0, 194.0)"
1770036082.436,196,4,"(511.0, 194.0)"
1770036082.446,196,4,"(511.0, 207.0)"
1770036082.457,196,4,"(511.0, 219.0)"
1770036082.467,196,4,"(511.0, 219.0)"
1770036082.479,196,4,"(511.0, 219.0)"
1770036082.489,196,4,"(511.0, 219.0)"
1770036082.499,196,4,"(511.0, 207.0)"
1770036082.511,196,4,"(511.0, 207.0)"
1770036082.522,196,4,"(511.0, 182.0)"
1770036082.533,196,4,"(511.0, 170.0)"
1770036082.545,196,4,"(511.0, 170.0)"
1770036082.555,196,4,"(511.0, 170.0)"
1770036082.565,196,4,"(511.0, 170.0)"
1770036082.576,196,4,"(511.0, 170.0)"
1770036082.586,196,4,"(511.0, 170.0)"
1770036082.596,196,4,"(511.0, 170.0)"
1770036082.608,196,4,"(511.0, 170.0)"
1770036082.619,196,4,"(511.0, 170.0)"
1770036082.63,196,4,"(511.0, 170.0)"
1770036082.641,196,4,"(511.0, 170.0)"
1770036082.651,196,4,"(511.0, 170.0)"
1770036082.661,196,4,"(511.0, 170.0)"
1770036082.672,196,4,"(511.0, 170.0)"
1770036082.683,196,4,"(511.0, 170.0)"
1770036082.693,196,4,"(511.0, 170.0)"
1770036082.703,196,4,"(511.0, 170.0)"
1770036082.714,196,4,"(511.0, 170.0)"
1770036082.725,196,4,"(511.0, 170.0)"
1770036082.735,196,4,"(511.0, 170.0)"
1770036082.746,196,4,"(511.0, 170.0)"
1770036082.756,196,4,"(511.0, 170.0)"
1770036082.767,196,4,"(511.0, 170.0)"
1770036082.779,196,4,"(511.0, 170.0)"
1770036082.789,196,4,"(511.0, 170.0)"
1770036082.799,196,4,"(511.0, 170.0)"
1770036082.81,196,4,"(511.0, 170.0)"
1770036082.821,196,4,"(511.0, 182.0)"
1770036082.831,196,4,"(511.0, 182.0)"
1770036082.841,196,4,"(511.0, 194.0)"
1770036082.852,196,4,"(511.0, 194.0)"
1770036082.864,196,4,"(511.0, 194.0)"
1770036082.876,196,4,"(511.0, 194.0)"
1770036082.886,196,4,"(511.0, 194.0)"
1770036082.898,196,4,"(511.0, 194.0)"
1770036082.908,196,4,"(511.0, 194.0)"
1770036082.92,196,4,"(511.0, 194.0)"
1770036082.931,196,4,"(511.0, 194.0)"
1770036082.941,196,4,"(511.0, 194.0)"
1770036082.952,196,4,"(511.0, 194.0)"
1770036082.962,196,4,"(511.0, 194.0)"
1770036082.973,196,4,"(511.0, 194.0)"
1770036082.983,196,4,"(511.0, 194.0)"
1770036082.994,196,4,"(511.0, 194.0)"
1770036083.005,196,4,"(511.0, 194.0)"
1770036083.015,196,4,"(511.0, 194.0)"
1770036083.025,196,4,"(511.0, 194.0)"
1770036083.036,196,4,"(511.0, 194.0)"
1770036083.046,196,4,"(511.0, 194.0)"
1770036083.056,196,4,"(511.0, 194.0)"
1770036083.068,196,4,"(511.0, 194.0)"
1770036083.078,196,4,"(511.0, 194.0)"
1770036083.09,196,4,"(511.0, 194.0)"
1770036083.1,196,4,"(511.0, 194.0)"
1770036083.111,196,4,"(511.0, 194.0)"
1770036083.122,196,4,"(511.0, 194.0)"
1770036083.133,196,4,"(511.0, 194.0)"
1770036083.143,196,4,"(511.0, 194.0)"
1770036083.153,196,4,"(511.0, 182.0)"
1770036083.164,196,4,"(511.0, 182.0)"
1770036083.174,196,4,"(511.0, 170.0)"
1770036083.185,196,4,"(511.0, 170.0)"
1770036083.195,196,4,"(511.0, 170.0)"
1770036083.206,196,4,"(511.0, 170.0)"
1770036083.217,196,4,"(511.0, 158.0)"
1770036083.227,196,4,"(511.0, 158.0)"
1770036083.238,196,4,"(511.0, 158.0)"
1770036083.249,196,4,"(511.0, 158.0)"
1770036083.26,196,4,"(511.0, 158.0)"
1770036083.271,196,4,"(511.0, 158.0)"
1770036083.281,196,4,"(511.0, 146.0)"
1770036083.291,196,4,"(511.0, 146.0)"
1770036083.303,196,4,"(511.0, 146.0)"
1770036083.314,196,4,"(511.0, 146.0)"
1770036083.325,196,4,"(511.0, 158.0)"
1770036083.335,196,4,"(511.0, 158.0)"
1770036083.346,196,4,"(511.0, 158.0)"
1770036083.356,196,4,"(511.0, 158.0)"
1770036083.368,196,4,"(511.0, 158.0)"
1770036083.378,196,4,"(511.0, 158.0)"
1770036083.39,196,4,"(511.0, 158.0)"
1770036083.4,196,4,"(511.0, 170.0)"
1770036083.41,196,4,"(511.0, 170.0)"
1770036083.421,196,4,"(511.0, 170.0)"
1770036083.431,196,4,"(511.0, 170.0)"
1770036083.442,196,4,"(511.0, 170.0)"
1770036083.452,196,4,"(511.0, 170.0)"
1770036083.462,196,4,"(511.0, 170.0)"
1770036083.473,196,4,"(511.0, 170.0)"
1770036083.484,196,4,"(511.0, 170.0)"
1770036083.495,196,4,"(511.0, 170.0)"
1770036083.506,196,4,"(511.0, 170.0)"
1770036083.517,196,4,"(511.0, 170.0)"
1770036083.528,196,4,"(511.0, 170.0)"
1770036083.539,196,4,"(511.0, 170.0)"
1770036083.55,196,4,"(511.0, 170.0)"
1770036083.56,196,4,"(511.0, 182.0)"
1770036083.571,196,4,"(511.0, 182.0)"
1770036083.582,196,4,"(511.0, 182.0)"
1770036083.593,196,4,"(511.0, 170.0)"
1770036083.604,196,4,"(511.0, 170.0)"
1770036083.615,196,4,"(511.0, 170.0)"
1770036083.626,196,4,"(511.0, 170.0)"
1770036083.637,196,4,"(511.0, 170.0)"
1770036095.695,196,1,"(511.0, 146.0)"
1770036095.706,196,1,"(511.0, 146.0)"
1770036095.716,196,1,"(511.0, 146.0)"
1770036095.726,196,1,"(511.0, 146.0)"
1770036095.738,196,1,"(511.0, 146.0)"
1770036095.749,196,1,"(511.0, 146.0)"
1770036095.759,196,1,"(511.0, 146.0)"
1770036095.77,196,1,"(511.0, 146.0)"
1770036095.78,196,1,"(511.0, 146.0)"
1770036095.791,196,1,"(511.0, 133.0)"
1770036095.802,196,1,"(511.0, 133.0)"
1770036095.813,196,1,"(511.0, 133.0)"
1770036095.823,196,1,"(511.0, 133.0)"
1770036095.834,196,1,"(511.0, 133.0)"
1770036095.844,196,1,"(511.0, 133.0)"
1770036095.856,196,1,"(511.0, 133.0)"
1770036095.866,196,1,"(511.0, 133.0)"
1770036095.876,196,1,"(511.0, 121.0)"
1770036095.886,196,1,"(511.0, 121.0)"
1770036095.896,196,1,"(511.0, 121.0)"
1770036095.907,196,1,"(511.0, 133.0)"
1770036095.918,196,1,"(511.0, 133.0)"
1770036095.928,196,1,"(511.0, 146.0)"
1770036095.939,196,1,"(511.0, 146.0)"
1770036095.95,196,1,"(511.0, 133.0)"
1770036095.96,196,1,"(511.0, 121.0)"
1770036095.971,196,1,"(511.0, 121.0)"
1770036095.981,196,1,"(511.0, 121.0)"
1770036095.991,196,1,"(511.0, 121.0)"
1770036096.003,196,1,"(511.0, 121.0)"
1770036096.014,196,1,"(511.0, 121.0)"
1770036096.025,196,1,"(511.0, 133.0)"
1770036096.035,196,1,"(511.0, 133.0)"
1770036096.046,196,1,"(511.0, 146.0)"
1770036096.056,196,1,"(511.0, 146.0)"
1770036096.066,196,1,"(511.0, 146.0)"
1770036096.077,196,1,"(511.0, 146.0)"
1770036096.088,196,1,"(511.0, 133.0)"
1770036096.098,196,1,"(511.0, 133.0)"
1770036096.11,196,1,"(511.0, 133.0)"
1770036096.12,196,1,"(511.0, 133.0)"
1770036096.131,196,1,"(511.0, 133.0)"
1770036096.141,196,1,"(511.0, 121.0)"
1770036096.151,196,1,"(511.0, 121.0)"
1770036096.162,196,1,"(511.0, 121.0)"
1770036096.172,196,1,"(511.0, 121.0)"
1770036096.184,196,1,"(511.0, 121.0)"
1770036096.194,196,1,"(511.0, 121.0)"
1770036096.205,196,1,"(511.0, 121.0)"
1770036096.215,196,1,"(511.0, 121.0)"
1770036096.226,196,1,"(511.0, 121.0)"
1770036096.237,196,1,"(511.0, 121.0)"
1770036096.247,196,1,"(511.0, 121.0)"
1770036096.258,196,1,"(511.0, 121.0)"
1770036096.268,196,1,"(511.0, 121.0)"
1770036096.279,196,1,"(511.0, 121.0)"
1770036096.289,196,1,"(511.0, 121.0)"
1770036096.3,196,1,"(511.0, 121.0)"
1770036096.311,196,1,"(511.0, 121.0)"
1770036096.321,196,1,"(511.0, 121.0)"
1770036096.331,196,1,"(511.0, 121.0)"
1770036096.342,196,1,"(511.0, 121.0)"
1770036096.353,196,1,"(511.0, 121.0)"
1770036096.364,196,1,"(511.0, 121.0)"
1770036096.374,196,1,"(511.0, 121.0)"
1770036096.385,196,1,"(511.0, 121.0)"
1770036096.396,196,1,"(511.0, 121.0)"
1770036096.406,196,1,"(511.0, 121.0)"
1770036096.417,196,1,"(511.0, 121.0)"
1770036096.428,196,1,"(511.0, 121.0)"
1770036096.44,196,1,"(511.0, 109.0)"
1770036096.45,196,1,"(511.0, 109.0)"
1770036096.462,196,1,"(511.0, 97.0)"
1770036096.473,196,1,"(511.0, 97.0)"
1770036096.484,196,1,"(511.0, 97.0)"
1770036096.494,196,1,"(511.0, 109.0)"
1770036096.505,196,1,"(511.0, 109.0)"
1770036096.516,196,1,"(511.0, 109.0)"
1770036096.526,196,1,"(511.0, 121.0)"
1770036096.536,196,1,"(511.0, 121.0)"
1770036096.547,196,1,"(511.0, 121.0)"
1770036096.557,196,1,"(511.0, 121.0)"
1770036096.568,196,1,"(511.0, 121.0)"
1770036096.578,196,1,"(511.0, 121.0)"
1770036096.589,196,1,"(511.0, 121.0)"
1770036096.599,196,1,"(511.0, 121.0)"
1770036096.61,196,1,"(511.0, 121.0)"
1770036096.621,196,1,"(511.0, 121.0)"
1770036096.631,196,1,"(511.0, 121.0)"
1770036096.641,196,1,"(511.0, 121.0)"
1770036096.652,196,1,"(511.0, 121.0)"
1770036096.662,196,1,"(511.0, 121.0)"
1770036096.674,196,1,"(511.0, 121.0)"
1770036096.685,196,1,"(511.0, 121.0)"
1770036096.695,196,1,"(511.0, 121.0)"
1770036096.705,196,1,"(511.0, 121.0)"
1770036096.716,196,1,"(511.0, 121.0)"
1770036096.726,196,1,"(511.0, 121.0)"
1770036096.737,196,1,"(511.0, 121.0)"
1770036096.748,196,1,"(511.0, 121.0)"
1770036096.759,196,1,"(511.0, 121.0)"
1770036096.769,196,1,"(511.0, 133.0)"
1770036096.78,196,1,"(511.0, 133.0)"
1770036096.791,196,1,"(511.0, 146.0)"
1770036096.801,196,1,"(511.0, 146.0)"
1770036096.812,196,1,"(511.0, 146.0)"
1770036096.823,196,1,"(511.0, 133.0)"
1770036096.834,196,1,"(511.0, 133.0)"
1770036096.844,196,1,"(511.0, 121.0)"
1770036096.855,196,1,"(511.0, 121.0)"
1770036096.865,196,1,"(511.0, 121.0)"
1770036096.876,196,1,"(511.0, 121.0)"
1770036096.886,196,1,"(511.0, 121.0)"
1770036096.896,196,1,"(511.0, 121.0)"
1770036096.907,196,1,"(511.0, 121.0)"
1770036096.917,196,1,"(511.0, 133.0)"
1770036096.928,196,1,"(511.0, 133.0)"
1770036096.939,196,1,"(511.0, 146.0)"
1770036096.949,196,1,"(511.0, 146.0)"
1770036096.96,196,1,"(511.0, 133.0)"
1770036096.972,196,1,"(511.0, 133.0)"
1770036096.982,196,1,"(511.0, 121.0)"
1770036096.993,196,1,"(511.0, 121.0)"
1770036097.003,196,1,"(511.0, 121.0)"
1770036097.014,196,1,"(511.0, 121.0)"
1770036097.024,196,1,"(511.0, 121.0)"
1770036097.036,196,1,"(511.0, 121.0)"
1770036097.046,196,1,"(511.0, 121.0)"
1770036097.058,196,1,"(511.0, 121.0)"
1770036097.068,196,1,"(511.0, 121.0)"
1770036097.078,196,1,"(511.0, 121.0)"
1770036097.09,196,1,"(511.0, 121.0)"
1770036097.101,196,1,"(511.0, 121.0)"
1770036097.111,196,1,"(511.0, 121.0)"
1770036097.123,196,1,"(511.0, 121.0)"
1770036097.133,196,1,"(511.0, 121.0)"
1770036097.144,196,1,"(511.0, 121.0)"
1770036097.154,196,1,"(511.0, 121.0)"
1770036097.166,196,1,"(511.0, 121.0)"
1770036097.177,196,1,"(511.0, 121.0)"
1770036097.187,196,1,"(511.0, 121.0)"
1770036097.197,196,1,"(511.0, 121.0)"
1770036097.209,196,1,"(511.0, 121.0)"
1770036097.22,196,1,"(511.0, 121.0)"
1770036097.23,196,1,"(511.0, 121.0)"
1770036097.241,196,1,"(511.0, 121.0)"
1770036097.251,196,1,"(511.0, 121.0)"
1770036097.262,196,1,"(511.0, 121.0)"
1770036097.273,196,1,"(511.0, 121.0)"
1770036097.283,196,1,"(511.0, 121.0)"
1770036097.294,196,1,"(511.0, 121.0)"
1770036097.305,196,1,"(511.0, 121.0)"
1770036097.316,196,1,"(511.0, 121.0)"
1770036097.326,196,1,"(511.0, 121.0)"
1770036097.336,196,1,"(511.0, 121.0)"
1770036097.347,196,1,"(511.0, 121.0)"
1770036097.359,196,1,"(511.0, 121.0)"
1770036097.37,196,1,"(511.0, 121.0)"
1770036097.38,196,1,"(511.0, 121.0)"
1770036097.391,196,1,"(511.0, 121.0)"
1770036097.403,196,1,"(511.0, 121.0)"
1770036097.413,196,1,"(511.0, 121.0)"
1770036097.426,196,1,"(511.0, 121.0)"
1770036097.436,196,1,"(511.0, 121.0)"
1770036097.446,196,1,"(511.0, 121.0)"
1770036097.456,196,1,"(511.0, 121.0)"
1770036097.466,196,1,"(511.0, 121.0)"
1770036097.476,196,1,"(511.0, 121.0)"
1770036097.487,196,1,"(511.0, 121.0)"
1770036097.498,196,1,"(511.0, 121.0)"
1770036097.511,196,1,"(511.0, 121.0)"
1770036097.522,196,1,"(511.0, 121.0)"
1770036097.532,196,1,"(511.0, 121.0)"
1770036097.543,196,1,"(511.0, 121.0)"
1770036097.553,196,1,"(511.0, 121.0)"
1770036097.564,196,1,"(511.0, 121.0)"
1770036097.574,196,1,"(511.0, 121.0)"
1770036097.585,196,1,"(511.0, 121.0)"
1770036097.595,196,1,"(511.0, 121.0)"
1770036097.606,196,1,"(511.0, 121.0)"
1770036097.617,196,1,"(511.0, 121.0)"
1770036097.628,196,1,"(511.0, 121.0)"
1770036097.639,196,1,"(511.0, 121.0)"
1770036097.649,196,1,"(511.0, 121.0)"
1770036097.659,196,1,"(511.0, 121.0)"
1770036097.67,196,1,"(511.0, 121.0)"
1770036097.681,196,1,"(511.0, 121.0)"
1770036097.691,196,1,"(511.0, 121.0)"
1770036097.701,196,1,"(511.0, 121.0)"
1770036097.712,196,1,"(511.0, 121.0)"
1770036097.723,196,1,"(511.0, 121.0)"
1770036097.734,196,1,"(511.0, 121.0)"
1770036097.744,196,1,"(511.0, 121.0)"
1770036097.756,196,1,"(511.0, 121.0)"
1770036097.766,196,1,"(511.0, 121.0)"
1770036097.777,196,1,"(511.0, 121.0)"
1770036097.788,196,1,"(511.0, 121.0)"
1770036097.799,196,1,"(511.0, 121.0)"
1770036097.81,196,1,"(511.0, 121.0)"
1770036097.821,196,1,"(511.0, 121.0)"
1770036097.832,196,1,"(511.0, 121.0)"
1770036097.843,196,1,"(511.0, 121.0)"
1770036097.853,196,1,"(511.0, 121.0)"
1770036097.863,196,1,"(511.0, 121.0)"
1770036097.874,196,1,"(511.0, 121.0)"
1770036097.884,196,1,"(511.0, 121.0)"
1770036097.895,196,1,"(511.0, 121.0)"
1770036097.906,196,1,"(511.0, 121.0)"
1770036097.916,196,1,"(511.0, 121.0)"
1770036097.926,196,1,"(511.0, 121.0)"
1770036097.936,196,1,"(511.0, 121.0)"
1770036097.947,196,1,"(511.0, 121.0)"
1770036097.958,196,1,"(511.0, 121.0)"
1770036097.968,196,1,"(511.0, 121.0)"
1770036097.978,196,1,"(511.0, 121.0)"
1770036097.989,196,1,"(511.0, 121.0)"
1770036097.999,196,1,"(511.0, 121.0)"
1770036098.011,196,1,"(511.0, 121.0)"
1770036098.021,196,1,"(511.0, 121.0)"
1770036098.032,196,1,"(511.0, 121.0)"
1770036098.042,196,1,"(511.0, 121.0)"
1770036098.053,196,1,"(511.0, 121.0)"
1770036098.063,196,1,"(511.0, 121.0)"
1770036098.073,196,1,"(511.0, 121.0)"
1770036098.083,196,1,"(511.0, 109.0)"
1770036098.094,196,1,"(511.0, 109.0)"
1770036098.104,196,1,"(511.0, 97.0)"
1770036098.115,196,1,"(511.0, 97.0)"
1770036098.127,196,1,"(511.0, 97.0)"
1770036098.138,196,1,"(511.0, 97.0)"
1770036098.148,196,1,"(511.0, 97.0)"
1770036098.159,196,1,"(511.0, 97.0)"
1770036098.169,196,1,"(511.0, 97.0)"
1770036098.18,196,1,"(511.0, 97.0)"
1770036098.19,196,1,"(511.0, 97.0)"
1770036098.202,196,1,"(511.0, 109.0)"
1770036098.213,196,1,"(511.0, 121.0)"
1770036098.224,196,1,"(511.0, 121.0)"
1770036098.234,196,1,"(511.0, 121.0)"
1770036098.244,196,1,"(511.0, 121.0)"
1770036098.254,196,1,"(511.0, 121.0)"
1770036098.265,196,1,"(511.0, 121.0)"
1770036098.276,196,1,"(511.0, 121.0)"
1770036098.286,196,1,"(511.0, 121.0)"
1770036098.296,196,1,"(511.0, 121.0)"
1770036098.306,196,1,"(511.0, 121.0)"
1770036098.317,196,1,"(511.0, 109.0)"
1770036098.327,196,1,"(511.0, 109.0)"
1770036098.338,196,1,"(511.0, 97.0)"
1770036098.349,196,1,"(511.0, 97.0)"
1770036098.359,196,1,"(511.0, 97.0)"
1770036098.37,196,1,"(511.0, 109.0)"
1770036098.381,196,1,"(511.0, 109.0)"
1770036098.391,196,1,"(511.0, 121.0)"
1770036098.402,196,1,"(511.0, 121.0)"
1770036098.412,196,1,"(511.0, 121.0)"
1770036098.423,196,1,"(511.0, 121.0)"
1770036098.433,196,1,"(511.0, 121.0)"
1770036098.445,196,1,"(511.0, 121.0)"
1770036098.455,196,1,"(511.0, 121.0)"
1770036098.465,196,1,"(511.0, 121.0)"
1770036098.476,196,1,"(511.0, 121.0)"
1770036098.486,196,1,"(511.0, 121.0)"
1770036098.498,196,1,"(511.0, 121.0)"
1770036098.509,196,1,"(511.0, 121.0)"
1770036098.52,196,1,"(511.0, 121.0)"
1770036098.53,196,1,"(511.0, 121.0)"
1770036098.541,196,1,"(511.0, 121.0)"
1770036098.551,196,1,"(511.0, 121.0)"
1770036098.561,196,1,"(511.0, 121.0)"
1770036098.572,196,1,"(511.0, 121.0)"
1770036098.584,196,1,"(511.0, 121.0)"
1770036098.595,196,1,"(511.0, 121.0)"
1770036098.606,196,1,"(511.0, 121.0)"
1770036098.617,196,1,"(511.0, 121.0)"
1770036098.627,196,1,"(511.0, 121.0)"
1770036098.638,196,1,"(511.0, 121.0)"
1770036098.65,196,1,"(511.0, 121.0)"
1770036098.66,196,1,"(511.0, 121.0)"
1770036098.671,196,1,"(511.0, 121.0)"
1770036098.683,196,1,"(511.0, 121.0)"
1770036098.693,196,1,"(511.0, 121.0)"
1770036101.959,196,2,"(639.0, 596.0)"
1770036101.969,196,2,"(575.0, 572.0)"
1770036101.98,196,2,"(319.0, 560.0)"
1770036101.99,196,2,"(255.0, 560.0)"
1770036102.0,196,2,"(319.0, 572.0)"
1770036102.01,196,2,"(319.0, 584.0)"
1770036102.021,196,2,"(575.0, 596.0)"
1770036102.032,196,2,"(447.0, 596.0)"
1770036102.042,196,2,"(511.0, 596.0)"
1770036102.052,196,2,"(575.0, 596.0)"
1770036102.063,196,2,"(511.0, 608.0)"
1770036102.074,196,2,"(447.0, 608.0)"
1770036102.084,196,2,"(511.0, 596.0)"
1770036102.095,196,2,"(511.0, 584.0)"
1770036102.105,196,2,"(511.0, 572.0)"
1770036102.116,196,2,"(703.0, 560.0)"
1770036102.126,196,2,"(639.0, 560.0)"
1770036102.137,196,2,"(511.0, 560.0)"
1770036102.148,196,2,"(319.0, 560.0)"
1770036102.159,196,2,"(575.0, 572.0)"
1770036102.17,196,2,"(383.0, 608.0)"
1770036102.181,196,2,"(511.0, 633.0)"
1770036102.193,196,2,"(639.0, 669.0)"
1770036102.205,196,2,"(255.0, 694.0)"
1770036102.216,196,2,"(511.0, 694.0)"
1770036102.227,196,2,"(383.0, 694.0)"
1770036102.238,196,2,"(447.0, 682.0)"
1770036102.249,196,2,"(447.0, 669.0)"
1770036102.259,196,2,"(511.0, 657.0)"
1770036102.27,196,2,"(575.0, 645.0)"
1770036102.28,196,2,"(511.0, 645.0)"
1770036102.291,196,2,"(447.0, 645.0)"
1770036102.302,196,2,"(511.0, 645.0)"
1770036102.312,196,2,"(383.0, 645.0)"
1770036102.323,196,2,"(383.0, 645.0)"
1770036102.333,196,2,"(447.0, 633.0)"
1770036102.344,196,2,"(511.0, 633.0)"
1770036102.356,196,2,"(511.0, 633.0)"
1770036102.366,196,2,"(511.0, 621.0)"
1770036102.376,196,2,"(511.0, 608.0)"
1770036102.387,196,2,"(447.0, 596.0)"
1770036102.398,196,2,"(447.0, 596.0)"
1770036102.41,196,2,"(511.0, 596.0)"
1770036102.42,196,2,"(447.0, 572.0)"
1770036102.43,196,2,"(511.0, 548.0)"
1770036102.442,196,2,"(511.0, 511.0)"
1770036102.452,196,2,"(511.0, 474.0)"
1770036102.463,196,2,"(447.0, 462.0)"
1770036102.475,196,2,"(511.0, 462.0)"
1770036102.486,196,2,"(511.0, 462.0)"
1770036102.496,196,2,"(511.0, 462.0)"
1770036102.506,196,2,"(575.0, 462.0)"
1770036102.516,196,2,"(575.0, 450.0)"
1770036102.526,196,2,"(447.0, 450.0)"
1770036102.537,196,2,"(511.0, 438.0)"
1770036102.548,196,2,"(511.0, 426.0)"
1770036102.558,196,2,"(511.0, 414.0)"
1770036102.568,196,2,"(575.0, 414.0)"
1770036102.579,196,2,"(511.0, 414.0)"
1770036102.59,196,2,"(511.0, 414.0)"
1770036102.6,196,2,"(575.0, 426.0)"
1770036102.611,196,2,"(511.0, 438.0)"
1770036102.621,196,2,"(639.0, 450.0)"
1770036102.633,196,2,"(511.0, 462.0)"
1770036102.643,196,2,"(511.0, 487.0)"
1770036102.654,196,2,"(639.0, 499.0)"
1770036102.664,196,2,"(511.0, 487.0)"
1770036102.675,196,2,"(511.0, 487.0)"
1770036102.686,196,2,"(575.0, 487.0)"
1770036102.696,196,2,"(511.0, 499.0)"
1770036102.708,196,2,"(511.0, 499.0)"
1770036102.718,196,2,"(575.0, 511.0)"
1770036102.728,196,2,"(575.0, 499.0)"
1770036102.739,196,2,"(511.0, 499.0)"
1770036102.749,196,2,"(511.0, 499.0)"
1770036102.76,196,2,"(383.0, 499.0)"
1770036102.77,196,2,"(319.0, 511.0)"
1770036102.78,196,2,"(575.0, 535.0)"
1770036102.79,196,2,"(447.0, 560.0)"
1770036102.802,196,2,"(447.0, 572.0)"
1770036102.813,196,2,"(511.0, 584.0)"
1770036102.823,196,2,"(511.0, 596.0)"
1770036102.833,196,2,"(511.0, 608.0)"
1770036102.845,196,2,"(383.0, 608.0)"
1770036102.856,196,2,"(511.0, 621.0)"
1770036102.866,196,2,"(511.0, 633.0)"
1770036102.876,196,2,"(575.0, 633.0)"
1770036102.886,196,2,"(575.0, 645.0)"
1770036102.897,196,2,"(575.0, 633.0)"
1770036102.908,196,2,"(575.0, 633.0)"
1770036102.918,196,2,"(383.0, 633.0)"
1770036102.928,196,2,"(383.0, 621.0)"
1770036102.939,196,2,"(511.0, 608.0)"
1770036102.95,196,2,"(447.0, 584.0)"
1770036102.962,196,2,"(447.0, 560.0)"
1770036102.972,196,2,"(447.0, 560.0)"
1770036102.983,196,2,"(447.0, 560.0)"
1770036102.993,196,2,"(319.0, 560.0)"
1770036103.005,196,2,"(703.0, 572.0)"
1770036103.015,196,2,"(639.0, 584.0)"
1770036103.025,196,2,"(511.0, 584.0)"
1770036103.036,196,2,"(575.0, 572.0)"
1770036103.046,196,2,"(575.0, 560.0)"
1770036103.057,196,2,"(447.0, 535.0)"
1770036103.067,196,2,"(447.0, 535.0)"
1770036103.077,196,2,"(511.0, 535.0)"
1770036103.088,196,2,"(447.0, 535.0)"
1770036103.098,196,2,"(511.0, 523.0)"
1770036103.109,196,2,"(319.0, 523.0)"
1770036103.119,196,2,"(511.0, 511.0)"
1770036103.131,196,2,"(511.0, 511.0)"
1770036103.141,196,2,"(511.0, 511.0)"
1770036103.152,196,2,"(575.0, 511.0)"
1770036103.162,196,2,"(511.0, 511.0)"
1770036103.173,196,2,"(511.0, 511.0)"
1770036103.183,196,2,"(511.0, 523.0)"
1770036103.196,196,2,"(511.0, 548.0)"
1770036103.206,196,2,"(447.0, 560.0)"
1770036103.217,196,2,"(639.0, 572.0)"
1770036103.228,196,2,"(575.0, 584.0)"
1770036103.239,196,2,"(511.0, 572.0)"
1770036103.251,196,2,"(383.0, 572.0)"
1770036103.262,196,2,"(383.0, 560.0)"
1770036103.274,196,2,"(511.0, 535.0)"
1770036103.285,196,2,"(511.0, 511.0)"
1770036103.297,196,2,"(191.0, 511.0)"
1770036103.307,196,2,"(191.0, 523.0)"
1770036103.319,196,2,"(511.0, 548.0)"
1770036103.329,196,2,"(575.0, 548.0)"
1770036103.34,196,2,"(511.0, 560.0)"
1770036103.351,196,2,"(511.0, 560.0)"
1770036103.363,196,2,"(575.0, 572.0)"
1770036103.373,196,2,"(703.0, 584.0)"
1770036103.383,196,2,"(639.0, 596.0)"
1770036103.394,196,2,"(511.0, 596.0)"
1770036103.405,196,2,"(575.0, 596.0)"
1770036103.415,196,2,"(447.0, 584.0)"
1770036103.426,196,2,"(575.0, 560.0)"
1770036103.436,196,2,"(575.0, 535.0)"
1770036103.446,196,2,"(575.0, 535.0)"
1770036103.456,196,2,"(639.0, 535.0)"
1770036103.466,196,2,"(383.0, 535.0)"
1770036103.477,196,2,"(511.0, 548.0)"
1770036103.487,196,2,"(383.0, 548.0)"
1770036103.498,196,2,"(447.0, 560.0)"
1770036103.509,196,2,"(447.0, 584.0)"
1770036103.52,196,2,"(575.0, 596.0)"
1770036103.53,196,2,"(447.0, 596.0)"
1770036103.54,196,2,"(383.0, 596.0)"
1770036103.551,196,2,"(447.0, 608.0)"
1770036103.561,196,2,"(575.0, 596.0)"
1770036103.572,196,2,"(511.0, 584.0)"
1770036103.582,196,2,"(703.0, 572.0)"
1770036103.593,196,2,"(575.0, 560.0)"
1770036103.603,196,2,"(639.0, 560.0)"
1770036103.614,196,2,"(511.0, 548.0)"
1770036103.624,196,2,"(703.0, 535.0)"
1770036103.635,196,2,"(383.0, 523.0)"
1770036103.647,196,2,"(511.0, 511.0)"
1770036103.657,196,2,"(447.0, 523.0)"
1770036103.667,196,2,"(383.0, 523.0)"
1770036103.678,196,2,"(447.0, 535.0)"
1770036103.688,196,2,"(511.0, 535.0)"
1770036103.699,196,2,"(511.0, 535.0)"
1770036103.71,196,2,"(447.0, 511.0)"
1770036103.72,196,2,"(447.0, 499.0)"
1770036103.731,196,2,"(575.0, 474.0)"
1770036103.742,196,2,"(511.0, 474.0)"
1770036103.752,196,2,"(447.0, 450.0)"
1770036103.763,196,2,"(639.0, 450.0)"
1770036103.773,196,2,"(447.0, 438.0)"
1770036103.784,196,2,"(447.0, 450.0)"
1770036103.794,196,2,"(575.0, 462.0)"
1770036103.805,196,2,"(575.0, 474.0)"
1770036103.816,196,2,"(511.0, 487.0)"
1770036103.827,196,2,"(575.0, 474.0)"
1770036103.838,196,2,"(639.0, 474.0)"
1770036103.848,196,2,"(511.0, 474.0)"
1770036103.859,196,2,"(511.0, 474.0)"
1770036103.87,196,2,"(511.0, 474.0)"
1770036103.88,196,2,"(511.0, 487.0)"
1770036103.891,196,2,"(575.0, 474.0)"
1770036103.902,196,2,"(511.0, 462.0)"
1770036103.913,196,2,"(511.0, 450.0)"
1770036103.923,196,2,"(511.0, 450.0)"
1770036103.934,196,2,"(511.0, 462.0)"
1770036103.945,196,2,"(511.0, 474.0)"
1770036103.955,196,2,"(511.0, 487.0)"
1770036103.966,196,2,"(511.0, 487.0)"
1770036103.976,196,2,"(575.0, 499.0)"
1770036103.987,196,2,"(447.0, 499.0)"
1770036103.998,196,2,"(703.0, 499.0)"
1770036104.008,196,2,"(255.0, 511.0)"
1770036104.019,196,2,"(447.0, 535.0)"
1770036104.029,196,2,"(447.0, 548.0)"
1770036104.04,196,2,"(383.0, 548.0)"
1770036104.05,196,2,"(447.0, 548.0)"
1770036104.061,196,2,"(511.0, 535.0)"
1770036104.071,196,2,"(511.0, 535.0)"
1770036104.082,196,2,"(511.0, 548.0)"
1770036104.092,196,2,"(511.0, 560.0)"
1770036104.106,196,2,"(447.0, 572.0)"
1770036104.116,196,2,"(511.0, 572.0)"
1770036104.127,196,2,"(639.0, 572.0)"
1770036104.139,196,2,"(639.0, 572.0)"
1770036104.149,196,2,"(511.0, 584.0)"
1770036104.16,196,2,"(447.0, 584.0)"
1770036104.171,196,2,"(511.0, 572.0)"
1770036104.183,196,2,"(575.0, 572.0)"
1770036104.194,196,2,"(575.0, 560.0)"
1770036104.205,196,2,"(511.0, 548.0)"
1770036104.216,196,2,"(511.0, 535.0)"
1770036104.226,196,2,"(575.0, 535.0)"
1770036104.236,196,2,"(575.0, 535.0)"
1770036104.247,196,2,"(575.0, 548.0)"
1770036104.258,196,2,"(383.0, 560.0)"
1770036104.268,196,2,"(383.0, 560.0)"
1770036104.279,196,2,"(447.0, 548.0)"
1770036104.289,196,2,"(447.0, 523.0)"
1770036104.3,196,2,"(511.0, 511.0)"
1770036104.31,196,2,"(511.0, 499.0)"
1770036104.32,196,2,"(511.0, 487.0)"
1770036104.332,196,2,"(575.0, 474.0)"
1770036104.342,196,2,"(511.0, 462.0)"
1770036104.352,196,2,"(511.0, 462.0)"
1770036104.362,196,2,"(575.0, 462.0)"
1770036104.373,196,2,"(511.0, 462.0)"
1770036104.384,196,2,"(511.0, 450.0)"
1770036104.394,196,2,"(447.0, 450.0)"
1770036104.405,196,2,"(511.0, 450.0)"
1770036104.416,196,2,"(575.0, 450.0)"
1770036104.427,196,2,"(511.0, 438.0)"
1770036104.44,196,2,"(511.0, 426.0)"
1770036104.451,196,2,"(447.0, 414.0)"
1770036104.462,196,2,"(447.0, 414.0)"
1770036104.473,196,2,"(575.0, 401.0)"
1770036104.484,196,2,"(639.0, 401.0)"
1770036104.495,196,2,"(511.0, 401.0)"
1770036104.506,196,2,"(511.0, 401.0)"
1770036104.516,196,2,"(447.0, 401.0)"
1770036104.527,196,2,"(255.0, 377.0)"
1770036104.54,196,2,"(511.0, 377.0)"
1770036104.551,196,2,"(511.0, 389.0)"
1770036104.561,196,2,"(575.0, 389.0)"
1770036104.573,196,2,"(511.0, 414.0)"
1770036104.584,196,2,"(447.0, 438.0)"
1770036104.595,196,2,"(511.0, 450.0)"
1770036104.606,196,2,"(639.0, 462.0)"
1770036104.616,196,2,"(511.0, 462.0)"
1770036104.626,196,2,"(447.0, 462.0)"
1770036104.638,196,2,"(447.0, 474.0)"
1770036104.65,196,2,"(511.0, 499.0)"
1770036104.66,196,2,"(511.0, 499.0)"
1770036104.673,196,2,"(447.0, 511.0)"
1770036104.684,196,2,"(383.0, 511.0)"
1770036104.694,196,2,"(447.0, 511.0)"
1770036104.706,196,2,"(447.0, 523.0)"
1770036104.717,196,2,"(383.0, 535.0)"
1770036104.728,196,2,"(447.0, 548.0)"
1770036104.739,196,2,"(511.0, 560.0)"
1770036104.75,196,2,"(575.0, 560.0)"
1770036104.76,196,2,"(575.0, 548.0)"
1770036104.772,196,2,"(511.0, 548.0)"
1770036104.783,196,2,"(575.0, 523.0)"
1770036104.793,196,2,"(511.0, 511.0)"
1770036104.806,196,2,"(447.0, 499.0)"
1770036104.816,196,2,"(511.0, 499.0)"
1770036104.827,196,2,"(575.0, 487.0)"
1770036104.837,196,2,"(575.0, 474.0)"
1770036104.847,196,2,"(511.0, 450.0)"
1770036104.859,196,2,"(511.0, 426.0)"
1770036104.869,196,2,"(575.0, 401.0)"
1770036104.88,196,2,"(575.0, 389.0)"
1770036104.891,196,2,"(447.0, 389.0)"
1770036104.901,196,2,"(511.0, 389.0)"
1770036104.912,196,2,"(575.0, 389.0)"
1770036104.923,196,2,"(383.0, 389.0)"
1770036104.933,196,2,"(511.0, 389.0)"
1770036104.943,196,2,"(383.0, 401.0)"
1770036104.954,196,2,"(511.0, 414.0)"
1770036104.965,196,2,"(511.0, 414.0)"
1770036108.303,196,3,"(511.0, 146.0)"
1770036108.313,196,3,"(511.0, 146.0)"
1770036108.324,196,3,"(511.0, 146.0)"
1770036108.334,196,3,"(511.0, 146.0)"
1770036108.344,196,3,"(511.0, 146.0)"
1770036108.355,196,3,"(511.0, 146.0)"
1770036108.365,196,3,"(511.0, 146.0)"
1770036108.376,196,3,"(511.0, 146.0)"
1770036108.386,196,3,"(511.0, 146.0)"
1770036108.396,196,3,"(511.0, 146.0)"
1770036108.407,196,3,"(511.0, 146.0)"
1770036108.417,196,3,"(511.0, 146.0)"
1770036108.428,196,3,"(511.0, 146.0)"
1770036108.439,196,3,"(511.0, 146.0)"
1770036108.452,196,3,"(511.0, 146.0)"
1770036108.463,196,3,"(511.0, 146.0)"
1770036108.473,196,3,"(511.0, 146.0)"
1770036108.486,196,3,"(511.0, 146.0)"
1770036108.497,196,3,"(511.0, 146.0)"
1770036108.508,196,3,"(511.0, 146.0)"
1770036108.519,196,3,"(511.0, 146.0)"
1770036108.529,196,3,"(511.0, 146.0)"
1770036108.54,196,3,"(511.0, 146.0)"
1770036108.551,196,3,"(511.0, 146.0)"
1770036108.561,196,3,"(511.0, 146.0)"
1770036108.573,196,3,"(511.0, 146.0)"
1770036108.584,196,3,"(511.0, 146.0)"
1770036108.594,196,3,"(511.0, 146.0)"
1770036108.604,196,3,"(511.0, 158.0)"
1770036108.615,196,3,"(511.0, 158.0)"
1770036108.626,196,3,"(511.0, 170.0)"
1770036108.636,196,3,"(511.0, 158.0)"
1770036108.646,196,3,"(511.0, 158.0)"
1770036108.656,196,3,"(511.0, 146.0)"
1770036108.667,196,3,"(511.0, 146.0)"
1770036108.677,196,3,"(511.0, 146.0)"
1770036108.687,196,3,"(511.0, 146.0)"
1770036108.698,196,3,"(511.0, 146.0)"
1770036108.708,196,3,"(511.0, 146.0)"
1770036108.719,196,3,"(511.0, 146.0)"
1770036108.73,196,3,"(511.0, 146.0)"
1770036108.74,196,3,"(511.0, 146.0)"
1770036108.75,196,3,"(511.0, 146.0)"
1770036108.76,196,3,"(511.0, 146.0)"
1770036108.771,196,3,"(511.0, 146.0)"
1770036108.782,196,3,"(511.0, 146.0)"
1770036108.792,196,3,"(511.0, 146.0)"
1770036108.803,196,3,"(511.0, 146.0)"
1770036108.813,196,3,"(511.0, 146.0)"
1770036108.824,196,3,"(511.0, 146.0)"
1770036108.834,196,3,"(511.0, 146.0)"
1770036108.845,196,3,"(511.0, 146.0)"
1770036108.855,196,3,"(511.0, 146.0)"
1770036108.866,196,3,"(511.0, 146.0)"
1770036108.876,196,3,"(511.0, 146.0)"
1770036108.887,196,3,"(511.0, 146.0)"
1770036108.897,196,3,"(511.0, 146.0)"
1770036108.908,196,3,"(511.0, 146.0)"
1770036108.919,196,3,"(511.0, 146.0)"
1770036108.93,196,3,"(511.0, 146.0)"
1770036108.941,196,3,"(511.0, 146.0)"
1770036108.951,196,3,"(511.0, 146.0)"
1770036108.961,196,3,"(511.0, 146.0)"
1770036108.972,196,3,"(511.0, 146.0)"
1770036108.982,196,3,"(511.0, 146.0)"
1770036108.993,196,3,"(511.0, 146.0)"
1770036109.003,196,3,"(511.0, 146.0)"
1770036109.014,196,3,"(511.0, 146.0)"
1770036109.026,196,3,"(511.0, 146.0)"
1770036109.036,196,3,"(511.0, 146.0)"
1770036109.047,196,3,"(511.0, 146.0)"
1770036109.058,196,3,"(511.0, 146.0)"
1770036109.068,196,3,"(511.0, 146.0)"
1770036109.079,196,3,"(511.0, 146.0)"
1770036109.09,196,3,"(511.0, 146.0)"
1770036109.1,196,3,"(511.0, 146.0)"
1770036109.113,196,3,"(511.0, 146.0)"
1770036109.124,196,3,"(511.0, 146.0)"
1770036109.135,196,3,"(511.0, 146.0)"
1770036109.145,196,3,"(511.0, 146.0)"
1770036109.157,196,3,"(511.0, 146.0)"
1770036109.167,196,3,"(511.0, 146.0)"
1770036109.177,196,3,"(511.0, 146.0)"
1770036109.188,196,3,"(511.0, 146.0)"
1770036109.199,196,3,"(511.0, 146.0)"
1770036109.209,196,3,"(511.0, 146.0)"
1770036109.22,196,3,"(511.0, 146.0)"
1770036109.23,196,3,"(511.0, 146.0)"
1770036109.241,196,3,"(511.0, 146.0)"
1770036109.251,196,3,"(511.0, 146.0)"
1770036109.261,196,3,"(511.0, 146.0)"
1770036109.271,196,3,"(511.0, 146.0)"
1770036109.282,196,3,"(511.0, 146.0)"
1770036109.292,196,3,"(511.0, 146.0)"
1770036109.302,196,3,"(511.0, 146.0)"
1770036109.312,196,3,"(511.0, 146.0)"
1770036109.323,196,3,"(511.0, 146.0)"
1770036109.333,196,3,"(511.0, 146.0)"
1770036109.343,196,3,"(511.0, 146.0)"
1770036109.354,196,3,"(511.0, 146.0)"
1770036109.365,196,3,"(511.0, 146.0)"
1770036109.375,196,3,"(511.0, 146.0)"
1770036109.386,196,3,"(511.0, 146.0)"
1770036109.396,196,3,"(511.0, 146.0)"
1770036109.406,196,3,"(511.0, 146.0)"
1770036109.416,196,3,"(511.0, 146.0)"
1770036109.426,196,3,"(511.0, 146.0)"
1770036109.438,196,3,"(511.0, 146.0)"
1770036109.449,196,3,"(511.0, 146.0)"
1770036109.461,196,3,"(511.0, 146.0)"
1770036109.472,196,3,"(511.0, 146.0)"
1770036109.483,196,3,"(511.0, 146.0)"
1770036109.494,196,3,"(511.0, 146.0)"
1770036109.505,196,3,"(511.0, 146.0)"
1770036109.515,196,3,"(511.0, 146.0)"
1770036109.525,196,3,"(511.0, 146.0)"
1770036109.536,196,3,"(511.0, 146.0)"
1770036109.546,196,3,"(511.0, 146.0)"
1770036109.556,196,3,"(511.0, 146.0)"
1770036109.567,196,3,"(511.0, 146.0)"
1770036109.577,196,3,"(511.0, 146.0)"
1770036109.589,196,3,"(511.0, 146.0)"
1770036109.599,196,3,"(511.0, 146.0)"
1770036109.609,196,3,"(511.0, 146.0)"
1770036109.619,196,3,"(511.0, 146.0)"
1770036109.629,196,3,"(511.0, 146.0)"
1770036109.639,196,3,"(511.0, 146.0)"
1770036109.65,196,3,"(511.0, 146.0)"
1770036109.66,196,3,"(511.0, 146.0)"
1770036109.67,196,3,"(511.0, 146.0)"
1770036109.681,196,3,"(511.0, 146.0)"
1770036109.692,196,3,"(511.0, 133.0)"
1770036109.703,196,3,"(511.0, 133.0)"
1770036109.715,196,3,"(511.0, 133.0)"
1770036109.725,196,3,"(511.0, 133.0)"
1770036109.735,196,3,"(511.0, 146.0)"
1770036109.745,196,3,"(511.0, 146.0)"
1770036109.757,196,3,"(511.0, 146.0)"
1770036109.768,196,3,"(511.0, 146.0)"
1770036109.778,196,3,"(511.0, 146.0)"
1770036109.788,196,3,"(511.0, 146.0)"
1770036109.798,196,3,"(511.0, 146.0)"
1770036109.809,196,3,"(511.0, 146.0)"
1770036109.819,196,3,"(511.0, 146.0)"
1770036109.831,196,3,"(511.0, 146.0)"
1770036109.842,196,3,"(511.0, 146.0)"
1770036109.852,196,3,"(511.0, 146.0)"
1770036109.862,196,3,"(511.0, 158.0)"
1770036109.873,196,3,"(511.0, 158.0)"
1770036109.883,196,3,"(511.0, 170.0)"
1770036109.894,196,3,"(511.0, 170.0)"
1770036109.905,196,3,"(511.0, 170.0)"
1770036109.915,196,3,"(511.0, 170.0)"
1770036109.926,196,3,"(511.0, 170.0)"
1770036109.937,196,3,"(511.0, 170.0)"
1770036109.947,196,3,"(511.0, 170.0)"
1770036109.957,196,3,"(511.0, 170.0)"
1770036109.968,196,3,"(511.0, 170.0)"
1770036109.979,196,3,"(511.0, 170.0)"
1770036109.991,196,3,"(511.0, 170.0)"
1770036110.001,196,3,"(511.0, 170.0)"
1770036110.012,196,3,"(511.0, 170.0)"
1770036110.022,196,3,"(511.0, 158.0)"
1770036110.035,196,3,"(511.0, 158.0)"
1770036110.046,196,3,"(511.0, 146.0)"
1770036110.056,196,3,"(511.0, 146.0)"
1770036110.067,196,3,"(511.0, 146.0)"
1770036110.078,196,3,"(511.0, 146.0)"
1770036110.088,196,3,"(511.0, 146.0)"
1770036110.099,196,3,"(511.0, 146.0)"
1770036110.109,196,3,"(511.0, 146.0)"
1770036110.12,196,3,"(511.0, 146.0)"
1770036110.131,196,3,"(511.0, 146.0)"
1770036110.142,196,3,"(511.0, 146.0)"
1770036110.153,196,3,"(511.0, 146.0)"
1770036110.163,196,3,"(511.0, 146.0)"
1770036110.174,196,3,"(511.0, 146.0)"
1770036110.185,196,3,"(511.0, 146.0)"
1770036110.195,196,3,"(511.0, 146.0)"
1770036110.205,196,3,"(511.0, 146.0)"
1770036110.217,196,3,"(511.0, 146.0)"
1770036110.228,196,3,"(511.0, 146.0)"
1770036110.239,196,3,"(511.0, 146.0)"
1770036110.249,196,3,"(511.0, 158.0)"
1770036110.259,196,3,"(511.0, 170.0)"
1770036110.27,196,3,"(511.0, 170.0)"
1770036110.28,196,3,"(511.0, 170.0)"
1770036110.291,196,3,"(511.0, 170.0)"
1770036110.301,196,3,"(511.0, 170.0)"
1770036110.312,196,3,"(511.0, 170.0)"
1770036110.323,196,3,"(511.0, 158.0)"
1770036110.334,196,3,"(511.0, 158.0)"
1770036110.344,196,3,"(511.0, 146.0)"
1770036110.355,196,3,"(511.0, 146.0)"
1770036110.366,196,3,"(511.0, 146.0)"
1770036110.376,196,3,"(511.0, 146.0)"
1770036110.388,196,3,"(511.0, 146.0)"
1770036110.398,196,3,"(511.0, 146.0)"
1770036110.409,196,3,"(511.0, 146.0)"
1770036110.419,196,3,"(511.0, 146.0)"
1770036110.429,196,3,"(511.0, 146.0)"
1770036110.44,196,3,"(511.0, 146.0)"
1770036110.45,196,3,"(511.0, 146.0)"
1770036110.461,196,3,"(511.0, 146.0)"
1770036110.472,196,3,"(511.0, 146.0)"
1770036110.483,196,3,"(511.0, 146.0)"
1770036110.494,196,3,"(511.0, 146.0)"
1770036110.505,196,3,"(511.0, 146.0)"
1770036110.516,196,3,"(511.0, 146.0)"
1770036110.526,196,3,"(511.0, 146.0)"
1770036110.536,196,3,"(511.0, 146.0)"
1770036110.548,196,3,"(511.0, 146.0)"
1770036110.559,196,3,"(511.0, 146.0)"
1770036110.569,196,3,"(511.0, 146.0)"
1770036110.58,196,3,"(511.0, 146.0)"
1770036110.59,196,3,"(511.0, 146.0)"
1770036110.6,196,3,"(511.0, 146.0)"
1770036110.611,196,3,"(511.0, 146.0)"
1770036110.622,196,3,"(511.0, 158.0)"
1770036110.632,196,3,"(511.0, 158.0)"
1770036110.644,196,3,"(511.0, 158.0)"
1770036110.654,196,3,"(511.0, 146.0)"
1770036110.664,196,3,"(511.0, 146.0)"
1770036110.675,196,3,"(511.0, 146.0)"
1770036110.686,196,3,"(511.0, 146.0)"
1770036110.696,196,3,"(511.0, 146.0)"
1770036110.708,196,3,"(511.0, 146.0)"
1770036110.718,196,3,"(511.0, 146.0)"
1770036110.729,196,3,"(511.0, 146.0)"
1770036110.74,196,3,"(511.0, 146.0)"
1770036110.751,196,3,"(511.0, 146.0)"
1770036110.763,196,3,"(511.0, 146.0)"
1770036110.773,196,3,"(511.0, 146.0)"
1770036110.784,196,3,"(511.0, 146.0)"
1770036110.795,196,3,"(511.0, 146.0)"
1770036110.805,196,3,"(511.0, 146.0)"
1770036110.816,196,3,"(511.0, 146.0)"
1770036110.826,196,3,"(511.0, 146.0)"
1770036110.836,196,3,"(511.0, 146.0)"
1770036110.846,196,3,"(511.0, 146.0)"
1770036110.856,196,3,"(511.0, 146.0)"
1770036110.866,196,3,"(511.0, 146.0)"
1770036110.877,196,3,"(511.0, 146.0)"
1770036110.888,196,3,"(511.0, 146.0)"
1770036110.899,196,3,"(511.0, 146.0)"
1770036110.91,196,3,"(511.0, 146.0)"
1770036110.921,196,3,"(511.0, 146.0)"
1770036110.931,196,3,"(511.0, 146.0)"
1770036110.941,196,3,"(511.0, 146.0)"
1770036110.954,196,3,"(511.0, 146.0)"
1770036110.965,196,3,"(511.0, 146.0)"
1770036110.976,196,3,"(511.0, 146.0)"
1770036110.986,196,3,"(511.0, 146.0)"
1770036110.996,196,3,"(511.0, 146.0)"
1770036111.006,196,3,"(511.0, 146.0)"
1770036111.017,196,3,"(511.0, 146.0)"
1770036111.028,196,3,"(511.0, 146.0)"
1770036111.039,196,3,"(511.0, 146.0)"
1770036111.049,196,3,"(511.0, 146.0)"
1770036111.059,196,3,"(511.0, 146.0)"
1770036111.07,196,3,"(511.0, 146.0)"
1770036111.081,196,3,"(511.0, 146.0)"
1770036111.091,196,3,"(511.0, 146.0)"
1770036111.101,196,3,"(511.0, 146.0)"
1770036111.112,196,3,"(511.0, 146.0)"
1770036111.122,196,3,"(511.0, 133.0)"
1770036111.133,196,3,"(511.0, 121.0)"
1770036111.145,196,3,"(511.0, 121.0)"
1770036111.156,196,3,"(511.0, 121.0)"
1770036111.166,196,3,"(511.0, 121.0)"
1770036111.177,196,3,"(511.0, 121.0)"
1770036111.188,196,3,"(511.0, 121.0)"
1770036111.199,196,3,"(511.0, 121.0)"
1770036111.21,196,3,"(511.0, 121.0)"
1770036111.221,196,3,"(511.0, 121.0)"
1770036111.231,196,3,"(511.0, 121.0)"
1770036111.243,196,3,"(511.0, 121.0)"
1770036111.254,196,3,"(511.0, 121.0)"
1770036111.264,196,3,"(511.0, 121.0)"
1770036111.274,196,3,"(511.0, 121.0)"
1770036111.286,196,3,"(511.0, 121.0)"
1770036111.296,196,3,"(511.0, 121.0)"
1770036115.432,196,4,"(511.0, 194.0)"
1770036115.442,196,4,"(511.0, 194.0)"
1770036115.452,196,4,"(511.0, 194.0)"
1770036115.462,196,4,"(511.0, 182.0)"
1770036115.473,196,4,"(511.0, 182.0)"
1770036115.483,196,4,"(511.0, 170.0)"
1770036115.494,196,4,"(511.0, 170.0)"
1770036115.504,196,4,"(511.0, 170.0)"
1770036115.514,196,4,"(511.0, 170.0)"
1770036115.524,196,4,"(511.0, 170.0)"
1770036115.535,196,4,"(511.0, 170.0)"
1770036115.545,196,4,"(511.0, 170.0)"
1770036115.555,196,4,"(511.0, 170.0)"
1770036115.566,196,4,"(511.0, 170.0)"
1770036115.576,196,4,"(511.0, 170.0)"
1770036115.586,196,4,"(511.0, 170.0)"
1770036115.597,196,4,"(511.0, 158.0)"
1770036115.607,196,4,"(511.0, 158.0)"
1770036115.618,196,4,"(511.0, 158.0)"
1770036115.629,196,4,"(511.0, 158.0)"
1770036115.64,196,4,"(511.0, 158.0)"
1770036115.651,196,4,"(511.0, 170.0)"
1770036115.663,196,4,"(511.0, 170.0)"
1770036115.673,196,4,"(511.0, 158.0)"
1770036115.684,196,4,"(511.0, 158.0)"
1770036115.695,196,4,"(511.0, 158.0)"
1770036115.705,196,4,"(511.0, 158.0)"
1770036115.715,196,4,"(511.0, 158.0)"
1770036115.726,196,4,"(511.0, 170.0)"
1770036115.736,196,4,"(511.0, 170.0)"
1770036115.746,196,4,"(511.0, 170.0)"
1770036115.757,196,4,"(511.0, 170.0)"
1770036115.768,196,4,"(511.0, 170.0)"
1770036115.778,196,4,"(511.0, 182.0)"
1770036115.789,196,4,"(511.0, 182.0)"
1770036115.799,196,4,"(511.0, 182.0)"
1770036115.809,196,4,"(511.0, 170.0)"
1770036115.819,196,4,"(511.0, 170.0)"
1770036115.83,196,4,"(511.0, 170.0)"
1770036115.841,196,4,"(511.0, 170.0)"
1770036115.851,196,4,"(511.0, 170.0)"
1770036115.862,196,4,"(511.0, 182.0)"
1770036115.873,196,4,"(511.0, 182.0)"
1770036115.883,196,4,"(511.0, 194.0)"
1770036115.893,196,4,"(511.0, 194.0)"
1770036115.904,196,4,"(511.0, 194.0)"
1770036115.914,196,4,"(511.0, 194.0)"
1770036115.925,196,4,"(511.0, 194.0)"
1770036115.936,196,4,"(511.0, 194.0)"
1770036115.946,196,4,"(511.0, 194.0)"
1770036115.957,196,4,"(511.0, 182.0)"
1770036115.968,196,4,"(511.0, 182.0)"
1770036115.979,196,4,"(511.0, 170.0)"
1770036115.99,196,4,"(511.0, 170.0)"
1770036116.001,196,4,"(511.0, 170.0)"
1770036116.012,196,4,"(511.0, 170.0)"
1770036116.022,196,4,"(511.0, 170.0)"
1770036116.034,196,4,"(511.0, 170.0)"
1770036116.044,196,4,"(511.0, 170.0)"
1770036116.055,196,4,"(511.0, 170.0)"
1770036116.066,196,4,"(511.0, 182.0)"
1770036116.076,196,4,"(511.0, 182.0)"
1770036116.086,196,4,"(511.0, 182.0)"
1770036116.097,196,4,"(511.0, 170.0)"
1770036116.11,196,4,"(511.0, 170.0)"
1770036116.12,196,4,"(511.0, 170.0)"
1770036116.132,196,4,"(511.0, 170.0)"
1770036116.143,196,4,"(511.0, 170.0)"
1770036116.153,196,4,"(511.0, 170.0)"
1770036116.164,196,4,"(511.0, 158.0)"
1770036116.175,196,4,"(511.0, 158.0)"
1770036116.187,196,4,"(511.0, 146.0)"
1770036116.198,196,4,"(511.0, 146.0)"
1770036116.209,196,4,"(511.0, 146.0)"
1770036116.22,196,4,"(511.0, 146.0)"
1770036116.23,196,4,"(511.0, 146.0)"
1770036116.241,196,4,"(511.0, 158.0)"
1770036116.252,196,4,"(511.0, 158.0)"
1770036116.262,196,4,"(511.0, 170.0)"
1770036116.273,196,4,"(511.0, 170.0)"
1770036116.285,196,4,"(511.0, 170.0)"
1770036116.295,196,4,"(511.0, 170.0)"
1770036116.306,196,4,"(511.0, 170.0)"
1770036116.316,196,4,"(511.0, 170.0)"
1770036116.327,196,4,"(511.0, 170.0)"
1770036116.338,196,4,"(511.0, 170.0)"
1770036116.348,196,4,"(511.0, 170.0)"
1770036116.359,196,4,"(511.0, 170.0)"
1770036116.37,196,4,"(511.0, 170.0)"
1770036116.38,196,4,"(511.0, 170.0)"
1770036116.392,196,4,"(511.0, 170.0)"
1770036116.402,196,4,"(511.0, 170.0)"
1770036116.414,196,4,"(511.0, 170.0)"
1770036116.424,196,4,"(511.0, 170.0)"
1770036116.434,196,4,"(511.0, 170.0)"
1770036116.445,196,4,"(511.0, 182.0)"
1770036116.456,196,4,"(511.0, 182.0)"
1770036116.466,196,4,"(447.0, 182.0)"
1770036116.476,196,4,"(511.0, 170.0)"
1770036116.486,196,4,"(511.0, 170.0)"
1770036116.496,196,4,"(511.0, 170.0)"
1770036116.507,196,4,"(511.0, 170.0)"
1770036116.517,196,4,"(511.0, 170.0)"
1770036116.527,196,4,"(511.0, 170.0)"
1770036116.538,196,4,"(511.0, 170.0)"
1770036116.548,196,4,"(511.0, 170.0)"
1770036116.559,196,4,"(511.0, 170.0)"
1770036116.57,196,4,"(511.0, 170.0)"
1770036116.581,196,4,"(511.0, 170.0)"
1770036116.592,196,4,"(511.0, 170.0)"
1770036116.603,196,4,"(511.0, 170.0)"
1770036116.613,196,4,"(511.0, 170.0)"
1770036116.624,196,4,"(511.0, 170.0)"
1770036116.635,196,4,"(511.0, 170.0)"
1770036116.646,196,4,"(511.0, 170.0)"
1770036116.656,196,4,"(511.0, 170.0)"
1770036116.666,196,4,"(511.0, 170.0)"
1770036116.676,196,4,"(511.0, 170.0)"
1770036116.687,196,4,"(511.0, 170.0)"
1770036116.698,196,4,"(511.0, 170.0)"
1770036116.708,196,4,"(511.0, 170.0)"
1770036116.719,196,4,"(511.0, 182.0)"
1770036116.729,196,4,"(511.0, 182.0)"
1770036116.739,196,4,"(511.0, 194.0)"
1770036116.75,196,4,"(511.0, 182.0)"
1770036116.761,196,4,"(511.0, 182.0)"
1770036116.771,196,4,"(511.0, 170.0)"
1770036116.782,196,4,"(511.0, 170.0)"
1770036116.793,196,4,"(511.0, 182.0)"
1770036116.804,196,4,"(511.0, 194.0)"
1770036116.815,196,4,"(511.0, 194.0)"
1770036116.826,196,4,"(511.0, 194.0)"
1770036116.836,196,4,"(511.0, 182.0)"
1770036116.846,196,4,"(511.0, 182.0)"
1770036116.857,196,4,"(511.0, 170.0)"
1770036116.867,196,4,"(511.0, 170.0)"
1770036116.877,196,4,"(511.0, 170.0)"
1770036116.888,196,4,"(511.0, 170.0)"
1770036116.899,196,4,"(511.0, 170.0)"
1770036116.909,196,4,"(511.0, 170.0)"
1770036116.919,196,4,"(511.0, 170.0)"
1770036116.929,196,4,"(511.0, 170.0)"
1770036116.94,196,4,"(511.0, 170.0)"
1770036116.951,196,4,"(511.0, 170.0)"
1770036116.961,196,4,"(511.0, 170.0)"
1770036116.972,196,4,"(511.0, 170.0)"
1770036116.982,196,4,"(511.0, 158.0)"
1770036116.994,196,4,"(511.0, 158.0)"
1770036117.005,196,4,"(511.0, 158.0)"
1770036117.016,196,4,"(511.0, 158.0)"
1770036117.026,196,4,"(511.0, 170.0)"
1770036117.037,196,4,"(511.0, 170.0)"
1770036117.047,196,4,"(511.0, 170.0)"
1770036117.057,196,4,"(511.0, 170.0)"
1770036117.068,196,4,"(511.0, 170.0)"
1770036117.079,196,4,"(511.0, 170.0)"
1770036117.089,196,4,"(511.0, 170.0)"
1770036117.099,196,4,"(511.0, 170.0)"
1770036117.11,196,4,"(511.0, 170.0)"
1770036117.121,196,4,"(511.0, 170.0)"
1770036117.131,196,4,"(511.0, 170.0)"
1770036117.142,196,4,"(511.0, 170.0)"
1770036117.153,196,4,"(511.0, 170.0)"
1770036117.164,196,4,"(511.0, 170.0)"
1770036117.174,196,4,"(511.0, 170.0)"
1770036117.185,196,4,"(511.0, 170.0)"
1770036117.195,196,4,"(511.0, 170.0)"
1770036117.206,196,4,"(511.0, 170.0)"
1770036117.217,196,4,"(511.0, 170.0)"
1770036117.227,196,4,"(511.0, 170.0)"
1770036117.238,196,4,"(511.0, 170.0)"
1770036117.248,196,4,"(511.0, 170.0)"
1770036117.26,196,4,"(511.0, 170.0)"
1770036117.272,196,4,"(511.0, 170.0)"
1770036117.283,196,4,"(511.0, 170.0)"
1770036117.294,196,4,"(511.0, 170.0)"
1770036117.305,196,4,"(511.0, 170.0)"
1770036117.315,196,4,"(511.0, 170.0)"
1770036117.326,196,4,"(511.0, 170.0)"
1770036117.336,196,4,"(511.0, 170.0)"
1770036117.346,196,4,"(511.0, 170.0)"
1770036117.356,196,4,"(511.0, 158.0)"
1770036117.366,196,4,"(511.0, 158.0)"
1770036117.376,196,4,"(511.0, 158.0)"
1770036117.386,196,4,"(511.0, 146.0)"
1770036117.397,196,4,"(511.0, 146.0)"
1770036117.409,196,4,"(511.0, 146.0)"
1770036117.42,196,4,"(511.0, 146.0)"
1770036117.43,196,4,"(511.0, 146.0)"
1770036117.441,196,4,"(511.0, 146.0)"
1770036117.451,196,4,"(511.0, 146.0)"
1770036117.462,196,4,"(511.0, 146.0)"
1770036117.472,196,4,"(511.0, 146.0)"
1770036117.483,196,4,"(511.0, 146.0)"
1770036117.494,196,4,"(511.0, 146.0)"
1770036117.504,196,4,"(511.0, 146.0)"
1770036117.514,196,4,"(511.0, 146.0)"
1770036117.524,196,4,"(511.0, 158.0)"
1770036117.535,196,4,"(511.0, 158.0)"
1770036117.546,196,4,"(511.0, 170.0)"
1770036117.556,196,4,"(511.0, 170.0)"
1770036117.567,196,4,"(511.0, 170.0)"
1770036117.579,196,4,"(511.0, 170.0)"
1770036117.59,196,4,"(511.0, 170.0)"
1770036117.6,196,4,"(511.0, 170.0)"
1770036117.611,196,4,"(511.0, 158.0)"
1770036117.622,196,4,"(511.0, 158.0)"
1770036117.632,196,4,"(511.0, 146.0)"
1770036117.642,196,4,"(511.0, 146.0)"
1770036117.653,196,4,"(511.0, 146.0)"
1770036117.663,196,4,"(511.0, 158.0)"
1770036117.673,196,4,"(511.0, 158.0)"
1770036117.683,196,4,"(511.0, 158.0)"
1770036117.694,196,4,"(511.0, 146.0)"
1770036117.705,196,4,"(511.0, 146.0)"
1770036117.718,196,4,"(511.0, 146.0)"
1770036117.729,196,4,"(511.0, 146.0)"
1770036117.739,196,4,"(511.0, 146.0)"
1770036117.75,196,4,"(511.0, 146.0)"
1770036117.761,196,4,"(511.0, 133.0)"
1770036117.772,196,4,"(511.0, 133.0)"
1770036117.783,196,4,"(511.0, 121.0)"
1770036117.794,196,4,"(511.0, 121.0)"
1770036117.805,196,4,"(511.0, 121.0)"
1770036117.816,196,4,"(511.0, 121.0)"
1770036117.826,196,4,"(511.0, 121.0)"
1770036117.838,196,4,"(511.0, 121.0)"
1770036117.849,196,4,"(511.0, 121.0)"
1770036117.859,196,4,"(511.0, 121.0)"
1770036117.869,196,4,"(511.0, 121.0)"
1770036117.88,196,4,"(511.0, 121.0)"
1770036117.891,196,4,"(511.0, 121.0)"
1770036117.902,196,4,"(511.0, 121.0)"
1770036117.914,196,4,"(511.0, 121.0)"
1770036117.924,196,4,"(511.0, 121.0)"
1770036117.935,196,4,"(511.0, 121.0)"
1770036117.945,196,4,"(511.0, 121.0)"
1770036117.956,196,4,"(511.0, 121.0)"
1770036117.967,196,4,"(511.0, 121.0)"
1770036117.979,196,4,"(511.0, 121.0)"
1770036117.989,196,4,"(511.0, 121.0)"
1770036118.001,196,4,"(511.0, 121.0)"
1770036118.012,196,4,"(511.0, 121.0)"
1770036118.022,196,4,"(511.0, 121.0)"
1770036118.034,196,4,"(511.0, 121.0)"
1770036118.044,196,4,"(511.0, 121.0)"
1770036118.055,196,4,"(511.0, 121.0)"
1770036118.067,196,4,"(511.0, 121.0)"
1770036118.077,196,4,"(511.0, 121.0)"
1770036118.088,196,4,"(511.0, 121.0)"
1770036118.099,196,4,"(511.0, 121.0)"
1770036118.109,196,4,"(511.0, 121.0)"
1770036118.119,196,4,"(511.0, 121.0)"
1770036118.13,196,4,"(511.0, 121.0)"
1770036118.141,196,4,"(511.0, 121.0)"
1770036118.151,196,4,"(511.0, 121.0)"
1770036118.162,196,4,"(511.0, 121.0)"
1770036118.172,196,4,"(511.0, 121.0)"
1770036118.183,196,4,"(511.0, 121.0)"
1770036118.194,196,4,"(511.0, 121.0)"
1770036118.204,196,4,"(511.0, 121.0)"
1770036118.214,196,4,"(511.0, 121.0)"
1770036118.225,196,4,"(511.0, 121.0)"
1770036118.236,196,4,"(511.0, 121.0)"
1770036118.247,196,4,"(511.0, 121.0)"
1770036118.258,196,4,"(511.0, 121.0)"
1770036118.269,196,4,"(511.0, 133.0)"
1770036118.28,196,4,"(511.0, 133.0)"
1770036118.291,196,4,"(511.0, 146.0)"
1770036118.301,196,4,"(511.0, 146.0)"
1770036118.312,196,4,"(511.0, 146.0)"
1770036118.322,196,4,"(511.0, 146.0)"
1770036118.333,196,4,"(511.0, 146.0)"
1770036118.343,196,4,"(511.0, 146.0)"
1770036118.354,196,4,"(511.0, 146.0)"
1770036118.365,196,4,"(511.0, 146.0)"
1770036118.375,196,4,"(511.0, 146.0)"
1770036118.385,196,4,"(511.0, 146.0)"
1770036118.396,196,4,"(511.0, 146.0)"
1770036118.407,196,4,"(511.0, 146.0)"
1770036118.417,196,4,"(511.0, 146.0)"
1770036118.428,196,4,"(511.0, 146.0)"
1770036118.439,196,4,"(511.0, 146.0)"
1770036130.114,196,1,"(511.0, 121.0)"
1770036130.125,196,1,"(511.0, 121.0)"
1770036130.135,196,1,"(511.0, 121.0)"
1770036130.146,196,1,"(511.0, 121.0)"
1770036130.157,196,1,"(511.0, 121.0)"
1770036130.167,196,1,"(511.0, 121.0)"
1770036130.177,196,1,"(511.0, 121.0)"
1770036130.188,196,1,"(511.0, 121.0)"
1770036130.199,196,1,"(511.0, 121.0)"
1770036130.209,196,1,"(511.0, 121.0)"
1770036130.22,196,1,"(511.0, 109.0)"
1770036130.23,196,1,"(511.0, 109.0)"
1770036130.241,196,1,"(511.0, 97.0)"
1770036130.251,196,1,"(511.0, 97.0)"
1770036130.263,196,1,"(511.0, 97.0)"
1770036130.274,196,1,"(511.0, 97.0)"
1770036130.285,196,1,"(511.0, 97.0)"
1770036130.296,196,1,"(511.0, 97.0)"
1770036130.306,196,1,"(511.0, 97.0)"
1770036130.318,196,1,"(511.0, 97.0)"
1770036130.328,196,1,"(511.0, 97.0)"
1770036130.338,196,1,"(511.0, 97.0)"
1770036130.348,196,1,"(511.0, 97.0)"
1770036130.358,196,1,"(511.0, 97.0)"
1770036130.369,196,1,"(511.0, 97.0)"
1770036130.38,196,1,"(511.0, 97.0)"
1770036130.39,196,1,"(511.0, 97.0)"
1770036130.402,196,1,"(511.0, 97.0)"
1770036130.412,196,1,"(511.0, 97.0)"
1770036130.422,196,1,"(511.0, 97.0)"
1770036130.433,196,1,"(511.0, 97.0)"
1770036130.443,196,1,"(511.0, 97.0)"
1770036130.453,196,1,"(511.0, 97.0)"
1770036130.463,196,1,"(511.0, 97.0)"
1770036130.475,196,1,"(511.0, 97.0)"
1770036130.485,196,1,"(511.0, 97.0)"
1770036130.496,196,1,"(511.0, 97.0)"
1770036130.506,196,1,"(511.0, 97.0)"
1770036130.517,196,1,"(511.0, 97.0)"
1770036130.527,196,1,"(511.0, 97.0)"
1770036130.538,196,1,"(511.0, 97.0)"
1770036130.548,196,1,"(511.0, 97.0)"
1770036130.559,196,1,"(511.0, 97.0)"
1770036130.569,196,1,"(511.0, 97.0)"
1770036130.58,196,1,"(511.0, 97.0)"
1770036130.59,196,1,"(511.0, 97.0)"
1770036130.601,196,1,"(511.0, 97.0)"
1770036130.611,196,1,"(511.0, 97.0)"
1770036130.622,196,1,"(511.0, 97.0)"
1770036130.633,196,1,"(511.0, 97.0)"
1770036130.644,196,1,"(511.0, 97.0)"
1770036130.654,196,1,"(511.0, 109.0)"
1770036130.664,196,1,"(511.0, 109.0)"
1770036130.675,196,1,"(511.0, 121.0)"
1770036130.685,196,1,"(511.0, 121.0)"
1770036130.697,196,1,"(511.0, 121.0)"
1770036130.707,196,1,"(511.0, 121.0)"
1770036130.717,196,1,"(511.0, 121.0)"
1770036130.727,196,1,"(511.0, 121.0)"
1770036130.738,196,1,"(511.0, 121.0)"
1770036130.748,196,1,"(511.0, 121.0)"
1770036130.758,196,1,"(511.0, 121.0)"
1770036130.769,196,1,"(511.0, 121.0)"
1770036130.78,196,1,"(511.0, 121.0)"
1770036130.79,196,1,"(511.0, 121.0)"
1770036130.802,196,1,"(511.0, 121.0)"
1770036130.812,196,1,"(511.0, 121.0)"
1770036130.823,196,1,"(511.0, 121.0)"
1770036130.834,196,1,"(511.0, 109.0)"
1770036130.845,196,1,"(511.0, 109.0)"
1770036130.856,196,1,"(511.0, 97.0)"
1770036130.867,196,1,"(511.0, 97.0)"
1770036130.877,196,1,"(511.0, 97.0)"
1770036130.888,196,1,"(511.0, 97.0)"
1770036130.899,196,1,"(511.0, 109.0)"
1770036130.909,196,1,"(511.0, 109.0)"
1770036130.92,196,1,"(511.0, 97.0)"
1770036130.931,196,1,"(511.0, 97.0)"
1770036130.941,196,1,"(511.0, 97.0)"
1770036130.952,196,1,"(511.0, 97.0)"
1770036130.963,196,1,"(511.0, 97.0)"
1770036130.974,196,1,"(511.0, 97.0)"
1770036130.984,196,1,"(511.0, 97.0)"
1770036130.995,196,1,"(511.0, 97.0)"
1770036131.005,196,1,"(511.0, 97.0)"
1770036131.016,196,1,"(511.0, 97.0)"
1770036131.026,196,1,"(511.0, 97.0)"
1770036131.037,196,1,"(511.0, 109.0)"
1770036131.048,196,1,"(511.0, 109.0)"
1770036131.058,196,1,"(511.0, 121.0)"
1770036131.068,196,1,"(511.0, 121.0)"
1770036131.078,196,1,"(511.0, 121.0)"
1770036131.089,196,1,"(511.0, 121.0)"
1770036131.099,196,1,"(511.0, 121.0)"
1770036131.109,196,1,"(511.0, 121.0)"
1770036131.12,196,1,"(511.0, 121.0)"
1770036131.13,196,1,"(511.0, 109.0)"
1770036131.142,196,1,"(511.0, 109.0)"
1770036131.152,196,1,"(511.0, 109.0)"
1770036131.163,196,1,"(511.0, 109.0)"
1770036131.176,196,1,"(511.0, 109.0)"
1770036131.186,196,1,"(511.0, 121.0)"
1770036131.197,196,1,"(511.0, 121.0)"
1770036131.209,196,1,"(511.0, 109.0)"
1770036131.22,196,1,"(511.0, 109.0)"
1770036131.23,196,1,"(511.0, 97.0)"
1770036131.24,196,1,"(511.0, 97.0)"
1770036131.251,196,1,"(511.0, 97.0)"
1770036131.261,196,1,"(511.0, 97.0)"
1770036131.271,196,1,"(511.0, 97.0)"
1770036131.282,196,1,"(511.0, 97.0)"
1770036131.293,196,1,"(511.0, 97.0)"
1770036131.303,196,1,"(511.0, 97.0)"
1770036131.313,196,1,"(511.0, 97.0)"
1770036131.324,196,1,"(511.0, 97.0)"
1770036131.335,196,1,"(511.0, 97.0)"
1770036131.346,196,1,"(511.0, 97.0)"
1770036131.356,196,1,"(511.0, 97.0)"
1770036131.367,196,1,"(511.0, 97.0)"
1770036131.378,196,1,"(511.0, 97.0)"
1770036131.388,196,1,"(511.0, 97.0)"
1770036131.399,196,1,"(511.0, 97.0)"
1770036131.41,196,1,"(511.0, 97.0)"
1770036131.421,196,1,"(511.0, 97.0)"
1770036131.432,196,1,"(511.0, 97.0)"
1770036131.442,196,1,"(511.0, 97.0)"
1770036131.453,196,1,"(511.0, 97.0)"
1770036131.464,196,1,"(511.0, 97.0)"
1770036131.475,196,1,"(511.0, 97.0)"
1770036131.485,196,1,"(511.0, 97.0)"
1770036131.496,196,1,"(511.0, 97.0)"
1770036131.506,196,1,"(511.0, 97.0)"
1770036131.516,196,1,"(511.0, 97.0)"
1770036131.526,196,1,"(511.0, 97.0)"
1770036131.536,196,1,"(511.0, 109.0)"
1770036131.546,196,1,"(511.0, 109.0)"
1770036131.558,196,1,"(511.0, 121.0)"
1770036131.569,196,1,"(511.0, 121.0)"
1770036131.579,196,1,"(511.0, 121.0)"
1770036131.59,196,1,"(511.0, 121.0)"
1770036131.6,196,1,"(511.0, 121.0)"
1770036131.611,196,1,"(511.0, 121.0)"
1770036131.621,196,1,"(511.0, 121.0)"
1770036131.632,196,1,"(511.0, 121.0)"
1770036131.642,196,1,"(511.0, 121.0)"
1770036131.653,196,1,"(511.0, 109.0)"
1770036131.663,196,1,"(511.0, 109.0)"
1770036131.673,196,1,"(511.0, 97.0)"
1770036131.684,196,1,"(511.0, 97.0)"
1770036131.694,196,1,"(511.0, 97.0)"
1770036131.705,196,1,"(511.0, 97.0)"
1770036131.716,196,1,"(511.0, 97.0)"
1770036131.726,196,1,"(511.0, 97.0)"
1770036131.737,196,1,"(511.0, 97.0)"
1770036131.748,196,1,"(511.0, 97.0)"
1770036131.759,196,1,"(511.0, 109.0)"
1770036131.77,196,1,"(511.0, 121.0)"
1770036131.781,196,1,"(511.0, 121.0)"
1770036131.791,196,1,"(511.0, 121.0)"
1770036131.801,196,1,"(511.0, 121.0)"
1770036131.813,196,1,"(511.0, 121.0)"
1770036131.824,196,1,"(511.0, 121.0)"
1770036131.834,196,1,"(511.0, 121.0)"
1770036131.845,196,1,"(511.0, 121.0)"
1770036131.856,196,1,"(511.0, 121.0)"
1770036131.867,196,1,"(511.0, 121.0)"
1770036131.878,196,1,"(511.0, 121.0)"
1770036131.888,196,1,"(511.0, 121.0)"
1770036131.899,196,1,"(511.0, 121.0)"
1770036131.91,196,1,"(511.0, 121.0)"
1770036131.921,196,1,"(511.0, 121.0)"
1770036131.931,196,1,"(511.0, 121.0)"
1770036131.942,196,1,"(511.0, 121.0)"
1770036131.953,196,1,"(511.0, 121.0)"
1770036131.964,196,1,"(511.0, 121.0)"
1770036131.975,196,1,"(511.0, 121.0)"
1770036131.986,196,1,"(511.0, 121.0)"
1770036131.996,196,1,"(511.0, 121.0)"
1770036132.007,196,1,"(511.0, 121.0)"
1770036132.018,196,1,"(511.0, 121.0)"
1770036132.029,196,1,"(511.0, 121.0)"
1770036132.039,196,1,"(511.0, 121.0)"
1770036132.051,196,1,"(511.0, 121.0)"
1770036132.062,196,1,"(511.0, 121.0)"
1770036132.072,196,1,"(511.0, 121.0)"
1770036132.083,196,1,"(511.0, 121.0)"
1770036132.093,196,1,"(511.0, 121.0)"
1770036132.105,196,1,"(511.0, 121.0)"
1770036132.116,196,1,"(511.0, 109.0)"
1770036132.128,196,1,"(511.0, 109.0)"
1770036132.14,196,1,"(511.0, 97.0)"
1770036132.15,196,1,"(511.0, 97.0)"
1770036132.161,196,1,"(511.0, 97.0)"
1770036132.171,196,1,"(511.0, 97.0)"
1770036132.182,196,1,"(511.0, 97.0)"
1770036132.192,196,1,"(511.0, 97.0)"
1770036132.203,196,1,"(511.0, 97.0)"
1770036132.213,196,1,"(511.0, 97.0)"
1770036132.224,196,1,"(511.0, 97.0)"
1770036132.235,196,1,"(511.0, 97.0)"
1770036132.245,196,1,"(511.0, 97.0)"
1770036132.256,196,1,"(511.0, 97.0)"
1770036132.266,196,1,"(511.0, 97.0)"
1770036132.277,196,1,"(511.0, 97.0)"
1770036132.288,196,1,"(511.0, 97.0)"
1770036132.299,196,1,"(511.0, 97.0)"
1770036132.31,196,1,"(511.0, 97.0)"
1770036132.32,196,1,"(511.0, 97.0)"
1770036132.331,196,1,"(511.0, 97.0)"
1770036132.342,196,1,"(511.0, 97.0)"
1770036132.353,196,1,"(511.0, 97.0)"
1770036132.364,196,1,"(511.0, 97.0)"
1770036132.375,196,1,"(511.0, 97.0)"
1770036132.385,196,1,"(511.0, 97.0)"
1770036132.395,196,1,"(511.0, 97.0)"
1770036132.405,196,1,"(511.0, 97.0)"
1770036132.416,196,1,"(511.0, 97.0)"
1770036132.426,196,1,"(511.0, 97.0)"
1770036132.436,196,1,"(511.0, 97.0)"
1770036132.448,196,1,"(511.0, 97.0)"
1770036132.458,196,1,"(511.0, 97.0)"
1770036132.469,196,1,"(511.0, 97.0)"
1770036132.481,196,1,"(511.0, 97.0)"
1770036132.491,196,1,"(511.0, 97.0)"
1770036132.501,196,1,"(511.0, 97.0)"
1770036132.513,196,1,"(511.0, 97.0)"
1770036132.524,196,1,"(511.0, 97.0)"
1770036132.534,196,1,"(511.0, 97.0)"
1770036132.544,196,1,"(511.0, 97.0)"
1770036132.555,196,1,"(511.0, 97.0)"
1770036132.566,196,1,"(511.0, 97.0)"
1770036132.577,196,1,"(511.0, 97.0)"
1770036132.588,196,1,"(511.0, 97.0)"
1770036132.599,196,1,"(511.0, 97.0)"
1770036132.609,196,1,"(511.0, 97.0)"
1770036132.62,196,1,"(511.0, 97.0)"
1770036132.631,196,1,"(511.0, 97.0)"
1770036132.642,196,1,"(511.0, 109.0)"
1770036132.653,196,1,"(511.0, 109.0)"
1770036132.663,196,1,"(511.0, 97.0)"
1770036132.674,196,1,"(511.0, 97.0)"
1770036132.686,196,1,"(511.0, 97.0)"
1770036132.696,196,1,"(511.0, 97.0)"
1770036132.706,196,1,"(511.0, 97.0)"
1770036132.717,196,1,"(511.0, 97.0)"
1770036132.729,196,1,"(511.0, 109.0)"
1770036132.739,196,1,"(511.0, 109.0)"
1770036132.749,196,1,"(511.0, 121.0)"
1770036132.76,196,1,"(511.0, 121.0)"
1770036132.771,196,1,"(511.0, 121.0)"
1770036132.783,196,1,"(511.0, 121.0)"
1770036132.794,196,1,"(511.0, 121.0)"
1770036132.804,196,1,"(511.0, 121.0)"
1770036132.814,196,1,"(511.0, 121.0)"
1770036132.826,196,1,"(511.0, 121.0)"
1770036132.836,196,1,"(511.0, 121.0)"
1770036132.846,196,1,"(511.0, 121.0)"
1770036132.856,196,1,"(511.0, 121.0)"
1770036132.867,196,1,"(511.0, 121.0)"
1770036132.878,196,1,"(511.0, 121.0)"
1770036132.888,196,1,"(511.0, 121.0)"
1770036132.899,196,1,"(511.0, 121.0)"
1770036132.909,196,1,"(511.0, 121.0)"
1770036132.92,196,1,"(511.0, 121.0)"
1770036132.93,196,1,"(511.0, 121.0)"
1770036132.941,196,1,"(511.0, 121.0)"
1770036132.952,196,1,"(511.0, 121.0)"
1770036132.962,196,1,"(511.0, 121.0)"
1770036132.972,196,1,"(511.0, 121.0)"
1770036132.982,196,1,"(511.0, 121.0)"
1770036132.993,196,1,"(511.0, 121.0)"
1770036133.004,196,1,"(511.0, 121.0)"
1770036133.014,196,1,"(511.0, 121.0)"
1770036133.026,196,1,"(511.0, 121.0)"
1770036133.036,196,1,"(511.0, 121.0)"
1770036133.046,196,1,"(511.0, 121.0)"
1770036133.056,196,1,"(511.0, 121.0)"
1770036133.068,196,1,"(511.0, 121.0)"
1770036133.078,196,1,"(511.0, 121.0)"
1770036133.088,196,1,"(511.0, 121.0)"
1770036133.099,196,1,"(511.0, 121.0)"
1770036133.11,196,1,"(511.0, 121.0)"
1770036135.663,196,2,"(575.0, 560.0)"
1770036135.674,196,2,"(511.0, 548.0)"
1770036135.684,196,2,"(511.0, 535.0)"
1770036135.695,196,2,"(511.0, 535.0)"
1770036135.706,196,2,"(575.0, 535.0)"
1770036135.716,196,2,"(575.0, 523.0)"
1770036135.727,196,2,"(511.0, 523.0)"
1770036135.737,196,2,"(447.0, 511.0)"
1770036135.748,196,2,"(511.0, 511.0)"
1770036135.76,196,2,"(511.0, 511.0)"
1770036135.771,196,2,"(575.0, 511.0)"
1770036135.782,196,2,"(319.0, 523.0)"
1770036135.792,196,2,"(639.0, 523.0)"
1770036135.803,196,2,"(511.0, 511.0)"
1770036135.814,196,2,"(575.0, 523.0)"
1770036135.824,196,2,"(447.0, 523.0)"
1770036135.835,196,2,"(383.0, 523.0)"
1770036135.845,196,2,"(511.0, 523.0)"
1770036135.855,196,2,"(511.0, 499.0)"
1770036135.866,196,2,"(511.0, 499.0)"
1770036135.877,196,2,"(639.0, 487.0)"
1770036135.888,196,2,"(511.0, 499.0)"
1770036135.898,196,2,"(383.0, 511.0)"
1770036135.909,196,2,"(511.0, 523.0)"
1770036135.92,196,2,"(511.0, 511.0)"
1770036135.931,196,2,"(511.0, 511.0)"
1770036135.941,196,2,"(447.0, 499.0)"
1770036135.952,196,2,"(511.0, 499.0)"
1770036135.962,196,2,"(447.0, 511.0)"
1770036135.972,196,2,"(639.0, 511.0)"
1770036135.983,196,2,"(703.0, 523.0)"
1770036135.994,196,2,"(575.0, 523.0)"
1770036136.004,196,2,"(639.0, 523.0)"
1770036136.015,196,2,"(511.0, 511.0)"
1770036136.026,196,2,"(447.0, 499.0)"
1770036136.036,196,2,"(447.0, 474.0)"
1770036136.047,196,2,"(511.0, 462.0)"
1770036136.057,196,2,"(511.0, 462.0)"
1770036136.068,196,2,"(383.0, 462.0)"
1770036136.078,196,2,"(639.0, 462.0)"
1770036136.088,196,2,"(447.0, 462.0)"
1770036136.099,196,2,"(639.0, 462.0)"
1770036136.109,196,2,"(575.0, 462.0)"
1770036136.119,196,2,"(319.0, 462.0)"
1770036136.129,196,2,"(511.0, 462.0)"
1770036136.14,196,2,"(575.0, 462.0)"
1770036136.152,196,2,"(511.0, 462.0)"
1770036136.162,196,2,"(767.0, 487.0)"
1770036136.173,196,2,"(639.0, 499.0)"
1770036136.183,196,2,"(703.0, 523.0)"
1770036136.195,196,2,"(511.0, 523.0)"
1770036136.205,196,2,"(575.0, 523.0)"
1770036136.215,196,2,"(511.0, 499.0)"
1770036136.226,196,2,"(511.0, 487.0)"
1770036136.236,196,2,"(511.0, 474.0)"
1770036136.247,196,2,"(447.0, 462.0)"
1770036136.259,196,2,"(511.0, 462.0)"
1770036136.269,196,2,"(511.0, 462.0)"
1770036136.28,196,2,"(511.0, 462.0)"
1770036136.291,196,2,"(575.0, 462.0)"
1770036136.301,196,2,"(511.0, 487.0)"
1770036136.311,196,2,"(511.0, 487.0)"
1770036136.321,196,2,"(575.0, 487.0)"
1770036136.331,196,2,"(319.0, 487.0)"
1770036136.342,196,2,"(575.0, 499.0)"
1770036136.353,196,2,"(511.0, 499.0)"
1770036136.364,196,2,"(511.0, 511.0)"
1770036136.375,196,2,"(191.0, 535.0)"
1770036136.385,196,2,"(255.0, 548.0)"
1770036136.395,196,2,"(383.0, 572.0)"
1770036136.405,196,2,"(383.0, 572.0)"
1770036136.415,196,2,"(511.0, 548.0)"
1770036136.426,196,2,"(767.0, 535.0)"
1770036136.436,196,2,"(703.0, 523.0)"
1770036136.449,196,2,"(511.0, 511.0)"
1770036136.459,196,2,"(511.0, 511.0)"
1770036136.47,196,2,"(511.0, 523.0)"
1770036136.48,196,2,"(511.0, 535.0)"
1770036136.491,196,2,"(575.0, 535.0)"
1770036136.503,196,2,"(511.0, 548.0)"
1770036136.513,196,2,"(383.0, 548.0)"
1770036136.524,196,2,"(575.0, 548.0)"
1770036136.534,196,2,"(511.0, 535.0)"
1770036136.546,196,2,"(575.0, 523.0)"
1770036136.556,196,2,"(511.0, 511.0)"
1770036136.566,196,2,"(511.0, 511.0)"
1770036136.578,196,2,"(575.0, 511.0)"
1770036136.589,196,2,"(511.0, 499.0)"
1770036136.6,196,2,"(511.0, 499.0)"
1770036136.611,196,2,"(319.0, 487.0)"
1770036136.621,196,2,"(447.0, 487.0)"
1770036136.631,196,2,"(575.0, 474.0)"
1770036136.642,196,2,"(255.0, 474.0)"
1770036136.653,196,2,"(191.0, 462.0)"
1770036136.665,196,2,"(703.0, 462.0)"
1770036136.676,196,2,"(639.0, 474.0)"
1770036136.686,196,2,"(703.0, 487.0)"
1770036136.696,196,2,"(639.0, 511.0)"
1770036136.707,196,2,"(703.0, 523.0)"
1770036136.718,196,2,"(255.0, 535.0)"
1770036136.728,196,2,"(447.0, 548.0)"
1770036136.739,196,2,"(383.0, 560.0)"
1770036136.75,196,2,"(447.0, 572.0)"
1770036136.761,196,2,"(447.0, 596.0)"
1770036136.772,196,2,"(511.0, 608.0)"
1770036136.782,196,2,"(511.0, 621.0)"
1770036136.792,196,2,"(511.0, 645.0)"
1770036136.802,196,2,"(511.0, 657.0)"
1770036136.812,196,2,"(447.0, 669.0)"
1770036136.822,196,2,"(447.0, 682.0)"
1770036136.833,196,2,"(511.0, 706.0)"
1770036136.843,196,2,"(447.0, 718.0)"
1770036136.855,196,2,"(319.0, 742.0)"
1770036136.865,196,2,"(383.0, 742.0)"
1770036136.875,196,2,"(511.0, 730.0)"
1770036136.887,196,2,"(575.0, 706.0)"
1770036136.897,196,2,"(639.0, 682.0)"
1770036136.907,196,2,"(511.0, 657.0)"
1770036136.918,196,2,"(511.0, 633.0)"
1770036136.929,196,2,"(575.0, 608.0)"
1770036136.939,196,2,"(447.0, 584.0)"
1770036136.95,196,2,"(511.0, 572.0)"
1770036136.961,196,2,"(447.0, 548.0)"
1770036136.972,196,2,"(511.0, 535.0)"
1770036136.983,196,2,"(447.0, 535.0)"
1770036136.994,196,2,"(447.0, 523.0)"
1770036137.005,196,2,"(575.0, 511.0)"
1770036137.015,196,2,"(639.0, 499.0)"
1770036137.026,196,2,"(575.0, 499.0)"
1770036137.038,196,2,"(511.0, 499.0)"
1770036137.049,196,2,"(511.0, 499.0)"
1770036137.059,196,2,"(575.0, 499.0)"
1770036137.07,196,2,"(255.0, 487.0)"
1770036137.081,196,2,"(383.0, 487.0)"
1770036137.091,196,2,"(383.0, 487.0)"
1770036137.101,196,2,"(511.0, 487.0)"
1770036137.112,196,2,"(511.0, 487.0)"
1770036137.123,196,2,"(511.0, 487.0)"
1770036137.134,196,2,"(575.0, 487.0)"
1770036137.146,196,2,"(575.0, 499.0)"
1770036137.156,196,2,"(511.0, 523.0)"
1770036137.166,196,2,"(511.0, 548.0)"
1770036137.177,196,2,"(447.0, 572.0)"
1770036137.189,196,2,"(511.0, 584.0)"
1770036137.199,196,2,"(511.0, 596.0)"
1770036137.21,196,2,"(575.0, 608.0)"
1770036137.221,196,2,"(511.0, 608.0)"
1770036137.233,196,2,"(575.0, 608.0)"
1770036137.243,196,2,"(575.0, 608.0)"
1770036137.254,196,2,"(703.0, 596.0)"
1770036137.265,196,2,"(575.0, 608.0)"
1770036137.275,196,2,"(575.0, 621.0)"
1770036137.286,196,2,"(447.0, 645.0)"
1770036137.296,196,2,"(319.0, 645.0)"
1770036137.306,196,2,"(383.0, 657.0)"
1770036137.316,196,2,"(383.0, 657.0)"
1770036137.327,196,2,"(383.0, 657.0)"
1770036137.337,196,2,"(511.0, 645.0)"
1770036137.348,196,2,"(511.0, 633.0)"
1770036137.359,196,2,"(511.0, 608.0)"
1770036137.369,196,2,"(575.0, 596.0)"
1770036137.379,196,2,"(511.0, 584.0)"
1770036137.389,196,2,"(511.0, 560.0)"
1770036137.402,196,2,"(511.0, 548.0)"
1770036137.413,196,2,"(511.0, 535.0)"
1770036137.424,196,2,"(575.0, 511.0)"
1770036137.434,196,2,"(511.0, 499.0)"
1770036137.446,196,2,"(511.0, 487.0)"
1770036137.456,196,2,"(447.0, 474.0)"
1770036137.466,196,2,"(511.0, 474.0)"
1770036137.476,196,2,"(511.0, 462.0)"
1770036137.486,196,2,"(511.0, 462.0)"
1770036137.497,196,2,"(511.0, 462.0)"
1770036137.508,196,2,"(511.0, 450.0)"
1770036137.518,196,2,"(511.0, 438.0)"
1770036137.528,196,2,"(511.0, 426.0)"
1770036137.539,196,2,"(511.0, 401.0)"
1770036137.55,196,2,"(511.0, 365.0)"
1770036137.561,196,2,"(511.0, 341.0)"
1770036137.571,196,2,"(383.0, 316.0)"
1770036137.581,196,2,"(511.0, 316.0)"
1770036137.591,196,2,"(703.0, 316.0)"
1770036137.602,196,2,"(511.0, 316.0)"
1770036137.612,196,2,"(575.0, 341.0)"
1770036137.623,196,2,"(511.0, 353.0)"
1770036137.635,196,2,"(447.0, 377.0)"
1770036137.646,196,2,"(511.0, 389.0)"
1770036137.656,196,2,"(511.0, 389.0)"
1770036137.667,196,2,"(511.0, 389.0)"
1770036137.677,196,2,"(511.0, 389.0)"
1770036137.688,196,2,"(511.0, 389.0)"
1770036137.699,196,2,"(447.0, 389.0)"
1770036137.709,196,2,"(383.0, 389.0)"
1770036137.719,196,2,"(383.0, 414.0)"
1770036137.729,196,2,"(575.0, 438.0)"
1770036137.739,196,2,"(511.0, 462.0)"
1770036137.753,196,2,"(703.0, 474.0)"
1770036137.764,196,2,"(319.0, 474.0)"
1770036137.775,196,2,"(447.0, 462.0)"
1770036137.785,196,2,"(575.0, 462.0)"
1770036137.796,196,2,"(639.0, 474.0)"
1770036137.806,196,2,"(639.0, 487.0)"
1770036137.817,196,2,"(575.0, 511.0)"
1770036137.827,196,2,"(383.0, 523.0)"
1770036137.837,196,2,"(383.0, 523.0)"
1770036137.847,196,2,"(511.0, 523.0)"
1770036137.859,196,2,"(511.0, 523.0)"
1770036137.869,196,2,"(575.0, 499.0)"
1770036137.881,196,2,"(511.0, 474.0)"
1770036137.891,196,2,"(511.0, 450.0)"
1770036137.901,196,2,"(383.0, 438.0)"
1770036137.912,196,2,"(511.0, 450.0)"
1770036137.923,196,2,"(575.0, 462.0)"
1770036137.938,196,2,"(511.0, 474.0)"
1770036137.949,196,2,"(639.0, 474.0)"
1770036137.96,196,2,"(575.0, 474.0)"
1770036137.97,196,2,"(575.0, 474.0)"
1770036137.98,196,2,"(575.0, 450.0)"
1770036137.991,196,2,"(511.0, 426.0)"
1770036138.001,196,2,"(447.0, 401.0)"
1770036138.013,196,2,"(511.0, 389.0)"
1770036138.024,196,2,"(639.0, 389.0)"
1770036138.035,196,2,"(639.0, 414.0)"
1770036138.046,196,2,"(511.0, 426.0)"
1770036138.056,196,2,"(575.0, 438.0)"
1770036138.066,196,2,"(703.0, 438.0)"
1770036138.077,196,2,"(575.0, 438.0)"
1770036138.088,196,2,"(575.0, 438.0)"
1770036138.098,196,2,"(511.0, 450.0)"
1770036138.109,196,2,"(511.0, 474.0)"
1770036138.12,196,2,"(575.0, 474.0)"
1770036138.13,196,2,"(447.0, 487.0)"
1770036138.14,196,2,"(511.0, 487.0)"
1770036138.151,196,2,"(511.0, 487.0)"
1770036138.163,196,2,"(511.0, 474.0)"
1770036138.173,196,2,"(511.0, 474.0)"
1770036138.184,196,2,"(511.0, 462.0)"
1770036138.194,196,2,"(511.0, 450.0)"
1770036138.206,196,2,"(511.0, 438.0)"
1770036138.216,196,2,"(639.0, 438.0)"
1770036138.227,196,2,"(511.0, 450.0)"
1770036138.238,196,2,"(511.0, 450.0)"
1770036138.249,196,2,"(575.0, 462.0)"
1770036138.26,196,2,"(511.0, 462.0)"
1770036138.271,196,2,"(511.0, 462.0)"
1770036138.282,196,2,"(511.0, 462.0)"
1770036138.293,196,2,"(575.0, 450.0)"
1770036138.304,196,2,"(511.0, 438.0)"
1770036138.314,196,2,"(511.0, 426.0)"
1770036138.324,196,2,"(511.0, 426.0)"
1770036138.336,196,2,"(511.0, 426.0)"
1770036138.346,196,2,"(447.0, 414.0)"
1770036138.357,196,2,"(447.0, 401.0)"
1770036138.367,196,2,"(639.0, 401.0)"
1770036138.377,196,2,"(511.0, 414.0)"
1770036138.388,196,2,"(575.0, 426.0)"
1770036138.4,196,2,"(639.0, 438.0)"
1770036138.411,196,2,"(511.0, 450.0)"
1770036138.421,196,2,"(575.0, 450.0)"
1770036138.432,196,2,"(511.0, 450.0)"
1770036138.442,196,2,"(447.0, 438.0)"
1770036138.453,196,2,"(511.0, 438.0)"
1770036138.463,196,2,"(511.0, 426.0)"
1770036138.474,196,2,"(447.0, 426.0)"
1770036138.484,196,2,"(447.0, 414.0)"
1770036138.494,196,2,"(575.0, 414.0)"
1770036138.506,196,2,"(511.0, 401.0)"
1770036138.516,196,2,"(447.0, 414.0)"
1770036138.526,196,2,"(511.0, 414.0)"
1770036138.537,196,2,"(511.0, 426.0)"
1770036138.548,196,2,"(511.0, 426.0)"
1770036138.558,196,2,"(383.0, 426.0)"
1770036138.569,196,2,"(511.0, 426.0)"
1770036138.579,196,2,"(511.0, 414.0)"
1770036138.59,196,2,"(511.0, 401.0)"
1770036138.601,196,2,"(511.0, 401.0)"
1770036138.611,196,2,"(511.0, 401.0)"
1770036138.622,196,2,"(511.0, 401.0)"
1770036138.632,196,2,"(575.0, 389.0)"
1770036138.643,196,2,"(575.0, 377.0)"
1770036138.653,196,2,"(511.0, 353.0)"
1770036138.666,196,2,"(511.0, 341.0)"
1770036141.41,196,3,"(511.0, 146.0)"
1770036141.42,196,3,"(511.0, 133.0)"
1770036141.431,196,3,"(511.0, 133.0)"
1770036141.441,196,3,"(511.0, 133.0)"
1770036141.452,196,3,"(511.0, 133.0)"
1770036141.462,196,3,"(511.0, 121.0)"
1770036141.472,196,3,"(511.0, 121.0)"
1770036141.483,196,3,"(511.0, 121.0)"
1770036141.493,196,3,"(511.0, 121.0)"
1770036141.503,196,3,"(511.0, 133.0)"
1770036141.514,196,3,"(511.0, 133.0)"
1770036141.524,196,3,"(511.0, 146.0)"
1770036141.535,196,3,"(511.0, 146.0)"
1770036141.545,196,3,"(511.0, 146.0)"
1770036141.555,196,3,"(511.0, 133.0)"
1770036141.567,196,3,"(511.0, 133.0)"
1770036141.577,196,3,"(511.0, 133.0)"
1770036141.587,196,3,"(511.0, 146.0)"
1770036141.599,196,3,"(511.0, 146.0)"
1770036141.609,196,3,"(511.0, 146.0)"
1770036141.62,196,3,"(511.0, 146.0)"
1770036141.63,196,3,"(511.0, 146.0)"
1770036141.642,196,3,"(511.0, 146.0)"
1770036141.652,196,3,"(511.0, 146.0)"
1770036141.662,196,3,"(511.0, 146.0)"
1770036141.673,196,3,"(511.0, 146.0)"
1770036141.684,196,3,"(511.0, 146.0)"
1770036141.695,196,3,"(511.0, 146.0)"
1770036141.705,196,3,"(511.0, 146.0)"
1770036141.716,196,3,"(511.0, 146.0)"
1770036141.728,196,3,"(511.0, 146.0)"
1770036141.739,196,3,"(511.0, 146.0)"
1770036141.75,196,3,"(511.0, 146.0)"
1770036141.761,196,3,"(511.0, 146.0)"
1770036141.772,196,3,"(511.0, 146.0)"
1770036141.782,196,3,"(511.0, 146.0)"
1770036141.792,196,3,"(511.0, 146.0)"
1770036141.803,196,3,"(511.0, 146.0)"
1770036141.814,196,3,"(511.0, 146.0)"
1770036141.824,196,3,"(511.0, 146.0)"
1770036141.835,196,3,"(511.0, 146.0)"
1770036141.846,196,3,"(511.0, 146.0)"
1770036141.856,196,3,"(511.0, 146.0)"
1770036141.866,196,3,"(511.0, 146.0)"
1770036141.878,196,3,"(511.0, 133.0)"
1770036141.889,196,3,"(511.0, 121.0)"
1770036141.9,196,3,"(511.0, 121.0)"
1770036141.91,196,3,"(511.0, 121.0)"
1770036141.92,196,3,"(511.0, 121.0)"
1770036141.931,196,3,"(511.0, 121.0)"
1770036141.942,196,3,"(511.0, 121.0)"
1770036141.952,196,3,"(511.0, 121.0)"
1770036141.962,196,3,"(511.0, 121.0)"
1770036141.973,196,3,"(511.0, 121.0)"
1770036141.983,196,3,"(511.0, 121.0)"
1770036141.995,196,3,"(511.0, 121.0)"
1770036142.005,196,3,"(511.0, 121.0)"
1770036142.016,196,3,"(511.0, 121.0)"
1770036142.026,196,3,"(511.0, 121.0)"
1770036142.036,196,3,"(511.0, 121.0)"
1770036142.046,196,3,"(511.0, 121.0)"
1770036142.058,196,3,"(511.0, 121.0)"
1770036142.068,196,3,"(511.0, 121.0)"
1770036142.079,196,3,"(511.0, 121.0)"
1770036142.089,196,3,"(511.0, 121.0)"
1770036142.1,196,3,"(511.0, 121.0)"
1770036142.112,196,3,"(511.0, 121.0)"
1770036142.122,196,3,"(511.0, 121.0)"
1770036142.132,196,3,"(511.0, 121.0)"
1770036142.143,196,3,"(511.0, 121.0)"
1770036142.154,196,3,"(511.0, 121.0)"
1770036142.167,196,3,"(511.0, 121.0)"
1770036142.177,196,3,"(511.0, 121.0)"
1770036142.188,196,3,"(511.0, 121.0)"
1770036142.198,196,3,"(511.0, 121.0)"
1770036142.209,196,3,"(511.0, 121.0)"
1770036142.219,196,3,"(511.0, 121.0)"
1770036142.229,196,3,"(511.0, 121.0)"
1770036142.24,196,3,"(511.0, 121.0)"
1770036142.25,196,3,"(511.0, 121.0)"
1770036142.261,196,3,"(511.0, 121.0)"
1770036142.272,196,3,"(511.0, 121.0)"
1770036142.282,196,3,"(511.0, 121.0)"
1770036142.293,196,3,"(511.0, 121.0)"
1770036142.304,196,3,"(511.0, 121.0)"
1770036142.314,196,3,"(511.0, 121.0)"
1770036142.325,196,3,"(511.0, 121.0)"
1770036142.335,196,3,"(511.0, 121.0)"
1770036142.346,196,3,"(511.0, 121.0)"
1770036142.356,196,3,"(511.0, 121.0)"
1770036142.366,196,3,"(511.0, 121.0)"
1770036142.376,196,3,"(511.0, 121.0)"
1770036142.387,196,3,"(511.0, 121.0)"
1770036142.397,196,3,"(511.0, 121.0)"
1770036142.407,196,3,"(511.0, 121.0)"
1770036142.417,196,3,"(511.0, 121.0)"
1770036142.428,196,3,"(511.0, 121.0)"
1770036142.438,196,3,"(511.0, 121.0)"
1770036142.45,196,3,"(511.0, 121.0)"
1770036142.461,196,3,"(511.0, 121.0)"
1770036142.471,196,3,"(511.0, 121.0)"
1770036142.481,196,3,"(511.0, 121.0)"
1770036142.492,196,3,"(511.0, 121.0)"
1770036142.503,196,3,"(511.0, 121.0)"
1770036142.514,196,3,"(511.0, 121.0)"
1770036142.524,196,3,"(511.0, 121.0)"
1770036142.534,196,3,"(511.0, 121.0)"
1770036142.546,196,3,"(511.0, 121.0)"
1770036142.556,196,3,"(511.0, 121.0)"
1770036142.566,196,3,"(511.0, 121.0)"
1770036142.578,196,3,"(511.0, 121.0)"
1770036142.589,196,3,"(511.0, 121.0)"
1770036142.599,196,3,"(511.0, 121.0)"
1770036142.609,196,3,"(511.0, 121.0)"
1770036142.62,196,3,"(511.0, 121.0)"
1770036142.63,196,3,"(511.0, 121.0)"
1770036142.64,196,3,"(511.0, 121.0)"
1770036142.65,196,3,"(511.0, 121.0)"
1770036142.66,196,3,"(511.0, 121.0)"
1770036142.671,196,3,"(511.0, 121.0)"
1770036142.681,196,3,"(511.0, 133.0)"
1770036142.692,196,3,"(511.0, 133.0)"
1770036142.703,196,3,"(511.0, 133.0)"
1770036142.714,196,3,"(511.0, 133.0)"
1770036142.724,196,3,"(511.0, 146.0)"
1770036142.734,196,3,"(511.0, 146.0)"
1770036142.745,196,3,"(511.0, 146.0)"
1770036142.756,196,3,"(511.0, 146.0)"
1770036142.766,196,3,"(511.0, 146.0)"
1770036142.777,196,3,"(511.0, 146.0)"
1770036142.792,196,3,"(511.0, 146.0)"
1770036142.804,196,3,"(511.0, 146.0)"
1770036142.814,196,3,"(511.0, 133.0)"
1770036142.824,196,3,"(511.0, 133.0)"
1770036142.834,196,3,"(511.0, 133.0)"
1770036142.845,196,3,"(511.0, 133.0)"
1770036142.856,196,3,"(511.0, 133.0)"
1770036142.866,196,3,"(511.0, 146.0)"
1770036142.876,196,3,"(511.0, 146.0)"
1770036142.886,196,3,"(511.0, 146.0)"
1770036142.897,196,3,"(511.0, 146.0)"
1770036142.907,196,3,"(511.0, 146.0)"
1770036142.918,196,3,"(511.0, 133.0)"
1770036142.928,196,3,"(511.0, 133.0)"
1770036142.938,196,3,"(511.0, 121.0)"
1770036142.949,196,3,"(511.0, 121.0)"
1770036142.959,196,3,"(511.0, 121.0)"
1770036142.969,196,3,"(511.0, 121.0)"
1770036142.98,196,3,"(511.0, 121.0)"
1770036142.99,196,3,"(511.0, 121.0)"
1770036143.003,196,3,"(511.0, 121.0)"
1770036143.014,196,3,"(511.0, 121.0)"
1770036143.024,196,3,"(511.0, 121.0)"
1770036143.034,196,3,"(511.0, 121.0)"
1770036143.044,196,3,"(511.0, 121.0)"
1770036143.055,196,3,"(511.0, 121.0)"
1770036143.065,196,3,"(511.0, 121.0)"
1770036143.075,196,3,"(511.0, 121.0)"
1770036143.086,196,3,"(511.0, 121.0)"
1770036143.096,196,3,"(511.0, 133.0)"
1770036143.106,196,3,"(511.0, 133.0)"
1770036143.116,196,3,"(511.0, 133.0)"
1770036143.126,196,3,"(511.0, 133.0)"
1770036143.136,196,3,"(511.0, 133.0)"
1770036143.147,196,3,"(511.0, 121.0)"
1770036143.158,196,3,"(511.0, 121.0)"
1770036143.168,196,3,"(511.0, 121.0)"
1770036143.178,196,3,"(511.0, 121.0)"
1770036143.188,196,3,"(511.0, 121.0)"
1770036143.199,196,3,"(511.0, 121.0)"
1770036143.209,196,3,"(511.0, 133.0)"
1770036143.221,196,3,"(511.0, 133.0)"
1770036143.231,196,3,"(511.0, 133.0)"
1770036143.242,196,3,"(511.0, 133.0)"
1770036143.253,196,3,"(511.0, 146.0)"
1770036143.264,196,3,"(511.0, 133.0)"
1770036143.275,196,3,"(511.0, 133.0)"
1770036143.285,196,3,"(511.0, 133.0)"
1770036143.296,196,3,"(511.0, 133.0)"
1770036143.306,196,3,"(511.0, 133.0)"
1770036143.317,196,3,"(511.0, 133.0)"
1770036143.329,196,3,"(511.0, 121.0)"
1770036143.339,196,3,"(511.0, 121.0)"
1770036143.349,196,3,"(511.0, 121.0)"
1770036143.36,196,3,"(511.0, 121.0)"
1770036143.371,196,3,"(511.0, 121.0)"
1770036143.382,196,3,"(511.0, 121.0)"
1770036143.392,196,3,"(511.0, 121.0)"
1770036143.403,196,3,"(511.0, 121.0)"
1770036143.414,196,3,"(511.0, 121.0)"
1770036143.425,196,3,"(511.0, 121.0)"
1770036143.435,196,3,"(511.0, 121.0)"
1770036143.445,196,3,"(511.0, 121.0)"
1770036143.456,196,3,"(511.0, 121.0)"
1770036143.466,196,3,"(511.0, 121.0)"
1770036143.476,196,3,"(511.0, 121.0)"
1770036143.486,196,3,"(511.0, 121.0)"
1770036143.496,196,3,"(511.0, 121.0)"
1770036143.507,196,3,"(511.0, 121.0)"
1770036143.517,196,3,"(511.0, 121.0)"
1770036143.527,196,3,"(511.0, 121.0)"
1770036143.539,196,3,"(511.0, 121.0)"
1770036143.549,196,3,"(511.0, 121.0)"
1770036143.559,196,3,"(511.0, 121.0)"
1770036143.571,196,3,"(511.0, 121.0)"
1770036143.581,196,3,"(511.0, 121.0)"
1770036143.592,196,3,"(511.0, 121.0)"
1770036143.602,196,3,"(511.0, 121.0)"
1770036143.612,196,3,"(511.0, 121.0)"
1770036143.623,196,3,"(511.0, 121.0)"
1770036143.634,196,3,"(511.0, 121.0)"
1770036143.644,196,3,"(511.0, 121.0)"
1770036143.654,196,3,"(511.0, 121.0)"
1770036143.665,196,3,"(511.0, 121.0)"
1770036143.675,196,3,"(511.0, 121.0)"
1770036143.686,196,3,"(511.0, 121.0)"
1770036143.696,196,3,"(511.0, 121.0)"
1770036143.706,196,3,"(511.0, 121.0)"
1770036143.716,196,3,"(511.0, 121.0)"
1770036143.726,196,3,"(511.0, 121.0)"
1770036143.737,196,3,"(511.0, 121.0)"
1770036143.748,196,3,"(511.0, 121.0)"
1770036143.758,196,3,"(511.0, 121.0)"
1770036143.769,196,3,"(511.0, 121.0)"
1770036143.78,196,3,"(511.0, 133.0)"
1770036143.79,196,3,"(511.0, 133.0)"
1770036143.801,196,3,"(511.0, 146.0)"
1770036143.811,196,3,"(511.0, 146.0)"
1770036143.822,196,3,"(511.0, 146.0)"
1770036143.833,196,3,"(511.0, 133.0)"
1770036143.843,196,3,"(511.0, 133.0)"
1770036143.855,196,3,"(511.0, 121.0)"
1770036143.865,196,3,"(511.0, 121.0)"
1770036143.875,196,3,"(511.0, 121.0)"
1770036143.885,196,3,"(511.0, 121.0)"
1770036143.896,196,3,"(511.0, 121.0)"
1770036143.906,196,3,"(511.0, 121.0)"
1770036143.916,196,3,"(511.0, 121.0)"
1770036143.927,196,3,"(511.0, 121.0)"
1770036143.937,196,3,"(511.0, 121.0)"
1770036143.948,196,3,"(511.0, 121.0)"
1770036143.959,196,3,"(511.0, 121.0)"
1770036143.969,196,3,"(511.0, 121.0)"
1770036143.98,196,3,"(511.0, 121.0)"
1770036143.991,196,3,"(511.0, 121.0)"
1770036144.002,196,3,"(511.0, 121.0)"
1770036144.012,196,3,"(511.0, 121.0)"
1770036144.023,196,3,"(511.0, 121.0)"
1770036144.033,196,3,"(511.0, 121.0)"
1770036144.044,196,3,"(511.0, 121.0)"
1770036144.055,196,3,"(511.0, 121.0)"
1770036144.065,196,3,"(511.0, 121.0)"
1770036144.076,196,3,"(511.0, 121.0)"
1770036144.086,196,3,"(511.0, 121.0)"
1770036144.096,196,3,"(511.0, 121.0)"
1770036144.107,196,3,"(511.0, 121.0)"
1770036144.117,196,3,"(511.0, 121.0)"
1770036144.128,196,3,"(511.0, 121.0)"
1770036144.138,196,3,"(511.0, 121.0)"
1770036144.149,196,3,"(511.0, 121.0)"
1770036144.159,196,3,"(511.0, 121.0)"
1770036144.17,196,3,"(511.0, 121.0)"
1770036144.182,196,3,"(511.0, 121.0)"
1770036144.192,196,3,"(511.0, 121.0)"
1770036144.202,196,3,"(511.0, 121.0)"
1770036144.213,196,3,"(511.0, 121.0)"
1770036144.223,196,3,"(511.0, 121.0)"
1770036144.235,196,3,"(511.0, 121.0)"
1770036144.246,196,3,"(511.0, 121.0)"
1770036144.257,196,3,"(511.0, 121.0)"
1770036144.267,196,3,"(511.0, 121.0)"
1770036144.278,196,3,"(511.0, 121.0)"
1770036144.288,196,3,"(511.0, 121.0)"
1770036144.3,196,3,"(511.0, 121.0)"
1770036144.31,196,3,"(511.0, 121.0)"
1770036144.321,196,3,"(511.0, 121.0)"
1770036144.332,196,3,"(511.0, 121.0)"
1770036144.342,196,3,"(511.0, 121.0)"
1770036144.352,196,3,"(511.0, 121.0)"
1770036144.362,196,3,"(511.0, 121.0)"
1770036144.372,196,3,"(511.0, 121.0)"
1770036144.383,196,3,"(511.0, 121.0)"
1770036144.394,196,3,"(511.0, 121.0)"
1770036144.404,196,3,"(511.0, 121.0)"
1770036144.416,196,3,"(511.0, 121.0)"
1770036147.826,196,4,"(447.0, 133.0)"
1770036147.838,196,4,"(511.0, 133.0)"
1770036147.848,196,4,"(511.0, 146.0)"
1770036147.859,196,4,"(511.0, 146.0)"
1770036147.87,196,4,"(447.0, 170.0)"
1770036147.881,196,4,"(383.0, 182.0)"
1770036147.891,196,4,"(511.0, 207.0)"
1770036147.901,196,4,"(575.0, 231.0)"
1770036147.911,196,4,"(511.0, 243.0)"
1770036147.922,196,4,"(575.0, 255.0)"
1770036147.933,196,4,"(511.0, 280.0)"
1770036147.943,196,4,"(511.0, 292.0)"
1770036147.954,196,4,"(447.0, 304.0)"
1770036147.964,196,4,"(511.0, 304.0)"
1770036147.975,196,4,"(511.0, 316.0)"
1770036147.986,196,4,"(511.0, 316.0)"
1770036147.996,196,4,"(511.0, 328.0)"
1770036148.008,196,4,"(511.0, 341.0)"
1770036148.018,196,4,"(511.0, 353.0)"
1770036148.028,196,4,"(511.0, 353.0)"
1770036148.038,196,4,"(511.0, 365.0)"
1770036148.049,196,4,"(511.0, 365.0)"
1770036148.06,196,4,"(511.0, 365.0)"
1770036148.07,196,4,"(511.0, 353.0)"
1770036148.08,196,4,"(511.0, 353.0)"
1770036148.092,196,4,"(511.0, 341.0)"
1770036148.103,196,4,"(511.0, 341.0)"
1770036148.114,196,4,"(511.0, 328.0)"
1770036148.124,196,4,"(511.0, 316.0)"
1770036148.134,196,4,"(511.0, 304.0)"
1770036148.145,196,4,"(511.0, 292.0)"
1770036148.155,196,4,"(511.0, 267.0)"
1770036148.166,196,4,"(511.0, 255.0)"
1770036148.177,196,4,"(511.0, 243.0)"
1770036148.188,196,4,"(511.0, 219.0)"
1770036148.198,196,4,"(511.0, 207.0)"
1770036148.21,196,4,"(511.0, 194.0)"
1770036148.22,196,4,"(511.0, 182.0)"
1770036148.23,196,4,"(511.0, 182.0)"
1770036148.241,196,4,"(511.0, 170.0)"
1770036148.251,196,4,"(511.0, 170.0)"
1770036148.261,196,4,"(511.0, 170.0)"
1770036148.271,196,4,"(511.0, 170.0)"
1770036148.282,196,4,"(511.0, 158.0)"
1770036148.293,196,4,"(511.0, 158.0)"
1770036148.304,196,4,"(511.0, 146.0)"
1770036148.315,196,4,"(511.0, 146.0)"
1770036148.325,196,4,"(511.0, 146.0)"
1770036148.335,196,4,"(511.0, 146.0)"
1770036148.346,196,4,"(511.0, 146.0)"
1770036148.357,196,4,"(511.0, 146.0)"
1770036148.367,196,4,"(511.0, 146.0)"
1770036148.378,196,4,"(511.0, 146.0)"
1770036148.388,196,4,"(511.0, 133.0)"
1770036148.399,196,4,"(511.0, 133.0)"
1770036148.409,196,4,"(511.0, 121.0)"
1770036148.419,196,4,"(511.0, 121.0)"
1770036148.43,196,4,"(511.0, 133.0)"
1770036148.441,196,4,"(511.0, 133.0)"
1770036148.452,196,4,"(511.0, 133.0)"
1770036148.463,196,4,"(511.0, 146.0)"
1770036148.474,196,4,"(511.0, 146.0)"
1770036148.485,196,4,"(511.0, 146.0)"
1770036148.497,196,4,"(511.0, 133.0)"
1770036148.508,196,4,"(511.0, 133.0)"
1770036148.518,196,4,"(511.0, 121.0)"
1770036148.529,196,4,"(511.0, 121.0)"
1770036148.539,196,4,"(511.0, 121.0)"
1770036148.549,196,4,"(511.0, 121.0)"
1770036148.56,196,4,"(511.0, 133.0)"
1770036148.571,196,4,"(511.0, 133.0)"
1770036148.582,196,4,"(511.0, 146.0)"
1770036148.592,196,4,"(511.0, 146.0)"
1770036148.603,196,4,"(511.0, 146.0)"
1770036148.614,196,4,"(511.0, 146.0)"
1770036148.625,196,4,"(511.0, 146.0)"
1770036148.635,196,4,"(511.0, 146.0)"
1770036148.646,196,4,"(511.0, 146.0)"
1770036148.656,196,4,"(511.0, 146.0)"
1770036148.667,196,4,"(511.0, 146.0)"
1770036148.678,196,4,"(511.0, 146.0)"
1770036148.689,196,4,"(511.0, 146.0)"
1770036148.699,196,4,"(511.0, 146.0)"
1770036148.71,196,4,"(511.0, 133.0)"
1770036148.721,196,4,"(511.0, 133.0)"
1770036148.732,196,4,"(511.0, 121.0)"
1770036148.742,196,4,"(511.0, 121.0)"
1770036148.752,196,4,"(511.0, 121.0)"
1770036148.763,196,4,"(511.0, 133.0)"
1770036148.774,196,4,"(511.0, 133.0)"
1770036148.784,196,4,"(511.0, 146.0)"
1770036148.796,196,4,"(511.0, 146.0)"
1770036148.806,196,4,"(511.0, 146.0)"
1770036148.817,196,4,"(511.0, 146.0)"
1770036148.827,196,4,"(511.0, 146.0)"
1770036148.838,196,4,"(511.0, 146.0)"
1770036148.848,196,4,"(511.0, 146.0)"
1770036148.858,196,4,"(511.0, 146.0)"
1770036148.869,196,4,"(511.0, 146.0)"
1770036148.88,196,4,"(511.0, 146.0)"
1770036148.891,196,4,"(511.0, 146.0)"
1770036148.901,196,4,"(511.0, 146.0)"
1770036148.911,196,4,"(511.0, 146.0)"
1770036148.921,196,4,"(511.0, 133.0)"
1770036148.932,196,4,"(511.0, 133.0)"
1770036148.943,196,4,"(511.0, 133.0)"
1770036148.954,196,4,"(511.0, 133.0)"
1770036148.964,196,4,"(511.0, 133.0)"
1770036148.975,196,4,"(511.0, 146.0)"
1770036148.986,196,4,"(511.0, 146.0)"
1770036148.996,196,4,"(511.0, 146.0)"
1770036149.007,196,4,"(511.0, 146.0)"
1770036149.017,196,4,"(511.0, 146.0)"
1770036149.028,196,4,"(511.0, 146.0)"
1770036149.039,196,4,"(511.0, 146.0)"
1770036149.05,196,4,"(511.0, 146.0)"
1770036149.06,196,4,"(511.0, 146.0)"
1770036149.071,196,4,"(511.0, 146.0)"
1770036149.081,196,4,"(511.0, 133.0)"
1770036149.092,196,4,"(511.0, 133.0)"
1770036149.102,196,4,"(511.0, 121.0)"
1770036149.114,196,4,"(511.0, 121.0)"
1770036149.124,196,4,"(511.0, 121.0)"
1770036149.135,196,4,"(511.0, 133.0)"
1770036149.145,196,4,"(511.0, 133.0)"
1770036149.156,196,4,"(511.0, 146.0)"
1770036149.166,196,4,"(511.0, 146.0)"
1770036149.176,196,4,"(511.0, 146.0)"
1770036149.188,196,4,"(511.0, 146.0)"
1770036149.198,196,4,"(511.0, 146.0)"
1770036149.209,196,4,"(511.0, 146.0)"
1770036149.22,196,4,"(511.0, 146.0)"
1770036149.231,196,4,"(511.0, 146.0)"
1770036149.241,196,4,"(511.0, 146.0)"
1770036149.251,196,4,"(511.0, 146.0)"
1770036149.261,196,4,"(511.0, 146.0)"
1770036149.272,196,4,"(511.0, 146.0)"
1770036149.282,196,4,"(511.0, 146.0)"
1770036149.293,196,4,"(511.0, 133.0)"
1770036149.304,196,4,"(511.0, 133.0)"
1770036149.314,196,4,"(511.0, 121.0)"
1770036149.326,196,4,"(511.0, 121.0)"
1770036149.337,196,4,"(511.0, 121.0)"
1770036149.348,196,4,"(511.0, 133.0)"
1770036149.358,196,4,"(511.0, 133.0)"
1770036149.37,196,4,"(511.0, 146.0)"
1770036149.38,196,4,"(511.0, 133.0)"
1770036149.391,196,4,"(511.0, 133.0)"
1770036149.402,196,4,"(511.0, 121.0)"
1770036149.413,196,4,"(511.0, 121.0)"
1770036149.424,196,4,"(511.0, 121.0)"
1770036149.434,196,4,"(511.0, 121.0)"
1770036149.446,196,4,"(511.0, 121.0)"
1770036149.458,196,4,"(511.0, 121.0)"
1770036149.47,196,4,"(511.0, 121.0)"
1770036149.48,196,4,"(511.0, 121.0)"
1770036149.491,196,4,"(511.0, 121.0)"
1770036149.501,196,4,"(511.0, 121.0)"
1770036149.512,196,4,"(511.0, 121.0)"
1770036149.522,196,4,"(511.0, 121.0)"
1770036149.532,196,4,"(511.0, 121.0)"
1770036149.543,196,4,"(511.0, 121.0)"
1770036149.554,196,4,"(511.0, 121.0)"
1770036149.566,196,4,"(511.0, 121.0)"
1770036149.576,196,4,"(511.0, 133.0)"
1770036149.586,196,4,"(511.0, 133.0)"
1770036149.596,196,4,"(511.0, 146.0)"
1770036149.608,196,4,"(511.0, 146.0)"
1770036149.618,196,4,"(511.0, 133.0)"
1770036149.629,196,4,"(511.0, 133.0)"
1770036149.639,196,4,"(511.0, 121.0)"
1770036149.649,196,4,"(511.0, 121.0)"
1770036149.66,196,4,"(511.0, 121.0)"
1770036149.671,196,4,"(511.0, 133.0)"
1770036149.682,196,4,"(511.0, 133.0)"
1770036149.693,196,4,"(511.0, 146.0)"
1770036149.703,196,4,"(511.0, 146.0)"
1770036149.714,196,4,"(511.0, 146.0)"
1770036149.726,196,4,"(511.0, 146.0)"
1770036149.736,196,4,"(511.0, 146.0)"
1770036149.746,196,4,"(511.0, 146.0)"
1770036149.758,196,4,"(511.0, 146.0)"
1770036149.768,196,4,"(511.0, 146.0)"
1770036149.779,196,4,"(511.0, 146.0)"
1770036149.789,196,4,"(511.0, 146.0)"
1770036149.8,196,4,"(511.0, 146.0)"
1770036149.81,196,4,"(575.0, 146.0)"
1770036149.821,196,4,"(511.0, 146.0)"
1770036149.831,196,4,"(511.0, 146.0)"
1770036149.842,196,4,"(511.0, 146.0)"
1770036149.852,196,4,"(511.0, 146.0)"
1770036149.863,196,4,"(511.0, 146.0)"
1770036149.873,196,4,"(511.0, 146.0)"
1770036149.883,196,4,"(511.0, 146.0)"
1770036149.894,196,4,"(511.0, 146.0)"
1770036149.905,196,4,"(511.0, 146.0)"
1770036149.916,196,4,"(511.0, 146.0)"
1770036149.926,196,4,"(511.0, 146.0)"
1770036149.938,196,4,"(511.0, 146.0)"
1770036149.948,196,4,"(511.0, 146.0)"
1770036149.958,196,4,"(511.0, 146.0)"
1770036149.969,196,4,"(511.0, 146.0)"
1770036149.98,196,4,"(511.0, 146.0)"
1770036149.99,196,4,"(511.0, 146.0)"
1770036150.0,196,4,"(511.0, 146.0)"
1770036150.012,196,4,"(511.0, 146.0)"
1770036150.022,196,4,"(511.0, 146.0)"
1770036150.032,196,4,"(511.0, 146.0)"
1770036150.043,196,4,"(511.0, 146.0)"
1770036150.053,196,4,"(511.0, 146.0)"
1770036150.063,196,4,"(511.0, 146.0)"
1770036150.075,196,4,"(511.0, 146.0)"
1770036150.085,196,4,"(511.0, 146.0)"
1770036150.095,196,4,"(511.0, 146.0)"
1770036150.105,196,4,"(511.0, 146.0)"
1770036150.116,196,4,"(511.0, 158.0)"
1770036150.127,196,4,"(511.0, 158.0)"
1770036150.138,196,4,"(511.0, 158.0)"
1770036150.148,196,4,"(511.0, 146.0)"
1770036150.159,196,4,"(511.0, 146.0)"
1770036150.169,196,4,"(511.0, 146.0)"
1770036150.18,196,4,"(511.0, 146.0)"
1770036150.191,196,4,"(511.0, 146.0)"
1770036150.201,196,4,"(511.0, 146.0)"
1770036150.214,196,4,"(511.0, 146.0)"
1770036150.224,196,4,"(511.0, 146.0)"
1770036150.234,196,4,"(511.0, 146.0)"
1770036150.246,196,4,"(511.0, 146.0)"
1770036150.256,196,4,"(511.0, 146.0)"
1770036150.267,196,4,"(511.0, 146.0)"
1770036150.277,196,4,"(511.0, 146.0)"
1770036150.287,196,4,"(511.0, 146.0)"
1770036150.298,196,4,"(511.0, 133.0)"
1770036150.308,196,4,"(511.0, 121.0)"
1770036150.319,196,4,"(511.0, 121.0)"
1770036150.329,196,4,"(511.0, 121.0)"
1770036150.34,196,4,"(511.0, 121.0)"
1770036150.35,196,4,"(511.0, 121.0)"
1770036150.36,196,4,"(511.0, 121.0)"
1770036150.37,196,4,"(511.0, 121.0)"
1770036150.381,196,4,"(511.0, 121.0)"
1770036150.391,196,4,"(511.0, 121.0)"
1770036150.401,196,4,"(511.0, 121.0)"
1770036150.414,196,4,"(511.0, 121.0)"
1770036150.424,196,4,"(511.0, 133.0)"
1770036150.434,196,4,"(511.0, 133.0)"
1770036150.444,196,4,"(511.0, 133.0)"
1770036150.455,196,4,"(511.0, 133.0)"
1770036150.465,196,4,"(511.0, 146.0)"
1770036150.476,196,4,"(511.0, 146.0)"
1770036150.486,196,4,"(511.0, 146.0)"
1770036150.497,196,4,"(511.0, 146.0)"
1770036150.508,196,4,"(511.0, 146.0)"
1770036150.518,196,4,"(511.0, 146.0)"
1770036150.53,196,4,"(511.0, 146.0)"
1770036150.541,196,4,"(511.0, 146.0)"
1770036150.551,196,4,"(511.0, 146.0)"
1770036150.562,196,4,"(511.0, 146.0)"
1770036150.573,196,4,"(511.0, 146.0)"
1770036150.584,196,4,"(511.0, 146.0)"
1770036150.595,196,4,"(511.0, 146.0)"
1770036150.605,196,4,"(511.0, 146.0)"
1770036150.616,196,4,"(511.0, 146.0)"
1770036150.626,196,4,"(511.0, 146.0)"
1770036150.637,196,4,"(511.0, 146.0)"
1770036150.647,196,4,"(511.0, 146.0)"
1770036150.658,196,4,"(511.0, 146.0)"
1770036150.668,196,4,"(511.0, 146.0)"
1770036150.679,196,4,"(511.0, 146.0)"
1770036150.689,196,4,"(511.0, 146.0)"
1770036150.7,196,4,"(511.0, 146.0)"
1770036150.71,196,4,"(511.0, 146.0)"
1770036150.721,196,4,"(511.0, 133.0)"
1770036150.732,196,4,"(511.0, 133.0)"
1770036150.743,196,4,"(511.0, 133.0)"
1770036150.754,196,4,"(511.0, 133.0)"
1770036150.765,196,4,"(511.0, 133.0)"
1770036150.775,196,4,"(511.0, 146.0)"
1770036150.786,196,4,"(511.0, 146.0)"
1770036150.797,196,4,"(511.0, 146.0)"
1770036150.807,196,4,"(511.0, 146.0)"
1770036150.819,196,4,"(511.0, 146.0)"
1770093776.869,512,1,"(511.0, 0.0)"
1770093776.884,512,1,"(511.0, 0.0)"
1770093776.894,512,1,"(511.0, 0.0)"
1770093776.906,512,1,"(511.0, 0.0)"
1770093776.916,512,1,"(511.0, 0.0)"
1770093776.927,512,1,"(511.0, 0.0)"
1770093776.937,512,1,"(511.0, 0.0)"
1770093776.947,512,1,"(511.0, 0.0)"
1770093776.957,512,1,"(511.0, 0.0)"
1770093776.969,512,1,"(511.0, 0.0)"
1770093776.979,512,1,"(511.0, 0.0)"
1770093776.989,512,1,"(511.0, 0.0)"
1770093777.0,512,1,"(511.0, 0.0)"
1770093777.01,512,1,"(511.0, 0.0)"
1770093777.021,512,1,"(511.0, 0.0)"
1770093777.032,512,1,"(511.0, 0.0)"
1770093777.043,512,1,"(511.0, 0.0)"
1770093777.054,512,1,"(511.0, 0.0)"
1770093777.064,512,1,"(511.0, 0.0)"
1770093777.075,512,1,"(511.0, 0.0)"
1770093777.085,512,1,"(511.0, 0.0)"
1770093777.096,512,1,"(511.0, 0.0)"
1770093777.107,512,1,"(511.0, 0.0)"
1770093777.117,512,1,"(511.0, 0.0)"
1770093777.128,512,1,"(511.0, 0.0)"
1770093777.139,512,1,"(511.0, 0.0)"
1770093777.15,512,1,"(511.0, 0.0)"
1770093777.161,512,1,"(511.0, 0.0)"
1770093777.172,512,1,"(511.0, 0.0)"
1770093777.183,512,1,"(511.0, 0.0)"
1770093777.195,512,1,"(511.0, 0.0)"
1770093777.206,512,1,"(511.0, 0.0)"
1770093777.216,512,1,"(511.0, 0.0)"
1770093777.227,512,1,"(511.0, 0.0)"
1770093777.237,512,1,"(511.0, 0.0)"
1770093777.247,512,1,"(511.0, 0.0)"
1770093777.259,512,1,"(511.0, 0.0)"
1770093777.269,512,1,"(511.0, 0.0)"
1770093777.281,512,1,"(511.0, 0.0)"
1770093777.291,512,1,"(511.0, 0.0)"
1770093777.302,512,1,"(511.0, 0.0)"
1770093777.313,512,1,"(511.0, 0.0)"
1770093777.324,512,1,"(511.0, 0.0)"
1770093777.335,512,1,"(511.0, 0.0)"
1770093777.346,512,1,"(511.0, 0.0)"
1770093777.356,512,1,"(511.0, 0.0)"
1770093777.367,512,1,"(511.0, 0.0)"
1770093777.378,512,1,"(511.0, 0.0)"
1770093777.389,512,1,"(511.0, 0.0)"
1770093777.4,512,1,"(511.0, 0.0)"
1770093777.41,512,1,"(511.0, 0.0)"
1770093777.42,512,1,"(511.0, 0.0)"
1770093777.43,512,1,"(511.0, 0.0)"
1770093777.441,512,1,"(511.0, 0.0)"
1770093777.451,512,1,"(511.0, 0.0)"
1770093777.462,512,1,"(511.0, 0.0)"
1770093777.473,512,1,"(511.0, 0.0)"
1770093777.483,512,1,"(511.0, 0.0)"
1770093777.494,512,1,"(511.0, 0.0)"
1770093777.505,512,1,"(511.0, 0.0)"
1770093777.515,512,1,"(511.0, 0.0)"
1770093777.525,512,1,"(511.0, 0.0)"
1770093777.535,512,1,"(511.0, 0.0)"
1770093777.547,512,1,"(511.0, 0.0)"
1770093777.558,512,1,"(511.0, 0.0)"
1770093777.569,512,1,"(511.0, 0.0)"
1770093777.579,512,1,"(511.0, 0.0)"
1770093777.59,512,1,"(511.0, 0.0)"
1770093777.601,512,1,"(511.0, 0.0)"
1770093777.611,512,1,"(511.0, 0.0)"
1770093777.621,512,1,"(511.0, 0.0)"
1770093777.635,512,1,"(511.0, 0.0)"
1770093777.646,512,1,"(511.0, 0.0)"
1770093777.656,512,1,"(511.0, 0.0)"
1770093777.666,512,1,"(511.0, 0.0)"
1770093777.677,512,1,"(511.0, 0.0)"
1770093777.689,512,1,"(511.0, 0.0)"
1770093777.7,512,1,"(511.0, 0.0)"
1770093777.711,512,1,"(511.0, 0.0)"
1770093777.722,512,1,"(511.0, 0.0)"
1770093777.733,512,1,"(511.0, 0.0)"
1770093777.743,512,1,"(511.0, 0.0)"
1770093777.754,512,1,"(511.0, 0.0)"
1770093777.765,512,1,"(511.0, 0.0)"
1770093777.776,512,1,"(511.0, 0.0)"
1770093777.786,512,1,"(511.0, 0.0)"
1770093777.797,512,1,"(511.0, 0.0)"
1770093777.807,512,1,"(511.0, 0.0)"
1770093777.817,512,1,"(511.0, 0.0)"
1770093777.828,512,1,"(511.0, 0.0)"
1770093777.839,512,1,"(511.0, 0.0)"
1770093777.85,512,1,"(511.0, 0.0)"
1770093777.86,512,1,"(511.0, 0.0)"
1770093777.87,512,1,"(511.0, 0.0)"
1770093777.881,512,1,"(511.0, 0.0)"
1770093777.891,512,1,"(511.0, 0.0)"
1770093777.902,512,1,"(511.0, 0.0)"
1770093777.913,512,1,"(511.0, 0.0)"
1770093777.924,512,1,"(511.0, 0.0)"
1770093777.935,512,1,"(511.0, 0.0)"
1770093777.945,512,1,"(511.0, 0.0)"
1770093777.955,512,1,"(511.0, 0.0)"
1770093777.967,512,1,"(511.0, 0.0)"
1770093777.978,512,1,"(511.0, 0.0)"
1770093777.99,512,1,"(511.0, 0.0)"
1770093778.0,512,1,"(511.0, 0.0)"
1770093778.011,512,1,"(511.0, 0.0)"
1770093778.021,512,1,"(511.0, 0.0)"
1770093778.031,512,1,"(511.0, 0.0)"
1770093778.042,512,1,"(511.0, 0.0)"
1770093778.052,512,1,"(511.0, 0.0)"
1770093778.063,512,1,"(511.0, 0.0)"
1770093778.073,512,1,"(511.0, 0.0)"
1770093778.083,512,1,"(511.0, 0.0)"
1770093778.093,512,1,"(511.0, 0.0)"
1770093778.103,512,1,"(511.0, 0.0)"
1770093778.115,512,1,"(511.0, 0.0)"
1770093778.126,512,1,"(511.0, 0.0)"
1770093778.137,512,1,"(511.0, 0.0)"
1770093778.147,512,1,"(511.0, 0.0)"
1770093778.159,512,1,"(511.0, 0.0)"
1770093778.169,512,1,"(511.0, 0.0)"
1770093778.18,512,1,"(511.0, 0.0)"
1770093778.191,512,1,"(511.0, 0.0)"
1770093778.202,512,1,"(511.0, 0.0)"
1770093778.212,512,1,"(511.0, 0.0)"
1770093778.223,512,1,"(511.0, 0.0)"
1770093778.233,512,1,"(511.0, 0.0)"
1770093778.244,512,1,"(511.0, 0.0)"
1770093778.255,512,1,"(511.0, 0.0)"
1770093778.265,512,1,"(511.0, 0.0)"
1770093778.276,512,1,"(511.0, 0.0)"
1770093778.287,512,1,"(511.0, 0.0)"
1770093778.298,512,1,"(511.0, 0.0)"
1770093778.308,512,1,"(511.0, 0.0)"
1770093778.319,512,1,"(511.0, 0.0)"
1770093778.33,512,1,"(511.0, 0.0)"
1770093778.341,512,1,"(511.0, 0.0)"
1770093778.351,512,1,"(511.0, 0.0)"
1770093778.362,512,1,"(511.0, 0.0)"
1770093778.374,512,1,"(511.0, 0.0)"
1770093778.384,512,1,"(511.0, 0.0)"
1770093778.394,512,1,"(511.0, 0.0)"
1770093778.406,512,1,"(511.0, 0.0)"
1770093778.418,512,1,"(511.0, 0.0)"
1770093778.428,512,1,"(511.0, 0.0)"
1770093778.44,512,1,"(511.0, 0.0)"
1770093778.45,512,1,"(511.0, 0.0)"
1770093778.461,512,1,"(511.0, 0.0)"
1770093778.471,512,1,"(511.0, 0.0)"
1770093778.481,512,1,"(511.0, 0.0)"
1770093778.491,512,1,"(511.0, 0.0)"
1770093778.503,512,1,"(511.0, 0.0)"
1770093778.513,512,1,"(511.0, 0.0)"
1770093778.524,512,1,"(511.0, 0.0)"
1770093778.535,512,1,"(511.0, 0.0)"
1770093778.546,512,1,"(511.0, 0.0)"
1770093778.557,512,1,"(511.0, 0.0)"
1770093778.567,512,1,"(511.0, 0.0)"
1770093778.578,512,1,"(511.0, 0.0)"
1770093778.589,512,1,"(511.0, 0.0)"
1770093778.599,512,1,"(511.0, 0.0)"
1770093778.609,512,1,"(511.0, 0.0)"
1770093778.62,512,1,"(511.0, 0.0)"
1770093778.63,512,1,"(511.0, 0.0)"
1770093778.64,512,1,"(511.0, 0.0)"
1770093778.65,512,1,"(511.0, 0.0)"
1770093778.661,512,1,"(511.0, 0.0)"
1770093778.672,512,1,"(511.0, 0.0)"
1770093778.682,512,1,"(511.0, 0.0)"
1770093778.693,512,1,"(511.0, 0.0)"
1770093778.705,512,1,"(511.0, 0.0)"
1770093778.716,512,1,"(511.0, 0.0)"
1770093778.727,512,1,"(511.0, 0.0)"
1770093778.737,512,1,"(511.0, 0.0)"
1770093778.748,512,1,"(511.0, 0.0)"
1770093778.758,512,1,"(511.0, 0.0)"
1770093778.769,512,1,"(511.0, 0.0)"
1770093778.779,512,1,"(511.0, 0.0)"
1770093778.79,512,1,"(511.0, 0.0)"
1770093778.8,512,1,"(511.0, 0.0)"
1770093778.81,512,1,"(511.0, 0.0)"
1770093778.821,512,1,"(511.0, 0.0)"
1770093778.831,512,1,"(511.0, 0.0)"
1770093778.842,512,1,"(511.0, 0.0)"
1770093778.853,512,1,"(511.0, 0.0)"
1770093778.863,512,1,"(511.0, 0.0)"
1770093778.873,512,1,"(511.0, 0.0)"
1770093778.884,512,1,"(511.0, 0.0)"
1770093778.894,512,1,"(511.0, 0.0)"
1770093778.906,512,1,"(511.0, 0.0)"
1770093778.917,512,1,"(511.0, 0.0)"
1770093778.927,512,1,"(511.0, 0.0)"
1770093778.937,512,1,"(511.0, 0.0)"
1770093778.948,512,1,"(511.0, 0.0)"
1770093778.959,512,1,"(511.0, 0.0)"
1770093778.97,512,1,"(511.0, 0.0)"
1770093778.981,512,1,"(511.0, 0.0)"
1770093778.992,512,1,"(511.0, 0.0)"
1770093779.002,512,1,"(511.0, 0.0)"
1770093779.012,512,1,"(511.0, 0.0)"
1770093779.022,512,1,"(511.0, 0.0)"
1770093779.032,512,1,"(511.0, 0.0)"
1770093779.043,512,1,"(511.0, 0.0)"
1770093779.054,512,1,"(511.0, 0.0)"
1770093779.065,512,1,"(511.0, 0.0)"
1770093779.076,512,1,"(511.0, 0.0)"
1770093779.086,512,1,"(511.0, 0.0)"
1770093779.097,512,1,"(511.0, 0.0)"
1770093779.107,512,1,"(511.0, 0.0)"
1770093779.117,512,1,"(511.0, 0.0)"
1770093779.128,512,1,"(511.0, 0.0)"
1770093779.14,512,1,"(511.0, 0.0)"
1770093779.151,512,1,"(511.0, 0.0)"
1770093779.161,512,1,"(511.0, 0.0)"
1770093779.172,512,1,"(511.0, 0.0)"
1770093779.183,512,1,"(511.0, 0.0)"
1770093779.193,512,1,"(511.0, 0.0)"
1770093779.203,512,1,"(511.0, 0.0)"
1770093779.213,512,1,"(511.0, 0.0)"
1770093779.224,512,1,"(511.0, 0.0)"
1770093779.235,512,1,"(511.0, 0.0)"
1770093779.245,512,1,"(511.0, 0.0)"
1770093779.256,512,1,"(511.0, 0.0)"
1770093779.266,512,1,"(511.0, 0.0)"
1770093779.277,512,1,"(511.0, 0.0)"
1770093779.287,512,1,"(511.0, 0.0)"
1770093779.297,512,1,"(511.0, 0.0)"
1770093779.308,512,1,"(511.0, 0.0)"
1770093779.32,512,1,"(511.0, 0.0)"
1770093779.33,512,1,"(511.0, 0.0)"
1770093779.34,512,1,"(511.0, 0.0)"
1770093779.351,512,1,"(511.0, 0.0)"
1770093779.361,512,1,"(511.0, 0.0)"
1770093779.372,512,1,"(511.0, 0.0)"
1770093779.383,512,1,"(511.0, 0.0)"
1770093779.394,512,1,"(511.0, 0.0)"
1770093779.405,512,1,"(511.0, 0.0)"
1770093779.416,512,1,"(511.0, 0.0)"
1770093779.426,512,1,"(511.0, 0.0)"
1770093779.439,512,1,"(511.0, 0.0)"
1770093779.45,512,1,"(511.0, 0.0)"
1770093779.46,512,1,"(511.0, 0.0)"
1770093779.471,512,1,"(511.0, 0.0)"
1770093779.482,512,1,"(511.0, 0.0)"
1770093779.493,512,1,"(511.0, 0.0)"
1770093779.503,512,1,"(511.0, 0.0)"
1770093779.514,512,1,"(511.0, 0.0)"
1770093779.525,512,1,"(511.0, 0.0)"
1770093779.536,512,1,"(511.0, 0.0)"
1770093779.547,512,1,"(511.0, 0.0)"
1770093779.557,512,1,"(511.0, 0.0)"
1770093779.568,512,1,"(511.0, 0.0)"
1770093779.579,512,1,"(511.0, 0.0)"
1770093779.589,512,1,"(511.0, 0.0)"
1770093779.599,512,1,"(511.0, 0.0)"
1770093779.61,512,1,"(511.0, 0.0)"
1770093779.621,512,1,"(511.0, 0.0)"
1770093779.631,512,1,"(511.0, 0.0)"
1770093779.642,512,1,"(511.0, 0.0)"
1770093779.652,512,1,"(511.0, 0.0)"
1770093779.663,512,1,"(511.0, 0.0)"
1770093779.674,512,1,"(511.0, 0.0)"
1770093779.685,512,1,"(511.0, 0.0)"
1770093779.697,512,1,"(511.0, 0.0)"
1770093779.707,512,1,"(511.0, 0.0)"
1770093779.718,512,1,"(511.0, 0.0)"
1770093779.728,512,1,"(511.0, 0.0)"
1770093779.739,512,1,"(511.0, 0.0)"
1770093779.75,512,1,"(511.0, 0.0)"
1770093779.761,512,1,"(511.0, 0.0)"
1770093779.774,512,1,"(511.0, 0.0)"
1770093779.785,512,1,"(511.0, 0.0)"
1770093779.795,512,1,"(511.0, 0.0)"
1770093779.806,512,1,"(511.0, 0.0)"
1770093779.817,512,1,"(511.0, 0.0)"
1770093779.827,512,1,"(511.0, 0.0)"
1770093779.84,512,1,"(511.0, 0.0)"
1770093779.851,512,1,"(511.0, 0.0)"
1770093779.862,512,1,"(511.0, 0.0)"
1770093785.075,512,2,"(613.0, 391.0)"
1770093785.086,512,2,"(511.0, 391.0)"
1770093785.096,512,2,"(511.0, 391.0)"
1770093785.106,512,2,"(409.0, 413.0)"
1770093785.116,512,2,"(409.0, 413.0)"
1770093785.126,512,2,"(613.0, 413.0)"
1770093785.137,512,2,"(613.0, 435.0)"
1770093785.147,512,2,"(613.0, 457.0)"
1770093785.159,512,2,"(511.0, 457.0)"
1770093785.17,512,2,"(613.0, 478.0)"
1770093785.181,512,2,"(613.0, 478.0)"
1770093785.192,512,2,"(511.0, 478.0)"
1770093785.203,512,2,"(511.0, 457.0)"
1770093785.214,512,2,"(511.0, 457.0)"
1770093785.224,512,2,"(511.0, 457.0)"
1770093785.234,512,2,"(511.0, 457.0)"
1770093785.245,512,2,"(511.0, 457.0)"
1770093785.256,512,2,"(511.0, 478.0)"
1770093785.267,512,2,"(511.0, 457.0)"
1770093785.277,512,2,"(511.0, 457.0)"
1770093785.287,512,2,"(511.0, 435.0)"
1770093785.299,512,2,"(511.0, 435.0)"
1770093785.31,512,2,"(511.0, 413.0)"
1770093785.32,512,2,"(511.0, 391.0)"
1770093785.33,512,2,"(511.0, 370.0)"
1770093785.342,512,2,"(511.0, 348.0)"
1770093785.353,512,2,"(409.0, 348.0)"
1770093785.363,512,2,"(511.0, 348.0)"
1770093785.375,512,2,"(511.0, 348.0)"
1770093785.385,512,2,"(511.0, 348.0)"
1770093785.396,512,2,"(613.0, 348.0)"
1770093785.406,512,2,"(613.0, 348.0)"
1770093785.416,512,2,"(511.0, 348.0)"
1770093785.426,512,2,"(511.0, 326.0)"
1770093785.436,512,2,"(511.0, 326.0)"
1770093785.447,512,2,"(511.0, 326.0)"
1770093785.459,512,2,"(511.0, 326.0)"
1770093785.47,512,2,"(511.0, 326.0)"
1770093785.48,512,2,"(613.0, 348.0)"
1770093785.49,512,2,"(511.0, 348.0)"
1770093785.501,512,2,"(409.0, 348.0)"
1770093785.512,512,2,"(511.0, 348.0)"
1770093785.523,512,2,"(511.0, 370.0)"
1770093785.533,512,2,"(511.0, 391.0)"
1770093785.543,512,2,"(511.0, 413.0)"
1770093785.553,512,2,"(511.0, 413.0)"
1770093785.564,512,2,"(511.0, 435.0)"
1770093785.575,512,2,"(511.0, 435.0)"
1770093785.585,512,2,"(511.0, 435.0)"
1770093785.597,512,2,"(511.0, 435.0)"
1770093785.609,512,2,"(409.0, 413.0)"
1770093785.62,512,2,"(511.0, 413.0)"
1770093785.63,512,2,"(511.0, 391.0)"
1770093785.642,512,2,"(511.0, 370.0)"
1770093785.653,512,2,"(511.0, 348.0)"
1770093785.663,512,2,"(613.0, 348.0)"
1770093785.674,512,2,"(511.0, 348.0)"
1770093785.685,512,2,"(511.0, 348.0)"
1770093785.696,512,2,"(511.0, 348.0)"
1770093785.706,512,2,"(511.0, 348.0)"
1770093785.717,512,2,"(511.0, 370.0)"
1770093785.727,512,2,"(511.0, 370.0)"
1770093785.738,512,2,"(511.0, 348.0)"
1770093785.749,512,2,"(511.0, 348.0)"
1770093785.759,512,2,"(511.0, 348.0)"
1770093785.769,512,2,"(511.0, 348.0)"
1770093785.78,512,2,"(511.0, 326.0)"
1770093785.791,512,2,"(511.0, 326.0)"
1770093785.801,512,2,"(511.0, 326.0)"
1770093785.812,512,2,"(511.0, 326.0)"
1770093785.823,512,2,"(613.0, 348.0)"
1770093785.833,512,2,"(613.0, 370.0)"
1770093785.845,512,2,"(511.0, 370.0)"
1770093785.855,512,2,"(511.0, 348.0)"
1770093785.866,512,2,"(511.0, 348.0)"
1770093785.878,512,2,"(511.0, 348.0)"
1770093785.889,512,2,"(511.0, 348.0)"
1770093785.9,512,2,"(511.0, 348.0)"
1770093785.912,512,2,"(511.0, 370.0)"
1770093785.923,512,2,"(511.0, 391.0)"
1770093785.933,512,2,"(613.0, 370.0)"
1770093785.944,512,2,"(511.0, 370.0)"
1770093785.954,512,2,"(511.0, 348.0)"
1770093785.965,512,2,"(511.0, 326.0)"
1770093785.975,512,2,"(511.0, 304.0)"
1770093785.986,512,2,"(511.0, 304.0)"
1770093785.997,512,2,"(511.0, 304.0)"
1770093786.007,512,2,"(511.0, 304.0)"
1770093786.017,512,2,"(511.0, 304.0)"
1770093786.029,512,2,"(511.0, 304.0)"
1770093786.04,512,2,"(511.0, 304.0)"
1770093786.05,512,2,"(511.0, 282.0)"
1770093786.061,512,2,"(511.0, 261.0)"
1770093786.071,512,2,"(511.0, 239.0)"
1770093786.081,512,2,"(511.0, 217.0)"
1770093786.093,512,2,"(511.0, 217.0)"
1770093786.105,512,2,"(511.0, 217.0)"
1770093786.115,512,2,"(511.0, 217.0)"
1770093786.127,512,2,"(511.0, 217.0)"
1770093786.137,512,2,"(511.0, 195.0)"
1770093786.148,512,2,"(511.0, 195.0)"
1770093786.159,512,2,"(511.0, 174.0)"
1770093786.17,512,2,"(511.0, 174.0)"
1770093786.181,512,2,"(511.0, 174.0)"
1770093786.192,512,2,"(511.0, 174.0)"
1770093786.203,512,2,"(511.0, 174.0)"
1770093786.214,512,2,"(511.0, 174.0)"
1770093786.224,512,2,"(511.0, 174.0)"
1770093786.235,512,2,"(511.0, 174.0)"
1770093786.247,512,2,"(511.0, 174.0)"
1770093786.257,512,2,"(511.0, 174.0)"
1770093786.267,512,2,"(511.0, 174.0)"
1770093786.277,512,2,"(511.0, 174.0)"
1770093786.287,512,2,"(511.0, 174.0)"
1770093786.298,512,2,"(511.0, 174.0)"
1770093786.31,512,2,"(511.0, 174.0)"
1770093786.32,512,2,"(511.0, 174.0)"
1770093786.331,512,2,"(511.0, 174.0)"
1770093786.342,512,2,"(511.0, 174.0)"
1770093786.352,512,2,"(511.0, 174.0)"
1770093786.363,512,2,"(511.0, 174.0)"
1770093786.375,512,2,"(511.0, 152.0)"
1770093786.385,512,2,"(511.0, 152.0)"
1770093786.396,512,2,"(511.0, 130.0)"
1770093786.407,512,2,"(511.0, 130.0)"
1770093786.417,512,2,"(511.0, 130.0)"
1770093786.427,512,2,"(511.0, 108.0)"
1770093786.437,512,2,"(511.0, 87.0)"
1770093786.449,512,2,"(511.0, 87.0)"
1770093786.46,512,2,"(511.0, 87.0)"
1770093786.47,512,2,"(511.0, 65.0)"
1770093786.481,512,2,"(511.0, 43.0)"
1770093786.492,512,2,"(511.0, 43.0)"
1770093786.504,512,2,"(511.0, 43.0)"
1770093786.515,512,2,"(511.0, 43.0)"
1770093786.527,512,2,"(511.0, 43.0)"
1770093786.537,512,2,"(511.0, 65.0)"
1770093786.548,512,2,"(511.0, 65.0)"
1770093786.56,512,2,"(511.0, 87.0)"
1770093786.572,512,2,"(511.0, 87.0)"
1770093786.582,512,2,"(511.0, 87.0)"
1770093786.592,512,2,"(511.0, 87.0)"
1770093786.602,512,2,"(511.0, 87.0)"
1770093786.613,512,2,"(409.0, 108.0)"
1770093786.623,512,2,"(511.0, 130.0)"
1770093786.634,512,2,"(511.0, 152.0)"
1770093786.645,512,2,"(409.0, 174.0)"
1770093786.657,512,2,"(409.0, 195.0)"
1770093786.669,512,2,"(409.0, 217.0)"
1770093786.68,512,2,"(409.0, 217.0)"
1770093786.691,512,2,"(511.0, 239.0)"
1770093786.702,512,2,"(511.0, 282.0)"
1770093786.712,512,2,"(511.0, 304.0)"
1770093786.723,512,2,"(511.0, 326.0)"
1770093786.733,512,2,"(613.0, 326.0)"
1770093786.744,512,2,"(613.0, 370.0)"
1770093786.755,512,2,"(511.0, 391.0)"
1770093786.765,512,2,"(511.0, 435.0)"
1770093786.777,512,2,"(511.0, 457.0)"
1770093786.787,512,2,"(613.0, 478.0)"
1770093786.799,512,2,"(511.0, 500.0)"
1770093786.81,512,2,"(511.0, 500.0)"
1770093786.821,512,2,"(511.0, 522.0)"
1770093786.831,512,2,"(716.0, 544.0)"
1770093786.842,512,2,"(716.0, 565.0)"
1770093786.852,512,2,"(511.0, 609.0)"
1770093786.862,512,2,"(511.0, 652.0)"
1770093786.873,512,2,"(409.0, 696.0)"
1770093786.883,512,2,"(102.0, 718.0)"
1770093786.894,512,2,"(306.0, 718.0)"
1770093786.904,512,2,"(613.0, 740.0)"
1770093786.915,512,2,"(511.0, 761.0)"
1770093786.925,512,2,"(716.0, 783.0)"
1770093786.936,512,2,"(716.0, 805.0)"
1770093786.946,512,2,"(818.0, 827.0)"
1770093786.959,512,2,"(716.0, 848.0)"
1770093786.97,512,2,"(511.0, 870.0)"
1770093786.98,512,2,"(613.0, 914.0)"
1770093786.99,512,2,"(306.0, 914.0)"
1770093787.0,512,2,"(511.0, 935.0)"
1770093787.01,512,2,"(511.0, 935.0)"
1770093787.022,512,2,"(716.0, 914.0)"
1770093787.032,512,2,"(511.0, 914.0)"
1770093787.042,512,2,"(511.0, 914.0)"
1770093787.053,512,2,"(511.0, 914.0)"
1770093787.063,512,2,"(409.0, 914.0)"
1770093787.073,512,2,"(511.0, 914.0)"
1770093787.084,512,2,"(511.0, 935.0)"
1770093787.094,512,2,"(613.0, 957.0)"
1770093787.105,512,2,"(511.0, 935.0)"
1770093787.115,512,2,"(716.0, 914.0)"
1770093787.127,512,2,"(716.0, 870.0)"
1770093787.138,512,2,"(511.0, 870.0)"
1770093787.149,512,2,"(409.0, 892.0)"
1770093787.159,512,2,"(511.0, 935.0)"
1770093787.17,512,2,"(204.0, 935.0)"
1770093787.181,512,2,"(409.0, 935.0)"
1770093787.192,512,2,"(511.0, 935.0)"
1770093787.203,512,2,"(511.0, 914.0)"
1770093787.214,512,2,"(511.0, 892.0)"
1770093787.224,512,2,"(511.0, 892.0)"
1770093787.234,512,2,"(511.0, 870.0)"
1770093787.245,512,2,"(613.0, 848.0)"
1770093787.257,512,2,"(511.0, 827.0)"
1770093787.268,512,2,"(613.0, 827.0)"
1770093787.278,512,2,"(409.0, 827.0)"
1770093787.289,512,2,"(613.0, 827.0)"
1770093787.301,512,2,"(511.0, 827.0)"
1770093787.311,512,2,"(511.0, 827.0)"
1770093787.321,512,2,"(613.0, 805.0)"
1770093787.331,512,2,"(511.0, 805.0)"
1770093787.341,512,2,"(511.0, 783.0)"
1770093787.352,512,2,"(511.0, 761.0)"
1770093787.363,512,2,"(613.0, 761.0)"
1770093787.374,512,2,"(511.0, 761.0)"
1770093787.385,512,2,"(613.0, 740.0)"
1770093787.396,512,2,"(716.0, 718.0)"
1770093787.408,512,2,"(511.0, 674.0)"
1770093787.419,512,2,"(511.0, 631.0)"
1770093787.429,512,2,"(613.0, 587.0)"
1770093787.439,512,2,"(511.0, 565.0)"
1770093787.45,512,2,"(511.0, 565.0)"
1770093787.46,512,2,"(511.0, 544.0)"
1770093787.47,512,2,"(511.0, 544.0)"
1770093787.48,512,2,"(511.0, 522.0)"
1770093787.492,512,2,"(511.0, 522.0)"
1770093787.503,512,2,"(613.0, 522.0)"
1770093787.514,512,2,"(511.0, 522.0)"
1770093787.524,512,2,"(613.0, 522.0)"
1770093787.534,512,2,"(511.0, 522.0)"
1770093787.545,512,2,"(409.0, 500.0)"
1770093787.556,512,2,"(511.0, 500.0)"
1770093787.567,512,2,"(511.0, 478.0)"
1770093787.578,512,2,"(409.0, 478.0)"
1770093787.588,512,2,"(511.0, 457.0)"
1770093787.599,512,2,"(511.0, 457.0)"
1770093787.61,512,2,"(511.0, 413.0)"
1770093787.621,512,2,"(409.0, 413.0)"
1770093787.632,512,2,"(409.0, 413.0)"
1770093787.642,512,2,"(511.0, 413.0)"
1770093787.652,512,2,"(511.0, 413.0)"
1770093787.664,512,2,"(511.0, 413.0)"
1770093787.674,512,2,"(511.0, 413.0)"
1770093787.685,512,2,"(511.0, 391.0)"
1770093787.696,512,2,"(511.0, 391.0)"
1770093787.707,512,2,"(409.0, 391.0)"
1770093787.717,512,2,"(511.0, 391.0)"
1770093787.728,512,2,"(511.0, 391.0)"
1770093787.739,512,2,"(511.0, 391.0)"
1770093787.75,512,2,"(511.0, 391.0)"
1770093787.761,512,2,"(511.0, 391.0)"
1770093787.771,512,2,"(511.0, 370.0)"
1770093787.781,512,2,"(511.0, 370.0)"
1770093787.792,512,2,"(511.0, 348.0)"
1770093787.802,512,2,"(511.0, 326.0)"
1770093787.812,512,2,"(511.0, 326.0)"
1770093787.823,512,2,"(613.0, 304.0)"
1770093787.834,512,2,"(511.0, 304.0)"
1770093787.844,512,2,"(511.0, 304.0)"
1770093787.856,512,2,"(511.0, 326.0)"
1770093787.866,512,2,"(511.0, 326.0)"
1770093787.879,512,2,"(511.0, 326.0)"
1770093787.889,512,2,"(511.0, 304.0)"
1770093787.899,512,2,"(511.0, 282.0)"
1770093787.91,512,2,"(613.0, 261.0)"
1770093787.92,512,2,"(511.0, 261.0)"
1770093787.93,512,2,"(511.0, 282.0)"
1770093787.941,512,2,"(511.0, 282.0)"
1770093787.951,512,2,"(511.0, 304.0)"
1770093787.962,512,2,"(511.0, 304.0)"
1770093787.973,512,2,"(716.0, 326.0)"
1770093787.983,512,2,"(716.0, 348.0)"
1770093787.995,512,2,"(511.0, 348.0)"
1770093788.006,512,2,"(613.0, 370.0)"
1770093788.016,512,2,"(716.0, 391.0)"
1770093788.027,512,2,"(613.0, 413.0)"
1770093788.037,512,2,"(511.0, 413.0)"
1770093788.047,512,2,"(511.0, 413.0)"
1770093788.058,512,2,"(511.0, 413.0)"
1770093788.068,512,2,"(409.0, 413.0)"
1770093794.101,512,3,"(511.0, 0.0)"
1770093794.112,512,3,"(511.0, 0.0)"
1770093794.123,512,3,"(511.0, 0.0)"
1770093794.134,512,3,"(511.0, 0.0)"
1770093794.144,512,3,"(511.0, 0.0)"
1770093794.154,512,3,"(511.0, 0.0)"
1770093794.166,512,3,"(511.0, 0.0)"
1770093794.177,512,3,"(511.0, 0.0)"
1770093794.188,512,3,"(511.0, 0.0)"
1770093794.199,512,3,"(511.0, 0.0)"
1770093794.21,512,3,"(511.0, 0.0)"
1770093794.22,512,3,"(511.0, 0.0)"
1770093794.232,512,3,"(511.0, 0.0)"
1770093794.242,512,3,"(511.0, 0.0)"
1770093794.254,512,3,"(511.0, 0.0)"
1770093794.264,512,3,"(511.0, 0.0)"
1770093794.275,512,3,"(511.0, 0.0)"
1770093794.285,512,3,"(511.0, 0.0)"
1770093794.298,512,3,"(511.0, 0.0)"
1770093794.308,512,3,"(511.0, 0.0)"
1770093794.319,512,3,"(511.0, 0.0)"
1770093794.331,512,3,"(511.0, 0.0)"
1770093794.342,512,3,"(511.0, 21.0)"
1770093794.353,512,3,"(511.0, 43.0)"
1770093794.363,512,3,"(511.0, 43.0)"
1770093794.374,512,3,"(511.0, 43.0)"
1770093794.385,512,3,"(511.0, 43.0)"
1770093794.396,512,3,"(511.0, 43.0)"
1770093794.406,512,3,"(511.0, 43.0)"
1770093794.417,512,3,"(511.0, 65.0)"
1770093794.428,512,3,"(511.0, 65.0)"
1770093794.438,512,3,"(511.0, 87.0)"
1770093794.448,512,3,"(511.0, 87.0)"
1770093794.459,512,3,"(511.0, 87.0)"
1770093794.469,512,3,"(511.0, 87.0)"
1770093794.481,512,3,"(511.0, 108.0)"
1770093794.491,512,3,"(511.0, 108.0)"
1770093794.501,512,3,"(511.0, 130.0)"
1770093794.513,512,3,"(511.0, 130.0)"
1770093794.524,512,3,"(511.0, 130.0)"
1770093794.535,512,3,"(511.0, 130.0)"
1770093794.545,512,3,"(511.0, 130.0)"
1770093794.555,512,3,"(511.0, 130.0)"
1770093794.566,512,3,"(511.0, 130.0)"
1770093794.577,512,3,"(511.0, 130.0)"
1770093794.587,512,3,"(511.0, 130.0)"
1770093794.598,512,3,"(511.0, 130.0)"
1770093794.609,512,3,"(511.0, 130.0)"
1770093794.62,512,3,"(511.0, 130.0)"
1770093794.631,512,3,"(511.0, 130.0)"
1770093794.641,512,3,"(511.0, 130.0)"
1770093794.652,512,3,"(511.0, 108.0)"
1770093794.662,512,3,"(511.0, 108.0)"
1770093794.673,512,3,"(511.0, 87.0)"
1770093794.684,512,3,"(511.0, 87.0)"
1770093794.695,512,3,"(511.0, 87.0)"
1770093794.707,512,3,"(511.0, 87.0)"
1770093794.718,512,3,"(511.0, 87.0)"
1770093794.728,512,3,"(511.0, 87.0)"
1770093794.739,512,3,"(511.0, 87.0)"
1770093794.749,512,3,"(511.0, 87.0)"
1770093794.761,512,3,"(511.0, 87.0)"
1770093794.772,512,3,"(511.0, 87.0)"
1770093794.783,512,3,"(511.0, 87.0)"
1770093794.795,512,3,"(511.0, 108.0)"
1770093794.806,512,3,"(511.0, 108.0)"
1770093794.816,512,3,"(511.0, 108.0)"
1770093794.827,512,3,"(511.0, 108.0)"
1770093794.838,512,3,"(511.0, 108.0)"
1770093794.849,512,3,"(511.0, 108.0)"
1770093794.86,512,3,"(511.0, 130.0)"
1770093794.871,512,3,"(511.0, 108.0)"
1770093794.882,512,3,"(511.0, 108.0)"
1770093794.894,512,3,"(511.0, 108.0)"
1770093794.904,512,3,"(511.0, 108.0)"
1770093794.915,512,3,"(511.0, 108.0)"
1770093794.926,512,3,"(511.0, 130.0)"
1770093794.936,512,3,"(511.0, 130.0)"
1770093794.947,512,3,"(511.0, 130.0)"
1770093794.957,512,3,"(511.0, 130.0)"
1770093794.968,512,3,"(511.0, 130.0)"
1770093794.979,512,3,"(511.0, 130.0)"
1770093794.99,512,3,"(511.0, 130.0)"
1770093795.001,512,3,"(511.0, 130.0)"
1770093795.013,512,3,"(511.0, 130.0)"
1770093795.024,512,3,"(511.0, 130.0)"
1770093795.034,512,3,"(511.0, 130.0)"
1770093795.045,512,3,"(511.0, 130.0)"
1770093795.056,512,3,"(511.0, 130.0)"
1770093795.067,512,3,"(511.0, 130.0)"
1770093795.077,512,3,"(511.0, 130.0)"
1770093795.088,512,3,"(511.0, 130.0)"
1770093795.098,512,3,"(511.0, 108.0)"
1770093795.109,512,3,"(511.0, 87.0)"
1770093795.12,512,3,"(511.0, 87.0)"
1770093795.13,512,3,"(511.0, 108.0)"
1770093795.14,512,3,"(511.0, 108.0)"
1770093795.151,512,3,"(511.0, 108.0)"
1770093795.165,512,3,"(511.0, 108.0)"
1770093795.175,512,3,"(511.0, 108.0)"
1770093795.186,512,3,"(511.0, 108.0)"
1770093795.196,512,3,"(613.0, 130.0)"
1770093795.206,512,3,"(511.0, 130.0)"
1770093795.216,512,3,"(511.0, 130.0)"
1770093795.226,512,3,"(511.0, 130.0)"
1770093795.237,512,3,"(511.0, 130.0)"
1770093795.247,512,3,"(511.0, 130.0)"
1770093795.258,512,3,"(511.0, 108.0)"
1770093795.269,512,3,"(511.0, 87.0)"
1770093795.279,512,3,"(511.0, 87.0)"
1770093795.29,512,3,"(511.0, 87.0)"
1770093795.3,512,3,"(511.0, 87.0)"
1770093795.312,512,3,"(511.0, 108.0)"
1770093795.322,512,3,"(511.0, 108.0)"
1770093795.332,512,3,"(511.0, 130.0)"
1770093795.343,512,3,"(511.0, 130.0)"
1770093795.354,512,3,"(511.0, 130.0)"
1770093795.364,512,3,"(511.0, 130.0)"
1770093795.376,512,3,"(511.0, 130.0)"
1770093795.387,512,3,"(511.0, 130.0)"
1770093795.397,512,3,"(511.0, 130.0)"
1770093795.408,512,3,"(511.0, 108.0)"
1770093795.418,512,3,"(511.0, 108.0)"
1770093795.428,512,3,"(511.0, 87.0)"
1770093795.439,512,3,"(511.0, 87.0)"
1770093795.451,512,3,"(511.0, 87.0)"
1770093795.461,512,3,"(511.0, 87.0)"
1770093795.472,512,3,"(511.0, 87.0)"
1770093795.482,512,3,"(511.0, 87.0)"
1770093795.492,512,3,"(511.0, 87.0)"
1770093795.503,512,3,"(511.0, 87.0)"
1770093795.515,512,3,"(511.0, 87.0)"
1770093795.525,512,3,"(511.0, 87.0)"
1770093795.535,512,3,"(511.0, 87.0)"
1770093795.547,512,3,"(511.0, 87.0)"
1770093795.558,512,3,"(511.0, 87.0)"
1770093795.569,512,3,"(511.0, 87.0)"
1770093795.581,512,3,"(511.0, 87.0)"
1770093795.592,512,3,"(511.0, 87.0)"
1770093795.603,512,3,"(511.0, 87.0)"
1770093795.614,512,3,"(511.0, 87.0)"
1770093795.624,512,3,"(511.0, 87.0)"
1770093795.634,512,3,"(511.0, 87.0)"
1770093795.644,512,3,"(511.0, 87.0)"
1770093795.655,512,3,"(511.0, 87.0)"
1770093795.666,512,3,"(511.0, 87.0)"
1770093795.677,512,3,"(511.0, 87.0)"
1770093795.689,512,3,"(511.0, 87.0)"
1770093795.7,512,3,"(511.0, 87.0)"
1770093795.71,512,3,"(511.0, 87.0)"
1770093795.72,512,3,"(511.0, 87.0)"
1770093795.731,512,3,"(511.0, 87.0)"
1770093795.741,512,3,"(511.0, 87.0)"
1770093795.751,512,3,"(511.0, 87.0)"
1770093795.763,512,3,"(511.0, 87.0)"
1770093795.773,512,3,"(511.0, 87.0)"
1770093795.784,512,3,"(511.0, 87.0)"
1770093795.794,512,3,"(511.0, 87.0)"
1770093795.805,512,3,"(511.0, 87.0)"
1770093795.816,512,3,"(511.0, 87.0)"
1770093795.827,512,3,"(511.0, 87.0)"
1770093795.838,512,3,"(511.0, 87.0)"
1770093795.849,512,3,"(511.0, 108.0)"
1770093795.86,512,3,"(511.0, 108.0)"
1770093795.87,512,3,"(511.0, 108.0)"
1770093795.88,512,3,"(511.0, 87.0)"
1770093795.89,512,3,"(511.0, 87.0)"
1770093795.901,512,3,"(511.0, 87.0)"
1770093795.911,512,3,"(511.0, 87.0)"
1770093795.921,512,3,"(511.0, 87.0)"
1770093795.932,512,3,"(511.0, 87.0)"
1770093795.942,512,3,"(511.0, 87.0)"
1770093795.953,512,3,"(511.0, 87.0)"
1770093795.965,512,3,"(511.0, 87.0)"
1770093795.976,512,3,"(511.0, 87.0)"
1770093795.987,512,3,"(511.0, 108.0)"
1770093795.997,512,3,"(511.0, 108.0)"
1770093796.008,512,3,"(511.0, 130.0)"
1770093796.019,512,3,"(511.0, 130.0)"
1770093796.029,512,3,"(511.0, 130.0)"
1770093796.04,512,3,"(511.0, 130.0)"
1770093796.051,512,3,"(511.0, 130.0)"
1770093796.062,512,3,"(511.0, 130.0)"
1770093796.073,512,3,"(511.0, 130.0)"
1770093796.083,512,3,"(511.0, 130.0)"
1770093796.094,512,3,"(511.0, 130.0)"
1770093796.105,512,3,"(511.0, 130.0)"
1770093796.115,512,3,"(511.0, 130.0)"
1770093796.126,512,3,"(511.0, 130.0)"
1770093796.136,512,3,"(511.0, 130.0)"
1770093796.147,512,3,"(511.0, 130.0)"
1770093796.157,512,3,"(511.0, 130.0)"
1770093796.168,512,3,"(511.0, 130.0)"
1770093796.18,512,3,"(511.0, 130.0)"
1770093796.191,512,3,"(511.0, 130.0)"
1770093796.201,512,3,"(511.0, 130.0)"
1770093796.212,512,3,"(511.0, 130.0)"
1770093796.222,512,3,"(511.0, 130.0)"
1770093796.232,512,3,"(511.0, 130.0)"
1770093796.242,512,3,"(511.0, 130.0)"
1770093796.253,512,3,"(511.0, 130.0)"
1770093796.264,512,3,"(511.0, 130.0)"
1770093796.275,512,3,"(511.0, 130.0)"
1770093796.286,512,3,"(511.0, 130.0)"
1770093796.297,512,3,"(511.0, 130.0)"
1770093796.307,512,3,"(511.0, 130.0)"
1770093796.318,512,3,"(409.0, 130.0)"
1770093796.328,512,3,"(511.0, 130.0)"
1770093796.338,512,3,"(511.0, 130.0)"
1770093796.349,512,3,"(511.0, 130.0)"
1770093796.359,512,3,"(511.0, 130.0)"
1770093796.37,512,3,"(511.0, 152.0)"
1770093796.38,512,3,"(511.0, 152.0)"
1770093796.391,512,3,"(511.0, 174.0)"
1770093796.402,512,3,"(511.0, 174.0)"
1770093796.413,512,3,"(511.0, 174.0)"
1770093796.424,512,3,"(511.0, 174.0)"
1770093796.435,512,3,"(511.0, 174.0)"
1770093796.446,512,3,"(511.0, 174.0)"
1770093796.456,512,3,"(511.0, 174.0)"
1770093796.468,512,3,"(511.0, 174.0)"
1770093796.479,512,3,"(511.0, 195.0)"
1770093796.489,512,3,"(511.0, 217.0)"
1770093796.502,512,3,"(511.0, 217.0)"
1770093796.512,512,3,"(511.0, 217.0)"
1770093796.523,512,3,"(511.0, 217.0)"
1770093796.533,512,3,"(511.0, 217.0)"
1770093796.544,512,3,"(511.0, 195.0)"
1770093796.554,512,3,"(511.0, 195.0)"
1770093796.565,512,3,"(511.0, 174.0)"
1770093796.575,512,3,"(511.0, 174.0)"
1770093796.586,512,3,"(511.0, 174.0)"
1770093796.596,512,3,"(511.0, 174.0)"
1770093796.607,512,3,"(511.0, 174.0)"
1770093796.617,512,3,"(511.0, 174.0)"
1770093796.627,512,3,"(511.0, 174.0)"
1770093796.637,512,3,"(511.0, 174.0)"
1770093796.647,512,3,"(511.0, 174.0)"
1770093796.658,512,3,"(511.0, 195.0)"
1770093796.669,512,3,"(511.0, 195.0)"
1770093796.679,512,3,"(511.0, 195.0)"
1770093796.691,512,3,"(511.0, 195.0)"
1770093796.703,512,3,"(511.0, 174.0)"
1770093796.713,512,3,"(511.0, 152.0)"
1770093796.723,512,3,"(511.0, 152.0)"
1770093796.734,512,3,"(511.0, 130.0)"
1770093796.744,512,3,"(511.0, 130.0)"
1770093796.754,512,3,"(511.0, 130.0)"
1770093796.765,512,3,"(511.0, 130.0)"
1770093796.776,512,3,"(511.0, 130.0)"
1770093796.786,512,3,"(511.0, 130.0)"
1770093796.796,512,3,"(511.0, 130.0)"
1770093796.806,512,3,"(511.0, 130.0)"
1770093796.816,512,3,"(511.0, 130.0)"
1770093796.826,512,3,"(511.0, 130.0)"
1770093796.837,512,3,"(511.0, 130.0)"
1770093796.847,512,3,"(511.0, 130.0)"
1770093796.859,512,3,"(511.0, 108.0)"
1770093796.869,512,3,"(511.0, 108.0)"
1770093796.881,512,3,"(511.0, 87.0)"
1770093796.891,512,3,"(511.0, 87.0)"
1770093796.901,512,3,"(511.0, 87.0)"
1770093796.912,512,3,"(511.0, 87.0)"
1770093796.923,512,3,"(511.0, 87.0)"
1770093796.934,512,3,"(511.0, 87.0)"
1770093796.945,512,3,"(511.0, 87.0)"
1770093796.955,512,3,"(511.0, 87.0)"
1770093796.966,512,3,"(511.0, 87.0)"
1770093796.977,512,3,"(511.0, 87.0)"
1770093796.987,512,3,"(511.0, 108.0)"
1770093796.998,512,3,"(511.0, 108.0)"
1770093797.008,512,3,"(511.0, 130.0)"
1770093797.02,512,3,"(511.0, 130.0)"
1770093797.03,512,3,"(511.0, 130.0)"
1770093797.042,512,3,"(511.0, 130.0)"
1770093797.052,512,3,"(511.0, 130.0)"
1770093797.062,512,3,"(511.0, 130.0)"
1770093797.072,512,3,"(511.0, 130.0)"
1770093797.083,512,3,"(511.0, 130.0)"
1770093797.094,512,3,"(511.0, 130.0)"
1770093797.104,512,3,"(511.0, 130.0)"
1770093813.898,512,4,"(511.0, 0.0)"
1770093813.909,512,4,"(511.0, 0.0)"
1770093813.92,512,4,"(511.0, 0.0)"
1770093813.931,512,4,"(511.0, 0.0)"
1770093813.942,512,4,"(511.0, 0.0)"
1770093813.953,512,4,"(511.0, 0.0)"
1770093813.964,512,4,"(511.0, 0.0)"
1770093813.975,512,4,"(511.0, 0.0)"
1770093813.986,512,4,"(511.0, 0.0)"
1770093813.997,512,4,"(511.0, 0.0)"
1770093814.008,512,4,"(511.0, 0.0)"
1770093814.018,512,4,"(511.0, 0.0)"
1770093814.028,512,4,"(511.0, 0.0)"
1770093814.039,512,4,"(511.0, 0.0)"
1770093814.051,512,4,"(511.0, 0.0)"
1770093814.061,512,4,"(511.0, 0.0)"
1770093814.071,512,4,"(511.0, 0.0)"
1770093814.082,512,4,"(511.0, 0.0)"
1770093814.093,512,4,"(511.0, 0.0)"
1770093814.104,512,4,"(511.0, 0.0)"
1770093814.114,512,4,"(511.0, 0.0)"
1770093814.124,512,4,"(511.0, 0.0)"
1770093814.134,512,4,"(511.0, 0.0)"
1770093814.144,512,4,"(511.0, 0.0)"
1770093814.154,512,4,"(511.0, 0.0)"
1770093814.166,512,4,"(511.0, 0.0)"
1770093814.177,512,4,"(511.0, 0.0)"
1770093814.187,512,4,"(511.0, 0.0)"
1770093814.198,512,4,"(511.0, 0.0)"
1770093814.21,512,4,"(511.0, 0.0)"
1770093814.22,512,4,"(511.0, 0.0)"
1770093814.231,512,4,"(511.0, 0.0)"
1770093814.242,512,4,"(511.0, 0.0)"
1770093814.253,512,4,"(511.0, 0.0)"
1770093814.263,512,4,"(511.0, 0.0)"
1770093814.274,512,4,"(511.0, 0.0)"
1770093814.285,512,4,"(511.0, 0.0)"
1770093814.295,512,4,"(511.0, 0.0)"
1770093814.307,512,4,"(511.0, 0.0)"
1770093814.317,512,4,"(511.0, 0.0)"
1770093814.33,512,4,"(511.0, 0.0)"
1770093814.341,512,4,"(511.0, 0.0)"
1770093814.351,512,4,"(511.0, 0.0)"
1770093814.363,512,4,"(511.0, 0.0)"
1770093814.373,512,4,"(511.0, 0.0)"
1770093814.384,512,4,"(511.0, 0.0)"
1770093814.394,512,4,"(511.0, 0.0)"
1770093814.404,512,4,"(511.0, 0.0)"
1770093814.415,512,4,"(511.0, 0.0)"
1770093814.425,512,4,"(511.0, 0.0)"
1770093814.437,512,4,"(511.0, 0.0)"
1770093814.447,512,4,"(511.0, 0.0)"
1770093814.458,512,4,"(511.0, 0.0)"
1770093814.468,512,4,"(511.0, 0.0)"
1770093814.481,512,4,"(511.0, 0.0)"
1770093814.491,512,4,"(511.0, 0.0)"
1770093814.502,512,4,"(511.0, 0.0)"
1770093814.513,512,4,"(511.0, 0.0)"
1770093814.524,512,4,"(511.0, 0.0)"
1770093814.534,512,4,"(511.0, 0.0)"
1770093814.544,512,4,"(511.0, 0.0)"
1770093814.556,512,4,"(511.0, 21.0)"
1770093814.567,512,4,"(511.0, 21.0)"
1770093814.578,512,4,"(511.0, 43.0)"
1770093814.588,512,4,"(511.0, 43.0)"
1770093814.599,512,4,"(511.0, 43.0)"
1770093814.609,512,4,"(511.0, 43.0)"
1770093814.62,512,4,"(511.0, 43.0)"
1770093814.631,512,4,"(511.0, 43.0)"
1770093814.641,512,4,"(511.0, 43.0)"
1770093814.651,512,4,"(511.0, 43.0)"
1770093814.662,512,4,"(511.0, 43.0)"
1770093814.673,512,4,"(511.0, 43.0)"
1770093814.684,512,4,"(511.0, 43.0)"
1770093814.696,512,4,"(511.0, 43.0)"
1770093814.707,512,4,"(511.0, 43.0)"
1770093814.717,512,4,"(511.0, 43.0)"
1770093814.731,512,4,"(511.0, 43.0)"
1770093814.742,512,4,"(511.0, 43.0)"
1770093814.752,512,4,"(511.0, 43.0)"
1770093814.764,512,4,"(511.0, 43.0)"
1770093814.774,512,4,"(511.0, 43.0)"
1770093814.784,512,4,"(511.0, 43.0)"
1770093814.797,512,4,"(511.0, 43.0)"
1770093814.807,512,4,"(511.0, 21.0)"
1770093814.817,512,4,"(511.0, 21.0)"
1770093814.827,512,4,"(511.0, 21.0)"
1770093814.838,512,4,"(511.0, 21.0)"
1770093814.849,512,4,"(511.0, 21.0)"
1770093814.86,512,4,"(511.0, 43.0)"
1770093814.87,512,4,"(511.0, 43.0)"
1770093814.881,512,4,"(511.0, 43.0)"
1770093814.892,512,4,"(511.0, 21.0)"
1770093814.902,512,4,"(511.0, 0.0)"
1770093814.913,512,4,"(511.0, 0.0)"
1770093814.924,512,4,"(511.0, 0.0)"
1770093814.935,512,4,"(511.0, 0.0)"
1770093814.946,512,4,"(511.0, 0.0)"
1770093814.956,512,4,"(511.0, 0.0)"
1770093814.967,512,4,"(511.0, 0.0)"
1770093814.978,512,4,"(511.0, 0.0)"
1770093814.989,512,4,"(511.0, 0.0)"
1770093814.999,512,4,"(511.0, 0.0)"
1770093815.01,512,4,"(511.0, 0.0)"
1770093815.02,512,4,"(511.0, 0.0)"
1770093815.033,512,4,"(511.0, 0.0)"
1770093815.043,512,4,"(511.0, 0.0)"
1770093815.054,512,4,"(511.0, 0.0)"
1770093815.066,512,4,"(511.0, 0.0)"
1770093815.077,512,4,"(511.0, 21.0)"
1770093815.088,512,4,"(511.0, 21.0)"
1770093815.098,512,4,"(511.0, 43.0)"
1770093815.108,512,4,"(511.0, 43.0)"
1770093815.12,512,4,"(511.0, 43.0)"
1770093815.131,512,4,"(511.0, 43.0)"
1770093815.141,512,4,"(511.0, 43.0)"
1770093815.152,512,4,"(511.0, 43.0)"
1770093815.162,512,4,"(511.0, 43.0)"
1770093815.173,512,4,"(511.0, 43.0)"
1770093815.185,512,4,"(511.0, 43.0)"
1770093815.195,512,4,"(511.0, 43.0)"
1770093815.205,512,4,"(511.0, 43.0)"
1770093815.216,512,4,"(511.0, 43.0)"
1770093815.226,512,4,"(511.0, 43.0)"
1770093815.237,512,4,"(511.0, 43.0)"
1770093815.247,512,4,"(511.0, 43.0)"
1770093815.258,512,4,"(511.0, 43.0)"
1770093815.268,512,4,"(511.0, 43.0)"
1770093815.278,512,4,"(511.0, 43.0)"
1770093815.289,512,4,"(511.0, 43.0)"
1770093815.3,512,4,"(511.0, 43.0)"
1770093815.311,512,4,"(511.0, 43.0)"
1770093815.321,512,4,"(511.0, 43.0)"
1770093815.331,512,4,"(511.0, 43.0)"
1770093815.342,512,4,"(511.0, 43.0)"
1770093815.352,512,4,"(511.0, 43.0)"
1770093815.362,512,4,"(511.0, 43.0)"
1770093815.373,512,4,"(511.0, 43.0)"
1770093815.383,512,4,"(511.0, 43.0)"
1770093815.394,512,4,"(511.0, 43.0)"
1770093815.405,512,4,"(511.0, 43.0)"
1770093815.416,512,4,"(511.0, 43.0)"
1770093815.426,512,4,"(511.0, 43.0)"
1770093815.437,512,4,"(511.0, 43.0)"
1770093815.447,512,4,"(511.0, 43.0)"
1770093815.457,512,4,"(511.0, 65.0)"
1770093815.467,512,4,"(511.0, 65.0)"
1770093815.478,512,4,"(511.0, 65.0)"
1770093815.489,512,4,"(511.0, 65.0)"
1770093815.5,512,4,"(511.0, 65.0)"
1770093815.511,512,4,"(511.0, 87.0)"
1770093815.521,512,4,"(511.0, 87.0)"
1770093815.532,512,4,"(511.0, 87.0)"
1770093815.543,512,4,"(511.0, 87.0)"
1770093815.553,512,4,"(511.0, 87.0)"
1770093815.564,512,4,"(511.0, 87.0)"
1770093815.577,512,4,"(511.0, 87.0)"
1770093815.587,512,4,"(511.0, 87.0)"
1770093815.597,512,4,"(511.0, 65.0)"
1770093815.608,512,4,"(511.0, 65.0)"
1770093815.618,512,4,"(511.0, 43.0)"
1770093815.63,512,4,"(511.0, 43.0)"
1770093815.641,512,4,"(511.0, 43.0)"
1770093815.653,512,4,"(511.0, 43.0)"
1770093815.664,512,4,"(511.0, 43.0)"
1770093815.675,512,4,"(511.0, 43.0)"
1770093815.685,512,4,"(511.0, 43.0)"
1770093815.696,512,4,"(511.0, 43.0)"
1770093815.706,512,4,"(511.0, 43.0)"
1770093815.716,512,4,"(511.0, 65.0)"
1770093815.728,512,4,"(511.0, 65.0)"
1770093815.738,512,4,"(511.0, 87.0)"
1770093815.748,512,4,"(511.0, 87.0)"
1770093815.761,512,4,"(511.0, 65.0)"
1770093815.771,512,4,"(511.0, 65.0)"
1770093815.781,512,4,"(511.0, 43.0)"
1770093815.793,512,4,"(511.0, 43.0)"
1770093815.804,512,4,"(511.0, 43.0)"
1770093815.815,512,4,"(511.0, 65.0)"
1770093815.825,512,4,"(511.0, 65.0)"
1770093815.837,512,4,"(511.0, 87.0)"
1770093815.847,512,4,"(511.0, 87.0)"
1770093815.859,512,4,"(511.0, 87.0)"
1770093815.869,512,4,"(511.0, 87.0)"
1770093815.88,512,4,"(511.0, 87.0)"
1770093815.892,512,4,"(511.0, 87.0)"
1770093815.902,512,4,"(511.0, 87.0)"
1770093815.913,512,4,"(511.0, 87.0)"
1770093815.924,512,4,"(511.0, 87.0)"
1770093815.935,512,4,"(511.0, 87.0)"
1770093815.945,512,4,"(511.0, 87.0)"
1770093815.956,512,4,"(511.0, 87.0)"
1770093815.966,512,4,"(511.0, 87.0)"
1770093815.977,512,4,"(511.0, 87.0)"
1770093815.987,512,4,"(511.0, 87.0)"
1770093815.998,512,4,"(511.0, 87.0)"
1770093816.008,512,4,"(511.0, 87.0)"
1770093816.019,512,4,"(511.0, 87.0)"
1770093816.03,512,4,"(511.0, 87.0)"
1770093816.041,512,4,"(511.0, 87.0)"
1770093816.051,512,4,"(511.0, 87.0)"
1770093816.062,512,4,"(511.0, 87.0)"
1770093816.074,512,4,"(511.0, 87.0)"
1770093816.084,512,4,"(511.0, 87.0)"
1770093816.094,512,4,"(511.0, 87.0)"
1770093816.105,512,4,"(511.0, 65.0)"
1770093816.116,512,4,"(511.0, 65.0)"
1770093816.127,512,4,"(511.0, 43.0)"
1770093816.138,512,4,"(511.0, 43.0)"
1770093816.149,512,4,"(511.0, 43.0)"
1770093816.159,512,4,"(511.0, 43.0)"
1770093816.171,512,4,"(511.0, 43.0)"
1770093816.181,512,4,"(511.0, 43.0)"
1770093816.191,512,4,"(511.0, 43.0)"
1770093816.202,512,4,"(511.0, 43.0)"
1770093816.213,512,4,"(511.0, 43.0)"
1770093816.224,512,4,"(511.0, 43.0)"
1770093816.235,512,4,"(511.0, 43.0)"
1770093816.245,512,4,"(511.0, 43.0)"
1770093816.256,512,4,"(511.0, 43.0)"
1770093816.267,512,4,"(511.0, 43.0)"
1770093816.277,512,4,"(511.0, 43.0)"
1770093816.289,512,4,"(511.0, 43.0)"
1770093816.3,512,4,"(511.0, 43.0)"
1770093816.31,512,4,"(511.0, 43.0)"
1770093816.321,512,4,"(511.0, 43.0)"
1770093816.332,512,4,"(511.0, 43.0)"
1770093816.343,512,4,"(511.0, 43.0)"
1770093816.353,512,4,"(511.0, 43.0)"
1770093816.363,512,4,"(511.0, 43.0)"
1770093816.375,512,4,"(511.0, 43.0)"
1770093816.385,512,4,"(511.0, 43.0)"
1770093816.395,512,4,"(511.0, 65.0)"
1770093816.407,512,4,"(511.0, 65.0)"
1770093816.418,512,4,"(511.0, 87.0)"
1770093816.429,512,4,"(511.0, 65.0)"
1770093816.44,512,4,"(511.0, 65.0)"
1770093816.451,512,4,"(511.0, 43.0)"
1770093816.462,512,4,"(511.0, 43.0)"
1770093816.472,512,4,"(511.0, 43.0)"
1770093816.483,512,4,"(511.0, 43.0)"
1770093816.494,512,4,"(511.0, 43.0)"
1770093816.506,512,4,"(511.0, 43.0)"
1770093816.516,512,4,"(511.0, 43.0)"
1770093816.526,512,4,"(511.0, 43.0)"
1770093816.539,512,4,"(511.0, 43.0)"
1770093816.549,512,4,"(511.0, 43.0)"
1770093816.56,512,4,"(511.0, 43.0)"
1770093816.572,512,4,"(511.0, 43.0)"
1770093816.582,512,4,"(511.0, 43.0)"
1770093816.592,512,4,"(511.0, 43.0)"
1770093816.605,512,4,"(511.0, 43.0)"
1770093816.616,512,4,"(511.0, 43.0)"
1770093816.626,512,4,"(511.0, 43.0)"
1770093816.638,512,4,"(511.0, 43.0)"
1770093816.649,512,4,"(511.0, 43.0)"
1770093816.661,512,4,"(511.0, 43.0)"
1770093816.671,512,4,"(511.0, 65.0)"
1770093816.682,512,4,"(511.0, 65.0)"
1770093816.692,512,4,"(511.0, 87.0)"
1770093816.702,512,4,"(511.0, 87.0)"
1770093816.713,512,4,"(511.0, 87.0)"
1770093816.723,512,4,"(511.0, 87.0)"
1770093816.733,512,4,"(511.0, 87.0)"
1770093816.744,512,4,"(511.0, 87.0)"
1770093816.754,512,4,"(511.0, 87.0)"
1770093816.764,512,4,"(511.0, 87.0)"
1770093816.775,512,4,"(511.0, 87.0)"
1770093816.786,512,4,"(511.0, 87.0)"
1770093816.796,512,4,"(511.0, 87.0)"
1770093816.807,512,4,"(511.0, 87.0)"
1770093816.818,512,4,"(511.0, 87.0)"
1770093816.829,512,4,"(511.0, 87.0)"
1770093816.84,512,4,"(511.0, 87.0)"
1770093816.851,512,4,"(511.0, 87.0)"
1770093816.862,512,4,"(511.0, 87.0)"
1770093816.873,512,4,"(511.0, 87.0)"
1770093816.883,512,4,"(511.0, 87.0)"
1770093816.894,512,4,"(511.0, 87.0)"
1770093837.847,512,1,"(511.0, 0.0)"
1770093837.86,512,1,"(511.0, 0.0)"
1770093837.871,512,1,"(511.0, 0.0)"
1770093837.882,512,1,"(511.0, 0.0)"
1770093837.892,512,1,"(511.0, 0.0)"
1770093837.902,512,1,"(511.0, 0.0)"
1770093837.913,512,1,"(511.0, 0.0)"
1770093837.924,512,1,"(511.0, 0.0)"
1770093837.934,512,1,"(511.0, 0.0)"
1770093837.947,512,1,"(511.0, 0.0)"
1770093837.958,512,1,"(511.0, 0.0)"
1770093837.969,512,1,"(511.0, 0.0)"
1770093837.979,512,1,"(511.0, 0.0)"
1770093837.989,512,1,"(511.0, 0.0)"
1770093837.999,512,1,"(511.0, 0.0)"
1770093838.01,512,1,"(511.0, 0.0)"
1770093838.022,512,1,"(511.0, 0.0)"
1770093838.032,512,1,"(511.0, 0.0)"
1770093838.043,512,1,"(511.0, 0.0)"
1770093838.054,512,1,"(511.0, 0.0)"
1770093838.066,512,1,"(511.0, 0.0)"
1770093838.077,512,1,"(511.0, 0.0)"
1770093838.087,512,1,"(511.0, 0.0)"
1770093838.099,512,1,"(511.0, 0.0)"
1770093838.11,512,1,"(511.0, 0.0)"
1770093838.12,512,1,"(511.0, 0.0)"
1770093838.133,512,1,"(511.0, 0.0)"
1770093838.143,512,1,"(511.0, 0.0)"
1770093838.153,512,1,"(511.0, 0.0)"
1770093838.164,512,1,"(511.0, 0.0)"
1770093838.176,512,1,"(511.0, 0.0)"
1770093838.187,512,1,"(511.0, 0.0)"
1770093838.198,512,1,"(511.0, 0.0)"
1770093838.209,512,1,"(511.0, 0.0)"
1770093838.22,512,1,"(511.0, 0.0)"
1770093838.23,512,1,"(511.0, 0.0)"
1770093838.24,512,1,"(511.0, 0.0)"
1770093838.251,512,1,"(511.0, 0.0)"
1770093838.262,512,1,"(511.0, 0.0)"
1770093838.273,512,1,"(511.0, 0.0)"
1770093838.284,512,1,"(511.0, 0.0)"
1770093838.295,512,1,"(511.0, 0.0)"
1770093838.305,512,1,"(511.0, 0.0)"
1770093838.315,512,1,"(511.0, 0.0)"
1770093838.325,512,1,"(511.0, 0.0)"
1770093838.337,512,1,"(511.0, 0.0)"
1770093838.347,512,1,"(511.0, 0.0)"
1770093838.357,512,1,"(511.0, 0.0)"
1770093838.369,512,1,"(511.0, 0.0)"
1770093838.379,512,1,"(511.0, 0.0)"
1770093838.39,512,1,"(511.0, 0.0)"
1770093838.401,512,1,"(511.0, 0.0)"
1770093838.412,512,1,"(511.0, 0.0)"
1770093838.423,512,1,"(511.0, 0.0)"
1770093838.435,512,1,"(511.0, 0.0)"
1770093838.445,512,1,"(511.0, 0.0)"
1770093838.456,512,1,"(511.0, 0.0)"
1770093838.466,512,1,"(511.0, 0.0)"
1770093838.477,512,1,"(511.0, 0.0)"
1770093838.487,512,1,"(511.0, 0.0)"
1770093838.498,512,1,"(511.0, 0.0)"
1770093838.509,512,1,"(511.0, 0.0)"
1770093838.52,512,1,"(511.0, 0.0)"
1770093838.53,512,1,"(511.0, 0.0)"
1770093838.54,512,1,"(511.0, 0.0)"
1770093838.552,512,1,"(511.0, 0.0)"
1770093838.562,512,1,"(511.0, 0.0)"
1770093838.572,512,1,"(511.0, 0.0)"
1770093838.584,512,1,"(511.0, 0.0)"
1770093838.594,512,1,"(511.0, 0.0)"
1770093838.605,512,1,"(511.0, 0.0)"
1770093838.615,512,1,"(511.0, 0.0)"
1770093838.625,512,1,"(511.0, 0.0)"
1770093838.636,512,1,"(511.0, 0.0)"
1770093838.646,512,1,"(511.0, 0.0)"
1770093838.657,512,1,"(511.0, 0.0)"
1770093838.667,512,1,"(511.0, 0.0)"
1770093838.678,512,1,"(511.0, 0.0)"
1770093838.688,512,1,"(511.0, 0.0)"
1770093838.698,512,1,"(511.0, 0.0)"
1770093838.709,512,1,"(511.0, 0.0)"
1770093838.72,512,1,"(511.0, 0.0)"
1770093838.73,512,1,"(511.0, 0.0)"
1770093838.74,512,1,"(511.0, 0.0)"
1770093838.752,512,1,"(511.0, 0.0)"
1770093838.763,512,1,"(511.0, 0.0)"
1770093838.773,512,1,"(511.0, 0.0)"
1770093838.785,512,1,"(511.0, 0.0)"
1770093838.795,512,1,"(511.0, 0.0)"
1770093838.806,512,1,"(511.0, 0.0)"
1770093838.817,512,1,"(511.0, 0.0)"
1770093838.827,512,1,"(511.0, 0.0)"
1770093838.837,512,1,"(511.0, 0.0)"
1770093838.848,512,1,"(511.0, 0.0)"
1770093838.858,512,1,"(511.0, 0.0)"
1770093838.87,512,1,"(511.0, 0.0)"
1770093838.88,512,1,"(511.0, 0.0)"
1770093838.89,512,1,"(511.0, 0.0)"
1770093838.901,512,1,"(511.0, 0.0)"
1770093838.911,512,1,"(511.0, 0.0)"
1770093838.922,512,1,"(511.0, 0.0)"
1770093838.933,512,1,"(511.0, 0.0)"
1770093838.944,512,1,"(511.0, 0.0)"
1770093838.955,512,1,"(511.0, 0.0)"
1770093838.966,512,1,"(511.0, 0.0)"
1770093838.976,512,1,"(511.0, 0.0)"
1770093838.986,512,1,"(511.0, 0.0)"
1770093838.997,512,1,"(511.0, 0.0)"
1770093839.008,512,1,"(511.0, 0.0)"
1770093839.02,512,1,"(511.0, 0.0)"
1770093839.031,512,1,"(511.0, 0.0)"
1770093839.042,512,1,"(511.0, 0.0)"
1770093839.052,512,1,"(511.0, 0.0)"
1770093839.063,512,1,"(511.0, 0.0)"
1770093839.073,512,1,"(511.0, 0.0)"
1770093839.084,512,1,"(511.0, 0.0)"
1770093839.095,512,1,"(511.0, 0.0)"
1770093839.106,512,1,"(511.0, 0.0)"
1770093839.117,512,1,"(511.0, 0.0)"
1770093839.128,512,1,"(511.0, 0.0)"
1770093839.138,512,1,"(511.0, 0.0)"
1770093839.149,512,1,"(511.0, 0.0)"
1770093839.159,512,1,"(511.0, 0.0)"
1770093839.169,512,1,"(511.0, 0.0)"
1770093839.18,512,1,"(511.0, 0.0)"
1770093839.191,512,1,"(511.0, 0.0)"
1770093839.203,512,1,"(511.0, 0.0)"
1770093839.214,512,1,"(511.0, 0.0)"
1770093839.224,512,1,"(511.0, 0.0)"
1770093839.234,512,1,"(511.0, 0.0)"
1770093839.246,512,1,"(511.0, 0.0)"
1770093839.257,512,1,"(511.0, 0.0)"
1770093839.269,512,1,"(511.0, 0.0)"
1770093839.28,512,1,"(511.0, 0.0)"
1770093839.291,512,1,"(511.0, 0.0)"
1770093839.301,512,1,"(511.0, 0.0)"
1770093839.311,512,1,"(511.0, 0.0)"
1770093839.322,512,1,"(511.0, 0.0)"
1770093839.333,512,1,"(511.0, 0.0)"
1770093839.343,512,1,"(511.0, 0.0)"
1770093839.354,512,1,"(511.0, 0.0)"
1770093839.364,512,1,"(511.0, 0.0)"
1770093839.375,512,1,"(511.0, 0.0)"
1770093839.386,512,1,"(511.0, 0.0)"
1770093839.397,512,1,"(511.0, 0.0)"
1770093839.407,512,1,"(511.0, 0.0)"
1770093839.42,512,1,"(511.0, 0.0)"
1770093839.43,512,1,"(511.0, 0.0)"
1770093839.44,512,1,"(511.0, 0.0)"
1770093839.45,512,1,"(511.0, 0.0)"
1770093839.461,512,1,"(511.0, 0.0)"
1770093839.471,512,1,"(511.0, 0.0)"
1770093839.482,512,1,"(511.0, 0.0)"
1770093839.493,512,1,"(511.0, 0.0)"
1770093839.504,512,1,"(511.0, 0.0)"
1770093839.515,512,1,"(511.0, 0.0)"
1770093839.526,512,1,"(511.0, 0.0)"
1770093839.538,512,1,"(511.0, 0.0)"
1770093839.548,512,1,"(511.0, 0.0)"
1770093839.558,512,1,"(511.0, 0.0)"
1770093839.57,512,1,"(511.0, 0.0)"
1770093839.581,512,1,"(511.0, 0.0)"
1770093839.591,512,1,"(511.0, 0.0)"
1770093839.602,512,1,"(511.0, 0.0)"
1770093839.613,512,1,"(511.0, 0.0)"
1770093839.625,512,1,"(511.0, 0.0)"
1770093839.637,512,1,"(511.0, 0.0)"
1770093839.647,512,1,"(511.0, 0.0)"
1770093839.657,512,1,"(511.0, 0.0)"
1770093839.667,512,1,"(511.0, 0.0)"
1770093839.678,512,1,"(511.0, 0.0)"
1770093839.688,512,1,"(511.0, 0.0)"
1770093839.7,512,1,"(511.0, 0.0)"
1770093839.71,512,1,"(511.0, 0.0)"
1770093839.722,512,1,"(511.0, 0.0)"
1770093839.732,512,1,"(511.0, 0.0)"
1770093839.743,512,1,"(511.0, 0.0)"
1770093839.755,512,1,"(511.0, 0.0)"
1770093839.765,512,1,"(511.0, 0.0)"
1770093839.775,512,1,"(511.0, 0.0)"
1770093839.786,512,1,"(511.0, 0.0)"
1770093839.796,512,1,"(511.0, 0.0)"
1770093839.806,512,1,"(511.0, 0.0)"
1770093839.816,512,1,"(511.0, 0.0)"
1770093839.826,512,1,"(511.0, 0.0)"
1770093839.837,512,1,"(511.0, 0.0)"
1770093839.847,512,1,"(511.0, 0.0)"
1770093839.858,512,1,"(511.0, 0.0)"
1770093839.869,512,1,"(511.0, 0.0)"
1770093839.88,512,1,"(511.0, 0.0)"
1770093839.89,512,1,"(511.0, 0.0)"
1770093839.902,512,1,"(511.0, 0.0)"
1770093839.912,512,1,"(511.0, 0.0)"
1770093839.923,512,1,"(511.0, 0.0)"
1770093839.934,512,1,"(511.0, 0.0)"
1770093839.944,512,1,"(511.0, 0.0)"
1770093839.954,512,1,"(511.0, 0.0)"
1770093839.965,512,1,"(511.0, 0.0)"
1770093839.976,512,1,"(511.0, 0.0)"
1770093839.987,512,1,"(511.0, 0.0)"
1770093839.997,512,1,"(511.0, 0.0)"
1770093840.008,512,1,"(511.0, 0.0)"
1770093840.018,512,1,"(511.0, 0.0)"
1770093840.028,512,1,"(511.0, 0.0)"
1770093840.039,512,1,"(511.0, 0.0)"
1770093840.05,512,1,"(511.0, 0.0)"
1770093840.062,512,1,"(511.0, 0.0)"
1770093840.072,512,1,"(511.0, 0.0)"
1770093840.084,512,1,"(511.0, 0.0)"
1770093840.095,512,1,"(511.0, 0.0)"
1770093840.105,512,1,"(511.0, 0.0)"
1770093840.118,512,1,"(511.0, 0.0)"
1770093840.128,512,1,"(511.0, 0.0)"
1770093840.139,512,1,"(511.0, 0.0)"
1770093840.15,512,1,"(511.0, 0.0)"
1770093840.161,512,1,"(511.0, 0.0)"
1770093840.172,512,1,"(511.0, 0.0)"
1770093840.183,512,1,"(511.0, 0.0)"
1770093840.193,512,1,"(511.0, 0.0)"
1770093840.204,512,1,"(511.0, 0.0)"
1770093840.215,512,1,"(511.0, 0.0)"
1770093840.228,512,1,"(511.0, 0.0)"
1770093840.239,512,1,"(511.0, 0.0)"
1770093840.249,512,1,"(511.0, 0.0)"
1770093840.259,512,1,"(511.0, 0.0)"
1770093840.271,512,1,"(511.0, 0.0)"
1770093840.282,512,1,"(511.0, 0.0)"
1770093840.292,512,1,"(511.0, 0.0)"
1770093840.304,512,1,"(511.0, 0.0)"
1770093840.315,512,1,"(511.0, 0.0)"
1770093840.325,512,1,"(511.0, 0.0)"
1770093840.336,512,1,"(511.0, 0.0)"
1770093840.346,512,1,"(511.0, 0.0)"
1770093840.356,512,1,"(511.0, 0.0)"
1770093840.367,512,1,"(511.0, 0.0)"
1770093840.377,512,1,"(511.0, 0.0)"
1770093840.387,512,1,"(511.0, 0.0)"
1770093840.398,512,1,"(511.0, 0.0)"
1770093840.409,512,1,"(511.0, 0.0)"
1770093840.42,512,1,"(511.0, 0.0)"
1770093840.43,512,1,"(511.0, 0.0)"
1770093840.441,512,1,"(511.0, 0.0)"
1770093840.452,512,1,"(511.0, 0.0)"
1770093840.462,512,1,"(511.0, 0.0)"
1770093840.472,512,1,"(511.0, 0.0)"
1770093840.483,512,1,"(511.0, 0.0)"
1770093840.494,512,1,"(511.0, 0.0)"
1770093840.504,512,1,"(511.0, 0.0)"
1770093840.514,512,1,"(511.0, 0.0)"
1770093840.524,512,1,"(511.0, 0.0)"
1770093840.534,512,1,"(511.0, 0.0)"
1770093840.545,512,1,"(511.0, 0.0)"
1770093840.555,512,1,"(511.0, 0.0)"
1770093840.565,512,1,"(511.0, 0.0)"
1770093840.575,512,1,"(511.0, 0.0)"
1770093840.587,512,1,"(511.0, 0.0)"
1770093840.597,512,1,"(511.0, 0.0)"
1770093840.607,512,1,"(511.0, 0.0)"
1770093840.618,512,1,"(511.0, 0.0)"
1770093840.628,512,1,"(511.0, 0.0)"
1770093840.639,512,1,"(511.0, 0.0)"
1770093840.651,512,1,"(511.0, 0.0)"
1770093840.662,512,1,"(511.0, 0.0)"
1770093840.673,512,1,"(511.0, 0.0)"
1770093840.683,512,1,"(511.0, 0.0)"
1770093840.694,512,1,"(511.0, 0.0)"
1770093840.704,512,1,"(511.0, 0.0)"
1770093840.715,512,1,"(511.0, 0.0)"
1770093840.725,512,1,"(511.0, 0.0)"
1770093840.735,512,1,"(511.0, 0.0)"
1770093840.745,512,1,"(511.0, 0.0)"
1770093840.757,512,1,"(511.0, 0.0)"
1770093840.768,512,1,"(511.0, 0.0)"
1770093840.778,512,1,"(511.0, 0.0)"
1770093840.789,512,1,"(511.0, 0.0)"
1770093840.801,512,1,"(511.0, 0.0)"
1770093840.811,512,1,"(511.0, 0.0)"
1770093840.821,512,1,"(511.0, 0.0)"
1770093840.834,512,1,"(511.0, 0.0)"
1770093840.845,512,1,"(511.0, 0.0)"
1770093843.475,512,2,"(511.0, 0.0)"
1770093843.485,512,2,"(511.0, 0.0)"
1770093843.495,512,2,"(511.0, 0.0)"
1770093843.506,512,2,"(511.0, 0.0)"
1770093843.516,512,2,"(511.0, 0.0)"
1770093843.527,512,2,"(511.0, 0.0)"
1770093843.537,512,2,"(511.0, 0.0)"
1770093843.548,512,2,"(511.0, 0.0)"
1770093843.559,512,2,"(511.0, 0.0)"
1770093843.57,512,2,"(511.0, 0.0)"
1770093843.58,512,2,"(511.0, 0.0)"
1770093843.591,512,2,"(511.0, 0.0)"
1770093843.602,512,2,"(511.0, 0.0)"
1770093843.613,512,2,"(511.0, 0.0)"
1770093843.623,512,2,"(511.0, 0.0)"
1770093843.634,512,2,"(511.0, 0.0)"
1770093843.644,512,2,"(511.0, 0.0)"
1770093843.655,512,2,"(511.0, 0.0)"
1770093843.665,512,2,"(511.0, 0.0)"
1770093843.676,512,2,"(511.0, 0.0)"
1770093843.686,512,2,"(511.0, 0.0)"
1770093843.696,512,2,"(511.0, 0.0)"
1770093843.707,512,2,"(511.0, 0.0)"
1770093843.718,512,2,"(511.0, 0.0)"
1770093843.728,512,2,"(511.0, 0.0)"
1770093843.739,512,2,"(511.0, 0.0)"
1770093843.749,512,2,"(511.0, 0.0)"
1770093843.76,512,2,"(511.0, 0.0)"
1770093843.771,512,2,"(511.0, 0.0)"
1770093843.781,512,2,"(511.0, 0.0)"
1770093843.792,512,2,"(511.0, 0.0)"
1770093843.803,512,2,"(511.0, 0.0)"
1770093843.813,512,2,"(511.0, 0.0)"
1770093843.824,512,2,"(511.0, 0.0)"
1770093843.836,512,2,"(511.0, 0.0)"
1770093843.846,512,2,"(511.0, 0.0)"
1770093843.856,512,2,"(511.0, 0.0)"
1770093843.867,512,2,"(511.0, 0.0)"
1770093843.879,512,2,"(511.0, 0.0)"
1770093843.889,512,2,"(511.0, 0.0)"
1770093843.899,512,2,"(511.0, 0.0)"
1770093843.91,512,2,"(511.0, 0.0)"
1770093843.92,512,2,"(511.0, 0.0)"
1770093843.93,512,2,"(511.0, 0.0)"
1770093843.941,512,2,"(511.0, 0.0)"
1770093843.951,512,2,"(511.0, 0.0)"
1770093843.961,512,2,"(511.0, 0.0)"
1770093843.972,512,2,"(511.0, 0.0)"
1770093843.983,512,2,"(511.0, 0.0)"
1770093843.993,512,2,"(511.0, 0.0)"
1770093844.004,512,2,"(511.0, 0.0)"
1770093844.015,512,2,"(511.0, 0.0)"
1770093844.025,512,2,"(511.0, 0.0)"
1770093844.035,512,2,"(511.0, 0.0)"
1770093844.045,512,2,"(511.0, 0.0)"
1770093844.056,512,2,"(511.0, 0.0)"
1770093844.067,512,2,"(511.0, 0.0)"
1770093844.077,512,2,"(511.0, 0.0)"
1770093844.089,512,2,"(511.0, 0.0)"
1770093844.099,512,2,"(511.0, 0.0)"
1770093844.11,512,2,"(511.0, 0.0)"
1770093844.122,512,2,"(511.0, 0.0)"
1770093844.132,512,2,"(511.0, 0.0)"
1770093844.142,512,2,"(511.0, 0.0)"
1770093844.153,512,2,"(511.0, 0.0)"
1770093844.163,512,2,"(511.0, 0.0)"
1770093844.174,512,2,"(511.0, 0.0)"
1770093844.185,512,2,"(511.0, 0.0)"
1770093844.195,512,2,"(511.0, 0.0)"
1770093844.205,512,2,"(511.0, 0.0)"
1770093844.215,512,2,"(511.0, 0.0)"
1770093844.225,512,2,"(511.0, 0.0)"
1770093844.237,512,2,"(511.0, 0.0)"
1770093844.248,512,2,"(511.0, 0.0)"
1770093844.258,512,2,"(511.0, 21.0)"
1770093844.268,512,2,"(511.0, 43.0)"
1770093844.279,512,2,"(511.0, 43.0)"
1770093844.29,512,2,"(511.0, 65.0)"
1770093844.301,512,2,"(511.0, 108.0)"
1770093844.311,512,2,"(511.0, 108.0)"
1770093844.322,512,2,"(511.0, 130.0)"
1770093844.332,512,2,"(511.0, 130.0)"
1770093844.342,512,2,"(511.0, 152.0)"
1770093844.352,512,2,"(409.0, 174.0)"
1770093844.363,512,2,"(511.0, 195.0)"
1770093844.373,512,2,"(511.0, 217.0)"
1770093844.383,512,2,"(511.0, 239.0)"
1770093844.394,512,2,"(511.0, 261.0)"
1770093844.404,512,2,"(511.0, 261.0)"
1770093844.414,512,2,"(511.0, 282.0)"
1770093844.425,512,2,"(511.0, 304.0)"
1770093844.435,512,2,"(511.0, 304.0)"
1770093844.446,512,2,"(511.0, 304.0)"
1770093844.46,512,2,"(511.0, 326.0)"
1770093844.47,512,2,"(511.0, 348.0)"
1770093844.481,512,2,"(511.0, 348.0)"
1770093844.492,512,2,"(511.0, 370.0)"
1770093844.502,512,2,"(409.0, 370.0)"
1770093844.513,512,2,"(409.0, 391.0)"
1770093844.525,512,2,"(409.0, 391.0)"
1770093844.535,512,2,"(511.0, 391.0)"
1770093844.546,512,2,"(511.0, 391.0)"
1770093844.557,512,2,"(511.0, 391.0)"
1770093844.567,512,2,"(511.0, 391.0)"
1770093844.578,512,2,"(511.0, 370.0)"
1770093844.588,512,2,"(511.0, 348.0)"
1770093844.598,512,2,"(409.0, 348.0)"
1770093844.609,512,2,"(613.0, 348.0)"
1770093844.621,512,2,"(409.0, 348.0)"
1770093844.631,512,2,"(613.0, 348.0)"
1770093844.641,512,2,"(613.0, 348.0)"
1770093844.652,512,2,"(511.0, 370.0)"
1770093844.662,512,2,"(613.0, 370.0)"
1770093844.673,512,2,"(511.0, 391.0)"
1770093844.684,512,2,"(613.0, 391.0)"
1770093844.694,512,2,"(511.0, 391.0)"
1770093844.706,512,2,"(511.0, 391.0)"
1770093844.716,512,2,"(511.0, 391.0)"
1770093844.727,512,2,"(511.0, 391.0)"
1770093844.737,512,2,"(511.0, 370.0)"
1770093844.748,512,2,"(613.0, 370.0)"
1770093844.758,512,2,"(613.0, 348.0)"
1770093844.769,512,2,"(511.0, 348.0)"
1770093844.779,512,2,"(511.0, 348.0)"
1770093844.79,512,2,"(511.0, 348.0)"
1770093844.801,512,2,"(613.0, 370.0)"
1770093844.812,512,2,"(511.0, 370.0)"
1770093844.823,512,2,"(511.0, 391.0)"
1770093844.834,512,2,"(613.0, 413.0)"
1770093844.844,512,2,"(511.0, 413.0)"
1770093844.854,512,2,"(511.0, 435.0)"
1770093844.864,512,2,"(511.0, 413.0)"
1770093844.875,512,2,"(511.0, 413.0)"
1770093844.887,512,2,"(511.0, 391.0)"
1770093844.898,512,2,"(511.0, 391.0)"
1770093844.909,512,2,"(511.0, 370.0)"
1770093844.92,512,2,"(511.0, 348.0)"
1770093844.931,512,2,"(511.0, 348.0)"
1770093844.943,512,2,"(511.0, 348.0)"
1770093844.953,512,2,"(511.0, 348.0)"
1770093844.963,512,2,"(511.0, 348.0)"
1770093844.974,512,2,"(511.0, 348.0)"
1770093844.985,512,2,"(511.0, 348.0)"
1770093844.995,512,2,"(511.0, 348.0)"
1770093845.006,512,2,"(511.0, 348.0)"
1770093845.017,512,2,"(511.0, 348.0)"
1770093845.027,512,2,"(511.0, 348.0)"
1770093845.038,512,2,"(511.0, 348.0)"
1770093845.048,512,2,"(511.0, 326.0)"
1770093845.06,512,2,"(511.0, 326.0)"
1770093845.07,512,2,"(511.0, 304.0)"
1770093845.08,512,2,"(511.0, 304.0)"
1770093845.09,512,2,"(511.0, 282.0)"
1770093845.102,512,2,"(511.0, 261.0)"
1770093845.112,512,2,"(511.0, 261.0)"
1770093845.124,512,2,"(511.0, 261.0)"
1770093845.135,512,2,"(511.0, 261.0)"
1770093845.145,512,2,"(511.0, 261.0)"
1770093845.159,512,2,"(511.0, 261.0)"
1770093845.17,512,2,"(511.0, 282.0)"
1770093845.18,512,2,"(613.0, 282.0)"
1770093845.191,512,2,"(613.0, 282.0)"
1770093845.202,512,2,"(511.0, 282.0)"
1770093845.212,512,2,"(511.0, 282.0)"
1770093845.224,512,2,"(511.0, 304.0)"
1770093845.235,512,2,"(511.0, 304.0)"
1770093845.246,512,2,"(409.0, 304.0)"
1770093845.256,512,2,"(511.0, 304.0)"
1770093845.267,512,2,"(511.0, 304.0)"
1770093845.278,512,2,"(613.0, 304.0)"
1770093845.289,512,2,"(613.0, 304.0)"
1770093845.302,512,2,"(511.0, 304.0)"
1770093845.312,512,2,"(613.0, 326.0)"
1770093845.325,512,2,"(511.0, 326.0)"
1770093845.335,512,2,"(511.0, 326.0)"
1770093845.345,512,2,"(511.0, 326.0)"
1770093845.357,512,2,"(511.0, 326.0)"
1770093845.368,512,2,"(511.0, 326.0)"
1770093845.379,512,2,"(511.0, 326.0)"
1770093845.391,512,2,"(511.0, 348.0)"
1770093845.401,512,2,"(511.0, 348.0)"
1770093845.411,512,2,"(511.0, 348.0)"
1770093845.421,512,2,"(511.0, 348.0)"
1770093845.432,512,2,"(511.0, 348.0)"
1770093845.443,512,2,"(511.0, 348.0)"
1770093845.453,512,2,"(511.0, 348.0)"
1770093845.464,512,2,"(511.0, 348.0)"
1770093845.477,512,2,"(511.0, 348.0)"
1770093845.487,512,2,"(511.0, 348.0)"
1770093845.498,512,2,"(511.0, 326.0)"
1770093845.511,512,2,"(511.0, 326.0)"
1770093845.521,512,2,"(613.0, 304.0)"
1770093845.532,512,2,"(511.0, 304.0)"
1770093845.544,512,2,"(511.0, 304.0)"
1770093845.555,512,2,"(511.0, 304.0)"
1770093845.567,512,2,"(511.0, 304.0)"
1770093845.578,512,2,"(511.0, 326.0)"
1770093845.588,512,2,"(511.0, 326.0)"
1770093845.599,512,2,"(409.0, 348.0)"
1770093845.61,512,2,"(511.0, 348.0)"
1770093845.621,512,2,"(511.0, 348.0)"
1770093845.631,512,2,"(511.0, 348.0)"
1770093845.641,512,2,"(511.0, 370.0)"
1770093845.652,512,2,"(613.0, 370.0)"
1770093845.662,512,2,"(511.0, 348.0)"
1770093845.673,512,2,"(511.0, 348.0)"
1770093845.683,512,2,"(511.0, 348.0)"
1770093845.694,512,2,"(511.0, 348.0)"
1770093845.704,512,2,"(511.0, 370.0)"
1770093845.714,512,2,"(511.0, 370.0)"
1770093845.724,512,2,"(511.0, 348.0)"
1770093845.735,512,2,"(511.0, 348.0)"
1770093845.746,512,2,"(511.0, 348.0)"
1770093845.756,512,2,"(613.0, 370.0)"
1770093845.767,512,2,"(613.0, 370.0)"
1770093845.777,512,2,"(511.0, 391.0)"
1770093845.787,512,2,"(511.0, 391.0)"
1770093845.799,512,2,"(409.0, 391.0)"
1770093845.81,512,2,"(409.0, 391.0)"
1770093845.821,512,2,"(511.0, 391.0)"
1770093845.831,512,2,"(511.0, 391.0)"
1770093845.842,512,2,"(511.0, 391.0)"
1770093845.853,512,2,"(511.0, 391.0)"
1770093845.863,512,2,"(511.0, 391.0)"
1770093845.874,512,2,"(409.0, 370.0)"
1770093845.884,512,2,"(613.0, 370.0)"
1770093845.895,512,2,"(511.0, 348.0)"
1770093845.905,512,2,"(511.0, 348.0)"
1770093845.915,512,2,"(511.0, 348.0)"
1770093845.927,512,2,"(409.0, 348.0)"
1770093845.937,512,2,"(511.0, 348.0)"
1770093845.948,512,2,"(511.0, 348.0)"
1770093845.958,512,2,"(511.0, 348.0)"
1770093845.969,512,2,"(511.0, 348.0)"
1770093845.979,512,2,"(511.0, 370.0)"
1770093845.99,512,2,"(511.0, 370.0)"
1770093846.001,512,2,"(511.0, 370.0)"
1770093846.011,512,2,"(511.0, 370.0)"
1770093846.021,512,2,"(511.0, 348.0)"
1770093846.032,512,2,"(613.0, 348.0)"
1770093846.042,512,2,"(511.0, 348.0)"
1770093846.052,512,2,"(511.0, 348.0)"
1770093846.063,512,2,"(511.0, 348.0)"
1770093846.074,512,2,"(613.0, 348.0)"
1770093846.084,512,2,"(511.0, 348.0)"
1770093846.095,512,2,"(511.0, 348.0)"
1770093846.107,512,2,"(511.0, 348.0)"
1770093846.117,512,2,"(409.0, 348.0)"
1770093846.129,512,2,"(511.0, 348.0)"
1770093846.139,512,2,"(511.0, 348.0)"
1770093846.15,512,2,"(511.0, 348.0)"
1770093846.161,512,2,"(511.0, 348.0)"
1770093846.171,512,2,"(511.0, 348.0)"
1770093846.182,512,2,"(511.0, 326.0)"
1770093846.193,512,2,"(511.0, 326.0)"
1770093846.204,512,2,"(511.0, 304.0)"
1770093846.215,512,2,"(511.0, 304.0)"
1770093846.227,512,2,"(511.0, 304.0)"
1770093846.237,512,2,"(511.0, 304.0)"
1770093846.248,512,2,"(511.0, 304.0)"
1770093846.261,512,2,"(511.0, 304.0)"
1770093846.271,512,2,"(511.0, 304.0)"
1770093846.282,512,2,"(511.0, 304.0)"
1770093846.292,512,2,"(511.0, 282.0)"
1770093846.303,512,2,"(511.0, 261.0)"
1770093846.313,512,2,"(511.0, 261.0)"
1770093846.325,512,2,"(511.0, 239.0)"
1770093846.335,512,2,"(511.0, 217.0)"
1770093846.345,512,2,"(511.0, 217.0)"
1770093846.356,512,2,"(511.0, 217.0)"
1770093846.366,512,2,"(511.0, 217.0)"
1770093846.376,512,2,"(511.0, 195.0)"
1770093846.387,512,2,"(511.0, 195.0)"
1770093846.397,512,2,"(511.0, 195.0)"
1770093846.409,512,2,"(511.0, 195.0)"
1770093846.419,512,2,"(511.0, 195.0)"
1770093846.43,512,2,"(511.0, 195.0)"
1770093846.441,512,2,"(511.0, 174.0)"
1770093846.452,512,2,"(511.0, 174.0)"
1770093846.462,512,2,"(511.0, 174.0)"
1770093846.474,512,2,"(511.0, 174.0)"
1770093846.484,512,2,"(511.0, 174.0)"
1770093851.034,512,3,"(511.0, 0.0)"
1770093851.044,512,3,"(511.0, 0.0)"
1770093851.054,512,3,"(511.0, 0.0)"
1770093851.065,512,3,"(511.0, 0.0)"
1770093851.077,512,3,"(511.0, 0.0)"
1770093851.089,512,3,"(511.0, 0.0)"
1770093851.099,512,3,"(511.0, 0.0)"
1770093851.109,512,3,"(511.0, 0.0)"
1770093851.121,512,3,"(511.0, 0.0)"
1770093851.131,512,3,"(511.0, 0.0)"
1770093851.141,512,3,"(511.0, 0.0)"
1770093851.152,512,3,"(511.0, 0.0)"
1770093851.163,512,3,"(511.0, 0.0)"
1770093851.173,512,3,"(511.0, 0.0)"
1770093851.184,512,3,"(511.0, 0.0)"
1770093851.195,512,3,"(511.0, 0.0)"
1770093851.206,512,3,"(511.0, 0.0)"
1770093851.217,512,3,"(511.0, 0.0)"
1770093851.228,512,3,"(511.0, 0.0)"
1770093851.239,512,3,"(511.0, 0.0)"
1770093851.25,512,3,"(511.0, 0.0)"
1770093851.261,512,3,"(511.0, 0.0)"
1770093851.271,512,3,"(511.0, 0.0)"
1770093851.282,512,3,"(511.0, 0.0)"
1770093851.293,512,3,"(511.0, 0.0)"
1770093851.304,512,3,"(511.0, 0.0)"
1770093851.315,512,3,"(511.0, 0.0)"
1770093851.326,512,3,"(511.0, 0.0)"
1770093851.338,512,3,"(511.0, 0.0)"
1770093851.348,512,3,"(511.0, 0.0)"
1770093851.359,512,3,"(511.0, 0.0)"
1770093851.369,512,3,"(511.0, 0.0)"
1770093851.381,512,3,"(511.0, 0.0)"
1770093851.391,512,3,"(511.0, 0.0)"
1770093851.404,512,3,"(511.0, 0.0)"
1770093851.415,512,3,"(511.0, 0.0)"
1770093851.425,512,3,"(511.0, 0.0)"
1770093851.438,512,3,"(511.0, 0.0)"
1770093851.449,512,3,"(511.0, 0.0)"
1770093851.459,512,3,"(511.0, 0.0)"
1770093851.471,512,3,"(511.0, 0.0)"
1770093851.482,512,3,"(511.0, 0.0)"
1770093851.494,512,3,"(511.0, 0.0)"
1770093851.505,512,3,"(511.0, 0.0)"
1770093851.516,512,3,"(511.0, 0.0)"
1770093851.526,512,3,"(511.0, 0.0)"
1770093851.538,512,3,"(511.0, 0.0)"
1770093851.549,512,3,"(511.0, 0.0)"
1770093851.56,512,3,"(511.0, 0.0)"
1770093851.57,512,3,"(511.0, 0.0)"
1770093851.582,512,3,"(511.0, 0.0)"
1770093851.592,512,3,"(511.0, 0.0)"
1770093851.603,512,3,"(511.0, 0.0)"
1770093851.613,512,3,"(511.0, 0.0)"
1770093851.623,512,3,"(511.0, 0.0)"
1770093851.634,512,3,"(511.0, 0.0)"
1770093851.644,512,3,"(511.0, 0.0)"
1770093851.656,512,3,"(511.0, 0.0)"
1770093851.666,512,3,"(511.0, 0.0)"
1770093851.677,512,3,"(511.0, 0.0)"
1770093851.687,512,3,"(511.0, 0.0)"
1770093851.698,512,3,"(511.0, 0.0)"
1770093851.708,512,3,"(511.0, 0.0)"
1770093851.719,512,3,"(511.0, 0.0)"
1770093851.73,512,3,"(511.0, 0.0)"
1770093851.741,512,3,"(511.0, 0.0)"
1770093851.752,512,3,"(511.0, 0.0)"
1770093851.762,512,3,"(511.0, 0.0)"
1770093851.773,512,3,"(511.0, 0.0)"
1770093851.783,512,3,"(511.0, 0.0)"
1770093851.794,512,3,"(511.0, 0.0)"
1770093851.804,512,3,"(511.0, 0.0)"
1770093851.815,512,3,"(511.0, 0.0)"
1770093851.826,512,3,"(511.0, 0.0)"
1770093851.836,512,3,"(511.0, 0.0)"
1770093851.846,512,3,"(511.0, 0.0)"
1770093851.857,512,3,"(511.0, 0.0)"
1770093851.867,512,3,"(511.0, 0.0)"
1770093851.877,512,3,"(511.0, 0.0)"
1770093851.888,512,3,"(511.0, 0.0)"
1770093851.898,512,3,"(511.0, 0.0)"
1770093851.908,512,3,"(511.0, 0.0)"
1770093851.919,512,3,"(511.0, 0.0)"
1770093851.93,512,3,"(511.0, 0.0)"
1770093851.94,512,3,"(511.0, 0.0)"
1770093851.95,512,3,"(511.0, 0.0)"
1770093851.961,512,3,"(511.0, 0.0)"
1770093851.971,512,3,"(511.0, 0.0)"
1770093851.982,512,3,"(511.0, 0.0)"
1770093851.993,512,3,"(511.0, 0.0)"
1770093852.003,512,3,"(511.0, 0.0)"
1770093852.014,512,3,"(511.0, 0.0)"
1770093852.024,512,3,"(511.0, 0.0)"
1770093852.035,512,3,"(511.0, 0.0)"
1770093852.046,512,3,"(511.0, 0.0)"
1770093852.057,512,3,"(511.0, 0.0)"
1770093852.067,512,3,"(511.0, 0.0)"
1770093852.077,512,3,"(511.0, 0.0)"
1770093852.087,512,3,"(511.0, 0.0)"
1770093852.098,512,3,"(511.0, 0.0)"
1770093852.108,512,3,"(511.0, 0.0)"
1770093852.119,512,3,"(511.0, 0.0)"
1770093852.13,512,3,"(511.0, 0.0)"
1770093852.14,512,3,"(511.0, 0.0)"
1770093852.15,512,3,"(511.0, 0.0)"
1770093852.161,512,3,"(511.0, 0.0)"
1770093852.174,512,3,"(511.0, 0.0)"
1770093852.184,512,3,"(511.0, 0.0)"
1770093852.195,512,3,"(511.0, 0.0)"
1770093852.205,512,3,"(511.0, 0.0)"
1770093852.216,512,3,"(511.0, 0.0)"
1770093852.227,512,3,"(511.0, 0.0)"
1770093852.237,512,3,"(511.0, 0.0)"
1770093852.247,512,3,"(511.0, 0.0)"
1770093852.257,512,3,"(511.0, 0.0)"
1770093852.269,512,3,"(511.0, 0.0)"
1770093852.28,512,3,"(511.0, 0.0)"
1770093852.292,512,3,"(511.0, 0.0)"
1770093852.302,512,3,"(511.0, 0.0)"
1770093852.312,512,3,"(511.0, 0.0)"
1770093852.323,512,3,"(511.0, 0.0)"
1770093852.334,512,3,"(511.0, 0.0)"
1770093852.344,512,3,"(511.0, 0.0)"
1770093852.354,512,3,"(511.0, 0.0)"
1770093852.364,512,3,"(511.0, 0.0)"
1770093852.375,512,3,"(511.0, 0.0)"
1770093852.387,512,3,"(511.0, 0.0)"
1770093852.398,512,3,"(511.0, 0.0)"
1770093852.411,512,3,"(511.0, 0.0)"
1770093852.421,512,3,"(511.0, 0.0)"
1770093852.432,512,3,"(511.0, 0.0)"
1770093852.443,512,3,"(511.0, 0.0)"
1770093852.453,512,3,"(511.0, 0.0)"
1770093852.463,512,3,"(511.0, 0.0)"
1770093852.475,512,3,"(511.0, 0.0)"
1770093852.486,512,3,"(511.0, 0.0)"
1770093852.497,512,3,"(511.0, 0.0)"
1770093852.507,512,3,"(511.0, 0.0)"
1770093852.518,512,3,"(511.0, 0.0)"
1770093852.529,512,3,"(511.0, 0.0)"
1770093852.54,512,3,"(511.0, 0.0)"
1770093852.551,512,3,"(511.0, 0.0)"
1770093852.563,512,3,"(511.0, 0.0)"
1770093852.573,512,3,"(511.0, 0.0)"
1770093852.584,512,3,"(511.0, 0.0)"
1770093852.594,512,3,"(511.0, 0.0)"
1770093852.605,512,3,"(511.0, 0.0)"
1770093852.617,512,3,"(511.0, 0.0)"
1770093852.628,512,3,"(511.0, 0.0)"
1770093852.639,512,3,"(511.0, 0.0)"
1770093852.649,512,3,"(511.0, 0.0)"
1770093852.66,512,3,"(511.0, 0.0)"
1770093852.671,512,3,"(511.0, 0.0)"
1770093852.681,512,3,"(511.0, 0.0)"
1770093852.692,512,3,"(511.0, 0.0)"
1770093852.703,512,3,"(511.0, 0.0)"
1770093852.714,512,3,"(511.0, 0.0)"
1770093852.726,512,3,"(511.0, 0.0)"
1770093852.736,512,3,"(511.0, 0.0)"
1770093852.747,512,3,"(511.0, 0.0)"
1770093852.758,512,3,"(511.0, 0.0)"
1770093852.769,512,3,"(511.0, 0.0)"
1770093852.78,512,3,"(511.0, 0.0)"
1770093852.791,512,3,"(511.0, 0.0)"
1770093852.802,512,3,"(511.0, 0.0)"
1770093852.814,512,3,"(511.0, 0.0)"
1770093852.824,512,3,"(511.0, 0.0)"
1770093852.835,512,3,"(511.0, 0.0)"
1770093852.847,512,3,"(511.0, 0.0)"
1770093852.858,512,3,"(511.0, 0.0)"
1770093852.869,512,3,"(511.0, 0.0)"
1770093852.879,512,3,"(511.0, 0.0)"
1770093852.89,512,3,"(511.0, 0.0)"
1770093852.901,512,3,"(511.0, 0.0)"
1770093852.912,512,3,"(511.0, 0.0)"
1770093852.922,512,3,"(511.0, 0.0)"
1770093852.933,512,3,"(511.0, 0.0)"
1770093852.943,512,3,"(511.0, 0.0)"
1770093852.954,512,3,"(511.0, 0.0)"
1770093852.965,512,3,"(511.0, 0.0)"
1770093852.976,512,3,"(511.0, 0.0)"
1770093852.987,512,3,"(511.0, 0.0)"
1770093852.998,512,3,"(511.0, 0.0)"
1770093853.008,512,3,"(511.0, 0.0)"
1770093853.019,512,3,"(511.0, 0.0)"
1770093853.029,512,3,"(511.0, 0.0)"
1770093853.039,512,3,"(511.0, 0.0)"
1770093853.049,512,3,"(511.0, 0.0)"
1770093853.061,512,3,"(511.0, 0.0)"
1770093853.072,512,3,"(511.0, 0.0)"
1770093853.083,512,3,"(511.0, 0.0)"
1770093853.094,512,3,"(511.0, 0.0)"
1770093853.105,512,3,"(511.0, 0.0)"
1770093853.115,512,3,"(511.0, 0.0)"
1770093853.126,512,3,"(511.0, 0.0)"
1770093853.137,512,3,"(511.0, 0.0)"
1770093853.148,512,3,"(511.0, 0.0)"
1770093853.159,512,3,"(511.0, 0.0)"
1770093853.17,512,3,"(511.0, 0.0)"
1770093853.181,512,3,"(511.0, 0.0)"
1770093853.192,512,3,"(511.0, 0.0)"
1770093853.203,512,3,"(511.0, 0.0)"
1770093853.213,512,3,"(511.0, 0.0)"
1770093853.225,512,3,"(511.0, 0.0)"
1770093853.236,512,3,"(511.0, 0.0)"
1770093853.247,512,3,"(511.0, 0.0)"
1770093853.257,512,3,"(511.0, 0.0)"
1770093853.267,512,3,"(511.0, 0.0)"
1770093853.277,512,3,"(511.0, 0.0)"
1770093853.288,512,3,"(511.0, 0.0)"
1770093853.299,512,3,"(511.0, 0.0)"
1770093853.31,512,3,"(511.0, 0.0)"
1770093853.32,512,3,"(511.0, 0.0)"
1770093853.331,512,3,"(511.0, 0.0)"
1770093853.344,512,3,"(511.0, 0.0)"
1770093853.354,512,3,"(511.0, 0.0)"
1770093853.364,512,3,"(511.0, 0.0)"
1770093853.375,512,3,"(511.0, 0.0)"
1770093853.386,512,3,"(511.0, 0.0)"
1770093853.396,512,3,"(511.0, 0.0)"
1770093853.407,512,3,"(511.0, 0.0)"
1770093853.417,512,3,"(511.0, 0.0)"
1770093853.428,512,3,"(511.0, 0.0)"
1770093853.438,512,3,"(511.0, 0.0)"
1770093853.449,512,3,"(511.0, 0.0)"
1770093853.459,512,3,"(511.0, 0.0)"
1770093853.47,512,3,"(511.0, 0.0)"
1770093853.48,512,3,"(511.0, 0.0)"
1770093853.49,512,3,"(511.0, 0.0)"
1770093853.501,512,3,"(511.0, 0.0)"
1770093853.512,512,3,"(511.0, 0.0)"
1770093853.523,512,3,"(511.0, 0.0)"
1770093853.534,512,3,"(511.0, 0.0)"
1770093853.545,512,3,"(511.0, 0.0)"
1770093853.555,512,3,"(511.0, 0.0)"
1770093853.566,512,3,"(511.0, 0.0)"
1770093853.577,512,3,"(511.0, 0.0)"
1770093853.587,512,3,"(511.0, 0.0)"
1770093853.598,512,3,"(511.0, 0.0)"
1770093853.609,512,3,"(511.0, 0.0)"
1770093853.619,512,3,"(511.0, 0.0)"
1770093853.631,512,3,"(511.0, 0.0)"
1770093853.643,512,3,"(511.0, 0.0)"
1770093853.655,512,3,"(511.0, 0.0)"
1770093853.665,512,3,"(511.0, 0.0)"
1770093853.676,512,3,"(511.0, 0.0)"
1770093853.686,512,3,"(511.0, 0.0)"
1770093853.696,512,3,"(511.0, 0.0)"
1770093853.707,512,3,"(511.0, 0.0)"
1770093853.717,512,3,"(511.0, 0.0)"
1770093853.728,512,3,"(511.0, 0.0)"
1770093853.739,512,3,"(511.0, 0.0)"
1770093853.75,512,3,"(511.0, 0.0)"
1770093853.76,512,3,"(511.0, 0.0)"
1770093853.771,512,3,"(511.0, 0.0)"
1770093853.781,512,3,"(511.0, 0.0)"
1770093853.792,512,3,"(511.0, 0.0)"
1770093853.803,512,3,"(511.0, 0.0)"
1770093853.814,512,3,"(511.0, 0.0)"
1770093853.826,512,3,"(511.0, 0.0)"
1770093853.836,512,3,"(511.0, 0.0)"
1770093853.847,512,3,"(511.0, 0.0)"
1770093853.858,512,3,"(511.0, 0.0)"
1770093853.869,512,3,"(511.0, 0.0)"
1770093853.879,512,3,"(511.0, 0.0)"
1770093853.89,512,3,"(511.0, 0.0)"
1770093853.9,512,3,"(511.0, 0.0)"
1770093853.912,512,3,"(511.0, 0.0)"
1770093853.922,512,3,"(511.0, 0.0)"
1770093853.932,512,3,"(511.0, 0.0)"
1770093853.943,512,3,"(511.0, 0.0)"
1770093853.954,512,3,"(511.0, 0.0)"
1770093853.965,512,3,"(511.0, 0.0)"
1770093853.975,512,3,"(511.0, 0.0)"
1770093853.985,512,3,"(511.0, 0.0)"
1770093853.997,512,3,"(511.0, 0.0)"
1770093854.007,512,3,"(511.0, 0.0)"
1770093854.017,512,3,"(511.0, 0.0)"
1770093854.028,512,3,"(511.0, 0.0)"
1770093854.04,512,3,"(511.0, 0.0)"
1770093859.549,512,4,"(511.0, 0.0)"
1770093859.559,512,4,"(511.0, 0.0)"
1770093859.571,512,4,"(511.0, 0.0)"
1770093859.581,512,4,"(511.0, 0.0)"
1770093859.592,512,4,"(511.0, 0.0)"
1770093859.602,512,4,"(511.0, 0.0)"
1770093859.613,512,4,"(511.0, 0.0)"
1770093859.624,512,4,"(511.0, 0.0)"
1770093859.635,512,4,"(511.0, 0.0)"
1770093859.647,512,4,"(511.0, 0.0)"
1770093859.658,512,4,"(511.0, 0.0)"
1770093859.668,512,4,"(511.0, 0.0)"
1770093859.678,512,4,"(511.0, 0.0)"
1770093859.688,512,4,"(511.0, 0.0)"
1770093859.699,512,4,"(511.0, 0.0)"
1770093859.709,512,4,"(511.0, 0.0)"
1770093859.719,512,4,"(511.0, 0.0)"
1770093859.734,512,4,"(511.0, 0.0)"
1770093859.744,512,4,"(511.0, 0.0)"
1770093859.755,512,4,"(511.0, 0.0)"
1770093859.767,512,4,"(511.0, 0.0)"
1770093859.777,512,4,"(511.0, 0.0)"
1770093859.787,512,4,"(511.0, 0.0)"
1770093859.798,512,4,"(511.0, 0.0)"
1770093859.808,512,4,"(511.0, 0.0)"
1770093859.819,512,4,"(511.0, 0.0)"
1770093859.83,512,4,"(511.0, 0.0)"
1770093859.841,512,4,"(511.0, 0.0)"
1770093859.851,512,4,"(511.0, 0.0)"
1770093859.862,512,4,"(511.0, 0.0)"
1770093859.872,512,4,"(511.0, 0.0)"
1770093859.884,512,4,"(511.0, 0.0)"
1770093859.896,512,4,"(511.0, 0.0)"
1770093859.907,512,4,"(511.0, 0.0)"
1770093859.917,512,4,"(511.0, 0.0)"
1770093859.93,512,4,"(511.0, 0.0)"
1770093859.941,512,4,"(511.0, 0.0)"
1770093859.951,512,4,"(511.0, 0.0)"
1770093859.963,512,4,"(511.0, 0.0)"
1770093859.973,512,4,"(511.0, 0.0)"
1770093859.983,512,4,"(511.0, 0.0)"
1770093859.994,512,4,"(511.0, 0.0)"
1770093860.006,512,4,"(511.0, 0.0)"
1770093860.016,512,4,"(511.0, 0.0)"
1770093860.029,512,4,"(511.0, 0.0)"
1770093860.04,512,4,"(511.0, 0.0)"
1770093860.051,512,4,"(511.0, 0.0)"
1770093860.063,512,4,"(511.0, 0.0)"
1770093860.073,512,4,"(511.0, 0.0)"
1770093860.084,512,4,"(511.0, 0.0)"
1770093860.095,512,4,"(511.0, 0.0)"
1770093860.106,512,4,"(511.0, 0.0)"
1770093860.117,512,4,"(511.0, 0.0)"
1770093860.127,512,4,"(511.0, 0.0)"
1770093860.137,512,4,"(511.0, 0.0)"
1770093860.148,512,4,"(511.0, 0.0)"
1770093860.159,512,4,"(511.0, 0.0)"
1770093860.169,512,4,"(511.0, 0.0)"
1770093860.18,512,4,"(511.0, 0.0)"
1770093860.19,512,4,"(511.0, 0.0)"
1770093860.2,512,4,"(511.0, 0.0)"
1770093860.211,512,4,"(511.0, 0.0)"
1770093860.222,512,4,"(511.0, 0.0)"
1770093860.232,512,4,"(511.0, 0.0)"
1770093860.242,512,4,"(511.0, 0.0)"
1770093860.253,512,4,"(511.0, 0.0)"
1770093860.264,512,4,"(511.0, 0.0)"
1770093860.276,512,4,"(511.0, 0.0)"
1770093860.286,512,4,"(511.0, 0.0)"
1770093860.297,512,4,"(511.0, 0.0)"
1770093860.308,512,4,"(511.0, 0.0)"
1770093860.318,512,4,"(511.0, 0.0)"
1770093860.329,512,4,"(511.0, 0.0)"
1770093860.339,512,4,"(511.0, 0.0)"
1770093860.35,512,4,"(511.0, 0.0)"
1770093860.36,512,4,"(511.0, 0.0)"
1770093860.371,512,4,"(511.0, 0.0)"
1770093860.381,512,4,"(511.0, 0.0)"
1770093860.392,512,4,"(511.0, 0.0)"
1770093860.402,512,4,"(511.0, 0.0)"
1770093860.412,512,4,"(511.0, 0.0)"
1770093860.422,512,4,"(511.0, 0.0)"
1770093860.433,512,4,"(511.0, 0.0)"
1770093860.443,512,4,"(511.0, 0.0)"
1770093860.454,512,4,"(511.0, 0.0)"
1770093860.465,512,4,"(511.0, 0.0)"
1770093860.476,512,4,"(511.0, 0.0)"
1770093860.486,512,4,"(511.0, 0.0)"
1770093860.497,512,4,"(511.0, 0.0)"
1770093860.507,512,4,"(511.0, 0.0)"
1770093860.518,512,4,"(511.0, 0.0)"
1770093860.529,512,4,"(511.0, 0.0)"
1770093860.539,512,4,"(511.0, 0.0)"
1770093860.55,512,4,"(511.0, 0.0)"
1770093860.561,512,4,"(511.0, 0.0)"
1770093860.571,512,4,"(511.0, 0.0)"
1770093860.583,512,4,"(511.0, 0.0)"
1770093860.593,512,4,"(511.0, 0.0)"
1770093860.603,512,4,"(511.0, 0.0)"
1770093860.614,512,4,"(511.0, 0.0)"
1770093860.625,512,4,"(511.0, 0.0)"
1770093860.635,512,4,"(511.0, 0.0)"
1770093860.646,512,4,"(511.0, 0.0)"
1770093860.656,512,4,"(511.0, 0.0)"
1770093860.667,512,4,"(511.0, 0.0)"
1770093860.678,512,4,"(511.0, 0.0)"
1770093860.688,512,4,"(511.0, 0.0)"
1770093860.699,512,4,"(511.0, 0.0)"
1770093860.71,512,4,"(511.0, 0.0)"
1770093860.72,512,4,"(511.0, 0.0)"
1770093860.73,512,4,"(511.0, 0.0)"
1770093860.741,512,4,"(511.0, 0.0)"
1770093860.752,512,4,"(511.0, 0.0)"
1770093860.762,512,4,"(511.0, 0.0)"
1770093860.772,512,4,"(511.0, 0.0)"
1770093860.783,512,4,"(511.0, 0.0)"
1770093860.794,512,4,"(511.0, 0.0)"
1770093860.804,512,4,"(511.0, 0.0)"
1770093860.815,512,4,"(511.0, 0.0)"
1770093860.825,512,4,"(511.0, 0.0)"
1770093860.836,512,4,"(511.0, 0.0)"
1770093860.847,512,4,"(511.0, 0.0)"
1770093860.857,512,4,"(511.0, 0.0)"
1770093860.868,512,4,"(511.0, 0.0)"
1770093860.88,512,4,"(511.0, 0.0)"
1770093860.891,512,4,"(511.0, 0.0)"
1770093860.903,512,4,"(511.0, 0.0)"
1770093860.914,512,4,"(511.0, 0.0)"
1770093860.924,512,4,"(511.0, 0.0)"
1770093860.934,512,4,"(511.0, 0.0)"
1770093860.946,512,4,"(511.0, 0.0)"
1770093860.956,512,4,"(511.0, 0.0)"
1770093860.966,512,4,"(511.0, 0.0)"
1770093860.977,512,4,"(511.0, 0.0)"
1770093860.988,512,4,"(511.0, 0.0)"
1770093861.0,512,4,"(511.0, 0.0)"
1770093861.011,512,4,"(511.0, 0.0)"
1770093861.021,512,4,"(511.0, 0.0)"
1770093861.031,512,4,"(511.0, 0.0)"
1770093861.042,512,4,"(511.0, 0.0)"
1770093861.052,512,4,"(511.0, 0.0)"
1770093861.063,512,4,"(511.0, 0.0)"
1770093861.074,512,4,"(511.0, 0.0)"
1770093861.085,512,4,"(511.0, 0.0)"
1770093861.096,512,4,"(511.0, 0.0)"
1770093861.107,512,4,"(511.0, 0.0)"
1770093861.118,512,4,"(511.0, 0.0)"
1770093861.128,512,4,"(511.0, 0.0)"
1770093861.138,512,4,"(511.0, 0.0)"
1770093861.148,512,4,"(511.0, 0.0)"
1770093861.158,512,4,"(511.0, 0.0)"
1770093861.169,512,4,"(511.0, 0.0)"
1770093861.179,512,4,"(511.0, 0.0)"
1770093861.19,512,4,"(511.0, 0.0)"
1770093861.202,512,4,"(511.0, 21.0)"
1770093861.212,512,4,"(511.0, 21.0)"
1770093861.223,512,4,"(511.0, 43.0)"
1770093861.234,512,4,"(511.0, 43.0)"
1770093861.244,512,4,"(511.0, 43.0)"
1770093861.254,512,4,"(511.0, 43.0)"
1770093861.264,512,4,"(511.0, 21.0)"
1770093861.275,512,4,"(511.0, 0.0)"
1770093861.287,512,4,"(511.0, 0.0)"
1770093861.298,512,4,"(511.0, 0.0)"
1770093861.309,512,4,"(511.0, 0.0)"
1770093861.32,512,4,"(511.0, 0.0)"
1770093861.33,512,4,"(511.0, 0.0)"
1770093861.341,512,4,"(511.0, 21.0)"
1770093861.351,512,4,"(511.0, 21.0)"
1770093861.362,512,4,"(511.0, 43.0)"
1770093861.373,512,4,"(511.0, 43.0)"
1770093861.384,512,4,"(511.0, 43.0)"
1770093861.394,512,4,"(511.0, 43.0)"
1770093861.405,512,4,"(511.0, 43.0)"
1770093861.415,512,4,"(511.0, 21.0)"
1770093861.425,512,4,"(511.0, 0.0)"
1770093861.435,512,4,"(511.0, 0.0)"
1770093861.447,512,4,"(511.0, 0.0)"
1770093861.458,512,4,"(511.0, 0.0)"
1770093861.469,512,4,"(511.0, 0.0)"
1770093861.479,512,4,"(511.0, 21.0)"
1770093861.49,512,4,"(511.0, 21.0)"
1770093861.5,512,4,"(511.0, 43.0)"
1770093861.511,512,4,"(511.0, 43.0)"
1770093861.522,512,4,"(511.0, 43.0)"
1770093861.532,512,4,"(511.0, 43.0)"
1770093861.543,512,4,"(511.0, 43.0)"
1770093861.553,512,4,"(511.0, 43.0)"
1770093861.564,512,4,"(511.0, 43.0)"
1770093861.575,512,4,"(511.0, 43.0)"
1770093861.585,512,4,"(511.0, 43.0)"
1770093861.595,512,4,"(511.0, 43.0)"
1770093861.606,512,4,"(511.0, 43.0)"
1770093861.616,512,4,"(511.0, 43.0)"
1770093861.626,512,4,"(511.0, 43.0)"
1770093861.637,512,4,"(511.0, 43.0)"
1770093861.648,512,4,"(511.0, 43.0)"
1770093861.658,512,4,"(511.0, 43.0)"
1770093861.669,512,4,"(511.0, 43.0)"
1770093861.68,512,4,"(511.0, 43.0)"
1770093861.692,512,4,"(511.0, 43.0)"
1770093861.702,512,4,"(511.0, 43.0)"
1770093861.712,512,4,"(511.0, 43.0)"
1770093861.723,512,4,"(511.0, 43.0)"
1770093861.733,512,4,"(511.0, 43.0)"
1770093861.743,512,4,"(511.0, 43.0)"
1770093861.753,512,4,"(511.0, 43.0)"
1770093861.764,512,4,"(511.0, 43.0)"
1770093861.774,512,4,"(511.0, 43.0)"
1770093861.785,512,4,"(511.0, 43.0)"
1770093861.797,512,4,"(511.0, 43.0)"
1770093861.807,512,4,"(511.0, 43.0)"
1770093861.817,512,4,"(511.0, 43.0)"
1770093861.828,512,4,"(511.0, 43.0)"
1770093861.839,512,4,"(511.0, 43.0)"
1770093861.849,512,4,"(511.0, 43.0)"
1770093861.86,512,4,"(511.0, 43.0)"
1770093861.872,512,4,"(511.0, 43.0)"
1770093861.883,512,4,"(511.0, 43.0)"
1770093861.894,512,4,"(511.0, 43.0)"
1770093861.904,512,4,"(511.0, 43.0)"
1770093861.915,512,4,"(511.0, 43.0)"
1770093861.925,512,4,"(511.0, 43.0)"
1770093861.937,512,4,"(511.0, 43.0)"
1770093861.948,512,4,"(511.0, 43.0)"
1770093861.958,512,4,"(511.0, 43.0)"
1770093861.968,512,4,"(511.0, 43.0)"
1770093861.978,512,4,"(511.0, 43.0)"
1770093861.99,512,4,"(511.0, 43.0)"
1770093862.001,512,4,"(511.0, 43.0)"
1770093862.012,512,4,"(511.0, 65.0)"
1770093862.022,512,4,"(511.0, 65.0)"
1770093862.032,512,4,"(511.0, 65.0)"
1770093862.046,512,4,"(511.0, 43.0)"
1770093862.057,512,4,"(511.0, 43.0)"
1770093862.067,512,4,"(511.0, 43.0)"
1770093862.079,512,4,"(511.0, 65.0)"
1770093862.089,512,4,"(511.0, 87.0)"
1770093862.1,512,4,"(511.0, 87.0)"
1770093862.114,512,4,"(511.0, 87.0)"
1770093862.124,512,4,"(511.0, 87.0)"
1770093862.136,512,4,"(511.0, 87.0)"
1770093862.147,512,4,"(511.0, 87.0)"
1770093862.161,512,4,"(511.0, 87.0)"
1770093862.172,512,4,"(511.0, 87.0)"
1770093862.183,512,4,"(511.0, 87.0)"
1770093862.194,512,4,"(511.0, 87.0)"
1770093862.205,512,4,"(511.0, 87.0)"
1770093862.215,512,4,"(511.0, 87.0)"
1770093862.226,512,4,"(511.0, 87.0)"
1770093862.236,512,4,"(511.0, 87.0)"
1770093862.246,512,4,"(511.0, 87.0)"
1770093862.258,512,4,"(511.0, 87.0)"
1770093862.269,512,4,"(511.0, 87.0)"
1770093862.279,512,4,"(511.0, 87.0)"
1770093862.29,512,4,"(511.0, 87.0)"
1770093862.301,512,4,"(511.0, 87.0)"
1770093862.312,512,4,"(511.0, 65.0)"
1770093862.322,512,4,"(511.0, 65.0)"
1770093862.333,512,4,"(511.0, 43.0)"
1770093862.344,512,4,"(511.0, 43.0)"
1770093862.355,512,4,"(511.0, 43.0)"
1770093862.365,512,4,"(511.0, 43.0)"
1770093862.376,512,4,"(511.0, 43.0)"
1770093862.387,512,4,"(511.0, 43.0)"
1770093862.398,512,4,"(511.0, 43.0)"
1770093862.408,512,4,"(511.0, 43.0)"
1770093862.419,512,4,"(511.0, 43.0)"
1770093862.43,512,4,"(511.0, 43.0)"
1770093862.442,512,4,"(511.0, 43.0)"
1770093862.453,512,4,"(511.0, 21.0)"
1770093862.463,512,4,"(511.0, 21.0)"
1770093862.474,512,4,"(511.0, 21.0)"
1770093862.485,512,4,"(511.0, 0.0)"
1770093862.496,512,4,"(511.0, 0.0)"
1770093862.508,512,4,"(511.0, 0.0)"
1770093862.519,512,4,"(511.0, 21.0)"
1770093862.529,512,4,"(511.0, 21.0)"
1770093862.54,512,4,"(511.0, 21.0)"
1770093862.551,512,4,"(511.0, 43.0)"
1770093873.536,512,1,"(511.0, 0.0)"
1770093873.546,512,1,"(511.0, 0.0)"
1770093873.557,512,1,"(511.0, 0.0)"
1770093873.567,512,1,"(511.0, 0.0)"
1770093873.578,512,1,"(511.0, 0.0)"
1770093873.588,512,1,"(511.0, 0.0)"
1770093873.599,512,1,"(511.0, 0.0)"
1770093873.61,512,1,"(511.0, 0.0)"
1770093873.621,512,1,"(511.0, 0.0)"
1770093873.631,512,1,"(511.0, 0.0)"
1770093873.642,512,1,"(511.0, 0.0)"
1770093873.653,512,1,"(511.0, 0.0)"
1770093873.663,512,1,"(511.0, 0.0)"
1770093873.673,512,1,"(511.0, 0.0)"
1770093873.684,512,1,"(511.0, 0.0)"
1770093873.694,512,1,"(511.0, 0.0)"
1770093873.704,512,1,"(511.0, 0.0)"
1770093873.714,512,1,"(511.0, 0.0)"
1770093873.725,512,1,"(511.0, 0.0)"
1770093873.735,512,1,"(511.0, 0.0)"
1770093873.746,512,1,"(511.0, 0.0)"
1770093873.757,512,1,"(511.0, 0.0)"
1770093873.768,512,1,"(511.0, 0.0)"
1770093873.778,512,1,"(511.0, 0.0)"
1770093873.789,512,1,"(511.0, 0.0)"
1770093873.8,512,1,"(511.0, 0.0)"
1770093873.811,512,1,"(511.0, 0.0)"
1770093873.821,512,1,"(511.0, 0.0)"
1770093873.832,512,1,"(511.0, 0.0)"
1770093873.842,512,1,"(511.0, 0.0)"
1770093873.852,512,1,"(511.0, 0.0)"
1770093873.863,512,1,"(511.0, 0.0)"
1770093873.874,512,1,"(511.0, 0.0)"
1770093873.884,512,1,"(511.0, 0.0)"
1770093873.895,512,1,"(511.0, 0.0)"
1770093873.906,512,1,"(511.0, 0.0)"
1770093873.917,512,1,"(511.0, 0.0)"
1770093873.927,512,1,"(511.0, 0.0)"
1770093873.937,512,1,"(511.0, 0.0)"
1770093873.947,512,1,"(511.0, 0.0)"
1770093873.957,512,1,"(511.0, 0.0)"
1770093873.967,512,1,"(511.0, 0.0)"
1770093873.978,512,1,"(511.0, 0.0)"
1770093873.988,512,1,"(511.0, 0.0)"
1770093873.999,512,1,"(511.0, 0.0)"
1770093874.011,512,1,"(511.0, 0.0)"
1770093874.021,512,1,"(511.0, 0.0)"
1770093874.032,512,1,"(511.0, 0.0)"
1770093874.043,512,1,"(511.0, 0.0)"
1770093874.054,512,1,"(511.0, 0.0)"
1770093874.065,512,1,"(511.0, 0.0)"
1770093874.076,512,1,"(511.0, 0.0)"
1770093874.086,512,1,"(511.0, 0.0)"
1770093874.097,512,1,"(511.0, 0.0)"
1770093874.107,512,1,"(511.0, 0.0)"
1770093874.118,512,1,"(511.0, 0.0)"
1770093874.128,512,1,"(511.0, 0.0)"
1770093874.139,512,1,"(511.0, 0.0)"
1770093874.15,512,1,"(511.0, 0.0)"
1770093874.16,512,1,"(511.0, 0.0)"
1770093874.17,512,1,"(511.0, 0.0)"
1770093874.18,512,1,"(511.0, 0.0)"
1770093874.191,512,1,"(511.0, 0.0)"
1770093874.202,512,1,"(511.0, 0.0)"
1770093874.212,512,1,"(511.0, 0.0)"
1770093874.224,512,1,"(511.0, 0.0)"
1770093874.234,512,1,"(511.0, 0.0)"
1770093874.244,512,1,"(511.0, 0.0)"
1770093874.255,512,1,"(511.0, 0.0)"
1770093874.265,512,1,"(511.0, 0.0)"
1770093874.276,512,1,"(511.0, 0.0)"
1770093874.287,512,1,"(511.0, 0.0)"
1770093874.299,512,1,"(511.0, 0.0)"
1770093874.31,512,1,"(511.0, 0.0)"
1770093874.32,512,1,"(511.0, 0.0)"
1770093874.33,512,1,"(511.0, 0.0)"
1770093874.341,512,1,"(511.0, 0.0)"
1770093874.352,512,1,"(511.0, 0.0)"
1770093874.362,512,1,"(511.0, 0.0)"
1770093874.372,512,1,"(511.0, 0.0)"
1770093874.383,512,1,"(511.0, 0.0)"
1770093874.393,512,1,"(511.0, 0.0)"
1770093874.404,512,1,"(511.0, 0.0)"
1770093874.415,512,1,"(511.0, 0.0)"
1770093874.425,512,1,"(511.0, 0.0)"
1770093874.436,512,1,"(511.0, 0.0)"
1770093874.448,512,1,"(511.0, 0.0)"
1770093874.458,512,1,"(511.0, 0.0)"
1770093874.468,512,1,"(511.0, 0.0)"
1770093874.479,512,1,"(511.0, 0.0)"
1770093874.489,512,1,"(511.0, 0.0)"
1770093874.5,512,1,"(511.0, 0.0)"
1770093874.512,512,1,"(511.0, 0.0)"
1770093874.522,512,1,"(511.0, 0.0)"
1770093874.533,512,1,"(511.0, 0.0)"
1770093874.543,512,1,"(511.0, 0.0)"
1770093874.553,512,1,"(511.0, 0.0)"
1770093874.565,512,1,"(511.0, 0.0)"
1770093874.577,512,1,"(511.0, 0.0)"
1770093874.587,512,1,"(511.0, 0.0)"
1770093874.599,512,1,"(511.0, 0.0)"
1770093874.61,512,1,"(511.0, 0.0)"
1770093874.621,512,1,"(511.0, 0.0)"
1770093874.631,512,1,"(511.0, 0.0)"
1770093874.642,512,1,"(511.0, 0.0)"
1770093874.652,512,1,"(511.0, 0.0)"
1770093874.662,512,1,"(511.0, 0.0)"
1770093874.673,512,1,"(511.0, 0.0)"
1770093874.683,512,1,"(511.0, 0.0)"
1770093874.693,512,1,"(511.0, 0.0)"
1770093874.703,512,1,"(511.0, 0.0)"
1770093874.713,512,1,"(511.0, 0.0)"
1770093874.724,512,1,"(511.0, 0.0)"
1770093874.735,512,1,"(511.0, 0.0)"
1770093874.746,512,1,"(511.0, 0.0)"
1770093874.756,512,1,"(511.0, 0.0)"
1770093874.767,512,1,"(511.0, 0.0)"
1770093874.777,512,1,"(511.0, 0.0)"
1770093874.787,512,1,"(511.0, 0.0)"
1770093874.798,512,1,"(511.0, 0.0)"
1770093874.81,512,1,"(511.0, 0.0)"
1770093874.82,512,1,"(511.0, 0.0)"
1770093874.832,512,1,"(511.0, 0.0)"
1770093874.843,512,1,"(511.0, 0.0)"
1770093874.854,512,1,"(511.0, 0.0)"
1770093874.865,512,1,"(511.0, 0.0)"
1770093874.876,512,1,"(511.0, 0.0)"
1770093874.886,512,1,"(511.0, 0.0)"
1770093874.898,512,1,"(511.0, 0.0)"
1770093874.908,512,1,"(511.0, 0.0)"
1770093874.919,512,1,"(511.0, 0.0)"
1770093874.93,512,1,"(511.0, 0.0)"
1770093874.941,512,1,"(511.0, 0.0)"
1770093874.951,512,1,"(511.0, 0.0)"
1770093874.962,512,1,"(511.0, 0.0)"
1770093874.972,512,1,"(511.0, 0.0)"
1770093874.983,512,1,"(511.0, 0.0)"
1770093874.993,512,1,"(511.0, 0.0)"
1770093875.003,512,1,"(511.0, 0.0)"
1770093875.014,512,1,"(511.0, 0.0)"
1770093875.024,512,1,"(511.0, 0.0)"
1770093875.035,512,1,"(511.0, 0.0)"
1770093875.049,512,1,"(511.0, 0.0)"
1770093875.059,512,1,"(511.0, 0.0)"
1770093875.069,512,1,"(511.0, 0.0)"
1770093875.08,512,1,"(511.0, 0.0)"
1770093875.091,512,1,"(511.0, 0.0)"
1770093875.102,512,1,"(511.0, 0.0)"
1770093875.113,512,1,"(511.0, 0.0)"
1770093875.123,512,1,"(511.0, 0.0)"
1770093875.133,512,1,"(511.0, 0.0)"
1770093875.145,512,1,"(511.0, 0.0)"
1770093875.155,512,1,"(511.0, 0.0)"
1770093875.166,512,1,"(511.0, 0.0)"
1770093875.177,512,1,"(511.0, 0.0)"
1770093875.187,512,1,"(511.0, 0.0)"
1770093875.198,512,1,"(511.0, 0.0)"
1770093875.208,512,1,"(511.0, 0.0)"
1770093875.219,512,1,"(511.0, 0.0)"
1770093875.231,512,1,"(511.0, 0.0)"
1770093875.241,512,1,"(511.0, 0.0)"
1770093875.251,512,1,"(511.0, 0.0)"
1770093875.261,512,1,"(511.0, 0.0)"
1770093875.272,512,1,"(511.0, 0.0)"
1770093875.282,512,1,"(511.0, 0.0)"
1770093875.292,512,1,"(511.0, 0.0)"
1770093875.303,512,1,"(511.0, 0.0)"
1770093875.314,512,1,"(511.0, 0.0)"
1770093875.324,512,1,"(511.0, 0.0)"
1770093875.334,512,1,"(511.0, 0.0)"
1770093875.345,512,1,"(511.0, 0.0)"
1770093875.357,512,1,"(511.0, 0.0)"
1770093875.367,512,1,"(511.0, 0.0)"
1770093875.379,512,1,"(511.0, 0.0)"
1770093875.389,512,1,"(511.0, 0.0)"
1770093875.399,512,1,"(511.0, 0.0)"
1770093875.41,512,1,"(511.0, 0.0)"
1770093875.421,512,1,"(511.0, 0.0)"
1770093875.432,512,1,"(511.0, 0.0)"
1770093875.442,512,1,"(511.0, 0.0)"
1770093875.452,512,1,"(511.0, 0.0)"
1770093875.463,512,1,"(511.0, 0.0)"
1770093875.474,512,1,"(511.0, 0.0)"
1770093875.484,512,1,"(511.0, 0.0)"
1770093875.497,512,1,"(511.0, 0.0)"
1770093875.507,512,1,"(511.0, 0.0)"
1770093875.518,512,1,"(511.0, 0.0)"
1770093875.529,512,1,"(511.0, 0.0)"
1770093875.539,512,1,"(511.0, 0.0)"
1770093875.55,512,1,"(511.0, 0.0)"
1770093875.561,512,1,"(511.0, 0.0)"
1770093875.571,512,1,"(511.0, 0.0)"
1770093875.581,512,1,"(511.0, 0.0)"
1770093875.591,512,1,"(511.0, 0.0)"
1770093875.601,512,1,"(511.0, 0.0)"
1770093875.612,512,1,"(511.0, 0.0)"
1770093875.624,512,1,"(511.0, 0.0)"
1770093875.634,512,1,"(511.0, 0.0)"
1770093875.644,512,1,"(511.0, 0.0)"
1770093875.654,512,1,"(511.0, 0.0)"
1770093875.665,512,1,"(511.0, 0.0)"
1770093875.675,512,1,"(511.0, 0.0)"
1770093875.686,512,1,"(511.0, 0.0)"
1770093875.697,512,1,"(511.0, 0.0)"
1770093875.708,512,1,"(511.0, 0.0)"
1770093875.718,512,1,"(511.0, 0.0)"
1770093875.73,512,1,"(511.0, 0.0)"
1770093875.74,512,1,"(511.0, 0.0)"
1770093875.75,512,1,"(511.0, 0.0)"
1770093875.761,512,1,"(511.0, 0.0)"
1770093875.771,512,1,"(511.0, 0.0)"
1770093875.781,512,1,"(511.0, 0.0)"
1770093875.792,512,1,"(511.0, 0.0)"
1770093875.802,512,1,"(511.0, 0.0)"
1770093875.815,512,1,"(511.0, 0.0)"
1770093875.825,512,1,"(511.0, 0.0)"
1770093875.836,512,1,"(511.0, 0.0)"
1770093875.848,512,1,"(511.0, 0.0)"
1770093875.859,512,1,"(511.0, 0.0)"
1770093875.869,512,1,"(511.0, 0.0)"
1770093875.88,512,1,"(511.0, 0.0)"
1770093875.891,512,1,"(511.0, 0.0)"
1770093875.901,512,1,"(511.0, 0.0)"
1770093875.912,512,1,"(511.0, 0.0)"
1770093875.923,512,1,"(511.0, 0.0)"
1770093875.933,512,1,"(511.0, 0.0)"
1770093875.943,512,1,"(511.0, 0.0)"
1770093875.954,512,1,"(511.0, 0.0)"
1770093875.964,512,1,"(511.0, 0.0)"
1770093875.974,512,1,"(511.0, 0.0)"
1770093875.985,512,1,"(511.0, 0.0)"
1770093875.996,512,1,"(511.0, 0.0)"
1770093876.007,512,1,"(511.0, 0.0)"
1770093876.017,512,1,"(511.0, 0.0)"
1770093876.028,512,1,"(511.0, 0.0)"
1770093876.039,512,1,"(511.0, 0.0)"
1770093876.05,512,1,"(511.0, 0.0)"
1770093876.06,512,1,"(511.0, 0.0)"
1770093876.072,512,1,"(511.0, 0.0)"
1770093876.082,512,1,"(511.0, 0.0)"
1770093876.094,512,1,"(511.0, 0.0)"
1770093876.104,512,1,"(511.0, 0.0)"
1770093876.115,512,1,"(511.0, 0.0)"
1770093876.126,512,1,"(511.0, 0.0)"
1770093876.137,512,1,"(511.0, 0.0)"
1770093876.148,512,1,"(511.0, 0.0)"
1770093876.158,512,1,"(511.0, 0.0)"
1770093876.168,512,1,"(511.0, 0.0)"
1770093876.179,512,1,"(511.0, 0.0)"
1770093876.19,512,1,"(511.0, 0.0)"
1770093876.2,512,1,"(511.0, 0.0)"
1770093876.21,512,1,"(511.0, 0.0)"
1770093876.221,512,1,"(511.0, 0.0)"
1770093876.232,512,1,"(511.0, 0.0)"
1770093876.243,512,1,"(511.0, 0.0)"
1770093876.254,512,1,"(511.0, 0.0)"
1770093876.264,512,1,"(511.0, 0.0)"
1770093876.275,512,1,"(511.0, 0.0)"
1770093876.286,512,1,"(511.0, 0.0)"
1770093876.296,512,1,"(511.0, 0.0)"
1770093876.306,512,1,"(511.0, 0.0)"
1770093876.318,512,1,"(511.0, 0.0)"
1770093876.328,512,1,"(511.0, 0.0)"
1770093876.339,512,1,"(511.0, 0.0)"
1770093876.351,512,1,"(511.0, 0.0)"
1770093876.363,512,1,"(511.0, 0.0)"
1770093876.373,512,1,"(511.0, 0.0)"
1770093876.384,512,1,"(511.0, 0.0)"
1770093876.395,512,1,"(511.0, 0.0)"
1770093876.406,512,1,"(511.0, 0.0)"
1770093876.417,512,1,"(511.0, 0.0)"
1770093876.427,512,1,"(511.0, 0.0)"
1770093876.437,512,1,"(511.0, 0.0)"
1770093876.449,512,1,"(511.0, 0.0)"
1770093876.46,512,1,"(511.0, 0.0)"
1770093876.47,512,1,"(511.0, 0.0)"
1770093876.483,512,1,"(511.0, 0.0)"
1770093876.494,512,1,"(511.0, 0.0)"
1770093876.505,512,1,"(511.0, 0.0)"
1770093876.515,512,1,"(511.0, 0.0)"
1770093876.526,512,1,"(511.0, 0.0)"
1770093876.537,512,1,"(511.0, 0.0)"
1770093879.427,512,2,"(511.0, 0.0)"
1770093879.437,512,2,"(511.0, 0.0)"
1770093879.447,512,2,"(511.0, 0.0)"
1770093879.458,512,2,"(511.0, 0.0)"
1770093879.469,512,2,"(511.0, 0.0)"
1770093879.48,512,2,"(511.0, 0.0)"
1770093879.492,512,2,"(511.0, 0.0)"
1770093879.503,512,2,"(511.0, 0.0)"
1770093879.514,512,2,"(511.0, 0.0)"
1770093879.525,512,2,"(511.0, 0.0)"
1770093879.537,512,2,"(511.0, 0.0)"
1770093879.549,512,2,"(511.0, 0.0)"
1770093879.56,512,2,"(511.0, 0.0)"
1770093879.571,512,2,"(511.0, 0.0)"
1770093879.582,512,2,"(511.0, 0.0)"
1770093879.593,512,2,"(511.0, 0.0)"
1770093879.604,512,2,"(511.0, 0.0)"
1770093879.615,512,2,"(511.0, 0.0)"
1770093879.626,512,2,"(511.0, 0.0)"
1770093879.636,512,2,"(511.0, 0.0)"
1770093879.646,512,2,"(511.0, 0.0)"
1770093879.657,512,2,"(511.0, 0.0)"
1770093879.667,512,2,"(511.0, 0.0)"
1770093879.678,512,2,"(511.0, 0.0)"
1770093879.689,512,2,"(511.0, 0.0)"
1770093879.7,512,2,"(511.0, 0.0)"
1770093879.71,512,2,"(511.0, 0.0)"
1770093879.722,512,2,"(511.0, 0.0)"
1770093879.732,512,2,"(511.0, 0.0)"
1770093879.742,512,2,"(511.0, 0.0)"
1770093879.753,512,2,"(511.0, 0.0)"
1770093879.763,512,2,"(511.0, 0.0)"
1770093879.774,512,2,"(511.0, 0.0)"
1770093879.786,512,2,"(511.0, 0.0)"
1770093879.796,512,2,"(511.0, 0.0)"
1770093879.806,512,2,"(511.0, 0.0)"
1770093879.816,512,2,"(511.0, 0.0)"
1770093879.827,512,2,"(511.0, 0.0)"
1770093879.838,512,2,"(511.0, 0.0)"
1770093879.849,512,2,"(511.0, 0.0)"
1770093879.859,512,2,"(511.0, 0.0)"
1770093879.869,512,2,"(511.0, 0.0)"
1770093879.879,512,2,"(511.0, 0.0)"
1770093879.889,512,2,"(511.0, 0.0)"
1770093879.9,512,2,"(511.0, 0.0)"
1770093879.91,512,2,"(511.0, 0.0)"
1770093879.921,512,2,"(511.0, 0.0)"
1770093879.932,512,2,"(511.0, 0.0)"
1770093879.942,512,2,"(511.0, 0.0)"
1770093879.953,512,2,"(511.0, 0.0)"
1770093879.964,512,2,"(511.0, 0.0)"
1770093879.974,512,2,"(511.0, 0.0)"
1770093879.985,512,2,"(409.0, 21.0)"
1770093879.995,512,2,"(409.0, 43.0)"
1770093880.006,512,2,"(511.0, 65.0)"
1770093880.017,512,2,"(511.0, 65.0)"
1770093880.027,512,2,"(613.0, 87.0)"
1770093880.038,512,2,"(511.0, 108.0)"
1770093880.048,512,2,"(511.0, 108.0)"
1770093880.058,512,2,"(511.0, 130.0)"
1770093880.068,512,2,"(511.0, 130.0)"
1770093880.08,512,2,"(511.0, 130.0)"
1770093880.09,512,2,"(409.0, 152.0)"
1770093880.101,512,2,"(613.0, 174.0)"
1770093880.111,512,2,"(613.0, 174.0)"
1770093880.123,512,2,"(511.0, 195.0)"
1770093880.134,512,2,"(511.0, 217.0)"
1770093880.145,512,2,"(511.0, 239.0)"
1770093880.157,512,2,"(511.0, 261.0)"
1770093880.168,512,2,"(511.0, 261.0)"
1770093880.178,512,2,"(511.0, 282.0)"
1770093880.189,512,2,"(511.0, 304.0)"
1770093880.2,512,2,"(511.0, 304.0)"
1770093880.212,512,2,"(511.0, 304.0)"
1770093880.222,512,2,"(511.0, 326.0)"
1770093880.233,512,2,"(409.0, 348.0)"
1770093880.244,512,2,"(409.0, 348.0)"
1770093880.256,512,2,"(306.0, 348.0)"
1770093880.267,512,2,"(409.0, 370.0)"
1770093880.277,512,2,"(613.0, 391.0)"
1770093880.289,512,2,"(409.0, 413.0)"
1770093880.3,512,2,"(511.0, 413.0)"
1770093880.31,512,2,"(511.0, 413.0)"
1770093880.322,512,2,"(511.0, 413.0)"
1770093880.332,512,2,"(511.0, 413.0)"
1770093880.344,512,2,"(511.0, 413.0)"
1770093880.357,512,2,"(511.0, 391.0)"
1770093880.368,512,2,"(511.0, 391.0)"
1770093880.379,512,2,"(409.0, 391.0)"
1770093880.391,512,2,"(511.0, 391.0)"
1770093880.401,512,2,"(511.0, 413.0)"
1770093880.411,512,2,"(409.0, 413.0)"
1770093880.421,512,2,"(409.0, 435.0)"
1770093880.432,512,2,"(511.0, 435.0)"
1770093880.443,512,2,"(511.0, 457.0)"
1770093880.453,512,2,"(613.0, 457.0)"
1770093880.463,512,2,"(511.0, 478.0)"
1770093880.476,512,2,"(409.0, 478.0)"
1770093880.486,512,2,"(409.0, 478.0)"
1770093880.497,512,2,"(409.0, 478.0)"
1770093880.507,512,2,"(511.0, 478.0)"
1770093880.517,512,2,"(511.0, 457.0)"
1770093880.528,512,2,"(511.0, 435.0)"
1770093880.539,512,2,"(511.0, 413.0)"
1770093880.549,512,2,"(511.0, 413.0)"
1770093880.559,512,2,"(613.0, 435.0)"
1770093880.57,512,2,"(613.0, 457.0)"
1770093880.58,512,2,"(511.0, 457.0)"
1770093880.591,512,2,"(613.0, 478.0)"
1770093880.601,512,2,"(511.0, 478.0)"
1770093880.612,512,2,"(409.0, 478.0)"
1770093880.622,512,2,"(511.0, 478.0)"
1770093880.633,512,2,"(511.0, 478.0)"
1770093880.643,512,2,"(511.0, 478.0)"
1770093880.654,512,2,"(511.0, 457.0)"
1770093880.665,512,2,"(511.0, 435.0)"
1770093880.676,512,2,"(511.0, 413.0)"
1770093880.687,512,2,"(511.0, 391.0)"
1770093880.697,512,2,"(409.0, 370.0)"
1770093880.71,512,2,"(511.0, 348.0)"
1770093880.72,512,2,"(511.0, 348.0)"
1770093880.73,512,2,"(511.0, 348.0)"
1770093880.741,512,2,"(511.0, 326.0)"
1770093880.751,512,2,"(511.0, 326.0)"
1770093880.762,512,2,"(511.0, 304.0)"
1770093880.773,512,2,"(511.0, 304.0)"
1770093880.783,512,2,"(511.0, 304.0)"
1770093880.793,512,2,"(511.0, 304.0)"
1770093880.805,512,2,"(511.0, 304.0)"
1770093880.816,512,2,"(511.0, 282.0)"
1770093880.828,512,2,"(409.0, 261.0)"
1770093880.839,512,2,"(511.0, 261.0)"
1770093880.85,512,2,"(511.0, 261.0)"
1770093880.86,512,2,"(511.0, 261.0)"
1770093880.87,512,2,"(613.0, 261.0)"
1770093880.881,512,2,"(511.0, 282.0)"
1770093880.892,512,2,"(511.0, 304.0)"
1770093880.903,512,2,"(613.0, 304.0)"
1770093880.915,512,2,"(613.0, 304.0)"
1770093880.925,512,2,"(409.0, 304.0)"
1770093880.936,512,2,"(511.0, 326.0)"
1770093880.947,512,2,"(511.0, 348.0)"
1770093880.958,512,2,"(511.0, 348.0)"
1770093880.969,512,2,"(409.0, 370.0)"
1770093880.979,512,2,"(409.0, 370.0)"
1770093880.99,512,2,"(511.0, 391.0)"
1770093881.0,512,2,"(511.0, 391.0)"
1770093881.01,512,2,"(511.0, 391.0)"
1770093881.021,512,2,"(511.0, 391.0)"
1770093881.032,512,2,"(511.0, 370.0)"
1770093881.042,512,2,"(511.0, 370.0)"
1770093881.052,512,2,"(511.0, 348.0)"
1770093881.062,512,2,"(511.0, 326.0)"
1770093881.073,512,2,"(511.0, 304.0)"
1770093881.083,512,2,"(511.0, 304.0)"
1770093881.093,512,2,"(511.0, 304.0)"
1770093881.103,512,2,"(511.0, 304.0)"
1770093881.113,512,2,"(511.0, 304.0)"
1770093881.123,512,2,"(511.0, 282.0)"
1770093881.134,512,2,"(511.0, 261.0)"
1770093881.144,512,2,"(511.0, 261.0)"
1770093881.155,512,2,"(511.0, 217.0)"
1770093881.165,512,2,"(511.0, 217.0)"
1770093881.175,512,2,"(511.0, 217.0)"
1770093881.185,512,2,"(511.0, 195.0)"
1770093881.195,512,2,"(511.0, 195.0)"
1770093881.206,512,2,"(511.0, 174.0)"
1770093881.217,512,2,"(511.0, 174.0)"
1770093881.227,512,2,"(511.0, 152.0)"
1770093881.237,512,2,"(511.0, 152.0)"
1770093881.247,512,2,"(511.0, 152.0)"
1770093881.257,512,2,"(511.0, 152.0)"
1770093881.268,512,2,"(511.0, 152.0)"
1770093881.279,512,2,"(511.0, 152.0)"
1770093881.289,512,2,"(511.0, 152.0)"
1770093881.3,512,2,"(511.0, 152.0)"
1770093881.31,512,2,"(511.0, 152.0)"
1770093881.32,512,2,"(511.0, 152.0)"
1770093881.332,512,2,"(511.0, 130.0)"
1770093881.343,512,2,"(511.0, 130.0)"
1770093881.353,512,2,"(511.0, 130.0)"
1770093881.364,512,2,"(511.0, 130.0)"
1770093881.374,512,2,"(511.0, 130.0)"
1770093881.386,512,2,"(511.0, 130.0)"
1770093881.397,512,2,"(511.0, 130.0)"
1770093881.407,512,2,"(511.0, 130.0)"
1770093881.418,512,2,"(511.0, 152.0)"
1770093881.429,512,2,"(511.0, 174.0)"
1770093881.44,512,2,"(511.0, 174.0)"
1770093881.451,512,2,"(511.0, 195.0)"
1770093881.461,512,2,"(511.0, 217.0)"
1770093881.473,512,2,"(511.0, 217.0)"
1770093881.484,512,2,"(511.0, 195.0)"
1770093881.494,512,2,"(511.0, 195.0)"
1770093881.505,512,2,"(511.0, 174.0)"
1770093881.515,512,2,"(511.0, 174.0)"
1770093881.525,512,2,"(511.0, 174.0)"
1770093881.536,512,2,"(511.0, 174.0)"
1770093881.546,512,2,"(511.0, 174.0)"
1770093881.559,512,2,"(511.0, 174.0)"
1770093881.569,512,2,"(511.0, 174.0)"
1770093881.579,512,2,"(511.0, 174.0)"
1770093881.589,512,2,"(511.0, 174.0)"
1770093881.6,512,2,"(511.0, 174.0)"
1770093881.61,512,2,"(511.0, 174.0)"
1770093881.623,512,2,"(511.0, 174.0)"
1770093881.634,512,2,"(511.0, 174.0)"
1770093881.644,512,2,"(511.0, 174.0)"
1770093881.656,512,2,"(511.0, 174.0)"
1770093881.667,512,2,"(511.0, 152.0)"
1770093881.677,512,2,"(511.0, 152.0)"
1770093881.689,512,2,"(511.0, 130.0)"
1770093881.7,512,2,"(511.0, 130.0)"
1770093881.711,512,2,"(511.0, 130.0)"
1770093881.722,512,2,"(511.0, 130.0)"
1770093881.732,512,2,"(511.0, 130.0)"
1770093881.742,512,2,"(511.0, 130.0)"
1770093881.753,512,2,"(511.0, 130.0)"
1770093881.765,512,2,"(511.0, 130.0)"
1770093881.775,512,2,"(511.0, 130.0)"
1770093881.785,512,2,"(511.0, 130.0)"
1770093881.795,512,2,"(511.0, 130.0)"
1770093881.805,512,2,"(511.0, 130.0)"
1770093881.816,512,2,"(511.0, 130.0)"
1770093881.826,512,2,"(511.0, 130.0)"
1770093881.838,512,2,"(511.0, 130.0)"
1770093881.848,512,2,"(511.0, 130.0)"
1770093881.858,512,2,"(511.0, 130.0)"
1770093881.869,512,2,"(511.0, 130.0)"
1770093881.88,512,2,"(511.0, 130.0)"
1770093881.89,512,2,"(511.0, 130.0)"
1770093881.902,512,2,"(511.0, 130.0)"
1770093881.912,512,2,"(511.0, 130.0)"
1770093881.922,512,2,"(511.0, 130.0)"
1770093881.932,512,2,"(511.0, 130.0)"
1770093881.943,512,2,"(511.0, 130.0)"
1770093881.955,512,2,"(511.0, 130.0)"
1770093881.966,512,2,"(511.0, 130.0)"
1770093881.976,512,2,"(511.0, 130.0)"
1770093881.988,512,2,"(511.0, 130.0)"
1770093881.999,512,2,"(511.0, 130.0)"
1770093882.01,512,2,"(511.0, 130.0)"
1770093882.021,512,2,"(511.0, 130.0)"
1770093882.031,512,2,"(511.0, 130.0)"
1770093882.041,512,2,"(511.0, 130.0)"
1770093882.052,512,2,"(511.0, 130.0)"
1770093882.062,512,2,"(511.0, 130.0)"
1770093882.073,512,2,"(511.0, 130.0)"
1770093882.083,512,2,"(511.0, 130.0)"
1770093882.093,512,2,"(511.0, 130.0)"
1770093882.104,512,2,"(511.0, 130.0)"
1770093882.115,512,2,"(511.0, 130.0)"
1770093882.126,512,2,"(511.0, 130.0)"
1770093882.136,512,2,"(511.0, 130.0)"
1770093882.147,512,2,"(511.0, 130.0)"
1770093882.158,512,2,"(511.0, 130.0)"
1770093882.17,512,2,"(511.0, 130.0)"
1770093882.18,512,2,"(511.0, 130.0)"
1770093882.191,512,2,"(511.0, 108.0)"
1770093882.201,512,2,"(511.0, 108.0)"
1770093882.213,512,2,"(511.0, 108.0)"
1770093882.225,512,2,"(511.0, 130.0)"
1770093882.237,512,2,"(511.0, 130.0)"
1770093882.247,512,2,"(511.0, 130.0)"
1770093882.257,512,2,"(511.0, 130.0)"
1770093882.267,512,2,"(511.0, 130.0)"
1770093882.277,512,2,"(511.0, 130.0)"
1770093882.287,512,2,"(511.0, 130.0)"
1770093882.298,512,2,"(511.0, 130.0)"
1770093882.308,512,2,"(511.0, 130.0)"
1770093882.319,512,2,"(511.0, 108.0)"
1770093882.329,512,2,"(511.0, 108.0)"
1770093882.34,512,2,"(511.0, 87.0)"
1770093882.351,512,2,"(511.0, 87.0)"
1770093882.363,512,2,"(511.0, 87.0)"
1770093882.373,512,2,"(511.0, 87.0)"
1770093882.384,512,2,"(511.0, 87.0)"
1770093882.395,512,2,"(511.0, 87.0)"
1770093882.406,512,2,"(511.0, 87.0)"
1770093882.417,512,2,"(511.0, 87.0)"
1770093884.81,512,3,"(511.0, 0.0)"
1770093884.822,512,3,"(511.0, 0.0)"
1770093884.832,512,3,"(511.0, 0.0)"
1770093884.843,512,3,"(511.0, 0.0)"
1770093884.853,512,3,"(511.0, 0.0)"
1770093884.863,512,3,"(511.0, 0.0)"
1770093884.874,512,3,"(511.0, 0.0)"
1770093884.884,512,3,"(511.0, 0.0)"
1770093884.895,512,3,"(511.0, 0.0)"
1770093884.906,512,3,"(511.0, 0.0)"
1770093884.917,512,3,"(511.0, 0.0)"
1770093884.928,512,3,"(511.0, 0.0)"
1770093884.938,512,3,"(511.0, 0.0)"
1770093884.949,512,3,"(511.0, 0.0)"
1770093884.961,512,3,"(511.0, 0.0)"
1770093884.971,512,3,"(511.0, 0.0)"
1770093884.982,512,3,"(511.0, 0.0)"
1770093884.999,512,3,"(511.0, 0.0)"
1770093885.009,512,3,"(511.0, 0.0)"
1770093885.019,512,3,"(511.0, 0.0)"
1770093885.032,512,3,"(511.0, 0.0)"
1770093885.048,512,3,"(511.0, 0.0)"
1770093885.058,512,3,"(511.0, 0.0)"
1770093885.069,512,3,"(511.0, 0.0)"
1770093885.08,512,3,"(511.0, 0.0)"
1770093885.09,512,3,"(511.0, 0.0)"
1770093885.1,512,3,"(511.0, 0.0)"
1770093885.118,512,3,"(511.0, 0.0)"
1770093885.129,512,3,"(511.0, 0.0)"
1770093885.14,512,3,"(511.0, 0.0)"
1770093885.15,512,3,"(511.0, 0.0)"
1770093885.164,512,3,"(511.0, 0.0)"
1770093885.174,512,3,"(511.0, 0.0)"
1770093885.186,512,3,"(511.0, 0.0)"
1770093885.2,512,3,"(511.0, 0.0)"
1770093885.211,512,3,"(511.0, 0.0)"
1770093885.221,512,3,"(511.0, 0.0)"
1770093885.232,512,3,"(511.0, 0.0)"
1770093885.242,512,3,"(511.0, 0.0)"
1770093885.252,512,3,"(511.0, 0.0)"
1770093885.266,512,3,"(511.0, 0.0)"
1770093885.277,512,3,"(511.0, 0.0)"
1770093885.287,512,3,"(511.0, 0.0)"
1770093885.301,512,3,"(511.0, 0.0)"
1770093885.312,512,3,"(511.0, 0.0)"
1770093885.323,512,3,"(511.0, 0.0)"
1770093885.334,512,3,"(511.0, 0.0)"
1770093885.35,512,3,"(511.0, 0.0)"
1770093885.36,512,3,"(511.0, 0.0)"
1770093885.37,512,3,"(511.0, 0.0)"
1770093885.381,512,3,"(511.0, 0.0)"
1770093885.392,512,3,"(511.0, 0.0)"
1770093885.402,512,3,"(511.0, 0.0)"
1770093885.413,512,3,"(511.0, 0.0)"
1770093885.424,512,3,"(511.0, 0.0)"
1770093885.435,512,3,"(511.0, 0.0)"
1770093885.446,512,3,"(511.0, 0.0)"
1770093885.457,512,3,"(511.0, 0.0)"
1770093885.467,512,3,"(511.0, 0.0)"
1770093885.478,512,3,"(511.0, 0.0)"
1770093885.489,512,3,"(511.0, 0.0)"
1770093885.501,512,3,"(511.0, 0.0)"
1770093885.511,512,3,"(511.0, 0.0)"
1770093885.521,512,3,"(511.0, 0.0)"
1770093885.537,512,3,"(511.0, 0.0)"
1770093885.547,512,3,"(511.0, 0.0)"
1770093885.557,512,3,"(511.0, 0.0)"
1770093885.568,512,3,"(511.0, 0.0)"
1770093885.578,512,3,"(511.0, 0.0)"
1770093885.588,512,3,"(511.0, 0.0)"
1770093885.602,512,3,"(511.0, 0.0)"
1770093885.612,512,3,"(511.0, 0.0)"
1770093885.622,512,3,"(511.0, 0.0)"
1770093885.633,512,3,"(511.0, 0.0)"
1770093885.643,512,3,"(511.0, 0.0)"
1770093885.653,512,3,"(511.0, 0.0)"
1770093885.663,512,3,"(511.0, 0.0)"
1770093885.674,512,3,"(511.0, 0.0)"
1770093885.687,512,3,"(511.0, 0.0)"
1770093885.697,512,3,"(511.0, 0.0)"
1770093885.709,512,3,"(511.0, 0.0)"
1770093885.72,512,3,"(511.0, 0.0)"
1770093885.73,512,3,"(511.0, 0.0)"
1770093885.741,512,3,"(511.0, 0.0)"
1770093885.754,512,3,"(511.0, 0.0)"
1770093885.765,512,3,"(511.0, 0.0)"
1770093885.775,512,3,"(511.0, 0.0)"
1770093885.786,512,3,"(511.0, 0.0)"
1770093885.797,512,3,"(511.0, 0.0)"
1770093885.807,512,3,"(511.0, 0.0)"
1770093885.818,512,3,"(511.0, 0.0)"
1770093885.829,512,3,"(511.0, 0.0)"
1770093885.839,512,3,"(511.0, 0.0)"
1770093885.85,512,3,"(511.0, 0.0)"
1770093885.86,512,3,"(511.0, 0.0)"
1770093885.871,512,3,"(511.0, 0.0)"
1770093885.881,512,3,"(511.0, 0.0)"
1770093885.891,512,3,"(511.0, 0.0)"
1770093885.902,512,3,"(511.0, 0.0)"
1770093885.912,512,3,"(511.0, 0.0)"
1770093885.924,512,3,"(511.0, 0.0)"
1770093885.934,512,3,"(511.0, 0.0)"
1770093885.945,512,3,"(511.0, 0.0)"
1770093885.956,512,3,"(511.0, 0.0)"
1770093885.967,512,3,"(511.0, 0.0)"
1770093885.978,512,3,"(511.0, 0.0)"
1770093885.988,512,3,"(511.0, 0.0)"
1770093885.998,512,3,"(511.0, 0.0)"
1770093886.009,512,3,"(511.0, 0.0)"
1770093886.02,512,3,"(511.0, 0.0)"
1770093886.03,512,3,"(511.0, 0.0)"
1770093886.04,512,3,"(511.0, 0.0)"
1770093886.052,512,3,"(511.0, 0.0)"
1770093886.063,512,3,"(511.0, 0.0)"
1770093886.074,512,3,"(511.0, 0.0)"
1770093886.084,512,3,"(511.0, 0.0)"
1770093886.094,512,3,"(511.0, 0.0)"
1770093886.105,512,3,"(511.0, 0.0)"
1770093886.118,512,3,"(511.0, 0.0)"
1770093886.129,512,3,"(511.0, 0.0)"
1770093886.139,512,3,"(511.0, 0.0)"
1770093886.15,512,3,"(511.0, 0.0)"
1770093886.16,512,3,"(511.0, 0.0)"
1770093886.17,512,3,"(511.0, 0.0)"
1770093886.18,512,3,"(511.0, 0.0)"
1770093886.19,512,3,"(511.0, 0.0)"
1770093886.201,512,3,"(511.0, 21.0)"
1770093886.212,512,3,"(511.0, 21.0)"
1770093886.222,512,3,"(511.0, 43.0)"
1770093886.235,512,3,"(511.0, 43.0)"
1770093886.246,512,3,"(511.0, 43.0)"
1770093886.257,512,3,"(511.0, 43.0)"
1770093886.268,512,3,"(511.0, 43.0)"
1770093886.278,512,3,"(511.0, 43.0)"
1770093886.289,512,3,"(511.0, 43.0)"
1770093886.3,512,3,"(511.0, 43.0)"
1770093886.31,512,3,"(511.0, 21.0)"
1770093886.32,512,3,"(511.0, 21.0)"
1770093886.335,512,3,"(511.0, 0.0)"
1770093886.35,512,3,"(511.0, 0.0)"
1770093886.361,512,3,"(511.0, 0.0)"
1770093886.371,512,3,"(511.0, 0.0)"
1770093886.381,512,3,"(511.0, 0.0)"
1770093886.392,512,3,"(511.0, 0.0)"
1770093886.403,512,3,"(511.0, 0.0)"
1770093886.414,512,3,"(511.0, 0.0)"
1770093886.425,512,3,"(511.0, 0.0)"
1770093886.435,512,3,"(511.0, 0.0)"
1770093886.447,512,3,"(511.0, 0.0)"
1770093886.457,512,3,"(511.0, 0.0)"
1770093886.468,512,3,"(511.0, 0.0)"
1770093886.478,512,3,"(511.0, 0.0)"
1770093886.489,512,3,"(511.0, 0.0)"
1770093886.499,512,3,"(511.0, 0.0)"
1770093886.51,512,3,"(511.0, 0.0)"
1770093886.521,512,3,"(511.0, 0.0)"
1770093886.534,512,3,"(511.0, 0.0)"
1770093886.545,512,3,"(511.0, 0.0)"
1770093886.555,512,3,"(511.0, 0.0)"
1770093886.571,512,3,"(511.0, 0.0)"
1770093886.581,512,3,"(511.0, 0.0)"
1770093886.591,512,3,"(511.0, 0.0)"
1770093886.602,512,3,"(511.0, 0.0)"
1770093886.612,512,3,"(511.0, 0.0)"
1770093886.622,512,3,"(511.0, 0.0)"
1770093886.633,512,3,"(511.0, 0.0)"
1770093886.644,512,3,"(511.0, 0.0)"
1770093886.654,512,3,"(511.0, 0.0)"
1770093886.666,512,3,"(511.0, 0.0)"
1770093886.677,512,3,"(511.0, 0.0)"
1770093886.688,512,3,"(511.0, 0.0)"
1770093886.699,512,3,"(511.0, 0.0)"
1770093886.71,512,3,"(511.0, 0.0)"
1770093886.721,512,3,"(511.0, 0.0)"
1770093886.731,512,3,"(511.0, 0.0)"
1770093886.742,512,3,"(511.0, 0.0)"
1770093886.752,512,3,"(511.0, 0.0)"
1770093886.762,512,3,"(511.0, 0.0)"
1770093886.773,512,3,"(511.0, 0.0)"
1770093886.783,512,3,"(511.0, 0.0)"
1770093886.793,512,3,"(511.0, 0.0)"
1770093886.803,512,3,"(511.0, 0.0)"
1770093886.814,512,3,"(511.0, 0.0)"
1770093886.825,512,3,"(511.0, 0.0)"
1770093886.836,512,3,"(511.0, 21.0)"
1770093886.847,512,3,"(511.0, 21.0)"
1770093886.857,512,3,"(511.0, 43.0)"
1770093886.868,512,3,"(511.0, 43.0)"
1770093886.879,512,3,"(511.0, 43.0)"
1770093886.89,512,3,"(511.0, 43.0)"
1770093886.901,512,3,"(511.0, 43.0)"
1770093886.912,512,3,"(511.0, 43.0)"
1770093886.922,512,3,"(511.0, 21.0)"
1770093886.933,512,3,"(511.0, 21.0)"
1770093886.943,512,3,"(511.0, 0.0)"
1770093886.953,512,3,"(511.0, 0.0)"
1770093886.964,512,3,"(511.0, 21.0)"
1770093886.974,512,3,"(511.0, 21.0)"
1770093886.985,512,3,"(511.0, 43.0)"
1770093886.997,512,3,"(511.0, 43.0)"
1770093887.007,512,3,"(511.0, 43.0)"
1770093887.018,512,3,"(511.0, 21.0)"
1770093887.029,512,3,"(511.0, 21.0)"
1770093887.04,512,3,"(511.0, 0.0)"
1770093887.05,512,3,"(511.0, 0.0)"
1770093887.061,512,3,"(511.0, 0.0)"
1770093887.071,512,3,"(511.0, 0.0)"
1770093887.081,512,3,"(511.0, 0.0)"
1770093887.091,512,3,"(511.0, 0.0)"
1770093887.101,512,3,"(511.0, 0.0)"
1770093887.114,512,3,"(511.0, 0.0)"
1770093887.124,512,3,"(511.0, 0.0)"
1770093887.135,512,3,"(511.0, 0.0)"
1770093887.146,512,3,"(511.0, 21.0)"
1770093887.156,512,3,"(511.0, 21.0)"
1770093887.166,512,3,"(511.0, 43.0)"
1770093887.177,512,3,"(511.0, 43.0)"
1770093887.188,512,3,"(511.0, 43.0)"
1770093887.199,512,3,"(511.0, 21.0)"
1770093887.209,512,3,"(511.0, 0.0)"
1770093887.219,512,3,"(511.0, 0.0)"
1770093887.232,512,3,"(511.0, 0.0)"
1770093887.243,512,3,"(511.0, 0.0)"
1770093887.254,512,3,"(511.0, 21.0)"
1770093887.265,512,3,"(511.0, 21.0)"
1770093887.276,512,3,"(511.0, 43.0)"
1770093887.286,512,3,"(511.0, 43.0)"
1770093887.298,512,3,"(511.0, 43.0)"
1770093887.309,512,3,"(511.0, 43.0)"
1770093887.32,512,3,"(511.0, 43.0)"
1770093887.332,512,3,"(511.0, 43.0)"
1770093887.343,512,3,"(511.0, 43.0)"
1770093887.354,512,3,"(511.0, 43.0)"
1770093887.364,512,3,"(511.0, 43.0)"
1770093887.375,512,3,"(511.0, 43.0)"
1770093887.385,512,3,"(511.0, 43.0)"
1770093887.397,512,3,"(511.0, 43.0)"
1770093887.407,512,3,"(511.0, 43.0)"
1770093887.417,512,3,"(511.0, 43.0)"
1770093887.428,512,3,"(511.0, 43.0)"
1770093887.438,512,3,"(511.0, 43.0)"
1770093887.449,512,3,"(511.0, 43.0)"
1770093887.461,512,3,"(511.0, 43.0)"
1770093887.471,512,3,"(511.0, 43.0)"
1770093887.484,512,3,"(511.0, 43.0)"
1770093887.495,512,3,"(511.0, 43.0)"
1770093887.506,512,3,"(511.0, 43.0)"
1770093887.518,512,3,"(511.0, 43.0)"
1770093887.528,512,3,"(511.0, 43.0)"
1770093887.539,512,3,"(511.0, 43.0)"
1770093887.552,512,3,"(511.0, 43.0)"
1770093887.563,512,3,"(511.0, 43.0)"
1770093887.574,512,3,"(511.0, 43.0)"
1770093887.586,512,3,"(511.0, 43.0)"
1770093887.597,512,3,"(511.0, 43.0)"
1770093887.607,512,3,"(511.0, 43.0)"
1770093887.618,512,3,"(511.0, 43.0)"
1770093887.629,512,3,"(511.0, 43.0)"
1770093887.639,512,3,"(511.0, 43.0)"
1770093887.65,512,3,"(511.0, 43.0)"
1770093887.661,512,3,"(511.0, 43.0)"
1770093887.671,512,3,"(511.0, 43.0)"
1770093887.681,512,3,"(511.0, 43.0)"
1770093887.691,512,3,"(511.0, 43.0)"
1770093887.703,512,3,"(511.0, 43.0)"
1770093887.713,512,3,"(511.0, 43.0)"
1770093887.724,512,3,"(511.0, 43.0)"
1770093887.734,512,3,"(511.0, 43.0)"
1770093887.744,512,3,"(511.0, 43.0)"
1770093887.755,512,3,"(511.0, 43.0)"
1770093887.765,512,3,"(511.0, 43.0)"
1770093887.775,512,3,"(511.0, 43.0)"
1770093887.785,512,3,"(511.0, 43.0)"
1770093887.796,512,3,"(511.0, 21.0)"
1770093887.806,512,3,"(511.0, 21.0)"
1770093887.816,512,3,"(511.0, 21.0)"
1770093891.457,512,4,"(511.0, 0.0)"
1770093891.467,512,4,"(511.0, 0.0)"
1770093891.478,512,4,"(511.0, 0.0)"
1770093891.488,512,4,"(511.0, 0.0)"
1770093891.498,512,4,"(511.0, 0.0)"
1770093891.508,512,4,"(511.0, 0.0)"
1770093891.519,512,4,"(511.0, 0.0)"
1770093891.529,512,4,"(511.0, 0.0)"
1770093891.539,512,4,"(511.0, 0.0)"
1770093891.549,512,4,"(511.0, 0.0)"
1770093891.559,512,4,"(511.0, 0.0)"
1770093891.569,512,4,"(511.0, 0.0)"
1770093891.579,512,4,"(511.0, 0.0)"
1770093891.589,512,4,"(511.0, 0.0)"
1770093891.599,512,4,"(511.0, 0.0)"
1770093891.609,512,4,"(511.0, 0.0)"
1770093891.619,512,4,"(511.0, 0.0)"
1770093891.629,512,4,"(511.0, 0.0)"
1770093891.64,512,4,"(511.0, 0.0)"
1770093891.65,512,4,"(511.0, 0.0)"
1770093891.66,512,4,"(511.0, 0.0)"
1770093891.67,512,4,"(511.0, 0.0)"
1770093891.681,512,4,"(511.0, 0.0)"
1770093891.691,512,4,"(511.0, 0.0)"
1770093891.701,512,4,"(511.0, 0.0)"
1770093891.711,512,4,"(511.0, 0.0)"
1770093891.721,512,4,"(511.0, 0.0)"
1770093891.731,512,4,"(511.0, 0.0)"
1770093891.741,512,4,"(511.0, 0.0)"
1770093891.751,512,4,"(511.0, 0.0)"
1770093891.761,512,4,"(511.0, 0.0)"
1770093891.772,512,4,"(511.0, 0.0)"
1770093891.782,512,4,"(511.0, 0.0)"
1770093891.794,512,4,"(511.0, 0.0)"
1770093891.805,512,4,"(511.0, 0.0)"
1770093891.815,512,4,"(511.0, 0.0)"
1770093891.825,512,4,"(511.0, 0.0)"
1770093891.836,512,4,"(511.0, 0.0)"
1770093891.846,512,4,"(511.0, 0.0)"
1770093891.857,512,4,"(511.0, 0.0)"
1770093891.868,512,4,"(511.0, 0.0)"
1770093891.879,512,4,"(511.0, 0.0)"
1770093891.889,512,4,"(511.0, 0.0)"
1770093891.901,512,4,"(511.0, 0.0)"
1770093891.911,512,4,"(511.0, 0.0)"
1770093891.921,512,4,"(511.0, 0.0)"
1770093891.931,512,4,"(511.0, 0.0)"
1770093891.941,512,4,"(511.0, 0.0)"
1770093891.951,512,4,"(511.0, 0.0)"
1770093891.962,512,4,"(511.0, 0.0)"
1770093891.972,512,4,"(511.0, 0.0)"
1770093891.982,512,4,"(511.0, 0.0)"
1770093891.992,512,4,"(511.0, 0.0)"
1770093892.003,512,4,"(511.0, 0.0)"
1770093892.013,512,4,"(511.0, 0.0)"
1770093892.023,512,4,"(511.0, 0.0)"
1770093892.033,512,4,"(511.0, 0.0)"
1770093892.044,512,4,"(511.0, 0.0)"
1770093892.054,512,4,"(511.0, 0.0)"
1770093892.065,512,4,"(511.0, 0.0)"
1770093892.075,512,4,"(511.0, 0.0)"
1770093892.086,512,4,"(511.0, 0.0)"
1770093892.096,512,4,"(511.0, 0.0)"
1770093892.107,512,4,"(511.0, 0.0)"
1770093892.117,512,4,"(511.0, 0.0)"
1770093892.128,512,4,"(511.0, 0.0)"
1770093892.138,512,4,"(511.0, 0.0)"
1770093892.148,512,4,"(511.0, 0.0)"
1770093892.159,512,4,"(511.0, 0.0)"
1770093892.17,512,4,"(511.0, 0.0)"
1770093892.18,512,4,"(511.0, 0.0)"
1770093892.19,512,4,"(511.0, 0.0)"
1770093892.201,512,4,"(511.0, 0.0)"
1770093892.212,512,4,"(511.0, 0.0)"
1770093892.223,512,4,"(511.0, 0.0)"
1770093892.234,512,4,"(511.0, 0.0)"
1770093892.245,512,4,"(511.0, 0.0)"
1770093892.255,512,4,"(511.0, 0.0)"
1770093892.267,512,4,"(511.0, 0.0)"
1770093892.278,512,4,"(511.0, 0.0)"
1770093892.288,512,4,"(511.0, 0.0)"
1770093892.3,512,4,"(511.0, 0.0)"
1770093892.311,512,4,"(511.0, 0.0)"
1770093892.321,512,4,"(511.0, 0.0)"
1770093892.332,512,4,"(511.0, 0.0)"
1770093892.343,512,4,"(511.0, 0.0)"
1770093892.354,512,4,"(511.0, 0.0)"
1770093892.366,512,4,"(511.0, 0.0)"
1770093892.377,512,4,"(511.0, 0.0)"
1770093892.388,512,4,"(511.0, 0.0)"
1770093892.399,512,4,"(511.0, 0.0)"
1770093892.409,512,4,"(511.0, 0.0)"
1770093892.42,512,4,"(511.0, 0.0)"
1770093892.431,512,4,"(511.0, 0.0)"
1770093892.441,512,4,"(511.0, 0.0)"
1770093892.452,512,4,"(511.0, 0.0)"
1770093892.467,512,4,"(511.0, 0.0)"
1770093892.478,512,4,"(511.0, 0.0)"
1770093892.489,512,4,"(511.0, 0.0)"
1770093892.5,512,4,"(511.0, 0.0)"
1770093892.51,512,4,"(511.0, 0.0)"
1770093892.522,512,4,"(511.0, 0.0)"
1770093892.532,512,4,"(511.0, 0.0)"
1770093892.543,512,4,"(511.0, 0.0)"
1770093892.554,512,4,"(511.0, 21.0)"
1770093892.564,512,4,"(511.0, 21.0)"
1770093892.575,512,4,"(511.0, 43.0)"
1770093892.586,512,4,"(511.0, 43.0)"
1770093892.597,512,4,"(511.0, 43.0)"
1770093892.607,512,4,"(511.0, 43.0)"
1770093892.619,512,4,"(511.0, 43.0)"
1770093892.629,512,4,"(511.0, 43.0)"
1770093892.639,512,4,"(511.0, 43.0)"
1770093892.65,512,4,"(511.0, 43.0)"
1770093892.66,512,4,"(511.0, 43.0)"
1770093892.671,512,4,"(511.0, 43.0)"
1770093892.681,512,4,"(511.0, 43.0)"
1770093892.692,512,4,"(511.0, 43.0)"
1770093892.702,512,4,"(511.0, 43.0)"
1770093892.712,512,4,"(511.0, 43.0)"
1770093892.724,512,4,"(511.0, 43.0)"
1770093892.734,512,4,"(511.0, 43.0)"
1770093892.745,512,4,"(511.0, 43.0)"
1770093892.755,512,4,"(511.0, 43.0)"
1770093892.765,512,4,"(511.0, 43.0)"
1770093892.775,512,4,"(511.0, 43.0)"
1770093892.787,512,4,"(511.0, 43.0)"
1770093892.799,512,4,"(511.0, 43.0)"
1770093892.81,512,4,"(511.0, 43.0)"
1770093892.82,512,4,"(511.0, 43.0)"
1770093892.831,512,4,"(511.0, 43.0)"
1770093892.841,512,4,"(511.0, 43.0)"
1770093892.852,512,4,"(511.0, 43.0)"
1770093892.862,512,4,"(511.0, 43.0)"
1770093892.872,512,4,"(511.0, 43.0)"
1770093892.884,512,4,"(511.0, 21.0)"
1770093892.895,512,4,"(511.0, 21.0)"
1770093892.906,512,4,"(511.0, 21.0)"
1770093892.917,512,4,"(511.0, 21.0)"
1770093892.927,512,4,"(511.0, 21.0)"
1770093892.938,512,4,"(511.0, 43.0)"
1770093892.95,512,4,"(511.0, 43.0)"
1770093892.96,512,4,"(511.0, 43.0)"
1770093892.971,512,4,"(511.0, 43.0)"
1770093892.982,512,4,"(511.0, 43.0)"
1770093892.993,512,4,"(511.0, 43.0)"
1770093893.004,512,4,"(511.0, 43.0)"
1770093893.014,512,4,"(511.0, 43.0)"
1770093893.024,512,4,"(511.0, 43.0)"
1770093893.035,512,4,"(511.0, 21.0)"
1770093893.045,512,4,"(511.0, 21.0)"
1770093893.056,512,4,"(511.0, 0.0)"
1770093893.067,512,4,"(511.0, 0.0)"
1770093893.078,512,4,"(511.0, 0.0)"
1770093893.089,512,4,"(511.0, 0.0)"
1770093893.1,512,4,"(511.0, 0.0)"
1770093893.111,512,4,"(511.0, 0.0)"
1770093893.122,512,4,"(511.0, 0.0)"
1770093893.132,512,4,"(511.0, 0.0)"
1770093893.143,512,4,"(511.0, 0.0)"
1770093893.156,512,4,"(511.0, 0.0)"
1770093893.166,512,4,"(511.0, 0.0)"
1770093893.177,512,4,"(511.0, 0.0)"
1770093893.189,512,4,"(511.0, 0.0)"
1770093893.2,512,4,"(511.0, 0.0)"
1770093893.211,512,4,"(511.0, 0.0)"
1770093893.222,512,4,"(511.0, 21.0)"
1770093893.233,512,4,"(511.0, 21.0)"
1770093893.243,512,4,"(511.0, 21.0)"
1770093893.253,512,4,"(511.0, 21.0)"
1770093893.264,512,4,"(511.0, 21.0)"
1770093893.275,512,4,"(511.0, 43.0)"
1770093893.288,512,4,"(511.0, 43.0)"
1770093893.298,512,4,"(511.0, 43.0)"
1770093893.309,512,4,"(511.0, 43.0)"
1770093893.319,512,4,"(511.0, 43.0)"
1770093893.33,512,4,"(511.0, 43.0)"
1770093893.341,512,4,"(511.0, 43.0)"
1770093893.351,512,4,"(511.0, 43.0)"
1770093893.361,512,4,"(511.0, 43.0)"
1770093893.373,512,4,"(511.0, 43.0)"
1770093893.383,512,4,"(511.0, 43.0)"
1770093893.393,512,4,"(511.0, 43.0)"
1770093893.406,512,4,"(511.0, 43.0)"
1770093893.417,512,4,"(511.0, 43.0)"
1770093893.427,512,4,"(511.0, 43.0)"
1770093893.437,512,4,"(511.0, 43.0)"
1770093893.448,512,4,"(511.0, 43.0)"
1770093893.458,512,4,"(511.0, 43.0)"
1770093893.47,512,4,"(511.0, 43.0)"
1770093893.482,512,4,"(511.0, 43.0)"
1770093893.493,512,4,"(511.0, 43.0)"
1770093893.505,512,4,"(511.0, 43.0)"
1770093893.516,512,4,"(511.0, 43.0)"
1770093893.527,512,4,"(511.0, 43.0)"
1770093893.537,512,4,"(511.0, 43.0)"
1770093893.547,512,4,"(511.0, 43.0)"
1770093893.558,512,4,"(511.0, 43.0)"
1770093893.569,512,4,"(511.0, 43.0)"
1770093893.58,512,4,"(511.0, 43.0)"
1770093893.59,512,4,"(511.0, 43.0)"
1770093893.6,512,4,"(511.0, 43.0)"
1770093893.611,512,4,"(511.0, 43.0)"
1770093893.622,512,4,"(511.0, 43.0)"
1770093893.633,512,4,"(511.0, 43.0)"
1770093893.644,512,4,"(511.0, 43.0)"
1770093893.656,512,4,"(511.0, 43.0)"
1770093893.667,512,4,"(511.0, 43.0)"
1770093893.677,512,4,"(511.0, 43.0)"
1770093893.687,512,4,"(511.0, 43.0)"
1770093893.697,512,4,"(511.0, 43.0)"
1770093893.708,512,4,"(511.0, 43.0)"
1770093893.718,512,4,"(511.0, 43.0)"
1770093893.73,512,4,"(511.0, 43.0)"
1770093893.74,512,4,"(511.0, 43.0)"
1770093893.75,512,4,"(511.0, 43.0)"
1770093893.76,512,4,"(511.0, 43.0)"
1770093893.771,512,4,"(511.0, 43.0)"
1770093893.781,512,4,"(511.0, 43.0)"
1770093893.792,512,4,"(511.0, 43.0)"
1770093893.803,512,4,"(511.0, 43.0)"
1770093893.813,512,4,"(511.0, 43.0)"
1770093893.824,512,4,"(511.0, 43.0)"
1770093893.834,512,4,"(511.0, 43.0)"
1770093893.844,512,4,"(511.0, 43.0)"
1770093893.854,512,4,"(511.0, 43.0)"
1770093893.865,512,4,"(511.0, 43.0)"
1770093893.876,512,4,"(511.0, 43.0)"
1770093893.887,512,4,"(511.0, 43.0)"
1770093893.897,512,4,"(511.0, 43.0)"
1770093893.907,512,4,"(511.0, 43.0)"
1770093893.918,512,4,"(511.0, 43.0)"
1770093893.928,512,4,"(511.0, 43.0)"
1770093893.938,512,4,"(511.0, 43.0)"
1770093893.948,512,4,"(511.0, 43.0)"
1770093893.959,512,4,"(511.0, 43.0)"
1770093893.97,512,4,"(511.0, 43.0)"
1770093893.981,512,4,"(511.0, 43.0)"
1770093893.992,512,4,"(511.0, 43.0)"
1770093894.002,512,4,"(511.0, 43.0)"
1770093894.013,512,4,"(511.0, 43.0)"
1770093894.023,512,4,"(511.0, 43.0)"
1770093894.033,512,4,"(511.0, 43.0)"
1770093894.044,512,4,"(511.0, 43.0)"
1770093894.055,512,4,"(511.0, 43.0)"
1770093894.065,512,4,"(511.0, 43.0)"
1770093894.075,512,4,"(511.0, 43.0)"
1770093894.086,512,4,"(511.0, 43.0)"
1770093894.097,512,4,"(511.0, 43.0)"
1770093894.107,512,4,"(511.0, 43.0)"
1770093894.117,512,4,"(511.0, 43.0)"
1770093894.127,512,4,"(511.0, 43.0)"
1770093894.138,512,4,"(511.0, 43.0)"
1770093894.149,512,4,"(511.0, 43.0)"
1770093894.16,512,4,"(511.0, 43.0)"
1770093894.172,512,4,"(511.0, 43.0)"
1770093894.182,512,4,"(511.0, 43.0)"
1770093894.192,512,4,"(511.0, 43.0)"
1770093894.202,512,4,"(511.0, 43.0)"
1770093894.214,512,4,"(511.0, 43.0)"
1770093894.224,512,4,"(511.0, 43.0)"
1770093894.235,512,4,"(511.0, 43.0)"
1770093894.245,512,4,"(511.0, 43.0)"
1770093894.255,512,4,"(511.0, 43.0)"
1770093894.266,512,4,"(511.0, 43.0)"
1770093894.277,512,4,"(511.0, 43.0)"
1770093894.287,512,4,"(511.0, 43.0)"
1770093894.297,512,4,"(511.0, 43.0)"
1770093894.308,512,4,"(511.0, 43.0)"
1770093894.319,512,4,"(511.0, 43.0)"
1770093894.329,512,4,"(511.0, 43.0)"
1770093894.339,512,4,"(511.0, 43.0)"
1770093894.351,512,4,"(511.0, 43.0)"
1770093894.361,512,4,"(511.0, 43.0)"
1770093894.371,512,4,"(511.0, 43.0)"
1770093894.382,512,4,"(511.0, 43.0)"
1770093894.393,512,4,"(511.0, 43.0)"
1770093894.404,512,4,"(511.0, 43.0)"
1770093894.415,512,4,"(511.0, 43.0)"
1770093894.425,512,4,"(511.0, 43.0)"
1770093894.437,512,4,"(511.0, 43.0)"
1770093894.447,512,4,"(511.0, 43.0)"
1770221708.872,702,1,"(523.0, 159.0)"
1770221708.882,702,1,"(523.0, 162.0)"
1770221708.893,702,1,"(523.0, 162.0)"
1770221708.903,702,1,"(523.0, 162.0)"
1770221708.914,702,1,"(523.0, 162.0)"
1770221708.925,702,1,"(523.0, 162.0)"
1770221708.935,702,1,"(523.0, 162.0)"
1770221708.947,702,1,"(523.0, 162.0)"
1770221708.957,702,1,"(523.0, 165.0)"
1770221708.968,702,1,"(523.0, 165.0)"
1770221708.978,702,1,"(523.0, 165.0)"
1770221708.989,702,1,"(523.0, 165.0)"
1770221708.999,702,1,"(523.0, 165.0)"
1770221709.009,702,1,"(523.0, 162.0)"
1770221709.02,702,1,"(523.0, 162.0)"
1770221709.031,702,1,"(523.0, 162.0)"
1770221709.042,702,1,"(523.0, 162.0)"
1770221709.054,702,1,"(523.0, 162.0)"
1770221709.064,702,1,"(523.0, 162.0)"
1770221709.075,702,1,"(523.0, 162.0)"
1770221709.086,702,1,"(523.0, 162.0)"
1770221709.097,702,1,"(523.0, 162.0)"
1770221709.108,702,1,"(523.0, 159.0)"
1770221709.118,702,1,"(523.0, 159.0)"
1770221709.129,702,1,"(523.0, 159.0)"
1770221709.139,702,1,"(523.0, 159.0)"
1770221709.15,702,1,"(523.0, 162.0)"
1770221709.16,702,1,"(523.0, 162.0)"
1770221709.171,702,1,"(523.0, 162.0)"
1770221709.182,702,1,"(523.0, 162.0)"
1770221709.192,702,1,"(523.0, 162.0)"
1770221709.202,702,1,"(523.0, 162.0)"
1770221709.213,702,1,"(523.0, 162.0)"
1770221709.224,702,1,"(523.0, 162.0)"
1770221709.234,702,1,"(523.0, 162.0)"
1770221709.245,702,1,"(523.0, 162.0)"
1770221709.255,702,1,"(523.0, 162.0)"
1770221709.266,702,1,"(523.0, 162.0)"
1770221709.278,702,1,"(523.0, 162.0)"
1770221709.289,702,1,"(523.0, 162.0)"
1770221709.3,702,1,"(523.0, 162.0)"
1770221709.311,702,1,"(523.0, 162.0)"
1770221709.321,702,1,"(523.0, 162.0)"
1770221709.332,702,1,"(523.0, 162.0)"
1770221709.342,702,1,"(523.0, 162.0)"
1770221709.353,702,1,"(523.0, 162.0)"
1770221709.363,702,1,"(523.0, 162.0)"
1770221709.374,702,1,"(523.0, 162.0)"
1770221709.385,702,1,"(523.0, 162.0)"
1770221709.395,702,1,"(523.0, 162.0)"
1770221709.406,702,1,"(523.0, 162.0)"
1770221709.416,702,1,"(523.0, 159.0)"
1770221709.427,702,1,"(523.0, 159.0)"
1770221709.438,702,1,"(523.0, 159.0)"
1770221709.448,702,1,"(523.0, 159.0)"
1770221709.459,702,1,"(523.0, 159.0)"
1770221709.47,702,1,"(523.0, 159.0)"
1770221709.48,702,1,"(523.0, 159.0)"
1770221709.491,702,1,"(523.0, 157.0)"
1770221709.501,702,1,"(523.0, 157.0)"
1770221709.513,702,1,"(523.0, 154.0)"
1770221709.523,702,1,"(523.0, 154.0)"
1770221709.534,702,1,"(523.0, 154.0)"
1770221709.545,702,1,"(523.0, 154.0)"
1770221709.555,702,1,"(523.0, 154.0)"
1770221709.566,702,1,"(523.0, 154.0)"
1770221709.577,702,1,"(523.0, 151.0)"
1770221709.587,702,1,"(523.0, 151.0)"
1770221709.598,702,1,"(523.0, 151.0)"
1770221709.61,702,1,"(523.0, 148.0)"
1770221709.62,702,1,"(523.0, 148.0)"
1770221709.631,702,1,"(523.0, 148.0)"
1770221709.641,702,1,"(523.0, 148.0)"
1770221709.652,702,1,"(523.0, 148.0)"
1770221709.662,702,1,"(523.0, 148.0)"
1770221709.672,702,1,"(523.0, 148.0)"
1770221709.682,702,1,"(523.0, 148.0)"
1770221709.692,702,1,"(523.0, 148.0)"
1770221709.702,702,1,"(523.0, 148.0)"
1770221709.713,702,1,"(523.0, 148.0)"
1770221709.726,702,1,"(523.0, 148.0)"
1770221709.736,702,1,"(523.0, 148.0)"
1770221709.746,702,1,"(523.0, 148.0)"
1770221709.757,702,1,"(523.0, 148.0)"
1770221709.767,702,1,"(523.0, 148.0)"
1770221709.778,702,1,"(523.0, 148.0)"
1770221709.789,702,1,"(523.0, 148.0)"
1770221709.799,702,1,"(523.0, 148.0)"
1770221709.809,702,1,"(523.0, 151.0)"
1770221709.82,702,1,"(523.0, 151.0)"
1770221709.83,702,1,"(523.0, 151.0)"
1770221709.841,702,1,"(523.0, 151.0)"
1770221709.851,702,1,"(523.0, 151.0)"
1770221709.861,702,1,"(523.0, 151.0)"
1770221709.872,702,1,"(523.0, 154.0)"
1770221709.882,702,1,"(523.0, 154.0)"
1770221709.892,702,1,"(523.0, 154.0)"
1770221709.903,702,1,"(523.0, 154.0)"
1770221709.913,702,1,"(523.0, 154.0)"
1770221709.923,702,1,"(523.0, 154.0)"
1770221709.934,702,1,"(523.0, 154.0)"
1770221709.945,702,1,"(523.0, 154.0)"
1770221709.955,702,1,"(523.0, 151.0)"
1770221709.966,702,1,"(523.0, 151.0)"
1770221709.976,702,1,"(523.0, 148.0)"
1770221709.987,702,1,"(523.0, 148.0)"
1770221709.997,702,1,"(523.0, 148.0)"
1770221710.008,702,1,"(523.0, 148.0)"
1770221710.018,702,1,"(523.0, 148.0)"
1770221710.029,702,1,"(523.0, 148.0)"
1770221710.04,702,1,"(523.0, 148.0)"
1770221710.05,702,1,"(523.0, 148.0)"
1770221710.061,702,1,"(523.0, 148.0)"
1770221710.074,702,1,"(523.0, 148.0)"
1770221710.086,702,1,"(523.0, 148.0)"
1770221710.096,702,1,"(523.0, 151.0)"
1770221710.107,702,1,"(523.0, 151.0)"
1770221710.117,702,1,"(523.0, 154.0)"
1770221710.128,702,1,"(523.0, 154.0)"
1770221710.139,702,1,"(523.0, 154.0)"
1770221710.149,702,1,"(523.0, 154.0)"
1770221710.16,702,1,"(523.0, 154.0)"
1770221710.17,702,1,"(523.0, 154.0)"
1770221710.18,702,1,"(523.0, 154.0)"
1770221710.191,702,1,"(523.0, 154.0)"
1770221710.201,702,1,"(523.0, 154.0)"
1770221710.212,702,1,"(523.0, 154.0)"
1770221710.223,702,1,"(523.0, 154.0)"
1770221710.235,702,1,"(523.0, 154.0)"
1770221710.245,702,1,"(523.0, 154.0)"
1770221710.256,702,1,"(523.0, 154.0)"
1770221710.266,702,1,"(523.0, 154.0)"
1770221710.276,702,1,"(523.0, 154.0)"
1770221710.287,702,1,"(523.0, 157.0)"
1770221710.297,702,1,"(523.0, 157.0)"
1770221710.307,702,1,"(523.0, 157.0)"
1770221710.318,702,1,"(523.0, 159.0)"
1770221710.328,702,1,"(523.0, 159.0)"
1770221710.339,702,1,"(523.0, 159.0)"
1770221710.349,702,1,"(523.0, 159.0)"
1770221710.36,702,1,"(523.0, 159.0)"
1770221710.371,702,1,"(523.0, 159.0)"
1770221710.381,702,1,"(523.0, 159.0)"
1770221710.392,702,1,"(523.0, 159.0)"
1770221710.403,702,1,"(523.0, 159.0)"
1770221710.413,702,1,"(523.0, 159.0)"
1770221710.424,702,1,"(523.0, 159.0)"
1770221710.435,702,1,"(523.0, 159.0)"
1770221710.445,702,1,"(523.0, 159.0)"
1770221710.455,702,1,"(523.0, 159.0)"
1770221710.466,702,1,"(523.0, 162.0)"
1770221710.477,702,1,"(523.0, 162.0)"
1770221710.487,702,1,"(523.0, 162.0)"
1770221710.498,702,1,"(523.0, 165.0)"
1770221710.508,702,1,"(523.0, 165.0)"
1770221710.519,702,1,"(523.0, 165.0)"
1770221710.529,702,1,"(523.0, 165.0)"
1770221710.54,702,1,"(523.0, 165.0)"
1770221710.551,702,1,"(523.0, 165.0)"
1770221710.562,702,1,"(523.0, 165.0)"
1770221710.573,702,1,"(523.0, 165.0)"
1770221710.584,702,1,"(523.0, 165.0)"
1770221710.594,702,1,"(523.0, 165.0)"
1770221710.604,702,1,"(523.0, 165.0)"
1770221710.615,702,1,"(523.0, 168.0)"
1770221710.625,702,1,"(523.0, 168.0)"
1770221710.635,702,1,"(523.0, 168.0)"
1770221710.646,702,1,"(523.0, 168.0)"
1770221710.657,702,1,"(523.0, 170.0)"
1770221710.667,702,1,"(523.0, 170.0)"
1770221710.678,702,1,"(523.0, 170.0)"
1770221710.689,702,1,"(523.0, 170.0)"
1770221710.699,702,1,"(523.0, 170.0)"
1770221710.709,702,1,"(523.0, 170.0)"
1770221710.72,702,1,"(523.0, 170.0)"
1770221710.731,702,1,"(523.0, 170.0)"
1770221710.741,702,1,"(523.0, 170.0)"
1770221710.752,702,1,"(523.0, 170.0)"
1770221710.762,702,1,"(523.0, 170.0)"
1770221710.773,702,1,"(523.0, 170.0)"
1770221710.784,702,1,"(523.0, 170.0)"
1770221710.794,702,1,"(523.0, 170.0)"
1770221710.805,702,1,"(523.0, 170.0)"
1770221710.815,702,1,"(523.0, 170.0)"
1770221710.826,702,1,"(523.0, 170.0)"
1770221710.837,702,1,"(523.0, 170.0)"
1770221710.847,702,1,"(523.0, 170.0)"
1770221710.857,702,1,"(523.0, 170.0)"
1770221710.867,702,1,"(523.0, 170.0)"
1770221710.878,702,1,"(523.0, 170.0)"
1770221710.889,702,1,"(523.0, 170.0)"
1770221710.9,702,1,"(523.0, 173.0)"
1770221710.91,702,1,"(523.0, 173.0)"
1770221710.92,702,1,"(523.0, 173.0)"
1770221710.931,702,1,"(523.0, 173.0)"
1770221710.941,702,1,"(523.0, 173.0)"
1770221710.951,702,1,"(523.0, 176.0)"
1770221710.962,702,1,"(523.0, 176.0)"
1770221710.973,702,1,"(523.0, 176.0)"
1770221710.984,702,1,"(523.0, 176.0)"
1770221710.994,702,1,"(523.0, 176.0)"
1770221711.005,702,1,"(523.0, 176.0)"
1770221711.015,702,1,"(523.0, 176.0)"
1770221711.025,702,1,"(523.0, 176.0)"
1770221711.036,702,1,"(523.0, 176.0)"
1770221711.047,702,1,"(523.0, 176.0)"
1770221711.057,702,1,"(523.0, 176.0)"
1770221711.068,702,1,"(523.0, 176.0)"
1770221711.078,702,1,"(523.0, 176.0)"
1770221711.089,702,1,"(523.0, 176.0)"
1770221711.099,702,1,"(523.0, 176.0)"
1770221711.11,702,1,"(523.0, 176.0)"
1770221711.121,702,1,"(523.0, 176.0)"
1770221711.131,702,1,"(523.0, 176.0)"
1770221711.143,702,1,"(523.0, 176.0)"
1770221711.153,702,1,"(523.0, 176.0)"
1770221711.164,702,1,"(523.0, 176.0)"
1770221711.174,702,1,"(523.0, 176.0)"
1770221711.185,702,1,"(523.0, 176.0)"
1770221711.195,702,1,"(523.0, 176.0)"
1770221711.206,702,1,"(523.0, 176.0)"
1770221711.216,702,1,"(523.0, 176.0)"
1770221711.226,702,1,"(523.0, 176.0)"
1770221711.237,702,1,"(523.0, 176.0)"
1770221711.247,702,1,"(523.0, 176.0)"
1770221711.257,702,1,"(523.0, 176.0)"
1770221711.268,702,1,"(523.0, 176.0)"
1770221711.279,702,1,"(523.0, 176.0)"
1770221711.289,702,1,"(523.0, 176.0)"
1770221711.3,702,1,"(523.0, 176.0)"
1770221711.31,702,1,"(523.0, 173.0)"
1770221711.32,702,1,"(523.0, 173.0)"
1770221711.331,702,1,"(523.0, 173.0)"
1770221711.342,702,1,"(523.0, 173.0)"
1770221711.352,702,1,"(523.0, 173.0)"
1770221711.363,702,1,"(523.0, 173.0)"
1770221711.374,702,1,"(523.0, 173.0)"
1770221711.384,702,1,"(523.0, 170.0)"
1770221711.394,702,1,"(523.0, 170.0)"
1770221711.405,702,1,"(523.0, 170.0)"
1770221711.415,702,1,"(523.0, 170.0)"
1770221711.426,702,1,"(523.0, 170.0)"
1770221711.437,702,1,"(523.0, 170.0)"
1770221711.447,702,1,"(523.0, 170.0)"
1770221711.458,702,1,"(523.0, 170.0)"
1770221711.468,702,1,"(523.0, 170.0)"
1770221711.478,702,1,"(523.0, 170.0)"
1770221711.489,702,1,"(523.0, 170.0)"
1770221711.5,702,1,"(523.0, 170.0)"
1770221711.511,702,1,"(523.0, 170.0)"
1770221711.521,702,1,"(523.0, 170.0)"
1770221711.531,702,1,"(523.0, 170.0)"
1770221711.541,702,1,"(523.0, 170.0)"
1770221711.552,702,1,"(523.0, 170.0)"
1770221711.562,702,1,"(523.0, 170.0)"
1770221711.572,702,1,"(523.0, 170.0)"
1770221711.582,702,1,"(523.0, 170.0)"
1770221711.592,702,1,"(523.0, 168.0)"
1770221711.603,702,1,"(523.0, 168.0)"
1770221711.613,702,1,"(523.0, 168.0)"
1770221711.624,702,1,"(523.0, 168.0)"
1770221711.635,702,1,"(523.0, 168.0)"
1770221711.645,702,1,"(523.0, 168.0)"
1770221711.656,702,1,"(523.0, 168.0)"
1770221711.666,702,1,"(523.0, 168.0)"
1770221711.677,702,1,"(523.0, 168.0)"
1770221711.687,702,1,"(523.0, 165.0)"
1770221711.698,702,1,"(523.0, 165.0)"
1770221711.709,702,1,"(523.0, 165.0)"
1770221711.72,702,1,"(523.0, 165.0)"
1770221711.73,702,1,"(523.0, 165.0)"
1770221711.74,702,1,"(523.0, 165.0)"
1770221711.75,702,1,"(523.0, 165.0)"
1770221711.761,702,1,"(523.0, 165.0)"
1770221711.771,702,1,"(523.0, 165.0)"
1770221711.782,702,1,"(523.0, 165.0)"
1770221711.792,702,1,"(523.0, 165.0)"
1770221711.803,702,1,"(523.0, 165.0)"
1770221711.814,702,1,"(523.0, 165.0)"
1770221711.824,702,1,"(523.0, 162.0)"
1770221711.834,702,1,"(523.0, 162.0)"
1770221711.845,702,1,"(523.0, 162.0)"
1770221711.856,702,1,"(523.0, 162.0)"
1770221711.866,702,1,"(523.0, 165.0)"
1770221722.25,702,2,"(523.0, 107.0)"
1770221722.264,702,2,"(523.0, 110.0)"
1770221722.275,702,2,"(547.0, 110.0)"
1770221722.286,702,2,"(523.0, 113.0)"
1770221722.298,702,2,"(523.0, 113.0)"
1770221722.309,702,2,"(547.0, 113.0)"
1770221722.319,702,2,"(523.0, 113.0)"
1770221722.331,702,2,"(523.0, 113.0)"
1770221722.342,702,2,"(523.0, 110.0)"
1770221722.352,702,2,"(499.0, 110.0)"
1770221722.363,702,2,"(499.0, 110.0)"
1770221722.373,702,2,"(523.0, 110.0)"
1770221722.384,702,2,"(523.0, 107.0)"
1770221722.395,702,2,"(523.0, 107.0)"
1770221722.405,702,2,"(547.0, 107.0)"
1770221722.417,702,2,"(523.0, 110.0)"
1770221722.427,702,2,"(523.0, 113.0)"
1770221722.438,702,2,"(523.0, 113.0)"
1770221722.45,702,2,"(499.0, 115.0)"
1770221722.461,702,2,"(547.0, 118.0)"
1770221722.472,702,2,"(499.0, 118.0)"
1770221722.484,702,2,"(547.0, 115.0)"
1770221722.495,702,2,"(523.0, 110.0)"
1770221722.505,702,2,"(523.0, 107.0)"
1770221722.519,702,2,"(523.0, 104.0)"
1770221722.529,702,2,"(547.0, 104.0)"
1770221722.54,702,2,"(523.0, 104.0)"
1770221722.551,702,2,"(523.0, 104.0)"
1770221722.561,702,2,"(523.0, 102.0)"
1770221722.573,702,2,"(523.0, 102.0)"
1770221722.583,702,2,"(523.0, 102.0)"
1770221722.594,702,2,"(523.0, 102.0)"
1770221722.605,702,2,"(499.0, 107.0)"
1770221722.616,702,2,"(523.0, 107.0)"
1770221722.627,702,2,"(523.0, 107.0)"
1770221722.638,702,2,"(523.0, 107.0)"
1770221722.648,702,2,"(523.0, 107.0)"
1770221722.659,702,2,"(523.0, 107.0)"
1770221722.67,702,2,"(523.0, 107.0)"
1770221722.681,702,2,"(523.0, 104.0)"
1770221722.691,702,2,"(499.0, 104.0)"
1770221722.703,702,2,"(523.0, 102.0)"
1770221722.714,702,2,"(523.0, 102.0)"
1770221722.724,702,2,"(523.0, 102.0)"
1770221722.736,702,2,"(523.0, 102.0)"
1770221722.746,702,2,"(547.0, 104.0)"
1770221722.757,702,2,"(523.0, 107.0)"
1770221722.77,702,2,"(523.0, 110.0)"
1770221722.781,702,2,"(547.0, 115.0)"
1770221722.792,702,2,"(523.0, 115.0)"
1770221722.802,702,2,"(523.0, 115.0)"
1770221722.812,702,2,"(523.0, 115.0)"
1770221722.822,702,2,"(523.0, 118.0)"
1770221722.835,702,2,"(523.0, 118.0)"
1770221722.847,702,2,"(547.0, 118.0)"
1770221722.857,702,2,"(523.0, 118.0)"
1770221722.868,702,2,"(523.0, 118.0)"
1770221722.878,702,2,"(523.0, 118.0)"
1770221722.889,702,2,"(523.0, 121.0)"
1770221722.9,702,2,"(523.0, 121.0)"
1770221722.91,702,2,"(523.0, 124.0)"
1770221722.92,702,2,"(523.0, 124.0)"
1770221722.931,702,2,"(523.0, 124.0)"
1770221722.943,702,2,"(523.0, 124.0)"
1770221722.953,702,2,"(523.0, 126.0)"
1770221722.964,702,2,"(523.0, 126.0)"
1770221722.975,702,2,"(523.0, 126.0)"
1770221722.986,702,2,"(523.0, 129.0)"
1770221722.996,702,2,"(499.0, 129.0)"
1770221723.007,702,2,"(523.0, 129.0)"
1770221723.019,702,2,"(523.0, 129.0)"
1770221723.03,702,2,"(523.0, 126.0)"
1770221723.041,702,2,"(523.0, 126.0)"
1770221723.052,702,2,"(523.0, 126.0)"
1770221723.062,702,2,"(523.0, 129.0)"
1770221723.072,702,2,"(499.0, 129.0)"
1770221723.083,702,2,"(499.0, 129.0)"
1770221723.094,702,2,"(523.0, 129.0)"
1770221723.104,702,2,"(523.0, 126.0)"
1770221723.115,702,2,"(523.0, 124.0)"
1770221723.126,702,2,"(523.0, 121.0)"
1770221723.137,702,2,"(523.0, 118.0)"
1770221723.148,702,2,"(523.0, 115.0)"
1770221723.159,702,2,"(523.0, 115.0)"
1770221723.17,702,2,"(523.0, 115.0)"
1770221723.181,702,2,"(523.0, 115.0)"
1770221723.192,702,2,"(523.0, 115.0)"
1770221723.205,702,2,"(523.0, 113.0)"
1770221723.216,702,2,"(523.0, 110.0)"
1770221723.226,702,2,"(523.0, 107.0)"
1770221723.239,702,2,"(523.0, 104.0)"
1770221723.249,702,2,"(523.0, 102.0)"
1770221723.26,702,2,"(523.0, 99.0)"
1770221723.273,702,2,"(523.0, 99.0)"
1770221723.283,702,2,"(523.0, 102.0)"
1770221723.294,702,2,"(523.0, 102.0)"
1770221723.305,702,2,"(523.0, 102.0)"
1770221723.316,702,2,"(523.0, 102.0)"
1770221723.326,702,2,"(523.0, 102.0)"
1770221723.337,702,2,"(523.0, 102.0)"
1770221723.347,702,2,"(523.0, 102.0)"
1770221723.358,702,2,"(523.0, 102.0)"
1770221723.369,702,2,"(523.0, 104.0)"
1770221723.38,702,2,"(523.0, 104.0)"
1770221723.391,702,2,"(523.0, 104.0)"
1770221723.403,702,2,"(523.0, 104.0)"
1770221723.413,702,2,"(523.0, 104.0)"
1770221723.424,702,2,"(523.0, 104.0)"
1770221723.436,702,2,"(523.0, 107.0)"
1770221723.447,702,2,"(523.0, 107.0)"
1770221723.458,702,2,"(523.0, 110.0)"
1770221723.469,702,2,"(523.0, 110.0)"
1770221723.48,702,2,"(523.0, 115.0)"
1770221723.49,702,2,"(523.0, 115.0)"
1770221723.501,702,2,"(523.0, 118.0)"
1770221723.512,702,2,"(523.0, 121.0)"
1770221723.523,702,2,"(523.0, 121.0)"
1770221723.533,702,2,"(523.0, 121.0)"
1770221723.544,702,2,"(523.0, 124.0)"
1770221723.555,702,2,"(523.0, 124.0)"
1770221723.566,702,2,"(523.0, 126.0)"
1770221723.577,702,2,"(523.0, 126.0)"
1770221723.588,702,2,"(523.0, 124.0)"
1770221723.599,702,2,"(523.0, 121.0)"
1770221723.61,702,2,"(523.0, 121.0)"
1770221723.622,702,2,"(523.0, 121.0)"
1770221723.633,702,2,"(523.0, 121.0)"
1770221723.644,702,2,"(523.0, 121.0)"
1770221723.655,702,2,"(523.0, 121.0)"
1770221723.665,702,2,"(523.0, 121.0)"
1770221723.676,702,2,"(523.0, 121.0)"
1770221723.687,702,2,"(523.0, 124.0)"
1770221723.697,702,2,"(523.0, 121.0)"
1770221723.708,702,2,"(523.0, 121.0)"
1770221723.718,702,2,"(547.0, 118.0)"
1770221723.729,702,2,"(499.0, 118.0)"
1770221723.74,702,2,"(523.0, 115.0)"
1770221723.751,702,2,"(523.0, 113.0)"
1770221723.761,702,2,"(523.0, 110.0)"
1770221723.774,702,2,"(523.0, 107.0)"
1770221723.785,702,2,"(523.0, 102.0)"
1770221723.795,702,2,"(547.0, 99.0)"
1770221723.807,702,2,"(547.0, 96.0)"
1770221723.818,702,2,"(523.0, 93.0)"
1770221723.828,702,2,"(523.0, 93.0)"
1770221723.841,702,2,"(523.0, 93.0)"
1770221723.852,702,2,"(523.0, 93.0)"
1770221723.863,702,2,"(523.0, 93.0)"
1770221723.876,702,2,"(523.0, 93.0)"
1770221723.887,702,2,"(523.0, 93.0)"
1770221723.897,702,2,"(523.0, 90.0)"
1770221723.91,702,2,"(499.0, 90.0)"
1770221723.92,702,2,"(523.0, 88.0)"
1770221723.931,702,2,"(523.0, 88.0)"
1770221723.942,702,2,"(523.0, 85.0)"
1770221723.953,702,2,"(523.0, 85.0)"
1770221723.963,702,2,"(523.0, 82.0)"
1770221723.975,702,2,"(523.0, 82.0)"
1770221723.986,702,2,"(523.0, 85.0)"
1770221723.997,702,2,"(523.0, 85.0)"
1770221724.007,702,2,"(523.0, 88.0)"
1770221724.017,702,2,"(523.0, 88.0)"
1770221724.028,702,2,"(523.0, 88.0)"
1770221724.04,702,2,"(547.0, 90.0)"
1770221724.051,702,2,"(523.0, 90.0)"
1770221724.062,702,2,"(523.0, 90.0)"
1770221724.074,702,2,"(523.0, 90.0)"
1770221724.085,702,2,"(523.0, 88.0)"
1770221724.096,702,2,"(523.0, 88.0)"
1770221724.107,702,2,"(523.0, 88.0)"
1770221724.118,702,2,"(523.0, 88.0)"
1770221724.129,702,2,"(523.0, 88.0)"
1770221724.14,702,2,"(523.0, 88.0)"
1770221724.151,702,2,"(523.0, 85.0)"
1770221724.161,702,2,"(523.0, 85.0)"
1770221724.174,702,2,"(523.0, 85.0)"
1770221724.184,702,2,"(523.0, 85.0)"
1770221724.195,702,2,"(523.0, 85.0)"
1770221724.207,702,2,"(523.0, 85.0)"
1770221724.218,702,2,"(547.0, 85.0)"
1770221724.228,702,2,"(523.0, 85.0)"
1770221724.24,702,2,"(523.0, 85.0)"
1770221724.251,702,2,"(523.0, 85.0)"
1770221724.263,702,2,"(523.0, 85.0)"
1770221724.274,702,2,"(523.0, 82.0)"
1770221724.285,702,2,"(547.0, 79.0)"
1770221724.295,702,2,"(523.0, 79.0)"
1770221724.309,702,2,"(523.0, 79.0)"
1770221724.319,702,2,"(523.0, 79.0)"
1770221724.33,702,2,"(523.0, 82.0)"
1770221724.341,702,2,"(523.0, 82.0)"
1770221724.351,702,2,"(523.0, 82.0)"
1770221724.362,702,2,"(523.0, 82.0)"
1770221724.373,702,2,"(523.0, 82.0)"
1770221724.384,702,2,"(523.0, 82.0)"
1770221724.394,702,2,"(523.0, 82.0)"
1770221724.405,702,2,"(523.0, 82.0)"
1770221724.416,702,2,"(523.0, 85.0)"
1770221724.426,702,2,"(523.0, 88.0)"
1770221724.437,702,2,"(523.0, 88.0)"
1770221724.448,702,2,"(523.0, 88.0)"
1770221724.459,702,2,"(523.0, 88.0)"
1770221724.47,702,2,"(523.0, 88.0)"
1770221724.48,702,2,"(523.0, 88.0)"
1770221724.493,702,2,"(499.0, 90.0)"
1770221724.503,702,2,"(499.0, 90.0)"
1770221724.514,702,2,"(499.0, 93.0)"
1770221724.526,702,2,"(523.0, 96.0)"
1770221724.536,702,2,"(499.0, 96.0)"
1770221724.547,702,2,"(523.0, 99.0)"
1770221724.559,702,2,"(547.0, 99.0)"
1770221724.57,702,2,"(523.0, 99.0)"
1770221724.581,702,2,"(523.0, 99.0)"
1770221724.591,702,2,"(523.0, 99.0)"
1770221724.601,702,2,"(523.0, 99.0)"
1770221724.612,702,2,"(523.0, 99.0)"
1770221724.624,702,2,"(523.0, 99.0)"
1770221724.634,702,2,"(523.0, 99.0)"
1770221724.645,702,2,"(523.0, 99.0)"
1770221724.658,702,2,"(523.0, 96.0)"
1770221724.668,702,2,"(523.0, 96.0)"
1770221724.679,702,2,"(499.0, 93.0)"
1770221724.691,702,2,"(499.0, 93.0)"
1770221724.702,702,2,"(523.0, 96.0)"
1770221724.712,702,2,"(523.0, 99.0)"
1770221724.725,702,2,"(523.0, 99.0)"
1770221724.736,702,2,"(523.0, 102.0)"
1770221724.746,702,2,"(523.0, 102.0)"
1770221724.759,702,2,"(523.0, 102.0)"
1770221724.769,702,2,"(523.0, 102.0)"
1770221724.78,702,2,"(523.0, 104.0)"
1770221724.792,702,2,"(523.0, 104.0)"
1770221724.802,702,2,"(523.0, 102.0)"
1770221724.813,702,2,"(523.0, 102.0)"
1770221724.825,702,2,"(523.0, 99.0)"
1770221724.836,702,2,"(523.0, 99.0)"
1770221724.846,702,2,"(523.0, 99.0)"
1770221724.858,702,2,"(523.0, 99.0)"
1770221724.869,702,2,"(523.0, 102.0)"
1770221724.88,702,2,"(523.0, 102.0)"
1770221724.89,702,2,"(499.0, 104.0)"
1770221724.901,702,2,"(523.0, 107.0)"
1770221724.912,702,2,"(523.0, 110.0)"
1770221724.925,702,2,"(523.0, 113.0)"
1770221724.936,702,2,"(499.0, 113.0)"
1770221724.947,702,2,"(523.0, 110.0)"
1770221724.96,702,2,"(523.0, 107.0)"
1770221724.971,702,2,"(547.0, 104.0)"
1770221724.981,702,2,"(523.0, 104.0)"
1770221724.993,702,2,"(523.0, 104.0)"
1770221725.003,702,2,"(499.0, 102.0)"
1770221725.013,702,2,"(523.0, 99.0)"
1770221725.024,702,2,"(523.0, 96.0)"
1770221725.034,702,2,"(523.0, 96.0)"
1770221725.045,702,2,"(523.0, 96.0)"
1770221725.056,702,2,"(523.0, 96.0)"
1770221725.067,702,2,"(523.0, 99.0)"
1770221725.077,702,2,"(523.0, 99.0)"
1770221725.088,702,2,"(523.0, 99.0)"
1770221725.099,702,2,"(523.0, 99.0)"
1770221725.109,702,2,"(523.0, 99.0)"
1770221725.12,702,2,"(523.0, 99.0)"
1770221725.131,702,2,"(523.0, 99.0)"
1770221725.143,702,2,"(523.0, 96.0)"
1770221725.154,702,2,"(523.0, 93.0)"
1770221725.164,702,2,"(523.0, 90.0)"
1770221725.176,702,2,"(523.0, 88.0)"
1770221725.186,702,2,"(523.0, 88.0)"
1770221725.197,702,2,"(523.0, 88.0)"
1770221725.211,702,2,"(523.0, 88.0)"
1770221725.222,702,2,"(523.0, 88.0)"
1770221725.233,702,2,"(523.0, 88.0)"
1770221725.244,702,2,"(523.0, 88.0)"
1770221725.255,702,2,"(523.0, 88.0)"
1770222157.82,799,1,"(613.0, 0.0)"
1770222157.831,799,1,"(613.0, 0.0)"
1770222157.842,799,1,"(613.0, 0.0)"
1770222157.852,799,1,"(613.0, 0.0)"
1770222157.863,799,1,"(613.0, 0.0)"
1770222157.874,799,1,"(613.0, 0.0)"
1770222157.885,799,1,"(613.0, 0.0)"
1770222157.897,799,1,"(613.0, 0.0)"
1770222157.908,799,1,"(613.0, 0.0)"
1770222157.919,799,1,"(613.0, 0.0)"
1770222157.932,799,1,"(613.0, 0.0)"
1770222157.943,799,1,"(613.0, 0.0)"
1770222157.953,799,1,"(613.0, 0.0)"
1770222157.963,799,1,"(613.0, 0.0)"
1770222157.974,799,1,"(613.0, 0.0)"
1770222157.985,799,1,"(613.0, 0.0)"
1770222157.995,799,1,"(613.0, 0.0)"
1770222158.006,799,1,"(613.0, 0.0)"
1770222158.017,799,1,"(613.0, 0.0)"
1770222158.027,799,1,"(613.0, 0.0)"
1770222158.038,799,1,"(613.0, 0.0)"
1770222158.049,799,1,"(613.0, 0.0)"
1770222158.059,799,1,"(613.0, 0.0)"
1770222158.07,799,1,"(613.0, 0.0)"
1770222158.08,799,1,"(613.0, 0.0)"
1770222158.091,799,1,"(613.0, 0.0)"
1770222158.102,799,1,"(613.0, 0.0)"
1770222158.112,799,1,"(613.0, 0.0)"
1770222158.123,799,1,"(613.0, 0.0)"
1770222158.133,799,1,"(613.0, 0.0)"
1770222158.143,799,1,"(613.0, 0.0)"
1770222158.154,799,1,"(613.0, 0.0)"
1770222158.165,799,1,"(613.0, 0.0)"
1770222158.176,799,1,"(613.0, 0.0)"
1770222158.186,799,1,"(613.0, 0.0)"
1770222158.196,799,1,"(613.0, 0.0)"
1770222158.207,799,1,"(613.0, 0.0)"
1770222158.217,799,1,"(613.0, 0.0)"
1770222158.227,799,1,"(613.0, 0.0)"
1770222158.237,799,1,"(613.0, 0.0)"
1770222158.248,799,1,"(613.0, 0.0)"
1770222158.26,799,1,"(613.0, 0.0)"
1770222158.272,799,1,"(613.0, 0.0)"
1770222158.282,799,1,"(613.0, 0.0)"
1770222158.293,799,1,"(613.0, 0.0)"
1770222158.303,799,1,"(613.0, 0.0)"
1770222158.314,799,1,"(613.0, 0.0)"
1770222158.326,799,1,"(613.0, 0.0)"
1770222158.336,799,1,"(613.0, 0.0)"
1770222158.346,799,1,"(613.0, 0.0)"
1770222158.357,799,1,"(613.0, 0.0)"
1770222158.367,799,1,"(613.0, 0.0)"
1770222158.377,799,1,"(613.0, 0.0)"
1770222158.388,799,1,"(613.0, 0.0)"
1770222158.399,799,1,"(613.0, 0.0)"
1770222158.41,799,1,"(613.0, 0.0)"
1770222158.421,799,1,"(613.0, 0.0)"
1770222158.431,799,1,"(613.0, 0.0)"
1770222158.443,799,1,"(613.0, 0.0)"
1770222158.454,799,1,"(613.0, 0.0)"
1770222158.465,799,1,"(613.0, 0.0)"
1770222158.476,799,1,"(613.0, 0.0)"
1770222158.486,799,1,"(613.0, 0.0)"
1770222158.497,799,1,"(613.0, 0.0)"
1770222158.507,799,1,"(613.0, 0.0)"
1770222158.518,799,1,"(613.0, 0.0)"
1770222158.529,799,1,"(613.0, 0.0)"
1770222158.539,799,1,"(613.0, 0.0)"
1770222158.55,799,1,"(613.0, 0.0)"
1770222158.56,799,1,"(613.0, 0.0)"
1770222158.57,799,1,"(613.0, 0.0)"
1770222158.581,799,1,"(613.0, 0.0)"
1770222158.592,799,1,"(613.0, 0.0)"
1770222158.602,799,1,"(613.0, 0.0)"
1770222158.613,799,1,"(613.0, 0.0)"
1770222158.625,799,1,"(613.0, 0.0)"
1770222158.635,799,1,"(613.0, 0.0)"
1770222158.645,799,1,"(613.0, 0.0)"
1770222158.656,799,1,"(613.0, 0.0)"
1770222158.666,799,1,"(613.0, 0.0)"
1770222158.676,799,1,"(613.0, 0.0)"
1770222158.688,799,1,"(613.0, 0.0)"
1770222158.699,799,1,"(613.0, 0.0)"
1770222158.709,799,1,"(613.0, 0.0)"
1770222158.719,799,1,"(613.0, 0.0)"
1770222158.73,799,1,"(613.0, 0.0)"
1770222158.74,799,1,"(613.0, 0.0)"
1770222158.752,799,1,"(613.0, 0.0)"
1770222158.763,799,1,"(613.0, 0.0)"
1770222158.774,799,1,"(613.0, 0.0)"
1770222158.784,799,1,"(613.0, 0.0)"
1770222158.794,799,1,"(613.0, 0.0)"
1770222158.806,799,1,"(613.0, 0.0)"
1770222158.817,799,1,"(613.0, 0.0)"
1770222158.827,799,1,"(613.0, 0.0)"
1770222158.84,799,1,"(613.0, 0.0)"
1770222158.85,799,1,"(613.0, 0.0)"
1770222158.861,799,1,"(613.0, 0.0)"
1770222158.872,799,1,"(613.0, 0.0)"
1770222158.883,799,1,"(613.0, 0.0)"
1770222158.894,799,1,"(613.0, 0.0)"
1770222158.907,799,1,"(613.0, 0.0)"
1770222158.918,799,1,"(613.0, 0.0)"
1770222158.928,799,1,"(613.0, 0.0)"
1770222158.939,799,1,"(613.0, 0.0)"
1770222158.95,799,1,"(613.0, 0.0)"
1770222158.961,799,1,"(613.0, 0.0)"
1770222158.971,799,1,"(613.0, 0.0)"
1770222158.983,799,1,"(613.0, 0.0)"
1770222158.993,799,1,"(613.0, 0.0)"
1770222159.004,799,1,"(613.0, 0.0)"
1770222159.014,799,1,"(613.0, 0.0)"
1770222159.026,799,1,"(613.0, 0.0)"
1770222159.036,799,1,"(613.0, 0.0)"
1770222159.047,799,1,"(613.0, 0.0)"
1770222159.057,799,1,"(613.0, 0.0)"
1770222159.067,799,1,"(613.0, 0.0)"
1770222159.079,799,1,"(613.0, 0.0)"
1770222159.09,799,1,"(613.0, 0.0)"
1770222159.101,799,1,"(613.0, 0.0)"
1770222159.111,799,1,"(613.0, 0.0)"
1770222159.123,799,1,"(613.0, 0.0)"
1770222159.133,799,1,"(613.0, 0.0)"
1770222159.143,799,1,"(613.0, 0.0)"
1770222159.156,799,1,"(613.0, 0.0)"
1770222159.166,799,1,"(613.0, 0.0)"
1770222159.177,799,1,"(613.0, 0.0)"
1770222159.189,799,1,"(613.0, 0.0)"
1770222159.199,799,1,"(613.0, 0.0)"
1770222159.21,799,1,"(613.0, 0.0)"
1770222159.221,799,1,"(613.0, 0.0)"
1770222159.231,799,1,"(613.0, 0.0)"
1770222159.242,799,1,"(613.0, 0.0)"
1770222159.255,799,1,"(613.0, 0.0)"
1770222159.266,799,1,"(613.0, 0.0)"
1770222159.277,799,1,"(613.0, 0.0)"
1770222159.288,799,1,"(613.0, 0.0)"
1770222159.299,799,1,"(613.0, 0.0)"
1770222159.31,799,1,"(613.0, 0.0)"
1770222159.322,799,1,"(613.0, 0.0)"
1770222159.333,799,1,"(613.0, 0.0)"
1770222159.344,799,1,"(613.0, 0.0)"
1770222159.355,799,1,"(613.0, 0.0)"
1770222159.366,799,1,"(613.0, 0.0)"
1770222159.376,799,1,"(613.0, 0.0)"
1770222159.388,799,1,"(613.0, 0.0)"
1770222159.399,799,1,"(613.0, 0.0)"
1770222159.41,799,1,"(613.0, 0.0)"
1770222159.421,799,1,"(613.0, 0.0)"
1770222159.431,799,1,"(613.0, 0.0)"
1770222159.441,799,1,"(613.0, 0.0)"
1770222159.454,799,1,"(613.0, 0.0)"
1770222159.465,799,1,"(613.0, 0.0)"
1770222159.475,799,1,"(613.0, 0.0)"
1770222159.487,799,1,"(613.0, 0.0)"
1770222159.497,799,1,"(613.0, 0.0)"
1770222159.509,799,1,"(613.0, 0.0)"
1770222159.519,799,1,"(613.0, 0.0)"
1770222159.53,799,1,"(613.0, 0.0)"
1770222159.54,799,1,"(613.0, 0.0)"
1770222159.55,799,1,"(613.0, 0.0)"
1770222159.561,799,1,"(613.0, 0.0)"
1770222159.571,799,1,"(613.0, 0.0)"
1770222159.582,799,1,"(613.0, 0.0)"
1770222159.593,799,1,"(613.0, 0.0)"
1770222159.604,799,1,"(613.0, 0.0)"
1770222159.615,799,1,"(613.0, 0.0)"
1770222159.626,799,1,"(613.0, 0.0)"
1770222159.637,799,1,"(613.0, 0.0)"
1770222159.647,799,1,"(613.0, 0.0)"
1770222159.657,799,1,"(613.0, 0.0)"
1770222159.668,799,1,"(613.0, 0.0)"
1770222159.678,799,1,"(613.0, 0.0)"
1770222159.688,799,1,"(613.0, 0.0)"
1770222159.698,799,1,"(613.0, 0.0)"
1770222159.709,799,1,"(613.0, 0.0)"
1770222159.719,799,1,"(613.0, 0.0)"
1770222159.729,799,1,"(613.0, 0.0)"
1770222159.74,799,1,"(613.0, 0.0)"
1770222159.751,799,1,"(613.0, 0.0)"
1770222159.762,799,1,"(613.0, 0.0)"
1770222159.773,799,1,"(613.0, 0.0)"
1770222159.783,799,1,"(613.0, 0.0)"
1770222159.794,799,1,"(613.0, 0.0)"
1770222159.804,799,1,"(613.0, 0.0)"
1770222159.815,799,1,"(613.0, 0.0)"
1770222159.825,799,1,"(613.0, 0.0)"
1770222159.837,799,1,"(613.0, 0.0)"
1770222159.847,799,1,"(613.0, 0.0)"
1770222159.858,799,1,"(613.0, 0.0)"
1770222159.869,799,1,"(613.0, 0.0)"
1770222159.88,799,1,"(613.0, 0.0)"
1770222159.891,799,1,"(613.0, 0.0)"
1770222159.901,799,1,"(613.0, 0.0)"
1770222159.911,799,1,"(613.0, 0.0)"
1770222159.923,799,1,"(613.0, 0.0)"
1770222159.934,799,1,"(613.0, 0.0)"
1770222159.944,799,1,"(613.0, 0.0)"
1770222159.955,799,1,"(613.0, 0.0)"
1770222159.966,799,1,"(613.0, 0.0)"
1770222159.977,799,1,"(613.0, 0.0)"
1770222159.987,799,1,"(613.0, 0.0)"
1770222159.999,799,1,"(613.0, 0.0)"
1770222160.009,799,1,"(613.0, 0.0)"
1770222160.021,799,1,"(613.0, 0.0)"
1770222160.032,799,1,"(613.0, 0.0)"
1770222160.042,799,1,"(613.0, 0.0)"
1770222160.054,799,1,"(613.0, 0.0)"
1770222160.064,799,1,"(613.0, 0.0)"
1770222160.075,799,1,"(613.0, 0.0)"
1770222160.086,799,1,"(613.0, 0.0)"
1770222160.097,799,1,"(613.0, 0.0)"
1770222160.107,799,1,"(613.0, 0.0)"
1770222160.118,799,1,"(613.0, 0.0)"
1770222160.129,799,1,"(613.0, 0.0)"
1770222160.14,799,1,"(613.0, 0.0)"
1770222160.151,799,1,"(613.0, 0.0)"
1770222160.161,799,1,"(613.0, 0.0)"
1770222160.173,799,1,"(613.0, 0.0)"
1770222160.183,799,1,"(613.0, 0.0)"
1770222160.193,799,1,"(613.0, 0.0)"
1770222160.204,799,1,"(613.0, 0.0)"
1770222160.215,799,1,"(613.0, 0.0)"
1770222160.226,799,1,"(613.0, 0.0)"
1770222160.236,799,1,"(613.0, 0.0)"
1770222160.247,799,1,"(613.0, 0.0)"
1770222160.258,799,1,"(613.0, 0.0)"
1770222160.271,799,1,"(613.0, 0.0)"
1770222160.282,799,1,"(613.0, 0.0)"
1770222160.292,799,1,"(613.0, 0.0)"
1770222160.302,799,1,"(613.0, 0.0)"
1770222160.313,799,1,"(613.0, 0.0)"
1770222160.324,799,1,"(613.0, 0.0)"
1770222160.334,799,1,"(613.0, 0.0)"
1770222160.345,799,1,"(613.0, 0.0)"
1770222160.355,799,1,"(613.0, 0.0)"
1770222160.365,799,1,"(613.0, 0.0)"
1770222160.376,799,1,"(613.0, 0.0)"
1770222160.386,799,1,"(613.0, 0.0)"
1770222160.397,799,1,"(613.0, 0.0)"
1770222160.407,799,1,"(613.0, 0.0)"
1770222160.421,799,1,"(613.0, 0.0)"
1770222160.431,799,1,"(613.0, 0.0)"
1770222160.442,799,1,"(613.0, 0.0)"
1770222160.452,799,1,"(613.0, 0.0)"
1770222160.462,799,1,"(613.0, 0.0)"
1770222160.473,799,1,"(613.0, 0.0)"
1770222160.485,799,1,"(613.0, 0.0)"
1770222160.496,799,1,"(613.0, 0.0)"
1770222160.506,799,1,"(613.0, 0.0)"
1770222160.517,799,1,"(613.0, 0.0)"
1770222160.528,799,1,"(613.0, 0.0)"
1770222160.538,799,1,"(613.0, 0.0)"
1770222160.549,799,1,"(613.0, 0.0)"
1770222160.559,799,1,"(613.0, 0.0)"
1770222160.57,799,1,"(613.0, 0.0)"
1770222160.58,799,1,"(613.0, 0.0)"
1770222160.591,799,1,"(613.0, 0.0)"
1770222160.602,799,1,"(613.0, 0.0)"
1770222160.613,799,1,"(613.0, 0.0)"
1770222160.623,799,1,"(613.0, 0.0)"
1770222160.635,799,1,"(613.0, 0.0)"
1770222160.645,799,1,"(613.0, 0.0)"
1770222160.656,799,1,"(613.0, 0.0)"
1770222160.667,799,1,"(613.0, 0.0)"
1770222160.677,799,1,"(613.0, 0.0)"
1770222160.687,799,1,"(613.0, 0.0)"
1770222160.699,799,1,"(613.0, 0.0)"
1770222160.709,799,1,"(613.0, 0.0)"
1770222160.719,799,1,"(613.0, 0.0)"
1770222160.732,799,1,"(613.0, 0.0)"
1770222160.742,799,1,"(613.0, 0.0)"
1770222160.753,799,1,"(613.0, 0.0)"
1770222160.766,799,1,"(613.0, 0.0)"
1770222160.777,799,1,"(613.0, 0.0)"
1770222160.787,799,1,"(613.0, 0.0)"
1770222160.798,799,1,"(613.0, 0.0)"
1770222160.808,799,1,"(613.0, 0.0)"
1770222160.818,799,1,"(613.0, 0.0)"
1770222160.828,799,1,"(613.0, 0.0)"
1770222165.129,799,2,"(511.0, 962.0)"
1770222165.14,799,2,"(511.0, 962.0)"
1770222165.151,799,2,"(682.0, 962.0)"
1770222165.161,799,2,"(511.0, 932.0)"
1770222165.172,799,2,"(511.0, 932.0)"
1770222165.182,799,2,"(511.0, 902.0)"
1770222165.193,799,2,"(682.0, 902.0)"
1770222165.204,799,2,"(682.0, 902.0)"
1770222165.215,799,2,"(682.0, 902.0)"
1770222165.225,799,2,"(341.0, 932.0)"
1770222165.235,799,2,"(511.0, 932.0)"
1770222165.246,799,2,"(170.0, 932.0)"
1770222165.256,799,2,"(341.0, 932.0)"
1770222165.267,799,2,"(341.0, 932.0)"
1770222165.277,799,2,"(341.0, 932.0)"
1770222165.288,799,2,"(511.0, 902.0)"
1770222165.299,799,2,"(682.0, 902.0)"
1770222165.309,799,2,"(682.0, 902.0)"
1770222165.319,799,2,"(511.0, 902.0)"
1770222165.33,799,2,"(511.0, 932.0)"
1770222165.341,799,2,"(511.0, 932.0)"
1770222165.351,799,2,"(511.0, 962.0)"
1770222165.362,799,2,"(511.0, 962.0)"
1770222165.373,799,2,"(511.0, 962.0)"
1770222165.383,799,2,"(511.0, 962.0)"
1770222165.394,799,2,"(511.0, 962.0)"
1770222165.405,799,2,"(511.0, 962.0)"
1770222165.415,799,2,"(341.0, 962.0)"
1770222165.427,799,2,"(511.0, 962.0)"
1770222165.437,799,2,"(511.0, 992.0)"
1770222165.447,799,2,"(341.0, 992.0)"
1770222165.458,799,2,"(170.0, 1023.0)"
1770222165.469,799,2,"(341.0, 1023.0)"
1770222165.48,799,2,"(511.0, 1023.0)"
1770222165.492,799,2,"(511.0, 1023.0)"
1770222165.503,799,2,"(511.0, 1023.0)"
1770222165.514,799,2,"(170.0, 1023.0)"
1770222165.524,799,2,"(511.0, 1023.0)"
1770222165.534,799,2,"(511.0, 1023.0)"
1770222165.545,799,2,"(852.0, 995.0)"
1770222165.556,799,2,"(511.0, 967.0)"
1770222165.566,799,2,"(682.0, 967.0)"
1770222165.577,799,2,"(682.0, 995.0)"
1770222165.587,799,2,"(682.0, 1023.0)"
1770222165.597,799,2,"(852.0, 1023.0)"
1770222165.609,799,2,"(341.0, 1023.0)"
1770222165.619,799,2,"(170.0, 1023.0)"
1770222165.629,799,2,"(341.0, 1023.0)"
1770222165.64,799,2,"(341.0, 1023.0)"
1770222165.651,799,2,"(511.0, 1023.0)"
1770222165.661,799,2,"(682.0, 1023.0)"
1770222165.673,799,2,"(682.0, 1023.0)"
1770222165.684,799,2,"(511.0, 998.0)"
1770222165.694,799,2,"(682.0, 998.0)"
1770222165.707,799,2,"(682.0, 949.0)"
1770222165.717,799,2,"(682.0, 925.0)"
1770222165.727,799,2,"(682.0, 876.0)"
1770222165.741,799,2,"(511.0, 852.0)"
1770222165.752,799,2,"(511.0, 828.0)"
1770222165.763,799,2,"(511.0, 779.0)"
1770222165.773,799,2,"(511.0, 779.0)"
1770222165.784,799,2,"(511.0, 755.0)"
1770222165.794,799,2,"(511.0, 755.0)"
1770222165.805,799,2,"(170.0, 730.0)"
1770222165.815,799,2,"(341.0, 730.0)"
1770222165.825,799,2,"(341.0, 755.0)"
1770222165.836,799,2,"(341.0, 779.0)"
1770222165.846,799,2,"(852.0, 755.0)"
1770222165.857,799,2,"(852.0, 755.0)"
1770222165.868,799,2,"(511.0, 730.0)"
1770222165.879,799,2,"(511.0, 730.0)"
1770222165.889,799,2,"(511.0, 706.0)"
1770222165.9,799,2,"(511.0, 657.0)"
1770222165.911,799,2,"(341.0, 633.0)"
1770222165.922,799,2,"(511.0, 633.0)"
1770222165.933,799,2,"(511.0, 633.0)"
1770222165.944,799,2,"(170.0, 633.0)"
1770222165.955,799,2,"(511.0, 682.0)"
1770222165.965,799,2,"(511.0, 730.0)"
1770222165.976,799,2,"(341.0, 755.0)"
1770222165.988,799,2,"(170.0, 755.0)"
1770222165.998,799,2,"(170.0, 755.0)"
1770222166.009,799,2,"(682.0, 755.0)"
1770222166.019,799,2,"(730.0, 779.0)"
1770222166.029,799,2,"(767.0, 779.0)"
1770222166.04,799,2,"(511.0, 828.0)"
1770222166.051,799,2,"(383.0, 828.0)"
1770222166.062,799,2,"(127.0, 852.0)"
1770222166.072,799,2,"(383.0, 852.0)"
1770222166.082,799,2,"(511.0, 828.0)"
1770222166.093,799,2,"(511.0, 779.0)"
1770222166.104,799,2,"(639.0, 755.0)"
1770222166.115,799,2,"(511.0, 755.0)"
1770222166.125,799,2,"(511.0, 755.0)"
1770222166.138,799,2,"(511.0, 779.0)"
1770222166.149,799,2,"(639.0, 803.0)"
1770222166.159,799,2,"(639.0, 803.0)"
1770222166.171,799,2,"(511.0, 828.0)"
1770222166.182,799,2,"(639.0, 828.0)"
1770222166.193,799,2,"(639.0, 828.0)"
1770222166.205,799,2,"(511.0, 828.0)"
1770222166.216,799,2,"(767.0, 828.0)"
1770222166.226,799,2,"(383.0, 803.0)"
1770222166.237,799,2,"(511.0, 779.0)"
1770222166.247,799,2,"(511.0, 779.0)"
1770222166.258,799,2,"(511.0, 779.0)"
1770222166.269,799,2,"(639.0, 779.0)"
1770222166.279,799,2,"(383.0, 755.0)"
1770222166.291,799,2,"(255.0, 755.0)"
1770222166.302,799,2,"(639.0, 730.0)"
1770222166.312,799,2,"(383.0, 730.0)"
1770222166.322,799,2,"(383.0, 706.0)"
1770222166.332,799,2,"(383.0, 706.0)"
1770222166.343,799,2,"(511.0, 706.0)"
1770222166.353,799,2,"(511.0, 706.0)"
1770222166.364,799,2,"(255.0, 706.0)"
1770222166.375,799,2,"(511.0, 706.0)"
1770222166.386,799,2,"(511.0, 730.0)"
1770222166.396,799,2,"(511.0, 755.0)"
1770222166.407,799,2,"(767.0, 755.0)"
1770222166.418,799,2,"(511.0, 779.0)"
1770222166.428,799,2,"(511.0, 755.0)"
1770222166.438,799,2,"(511.0, 755.0)"
1770222166.449,799,2,"(511.0, 730.0)"
1770222166.46,799,2,"(255.0, 706.0)"
1770222166.471,799,2,"(383.0, 706.0)"
1770222166.481,799,2,"(511.0, 730.0)"
1770222166.493,799,2,"(511.0, 755.0)"
1770222166.503,799,2,"(511.0, 779.0)"
1770222166.514,799,2,"(511.0, 779.0)"
1770222166.524,799,2,"(383.0, 803.0)"
1770222166.535,799,2,"(383.0, 803.0)"
1770222166.545,799,2,"(511.0, 803.0)"
1770222166.556,799,2,"(511.0, 779.0)"
1770222166.567,799,2,"(511.0, 779.0)"
1770222166.577,799,2,"(639.0, 779.0)"
1770222166.589,799,2,"(511.0, 779.0)"
1770222166.599,799,2,"(383.0, 779.0)"
1770222166.611,799,2,"(639.0, 779.0)"
1770222166.622,799,2,"(383.0, 803.0)"
1770222166.633,799,2,"(255.0, 803.0)"
1770222166.644,799,2,"(383.0, 803.0)"
1770222166.655,799,2,"(383.0, 779.0)"
1770222166.665,799,2,"(511.0, 755.0)"
1770222166.676,799,2,"(511.0, 755.0)"
1770222166.686,799,2,"(511.0, 779.0)"
1770222166.697,799,2,"(511.0, 779.0)"
1770222166.708,799,2,"(639.0, 803.0)"
1770222166.718,799,2,"(383.0, 803.0)"
1770222166.729,799,2,"(255.0, 803.0)"
1770222166.74,799,2,"(255.0, 779.0)"
1770222166.751,799,2,"(639.0, 755.0)"
1770222166.761,799,2,"(767.0, 755.0)"
1770222166.772,799,2,"(639.0, 779.0)"
1770222166.782,799,2,"(639.0, 803.0)"
1770222166.793,799,2,"(639.0, 828.0)"
1770222166.804,799,2,"(383.0, 828.0)"
1770222166.814,799,2,"(255.0, 828.0)"
1770222166.824,799,2,"(639.0, 828.0)"
1770222166.835,799,2,"(511.0, 852.0)"
1770222166.846,799,2,"(639.0, 876.0)"
1770222166.857,799,2,"(511.0, 901.0)"
1770222166.868,799,2,"(255.0, 901.0)"
1770222166.878,799,2,"(383.0, 901.0)"
1770222166.889,799,2,"(511.0, 925.0)"
1770222166.9,799,2,"(511.0, 949.0)"
1770222166.91,799,2,"(639.0, 949.0)"
1770222166.921,799,2,"(383.0, 974.0)"
1770222166.931,799,2,"(511.0, 974.0)"
1770222166.943,799,2,"(511.0, 974.0)"
1770222166.954,799,2,"(383.0, 949.0)"
1770222166.964,799,2,"(767.0, 949.0)"
1770222166.977,799,2,"(639.0, 925.0)"
1770222166.988,799,2,"(511.0, 925.0)"
1770222166.998,799,2,"(383.0, 925.0)"
1770222167.011,799,2,"(511.0, 901.0)"
1770222167.022,799,2,"(511.0, 876.0)"
1770222167.032,799,2,"(511.0, 852.0)"
1770222167.043,799,2,"(511.0, 828.0)"
1770222167.054,799,2,"(383.0, 828.0)"
1770222167.065,799,2,"(511.0, 803.0)"
1770222167.076,799,2,"(511.0, 803.0)"
1770222167.086,799,2,"(511.0, 779.0)"
1770222167.097,799,2,"(511.0, 755.0)"
1770222167.11,799,2,"(511.0, 755.0)"
1770222167.12,799,2,"(511.0, 755.0)"
1770222167.131,799,2,"(511.0, 730.0)"
1770222167.143,799,2,"(511.0, 706.0)"
1770222167.153,799,2,"(255.0, 657.0)"
1770222167.164,799,2,"(511.0, 657.0)"
1770222167.175,799,2,"(639.0, 682.0)"
1770222167.185,799,2,"(895.0, 730.0)"
1770222167.196,799,2,"(895.0, 755.0)"
1770222167.208,799,2,"(511.0, 755.0)"
1770222167.219,799,2,"(511.0, 755.0)"
1770222167.229,799,2,"(511.0, 755.0)"
1770222167.241,799,2,"(511.0, 730.0)"
1770222167.252,799,2,"(383.0, 730.0)"
1770222167.262,799,2,"(255.0, 755.0)"
1770222167.274,799,2,"(639.0, 755.0)"
1770222167.285,799,2,"(383.0, 779.0)"
1770222167.295,799,2,"(767.0, 779.0)"
1770222167.306,799,2,"(767.0, 779.0)"
1770222167.316,799,2,"(511.0, 779.0)"
1770222167.326,799,2,"(511.0, 828.0)"
1770222167.337,799,2,"(383.0, 852.0)"
1770222167.347,799,2,"(511.0, 852.0)"
1770222167.359,799,2,"(383.0, 852.0)"
1770222167.37,799,2,"(511.0, 828.0)"
1770222167.38,799,2,"(511.0, 828.0)"
1770222167.392,799,2,"(511.0, 828.0)"
1770222167.403,799,2,"(511.0, 852.0)"
1770222167.414,799,2,"(511.0, 852.0)"
1770222167.426,799,2,"(383.0, 803.0)"
1770222167.437,799,2,"(383.0, 755.0)"
1770222167.448,799,2,"(511.0, 730.0)"
1770222167.462,799,2,"(511.0, 730.0)"
1770222167.472,799,2,"(511.0, 730.0)"
1770222167.482,799,2,"(383.0, 730.0)"
1770222167.492,799,2,"(511.0, 730.0)"
1770222167.503,799,2,"(511.0, 755.0)"
1770222167.513,799,2,"(511.0, 755.0)"
1770222167.524,799,2,"(511.0, 755.0)"
1770222167.534,799,2,"(511.0, 755.0)"
1770222167.545,799,2,"(511.0, 755.0)"
1770222167.556,799,2,"(511.0, 755.0)"
1770222167.567,799,2,"(639.0, 755.0)"
1770222167.577,799,2,"(511.0, 730.0)"
1770222167.588,799,2,"(511.0, 706.0)"
1770222167.598,799,2,"(383.0, 682.0)"
1770222167.608,799,2,"(511.0, 682.0)"
1770222167.618,799,2,"(511.0, 682.0)"
1770222167.628,799,2,"(511.0, 682.0)"
1770222167.639,799,2,"(511.0, 682.0)"
1770222167.65,799,2,"(511.0, 682.0)"
1770222167.663,799,2,"(639.0, 657.0)"
1770222167.674,799,2,"(767.0, 657.0)"
1770222167.684,799,2,"(511.0, 682.0)"
1770222167.694,799,2,"(383.0, 682.0)"
1770222167.705,799,2,"(511.0, 682.0)"
1770222167.716,799,2,"(639.0, 682.0)"
1770222167.726,799,2,"(511.0, 682.0)"
1770222167.736,799,2,"(511.0, 682.0)"
1770222167.747,799,2,"(511.0, 706.0)"
1770222167.757,799,2,"(383.0, 706.0)"
1770222167.768,799,2,"(383.0, 706.0)"
1770222167.78,799,2,"(383.0, 682.0)"
1770222167.791,799,2,"(511.0, 682.0)"
1770222167.801,799,2,"(511.0, 657.0)"
1770222167.812,799,2,"(511.0, 657.0)"
1770222167.823,799,2,"(511.0, 657.0)"
1770222167.833,799,2,"(511.0, 633.0)"
1770222167.845,799,2,"(511.0, 633.0)"
1770222167.856,799,2,"(767.0, 633.0)"
1770222167.866,799,2,"(639.0, 633.0)"
1770222167.876,799,2,"(639.0, 657.0)"
1770222167.886,799,2,"(511.0, 682.0)"
1770222167.897,799,2,"(383.0, 682.0)"
1770222167.907,799,2,"(383.0, 682.0)"
1770222167.918,799,2,"(383.0, 682.0)"
1770222167.929,799,2,"(383.0, 682.0)"
1770222167.939,799,2,"(383.0, 682.0)"
1770222167.95,799,2,"(511.0, 682.0)"
1770222167.962,799,2,"(511.0, 706.0)"
1770222167.972,799,2,"(255.0, 730.0)"
1770222167.983,799,2,"(511.0, 730.0)"
1770222167.995,799,2,"(511.0, 755.0)"
1770222168.006,799,2,"(255.0, 779.0)"
1770222168.016,799,2,"(639.0, 779.0)"
1770222168.029,799,2,"(639.0, 755.0)"
1770222168.039,799,2,"(511.0, 755.0)"
1770222168.049,799,2,"(511.0, 755.0)"
1770222168.062,799,2,"(511.0, 755.0)"
1770222168.072,799,2,"(511.0, 779.0)"
1770222168.082,799,2,"(511.0, 779.0)"
1770222168.095,799,2,"(511.0, 779.0)"
1770222168.105,799,2,"(511.0, 779.0)"
1770222168.116,799,2,"(511.0, 779.0)"
1770222172.355,799,3,"(511.0, 48.0)"
1770222172.366,799,3,"(511.0, 48.0)"
1770222172.376,799,3,"(511.0, 48.0)"
1770222172.387,799,3,"(511.0, 48.0)"
1770222172.398,799,3,"(511.0, 48.0)"
1770222172.409,799,3,"(511.0, 48.0)"
1770222172.421,799,3,"(511.0, 48.0)"
1770222172.432,799,3,"(511.0, 48.0)"
1770222172.442,799,3,"(511.0, 48.0)"
1770222172.454,799,3,"(511.0, 48.0)"
1770222172.465,799,3,"(511.0, 48.0)"
1770222172.475,799,3,"(511.0, 48.0)"
1770222172.485,799,3,"(511.0, 48.0)"
1770222172.496,799,3,"(511.0, 48.0)"
1770222172.507,799,3,"(511.0, 48.0)"
1770222172.519,799,3,"(511.0, 48.0)"
1770222172.529,799,3,"(511.0, 48.0)"
1770222172.54,799,3,"(511.0, 48.0)"
1770222172.55,799,3,"(511.0, 48.0)"
1770222172.561,799,3,"(511.0, 48.0)"
1770222172.572,799,3,"(511.0, 48.0)"
1770222172.583,799,3,"(511.0, 48.0)"
1770222172.593,799,3,"(511.0, 48.0)"
1770222172.604,799,3,"(511.0, 48.0)"
1770222172.614,799,3,"(511.0, 48.0)"
1770222172.625,799,3,"(511.0, 48.0)"
1770222172.636,799,3,"(511.0, 48.0)"
1770222172.648,799,3,"(511.0, 48.0)"
1770222172.658,799,3,"(511.0, 48.0)"
1770222172.67,799,3,"(511.0, 48.0)"
1770222172.681,799,3,"(511.0, 48.0)"
1770222172.692,799,3,"(511.0, 48.0)"
1770222172.702,799,3,"(511.0, 48.0)"
1770222172.713,799,3,"(511.0, 73.0)"
1770222172.723,799,3,"(511.0, 73.0)"
1770222172.734,799,3,"(511.0, 97.0)"
1770222172.744,799,3,"(511.0, 97.0)"
1770222172.755,799,3,"(511.0, 97.0)"
1770222172.766,799,3,"(511.0, 97.0)"
1770222172.776,799,3,"(511.0, 97.0)"
1770222172.787,799,3,"(511.0, 97.0)"
1770222172.799,799,3,"(511.0, 97.0)"
1770222172.809,799,3,"(511.0, 97.0)"
1770222172.82,799,3,"(511.0, 97.0)"
1770222172.83,799,3,"(511.0, 97.0)"
1770222172.84,799,3,"(511.0, 97.0)"
1770222172.854,799,3,"(511.0, 97.0)"
1770222172.864,799,3,"(511.0, 97.0)"
1770222172.874,799,3,"(511.0, 121.0)"
1770222172.886,799,3,"(511.0, 121.0)"
1770222172.896,799,3,"(511.0, 146.0)"
1770222172.907,799,3,"(511.0, 146.0)"
1770222172.917,799,3,"(511.0, 146.0)"
1770222172.927,799,3,"(511.0, 146.0)"
1770222172.937,799,3,"(511.0, 146.0)"
1770222172.948,799,3,"(511.0, 146.0)"
1770222172.958,799,3,"(511.0, 146.0)"
1770222172.968,799,3,"(511.0, 146.0)"
1770222172.978,799,3,"(511.0, 146.0)"
1770222172.989,799,3,"(511.0, 121.0)"
1770222173.0,799,3,"(511.0, 121.0)"
1770222173.01,799,3,"(511.0, 97.0)"
1770222173.022,799,3,"(511.0, 97.0)"
1770222173.032,799,3,"(511.0, 97.0)"
1770222173.042,799,3,"(511.0, 97.0)"
1770222173.052,799,3,"(511.0, 97.0)"
1770222173.063,799,3,"(511.0, 97.0)"
1770222173.074,799,3,"(511.0, 97.0)"
1770222173.084,799,3,"(511.0, 97.0)"
1770222173.095,799,3,"(511.0, 97.0)"
1770222173.106,799,3,"(511.0, 97.0)"
1770222173.116,799,3,"(511.0, 73.0)"
1770222173.126,799,3,"(511.0, 73.0)"
1770222173.137,799,3,"(511.0, 48.0)"
1770222173.148,799,3,"(511.0, 48.0)"
1770222173.158,799,3,"(511.0, 48.0)"
1770222173.169,799,3,"(511.0, 48.0)"
1770222173.18,799,3,"(511.0, 48.0)"
1770222173.191,799,3,"(511.0, 48.0)"
1770222173.201,799,3,"(511.0, 48.0)"
1770222173.212,799,3,"(511.0, 48.0)"
1770222173.222,799,3,"(511.0, 48.0)"
1770222173.233,799,3,"(511.0, 48.0)"
1770222173.243,799,3,"(511.0, 48.0)"
1770222173.254,799,3,"(511.0, 48.0)"
1770222173.264,799,3,"(511.0, 48.0)"
1770222173.275,799,3,"(511.0, 48.0)"
1770222173.286,799,3,"(511.0, 48.0)"
1770222173.297,799,3,"(511.0, 48.0)"
1770222173.307,799,3,"(511.0, 24.0)"
1770222173.318,799,3,"(511.0, 24.0)"
1770222173.33,799,3,"(511.0, 24.0)"
1770222173.34,799,3,"(511.0, 24.0)"
1770222173.35,799,3,"(511.0, 48.0)"
1770222173.36,799,3,"(511.0, 48.0)"
1770222173.373,799,3,"(511.0, 48.0)"
1770222173.384,799,3,"(511.0, 48.0)"
1770222173.394,799,3,"(511.0, 48.0)"
1770222173.406,799,3,"(511.0, 48.0)"
1770222173.417,799,3,"(511.0, 48.0)"
1770222173.428,799,3,"(511.0, 48.0)"
1770222173.439,799,3,"(511.0, 48.0)"
1770222173.449,799,3,"(511.0, 48.0)"
1770222173.459,799,3,"(511.0, 48.0)"
1770222173.47,799,3,"(511.0, 48.0)"
1770222173.48,799,3,"(511.0, 48.0)"
1770222173.491,799,3,"(511.0, 48.0)"
1770222173.502,799,3,"(511.0, 48.0)"
1770222173.512,799,3,"(511.0, 48.0)"
1770222173.523,799,3,"(511.0, 48.0)"
1770222173.533,799,3,"(511.0, 48.0)"
1770222173.544,799,3,"(511.0, 48.0)"
1770222173.555,799,3,"(511.0, 48.0)"
1770222173.565,799,3,"(511.0, 48.0)"
1770222173.576,799,3,"(511.0, 48.0)"
1770222173.587,799,3,"(511.0, 48.0)"
1770222173.598,799,3,"(511.0, 48.0)"
1770222173.609,799,3,"(511.0, 48.0)"
1770222173.622,799,3,"(511.0, 48.0)"
1770222173.633,799,3,"(511.0, 48.0)"
1770222173.644,799,3,"(511.0, 48.0)"
1770222173.655,799,3,"(511.0, 48.0)"
1770222173.666,799,3,"(511.0, 48.0)"
1770222173.676,799,3,"(511.0, 48.0)"
1770222173.688,799,3,"(511.0, 48.0)"
1770222173.698,799,3,"(511.0, 24.0)"
1770222173.708,799,3,"(511.0, 24.0)"
1770222173.72,799,3,"(511.0, 0.0)"
1770222173.73,799,3,"(511.0, 0.0)"
1770222173.741,799,3,"(511.0, 0.0)"
1770222173.753,799,3,"(511.0, 0.0)"
1770222173.763,799,3,"(511.0, 24.0)"
1770222173.774,799,3,"(511.0, 48.0)"
1770222173.784,799,3,"(511.0, 48.0)"
1770222173.794,799,3,"(511.0, 48.0)"
1770222173.805,799,3,"(511.0, 48.0)"
1770222173.816,799,3,"(511.0, 48.0)"
1770222173.827,799,3,"(511.0, 48.0)"
1770222173.838,799,3,"(511.0, 48.0)"
1770222173.85,799,3,"(511.0, 48.0)"
1770222173.86,799,3,"(511.0, 48.0)"
1770222173.871,799,3,"(511.0, 48.0)"
1770222173.882,799,3,"(511.0, 48.0)"
1770222173.892,799,3,"(511.0, 48.0)"
1770222173.902,799,3,"(511.0, 48.0)"
1770222173.913,799,3,"(511.0, 48.0)"
1770222173.924,799,3,"(511.0, 48.0)"
1770222173.935,799,3,"(511.0, 48.0)"
1770222173.945,799,3,"(511.0, 48.0)"
1770222173.956,799,3,"(511.0, 48.0)"
1770222173.966,799,3,"(511.0, 48.0)"
1770222173.977,799,3,"(511.0, 48.0)"
1770222173.99,799,3,"(511.0, 48.0)"
1770222174.001,799,3,"(511.0, 48.0)"
1770222174.011,799,3,"(511.0, 48.0)"
1770222174.022,799,3,"(511.0, 48.0)"
1770222174.033,799,3,"(511.0, 48.0)"
1770222174.044,799,3,"(511.0, 48.0)"
1770222174.054,799,3,"(511.0, 48.0)"
1770222174.065,799,3,"(511.0, 48.0)"
1770222174.075,799,3,"(511.0, 48.0)"
1770222174.085,799,3,"(511.0, 48.0)"
1770222174.095,799,3,"(511.0, 48.0)"
1770222174.107,799,3,"(511.0, 48.0)"
1770222174.118,799,3,"(511.0, 48.0)"
1770222174.129,799,3,"(511.0, 48.0)"
1770222174.14,799,3,"(511.0, 48.0)"
1770222174.15,799,3,"(511.0, 48.0)"
1770222174.161,799,3,"(511.0, 48.0)"
1770222174.171,799,3,"(511.0, 48.0)"
1770222174.181,799,3,"(511.0, 48.0)"
1770222174.193,799,3,"(511.0, 48.0)"
1770222174.203,799,3,"(511.0, 48.0)"
1770222174.214,799,3,"(511.0, 48.0)"
1770222174.225,799,3,"(511.0, 24.0)"
1770222174.235,799,3,"(511.0, 0.0)"
1770222174.246,799,3,"(511.0, 0.0)"
1770222174.256,799,3,"(511.0, 0.0)"
1770222174.267,799,3,"(511.0, 0.0)"
1770222174.277,799,3,"(511.0, 0.0)"
1770222174.288,799,3,"(511.0, 0.0)"
1770222174.299,799,3,"(511.0, 0.0)"
1770222174.311,799,3,"(511.0, 0.0)"
1770222174.322,799,3,"(511.0, 0.0)"
1770222174.332,799,3,"(511.0, 0.0)"
1770222174.343,799,3,"(511.0, 0.0)"
1770222174.353,799,3,"(511.0, 0.0)"
1770222174.363,799,3,"(511.0, 0.0)"
1770222174.374,799,3,"(511.0, 0.0)"
1770222174.384,799,3,"(511.0, 0.0)"
1770222174.395,799,3,"(511.0, 0.0)"
1770222174.406,799,3,"(511.0, 0.0)"
1770222174.417,799,3,"(511.0, 0.0)"
1770222174.43,799,3,"(511.0, 0.0)"
1770222174.441,799,3,"(511.0, 0.0)"
1770222174.452,799,3,"(511.0, 0.0)"
1770222174.462,799,3,"(511.0, 0.0)"
1770222174.474,799,3,"(511.0, 0.0)"
1770222174.484,799,3,"(511.0, 0.0)"
1770222174.495,799,3,"(511.0, 0.0)"
1770222174.505,799,3,"(511.0, 0.0)"
1770222174.515,799,3,"(511.0, 0.0)"
1770222174.527,799,3,"(511.0, 0.0)"
1770222174.538,799,3,"(511.0, 0.0)"
1770222174.549,799,3,"(511.0, 0.0)"
1770222174.56,799,3,"(511.0, 0.0)"
1770222174.571,799,3,"(511.0, 0.0)"
1770222174.581,799,3,"(511.0, 0.0)"
1770222174.592,799,3,"(511.0, 0.0)"
1770222174.602,799,3,"(511.0, 0.0)"
1770222174.613,799,3,"(511.0, 0.0)"
1770222174.623,799,3,"(511.0, 0.0)"
1770222174.633,799,3,"(511.0, 0.0)"
1770222174.644,799,3,"(511.0, 0.0)"
1770222174.654,799,3,"(511.0, 0.0)"
1770222174.665,799,3,"(511.0, 0.0)"
1770222174.676,799,3,"(511.0, 0.0)"
1770222174.686,799,3,"(511.0, 0.0)"
1770222174.697,799,3,"(511.0, 0.0)"
1770222174.709,799,3,"(511.0, 0.0)"
1770222174.719,799,3,"(511.0, 0.0)"
1770222174.73,799,3,"(511.0, 0.0)"
1770222174.741,799,3,"(511.0, 0.0)"
1770222174.751,799,3,"(511.0, 0.0)"
1770222174.761,799,3,"(511.0, 0.0)"
1770222174.772,799,3,"(511.0, 0.0)"
1770222174.783,799,3,"(511.0, 0.0)"
1770222174.793,799,3,"(511.0, 24.0)"
1770222174.804,799,3,"(511.0, 24.0)"
1770222174.814,799,3,"(511.0, 48.0)"
1770222174.825,799,3,"(511.0, 48.0)"
1770222174.835,799,3,"(511.0, 48.0)"
1770222174.845,799,3,"(511.0, 24.0)"
1770222174.856,799,3,"(511.0, 24.0)"
1770222174.866,799,3,"(511.0, 0.0)"
1770222174.876,799,3,"(511.0, 0.0)"
1770222174.886,799,3,"(511.0, 0.0)"
1770222174.896,799,3,"(511.0, 0.0)"
1770222174.907,799,3,"(511.0, 0.0)"
1770222174.917,799,3,"(511.0, 0.0)"
1770222174.928,799,3,"(511.0, 0.0)"
1770222174.938,799,3,"(511.0, 0.0)"
1770222174.948,799,3,"(511.0, 24.0)"
1770222174.96,799,3,"(511.0, 24.0)"
1770222174.971,799,3,"(511.0, 0.0)"
1770222174.981,799,3,"(511.0, 0.0)"
1770222174.993,799,3,"(511.0, 0.0)"
1770222175.004,799,3,"(511.0, 0.0)"
1770222175.014,799,3,"(511.0, 0.0)"
1770222175.026,799,3,"(511.0, 0.0)"
1770222175.037,799,3,"(511.0, 0.0)"
1770222175.047,799,3,"(511.0, 0.0)"
1770222175.06,799,3,"(511.0, 0.0)"
1770222175.07,799,3,"(511.0, 0.0)"
1770222175.081,799,3,"(511.0, 0.0)"
1770222175.092,799,3,"(511.0, 0.0)"
1770222175.102,799,3,"(511.0, 0.0)"
1770222175.112,799,3,"(511.0, 0.0)"
1770222175.122,799,3,"(511.0, 0.0)"
1770222175.133,799,3,"(511.0, 0.0)"
1770222175.143,799,3,"(511.0, 0.0)"
1770222175.154,799,3,"(511.0, 0.0)"
1770222175.165,799,3,"(511.0, 0.0)"
1770222175.176,799,3,"(511.0, 0.0)"
1770222175.186,799,3,"(511.0, 0.0)"
1770222175.197,799,3,"(511.0, 0.0)"
1770222175.209,799,3,"(511.0, 0.0)"
1770222175.219,799,3,"(511.0, 0.0)"
1770222175.23,799,3,"(511.0, 0.0)"
1770222175.242,799,3,"(511.0, 0.0)"
1770222175.252,799,3,"(511.0, 0.0)"
1770222175.262,799,3,"(511.0, 0.0)"
1770222175.275,799,3,"(511.0, 0.0)"
1770222175.286,799,3,"(511.0, 0.0)"
1770222175.297,799,3,"(511.0, 0.0)"
1770222175.309,799,3,"(511.0, 0.0)"
1770222175.32,799,3,"(511.0, 0.0)"
1770222175.331,799,3,"(511.0, 0.0)"
1770222175.343,799,3,"(511.0, 0.0)"
1770222175.354,799,3,"(511.0, 0.0)"
1770222186.056,799,4,"(511.0, 97.0)"
1770222186.066,799,4,"(511.0, 97.0)"
1770222186.077,799,4,"(511.0, 97.0)"
1770222186.088,799,4,"(511.0, 97.0)"
1770222186.098,799,4,"(511.0, 97.0)"
1770222186.108,799,4,"(511.0, 97.0)"
1770222186.121,799,4,"(511.0, 97.0)"
1770222186.131,799,4,"(511.0, 97.0)"
1770222186.142,799,4,"(511.0, 97.0)"
1770222186.154,799,4,"(511.0, 97.0)"
1770222186.164,799,4,"(511.0, 97.0)"
1770222186.175,799,4,"(511.0, 121.0)"
1770222186.188,799,4,"(511.0, 121.0)"
1770222186.198,799,4,"(511.0, 146.0)"
1770222186.209,799,4,"(511.0, 146.0)"
1770222186.22,799,4,"(511.0, 121.0)"
1770222186.231,799,4,"(511.0, 121.0)"
1770222186.241,799,4,"(511.0, 121.0)"
1770222186.253,799,4,"(511.0, 121.0)"
1770222186.263,799,4,"(511.0, 146.0)"
1770222186.274,799,4,"(511.0, 146.0)"
1770222186.286,799,4,"(511.0, 146.0)"
1770222186.297,799,4,"(511.0, 146.0)"
1770222186.307,799,4,"(511.0, 146.0)"
1770222186.317,799,4,"(511.0, 146.0)"
1770222186.327,799,4,"(511.0, 170.0)"
1770222186.338,799,4,"(511.0, 170.0)"
1770222186.348,799,4,"(511.0, 170.0)"
1770222186.359,799,4,"(511.0, 146.0)"
1770222186.369,799,4,"(511.0, 146.0)"
1770222186.38,799,4,"(511.0, 146.0)"
1770222186.391,799,4,"(511.0, 146.0)"
1770222186.401,799,4,"(511.0, 146.0)"
1770222186.412,799,4,"(511.0, 146.0)"
1770222186.423,799,4,"(511.0, 146.0)"
1770222186.434,799,4,"(511.0, 146.0)"
1770222186.444,799,4,"(511.0, 146.0)"
1770222186.455,799,4,"(511.0, 146.0)"
1770222186.465,799,4,"(511.0, 146.0)"
1770222186.475,799,4,"(511.0, 146.0)"
1770222186.487,799,4,"(511.0, 146.0)"
1770222186.498,799,4,"(511.0, 146.0)"
1770222186.509,799,4,"(511.0, 146.0)"
1770222186.519,799,4,"(511.0, 146.0)"
1770222186.53,799,4,"(511.0, 146.0)"
1770222186.54,799,4,"(511.0, 146.0)"
1770222186.55,799,4,"(511.0, 146.0)"
1770222186.561,799,4,"(511.0, 146.0)"
1770222186.573,799,4,"(511.0, 146.0)"
1770222186.584,799,4,"(511.0, 146.0)"
1770222186.594,799,4,"(511.0, 146.0)"
1770222186.604,799,4,"(511.0, 146.0)"
1770222186.615,799,4,"(511.0, 146.0)"
1770222186.626,799,4,"(511.0, 146.0)"
1770222186.636,799,4,"(511.0, 146.0)"
1770222186.647,799,4,"(511.0, 146.0)"
1770222186.657,799,4,"(511.0, 146.0)"
1770222186.669,799,4,"(511.0, 170.0)"
1770222186.679,799,4,"(511.0, 194.0)"
1770222186.689,799,4,"(511.0, 194.0)"
1770222186.7,799,4,"(511.0, 194.0)"
1770222186.71,799,4,"(511.0, 194.0)"
1770222186.72,799,4,"(511.0, 219.0)"
1770222186.731,799,4,"(511.0, 219.0)"
1770222186.744,799,4,"(511.0, 243.0)"
1770222186.754,799,4,"(511.0, 243.0)"
1770222186.764,799,4,"(511.0, 243.0)"
1770222186.775,799,4,"(511.0, 267.0)"
1770222186.786,799,4,"(511.0, 267.0)"
1770222186.796,799,4,"(511.0, 267.0)"
1770222186.806,799,4,"(511.0, 292.0)"
1770222186.817,799,4,"(511.0, 292.0)"
1770222186.827,799,4,"(511.0, 292.0)"
1770222186.838,799,4,"(511.0, 292.0)"
1770222186.849,799,4,"(511.0, 292.0)"
1770222186.863,799,4,"(511.0, 292.0)"
1770222186.873,799,4,"(511.0, 292.0)"
1770222186.883,799,4,"(511.0, 292.0)"
1770222186.894,799,4,"(511.0, 267.0)"
1770222186.904,799,4,"(511.0, 267.0)"
1770222186.915,799,4,"(511.0, 243.0)"
1770222186.927,799,4,"(511.0, 243.0)"
1770222186.937,799,4,"(511.0, 219.0)"
1770222186.948,799,4,"(511.0, 219.0)"
1770222186.96,799,4,"(511.0, 194.0)"
1770222186.971,799,4,"(511.0, 194.0)"
1770222186.981,799,4,"(511.0, 170.0)"
1770222186.993,799,4,"(511.0, 170.0)"
1770222187.004,799,4,"(511.0, 146.0)"
1770222187.014,799,4,"(511.0, 121.0)"
1770222187.026,799,4,"(511.0, 121.0)"
1770222187.036,799,4,"(511.0, 97.0)"
1770222187.046,799,4,"(511.0, 97.0)"
1770222187.058,799,4,"(511.0, 97.0)"
1770222187.068,799,4,"(511.0, 97.0)"
1770222187.079,799,4,"(511.0, 97.0)"
1770222187.089,799,4,"(511.0, 97.0)"
1770222187.1,799,4,"(511.0, 73.0)"
1770222187.111,799,4,"(511.0, 73.0)"
1770222187.121,799,4,"(511.0, 73.0)"
1770222187.132,799,4,"(511.0, 48.0)"
1770222187.142,799,4,"(511.0, 48.0)"
1770222187.153,799,4,"(511.0, 48.0)"
1770222187.163,799,4,"(511.0, 48.0)"
1770222187.173,799,4,"(511.0, 48.0)"
1770222187.184,799,4,"(511.0, 48.0)"
1770222187.194,799,4,"(511.0, 48.0)"
1770222187.204,799,4,"(511.0, 73.0)"
1770222187.215,799,4,"(511.0, 73.0)"
1770222187.225,799,4,"(511.0, 73.0)"
1770222187.235,799,4,"(511.0, 97.0)"
1770222187.246,799,4,"(511.0, 97.0)"
1770222187.256,799,4,"(511.0, 97.0)"
1770222187.266,799,4,"(511.0, 97.0)"
1770222187.277,799,4,"(511.0, 97.0)"
1770222187.287,799,4,"(511.0, 97.0)"
1770222187.297,799,4,"(511.0, 97.0)"
1770222187.308,799,4,"(511.0, 97.0)"
1770222187.318,799,4,"(511.0, 121.0)"
1770222187.329,799,4,"(511.0, 121.0)"
1770222187.34,799,4,"(511.0, 97.0)"
1770222187.35,799,4,"(511.0, 97.0)"
1770222187.362,799,4,"(511.0, 97.0)"
1770222187.374,799,4,"(511.0, 97.0)"
1770222187.384,799,4,"(511.0, 121.0)"
1770222187.395,799,4,"(511.0, 146.0)"
1770222187.406,799,4,"(511.0, 146.0)"
1770222187.417,799,4,"(511.0, 146.0)"
1770222187.427,799,4,"(511.0, 146.0)"
1770222187.441,799,4,"(511.0, 146.0)"
1770222187.451,799,4,"(511.0, 146.0)"
1770222187.462,799,4,"(511.0, 146.0)"
1770222187.472,799,4,"(511.0, 146.0)"
1770222187.483,799,4,"(511.0, 146.0)"
1770222187.494,799,4,"(511.0, 146.0)"
1770222187.504,799,4,"(511.0, 146.0)"
1770222187.515,799,4,"(511.0, 146.0)"
1770222187.525,799,4,"(511.0, 146.0)"
1770222187.535,799,4,"(511.0, 121.0)"
1770222187.546,799,4,"(511.0, 121.0)"
1770222187.556,799,4,"(511.0, 121.0)"
1770222187.567,799,4,"(511.0, 97.0)"
1770222187.577,799,4,"(511.0, 97.0)"
1770222187.588,799,4,"(511.0, 121.0)"
1770222187.598,799,4,"(511.0, 121.0)"
1770222187.608,799,4,"(511.0, 146.0)"
1770222187.618,799,4,"(511.0, 146.0)"
1770222187.629,799,4,"(511.0, 146.0)"
1770222187.64,799,4,"(511.0, 146.0)"
1770222187.651,799,4,"(511.0, 146.0)"
1770222187.661,799,4,"(511.0, 146.0)"
1770222187.674,799,4,"(511.0, 146.0)"
1770222187.685,799,4,"(511.0, 146.0)"
1770222187.695,799,4,"(511.0, 146.0)"
1770222187.706,799,4,"(511.0, 146.0)"
1770222187.716,799,4,"(511.0, 146.0)"
1770222187.727,799,4,"(511.0, 146.0)"
1770222187.738,799,4,"(511.0, 121.0)"
1770222187.749,799,4,"(511.0, 121.0)"
1770222187.759,799,4,"(511.0, 97.0)"
1770222187.769,799,4,"(511.0, 97.0)"
1770222187.779,799,4,"(511.0, 97.0)"
1770222187.79,799,4,"(511.0, 97.0)"
1770222187.801,799,4,"(511.0, 97.0)"
1770222187.812,799,4,"(511.0, 97.0)"
1770222187.823,799,4,"(511.0, 97.0)"
1770222187.833,799,4,"(511.0, 97.0)"
1770222187.844,799,4,"(511.0, 97.0)"
1770222187.855,799,4,"(511.0, 97.0)"
1770222187.865,799,4,"(511.0, 97.0)"
1770222187.875,799,4,"(511.0, 73.0)"
1770222187.886,799,4,"(511.0, 73.0)"
1770222187.897,799,4,"(511.0, 48.0)"
1770222187.907,799,4,"(511.0, 48.0)"
1770222187.918,799,4,"(511.0, 73.0)"
1770222187.929,799,4,"(511.0, 73.0)"
1770222187.94,799,4,"(511.0, 97.0)"
1770222187.95,799,4,"(511.0, 97.0)"
1770222187.961,799,4,"(511.0, 97.0)"
1770222187.973,799,4,"(511.0, 97.0)"
1770222187.984,799,4,"(511.0, 97.0)"
1770222187.994,799,4,"(511.0, 121.0)"
1770222188.006,799,4,"(511.0, 121.0)"
1770222188.016,799,4,"(511.0, 146.0)"
1770222188.027,799,4,"(511.0, 146.0)"
1770222188.039,799,4,"(511.0, 146.0)"
1770222188.049,799,4,"(511.0, 146.0)"
1770222188.059,799,4,"(511.0, 170.0)"
1770222188.071,799,4,"(511.0, 170.0)"
1770222188.081,799,4,"(511.0, 194.0)"
1770222188.092,799,4,"(511.0, 194.0)"
1770222188.105,799,4,"(511.0, 194.0)"
1770222188.116,799,4,"(511.0, 194.0)"
1770222188.126,799,4,"(511.0, 194.0)"
1770222188.137,799,4,"(511.0, 194.0)"
1770222188.148,799,4,"(511.0, 194.0)"
1770222188.16,799,4,"(511.0, 194.0)"
1770222188.171,799,4,"(511.0, 194.0)"
1770222188.181,799,4,"(511.0, 194.0)"
1770222188.191,799,4,"(511.0, 194.0)"
1770222188.205,799,4,"(511.0, 194.0)"
1770222188.216,799,4,"(511.0, 194.0)"
1770222188.226,799,4,"(511.0, 194.0)"
1770222188.237,799,4,"(511.0, 194.0)"
1770222188.247,799,4,"(511.0, 194.0)"
1770222188.257,799,4,"(511.0, 170.0)"
1770222188.271,799,4,"(511.0, 170.0)"
1770222188.282,799,4,"(511.0, 170.0)"
1770222188.292,799,4,"(511.0, 170.0)"
1770222188.303,799,4,"(639.0, 170.0)"
1770222188.313,799,4,"(511.0, 194.0)"
1770222188.324,799,4,"(511.0, 194.0)"
1770222188.334,799,4,"(511.0, 194.0)"
1770222188.345,799,4,"(511.0, 194.0)"
1770222188.355,799,4,"(511.0, 194.0)"
1770222188.365,799,4,"(511.0, 194.0)"
1770222188.376,799,4,"(511.0, 194.0)"
1770222188.387,799,4,"(511.0, 219.0)"
1770222188.397,799,4,"(511.0, 219.0)"
1770222188.407,799,4,"(511.0, 219.0)"
1770222188.418,799,4,"(511.0, 219.0)"
1770222188.428,799,4,"(511.0, 219.0)"
1770222188.439,799,4,"(511.0, 219.0)"
1770222188.452,799,4,"(511.0, 194.0)"
1770222188.462,799,4,"(511.0, 219.0)"
1770222188.472,799,4,"(511.0, 219.0)"
1770222188.483,799,4,"(511.0, 194.0)"
1770222188.493,799,4,"(511.0, 194.0)"
1770222188.503,799,4,"(511.0, 194.0)"
1770222188.513,799,4,"(511.0, 194.0)"
1770222188.524,799,4,"(511.0, 194.0)"
1770222188.535,799,4,"(511.0, 194.0)"
1770222188.547,799,4,"(511.0, 194.0)"
1770222188.557,799,4,"(511.0, 194.0)"
1770222188.57,799,4,"(511.0, 194.0)"
1770222188.581,799,4,"(511.0, 194.0)"
1770222188.592,799,4,"(511.0, 194.0)"
1770222188.603,799,4,"(511.0, 194.0)"
1770222188.613,799,4,"(511.0, 194.0)"
1770222188.624,799,4,"(511.0, 194.0)"
1770222188.634,799,4,"(511.0, 194.0)"
1770222188.645,799,4,"(511.0, 194.0)"
1770222188.656,799,4,"(511.0, 194.0)"
1770222188.669,799,4,"(511.0, 194.0)"
1770222188.679,799,4,"(639.0, 194.0)"
1770222188.689,799,4,"(511.0, 194.0)"
1770222188.702,799,4,"(511.0, 194.0)"
1770222188.713,799,4,"(511.0, 194.0)"
1770222188.724,799,4,"(511.0, 194.0)"
1770222188.735,799,4,"(511.0, 194.0)"
1770222188.745,799,4,"(511.0, 194.0)"
1770222188.756,799,4,"(511.0, 194.0)"
1770222188.766,799,4,"(511.0, 194.0)"
1770222188.777,799,4,"(511.0, 194.0)"
1770222188.787,799,4,"(511.0, 194.0)"
1770222188.798,799,4,"(511.0, 194.0)"
1770222188.809,799,4,"(511.0, 194.0)"
1770222188.82,799,4,"(511.0, 194.0)"
1770222188.831,799,4,"(511.0, 194.0)"
1770222188.841,799,4,"(511.0, 194.0)"
1770222188.852,799,4,"(511.0, 194.0)"
1770222188.862,799,4,"(511.0, 194.0)"
1770222188.872,799,4,"(511.0, 194.0)"
1770222188.883,799,4,"(511.0, 219.0)"
1770222188.893,799,4,"(511.0, 219.0)"
1770222188.904,799,4,"(511.0, 243.0)"
1770222188.914,799,4,"(511.0, 243.0)"
1770222188.925,799,4,"(511.0, 243.0)"
1770222188.936,799,4,"(511.0, 243.0)"
1770222188.946,799,4,"(511.0, 243.0)"
1770222188.956,799,4,"(511.0, 243.0)"
1770222188.967,799,4,"(511.0, 243.0)"
1770222188.978,799,4,"(511.0, 243.0)"
1770222188.988,799,4,"(511.0, 243.0)"
1770222189.0,799,4,"(511.0, 243.0)"
1770222189.011,799,4,"(511.0, 243.0)"
1770222189.022,799,4,"(511.0, 243.0)"
1770222189.034,799,4,"(511.0, 243.0)"
1770222189.045,799,4,"(511.0, 243.0)"
1770222189.056,799,4,"(511.0, 243.0)"
1770222203.115,799,1,"(511.0, 0.0)"
1770222203.125,799,1,"(511.0, 0.0)"
1770222203.136,799,1,"(511.0, 0.0)"
1770222203.147,799,1,"(511.0, 0.0)"
1770222203.157,799,1,"(511.0, 0.0)"
1770222203.168,799,1,"(511.0, 0.0)"
1770222203.178,799,1,"(511.0, 0.0)"
1770222203.188,799,1,"(511.0, 0.0)"
1770222203.199,799,1,"(511.0, 0.0)"
1770222203.21,799,1,"(511.0, 0.0)"
1770222203.22,799,1,"(511.0, 0.0)"
1770222203.23,799,1,"(511.0, 0.0)"
1770222203.241,799,1,"(511.0, 0.0)"
1770222203.251,799,1,"(511.0, 0.0)"
1770222203.265,799,1,"(511.0, 0.0)"
1770222203.275,799,1,"(511.0, 0.0)"
1770222203.285,799,1,"(511.0, 0.0)"
1770222203.295,799,1,"(511.0, 0.0)"
1770222203.306,799,1,"(511.0, 0.0)"
1770222203.316,799,1,"(511.0, 0.0)"
1770222203.326,799,1,"(511.0, 0.0)"
1770222203.337,799,1,"(511.0, 0.0)"
1770222203.347,799,1,"(511.0, 0.0)"
1770222203.357,799,1,"(511.0, 0.0)"
1770222203.368,799,1,"(511.0, 0.0)"
1770222203.381,799,1,"(511.0, 0.0)"
1770222203.392,799,1,"(511.0, 0.0)"
1770222203.403,799,1,"(511.0, 0.0)"
1770222203.414,799,1,"(511.0, 0.0)"
1770222203.425,799,1,"(511.0, 0.0)"
1770222203.435,799,1,"(511.0, 0.0)"
1770222203.446,799,1,"(511.0, 0.0)"
1770222203.457,799,1,"(511.0, 0.0)"
1770222203.467,799,1,"(511.0, 0.0)"
1770222203.479,799,1,"(511.0, 0.0)"
1770222203.489,799,1,"(511.0, 0.0)"
1770222203.5,799,1,"(511.0, 0.0)"
1770222203.511,799,1,"(511.0, 0.0)"
1770222203.521,799,1,"(511.0, 0.0)"
1770222203.532,799,1,"(511.0, 0.0)"
1770222203.542,799,1,"(511.0, 0.0)"
1770222203.553,799,1,"(511.0, 0.0)"
1770222203.564,799,1,"(511.0, 0.0)"
1770222203.574,799,1,"(511.0, 0.0)"
1770222203.585,799,1,"(511.0, 0.0)"
1770222203.595,799,1,"(511.0, 0.0)"
1770222203.606,799,1,"(511.0, 0.0)"
1770222203.616,799,1,"(511.0, 0.0)"
1770222203.627,799,1,"(511.0, 0.0)"
1770222203.637,799,1,"(511.0, 0.0)"
1770222203.648,799,1,"(511.0, 0.0)"
1770222203.658,799,1,"(511.0, 0.0)"
1770222203.669,799,1,"(511.0, 0.0)"
1770222203.679,799,1,"(511.0, 0.0)"
1770222203.69,799,1,"(511.0, 0.0)"
1770222203.701,799,1,"(511.0, 0.0)"
1770222203.711,799,1,"(511.0, 0.0)"
1770222203.721,799,1,"(511.0, 0.0)"
1770222203.732,799,1,"(511.0, 0.0)"
1770222203.743,799,1,"(511.0, 0.0)"
1770222203.753,799,1,"(511.0, 0.0)"
1770222203.764,799,1,"(511.0, 0.0)"
1770222203.774,799,1,"(511.0, 0.0)"
1770222203.785,799,1,"(511.0, 0.0)"
1770222203.795,799,1,"(511.0, 0.0)"
1770222203.805,799,1,"(511.0, 0.0)"
1770222203.816,799,1,"(511.0, 0.0)"
1770222203.826,799,1,"(511.0, 0.0)"
1770222203.837,799,1,"(511.0, 0.0)"
1770222203.847,799,1,"(511.0, 0.0)"
1770222203.859,799,1,"(511.0, 0.0)"
1770222203.869,799,1,"(511.0, 0.0)"
1770222203.88,799,1,"(511.0, 0.0)"
1770222203.89,799,1,"(511.0, 0.0)"
1770222203.901,799,1,"(511.0, 0.0)"
1770222203.911,799,1,"(511.0, 0.0)"
1770222203.922,799,1,"(511.0, 0.0)"
1770222203.932,799,1,"(511.0, 0.0)"
1770222203.942,799,1,"(511.0, 0.0)"
1770222203.954,799,1,"(511.0, 0.0)"
1770222203.964,799,1,"(511.0, 0.0)"
1770222203.974,799,1,"(511.0, 0.0)"
1770222203.985,799,1,"(511.0, 0.0)"
1770222203.995,799,1,"(511.0, 0.0)"
1770222204.006,799,1,"(511.0, 0.0)"
1770222204.017,799,1,"(511.0, 0.0)"
1770222204.028,799,1,"(511.0, 0.0)"
1770222204.039,799,1,"(511.0, 0.0)"
1770222204.05,799,1,"(511.0, 0.0)"
1770222204.06,799,1,"(511.0, 0.0)"
1770222204.071,799,1,"(511.0, 0.0)"
1770222204.081,799,1,"(511.0, 0.0)"
1770222204.091,799,1,"(511.0, 0.0)"
1770222204.104,799,1,"(511.0, 0.0)"
1770222204.115,799,1,"(511.0, 0.0)"
1770222204.125,799,1,"(511.0, 0.0)"
1770222204.137,799,1,"(511.0, 0.0)"
1770222204.148,799,1,"(511.0, 0.0)"
1770222204.158,799,1,"(511.0, 0.0)"
1770222204.171,799,1,"(511.0, 0.0)"
1770222204.182,799,1,"(511.0, 0.0)"
1770222204.193,799,1,"(511.0, 0.0)"
1770222204.204,799,1,"(511.0, 0.0)"
1770222204.214,799,1,"(511.0, 0.0)"
1770222204.225,799,1,"(511.0, 0.0)"
1770222204.237,799,1,"(511.0, 0.0)"
1770222204.249,799,1,"(511.0, 0.0)"
1770222204.259,799,1,"(511.0, 0.0)"
1770222204.272,799,1,"(511.0, 0.0)"
1770222204.282,799,1,"(511.0, 0.0)"
1770222204.292,799,1,"(511.0, 0.0)"
1770222204.304,799,1,"(511.0, 0.0)"
1770222204.315,799,1,"(511.0, 0.0)"
1770222204.325,799,1,"(511.0, 0.0)"
1770222204.335,799,1,"(511.0, 0.0)"
1770222204.346,799,1,"(511.0, 0.0)"
1770222204.357,799,1,"(511.0, 0.0)"
1770222204.367,799,1,"(511.0, 0.0)"
1770222204.378,799,1,"(511.0, 0.0)"
1770222204.39,799,1,"(511.0, 0.0)"
1770222204.401,799,1,"(511.0, 0.0)"
1770222204.411,799,1,"(511.0, 0.0)"
1770222204.422,799,1,"(511.0, 0.0)"
1770222204.433,799,1,"(511.0, 0.0)"
1770222204.443,799,1,"(511.0, 0.0)"
1770222204.453,799,1,"(511.0, 0.0)"
1770222204.464,799,1,"(511.0, 0.0)"
1770222204.475,799,1,"(511.0, 0.0)"
1770222204.485,799,1,"(511.0, 0.0)"
1770222204.496,799,1,"(511.0, 0.0)"
1770222204.506,799,1,"(511.0, 0.0)"
1770222204.517,799,1,"(511.0, 0.0)"
1770222204.528,799,1,"(511.0, 0.0)"
1770222204.539,799,1,"(511.0, 0.0)"
1770222204.549,799,1,"(511.0, 0.0)"
1770222204.559,799,1,"(511.0, 0.0)"
1770222204.57,799,1,"(511.0, 0.0)"
1770222204.58,799,1,"(511.0, 0.0)"
1770222204.591,799,1,"(511.0, 0.0)"
1770222204.603,799,1,"(511.0, 0.0)"
1770222204.613,799,1,"(511.0, 0.0)"
1770222204.623,799,1,"(511.0, 0.0)"
1770222204.634,799,1,"(511.0, 0.0)"
1770222204.645,799,1,"(511.0, 0.0)"
1770222204.655,799,1,"(511.0, 0.0)"
1770222204.666,799,1,"(511.0, 0.0)"
1770222204.676,799,1,"(511.0, 0.0)"
1770222204.687,799,1,"(511.0, 0.0)"
1770222204.697,799,1,"(511.0, 0.0)"
1770222204.708,799,1,"(511.0, 0.0)"
1770222204.718,799,1,"(511.0, 0.0)"
1770222204.728,799,1,"(511.0, 0.0)"
1770222204.74,799,1,"(511.0, 0.0)"
1770222204.751,799,1,"(511.0, 0.0)"
1770222204.761,799,1,"(511.0, 0.0)"
1770222204.772,799,1,"(511.0, 0.0)"
1770222204.782,799,1,"(511.0, 0.0)"
1770222204.793,799,1,"(511.0, 0.0)"
1770222204.803,799,1,"(511.0, 0.0)"
1770222204.814,799,1,"(511.0, 0.0)"
1770222204.825,799,1,"(511.0, 0.0)"
1770222204.835,799,1,"(511.0, 0.0)"
1770222204.846,799,1,"(511.0, 0.0)"
1770222204.857,799,1,"(511.0, 0.0)"
1770222204.869,799,1,"(511.0, 0.0)"
1770222204.879,799,1,"(511.0, 0.0)"
1770222204.89,799,1,"(511.0, 0.0)"
1770222204.9,799,1,"(511.0, 0.0)"
1770222204.91,799,1,"(511.0, 0.0)"
1770222204.921,799,1,"(511.0, 0.0)"
1770222204.931,799,1,"(511.0, 0.0)"
1770222204.942,799,1,"(511.0, 0.0)"
1770222204.952,799,1,"(511.0, 0.0)"
1770222204.963,799,1,"(511.0, 0.0)"
1770222204.973,799,1,"(511.0, 0.0)"
1770222204.984,799,1,"(511.0, 0.0)"
1770222204.994,799,1,"(511.0, 0.0)"
1770222205.005,799,1,"(511.0, 0.0)"
1770222205.016,799,1,"(511.0, 0.0)"
1770222205.026,799,1,"(511.0, 0.0)"
1770222205.039,799,1,"(511.0, 0.0)"
1770222205.049,799,1,"(511.0, 0.0)"
1770222205.061,799,1,"(511.0, 0.0)"
1770222205.071,799,1,"(511.0, 0.0)"
1770222205.081,799,1,"(511.0, 0.0)"
1770222205.092,799,1,"(511.0, 0.0)"
1770222205.102,799,1,"(511.0, 0.0)"
1770222205.113,799,1,"(511.0, 0.0)"
1770222205.123,799,1,"(511.0, 0.0)"
1770222205.133,799,1,"(511.0, 0.0)"
1770222205.144,799,1,"(511.0, 0.0)"
1770222205.155,799,1,"(511.0, 0.0)"
1770222205.165,799,1,"(511.0, 0.0)"
1770222205.176,799,1,"(511.0, 0.0)"
1770222205.186,799,1,"(511.0, 0.0)"
1770222205.196,799,1,"(511.0, 0.0)"
1770222205.206,799,1,"(511.0, 0.0)"
1770222205.217,799,1,"(511.0, 0.0)"
1770222205.228,799,1,"(511.0, 0.0)"
1770222205.238,799,1,"(511.0, 0.0)"
1770222205.248,799,1,"(511.0, 0.0)"
1770222205.259,799,1,"(511.0, 0.0)"
1770222205.27,799,1,"(511.0, 0.0)"
1770222205.281,799,1,"(511.0, 0.0)"
1770222205.291,799,1,"(511.0, 0.0)"
1770222205.302,799,1,"(511.0, 0.0)"
1770222205.312,799,1,"(511.0, 0.0)"
1770222205.322,799,1,"(511.0, 0.0)"
1770222205.334,799,1,"(511.0, 0.0)"
1770222205.345,799,1,"(511.0, 0.0)"
1770222205.355,799,1,"(511.0, 0.0)"
1770222205.366,799,1,"(511.0, 0.0)"
1770222205.377,799,1,"(511.0, 0.0)"
1770222205.387,799,1,"(511.0, 0.0)"
1770222205.398,799,1,"(511.0, 0.0)"
1770222205.41,799,1,"(511.0, 0.0)"
1770222205.421,799,1,"(511.0, 0.0)"
1770222205.431,799,1,"(511.0, 0.0)"
1770222205.442,799,1,"(511.0, 0.0)"
1770222205.453,799,1,"(511.0, 0.0)"
1770222205.463,799,1,"(511.0, 0.0)"
1770222205.473,799,1,"(511.0, 0.0)"
1770222205.485,799,1,"(511.0, 0.0)"
1770222205.496,799,1,"(511.0, 0.0)"
1770222205.507,799,1,"(511.0, 0.0)"
1770222205.518,799,1,"(511.0, 0.0)"
1770222205.528,799,1,"(511.0, 0.0)"
1770222205.538,799,1,"(511.0, 0.0)"
1770222205.549,799,1,"(511.0, 0.0)"
1770222205.56,799,1,"(511.0, 0.0)"
1770222205.57,799,1,"(511.0, 0.0)"
1770222205.581,799,1,"(511.0, 0.0)"
1770222205.592,799,1,"(511.0, 0.0)"
1770222205.603,799,1,"(511.0, 0.0)"
1770222205.613,799,1,"(511.0, 0.0)"
1770222205.624,799,1,"(511.0, 0.0)"
1770222205.635,799,1,"(511.0, 0.0)"
1770222205.646,799,1,"(511.0, 0.0)"
1770222205.656,799,1,"(511.0, 0.0)"
1770222205.668,799,1,"(511.0, 0.0)"
1770222205.679,799,1,"(511.0, 0.0)"
1770222205.689,799,1,"(511.0, 0.0)"
1770222205.7,799,1,"(511.0, 0.0)"
1770222205.71,799,1,"(511.0, 0.0)"
1770222205.72,799,1,"(511.0, 0.0)"
1770222205.73,799,1,"(511.0, 0.0)"
1770222205.74,799,1,"(511.0, 0.0)"
1770222205.751,799,1,"(511.0, 0.0)"
1770222205.761,799,1,"(511.0, 0.0)"
1770222205.772,799,1,"(511.0, 0.0)"
1770222205.782,799,1,"(511.0, 0.0)"
1770222205.792,799,1,"(511.0, 0.0)"
1770222205.803,799,1,"(511.0, 0.0)"
1770222205.814,799,1,"(511.0, 0.0)"
1770222205.824,799,1,"(511.0, 0.0)"
1770222205.834,799,1,"(511.0, 0.0)"
1770222205.844,799,1,"(511.0, 0.0)"
1770222205.854,799,1,"(511.0, 0.0)"
1770222205.865,799,1,"(511.0, 0.0)"
1770222205.875,799,1,"(511.0, 0.0)"
1770222205.885,799,1,"(511.0, 0.0)"
1770222205.897,799,1,"(511.0, 0.0)"
1770222205.907,799,1,"(511.0, 0.0)"
1770222205.918,799,1,"(511.0, 0.0)"
1770222205.928,799,1,"(511.0, 0.0)"
1770222205.939,799,1,"(511.0, 0.0)"
1770222205.949,799,1,"(511.0, 0.0)"
1770222205.96,799,1,"(511.0, 0.0)"
1770222205.97,799,1,"(511.0, 0.0)"
1770222205.981,799,1,"(511.0, 0.0)"
1770222205.992,799,1,"(511.0, 0.0)"
1770222206.003,799,1,"(511.0, 0.0)"
1770222206.013,799,1,"(511.0, 0.0)"
1770222206.023,799,1,"(511.0, 0.0)"
1770222206.035,799,1,"(511.0, 0.0)"
1770222206.045,799,1,"(511.0, 0.0)"
1770222206.055,799,1,"(511.0, 0.0)"
1770222206.067,799,1,"(511.0, 0.0)"
1770222206.077,799,1,"(511.0, 0.0)"
1770222206.087,799,1,"(511.0, 0.0)"
1770222206.097,799,1,"(511.0, 0.0)"
1770222206.107,799,1,"(511.0, 0.0)"
1770222209.307,799,2,"(639.0, 487.0)"
1770222209.317,799,2,"(639.0, 487.0)"
1770222209.328,799,2,"(639.0, 511.0)"
1770222209.339,799,2,"(511.0, 511.0)"
1770222209.349,799,2,"(511.0, 535.0)"
1770222209.36,799,2,"(383.0, 535.0)"
1770222209.37,799,2,"(511.0, 560.0)"
1770222209.381,799,2,"(639.0, 584.0)"
1770222209.391,799,2,"(767.0, 608.0)"
1770222209.403,799,2,"(639.0, 633.0)"
1770222209.413,799,2,"(511.0, 657.0)"
1770222209.424,799,2,"(383.0, 682.0)"
1770222209.435,799,2,"(255.0, 706.0)"
1770222209.445,799,2,"(383.0, 730.0)"
1770222209.456,799,2,"(383.0, 779.0)"
1770222209.467,799,2,"(639.0, 779.0)"
1770222209.478,799,2,"(511.0, 803.0)"
1770222209.488,799,2,"(767.0, 803.0)"
1770222209.499,799,2,"(639.0, 803.0)"
1770222209.509,799,2,"(511.0, 803.0)"
1770222209.522,799,2,"(511.0, 803.0)"
1770222209.532,799,2,"(383.0, 828.0)"
1770222209.543,799,2,"(511.0, 828.0)"
1770222209.553,799,2,"(511.0, 852.0)"
1770222209.564,799,2,"(511.0, 852.0)"
1770222209.575,799,2,"(511.0, 828.0)"
1770222209.586,799,2,"(383.0, 803.0)"
1770222209.596,799,2,"(511.0, 779.0)"
1770222209.606,799,2,"(639.0, 779.0)"
1770222209.617,799,2,"(511.0, 755.0)"
1770222209.628,799,2,"(383.0, 730.0)"
1770222209.638,799,2,"(639.0, 730.0)"
1770222209.649,799,2,"(767.0, 730.0)"
1770222209.659,799,2,"(511.0, 730.0)"
1770222209.67,799,2,"(639.0, 730.0)"
1770222209.681,799,2,"(895.0, 730.0)"
1770222209.691,799,2,"(511.0, 730.0)"
1770222209.702,799,2,"(511.0, 706.0)"
1770222209.712,799,2,"(383.0, 682.0)"
1770222209.724,799,2,"(255.0, 657.0)"
1770222209.734,799,2,"(511.0, 633.0)"
1770222209.745,799,2,"(511.0, 608.0)"
1770222209.756,799,2,"(383.0, 633.0)"
1770222209.767,799,2,"(255.0, 633.0)"
1770222209.778,799,2,"(639.0, 633.0)"
1770222209.791,799,2,"(511.0, 633.0)"
1770222209.801,799,2,"(511.0, 633.0)"
1770222209.812,799,2,"(511.0, 633.0)"
1770222209.824,799,2,"(511.0, 633.0)"
1770222209.835,799,2,"(639.0, 657.0)"
1770222209.845,799,2,"(511.0, 682.0)"
1770222209.855,799,2,"(639.0, 706.0)"
1770222209.866,799,2,"(511.0, 755.0)"
1770222209.877,799,2,"(767.0, 803.0)"
1770222209.887,799,2,"(767.0, 828.0)"
1770222209.898,799,2,"(895.0, 852.0)"
1770222209.909,799,2,"(639.0, 852.0)"
1770222209.919,799,2,"(511.0, 828.0)"
1770222209.93,799,2,"(511.0, 828.0)"
1770222209.942,799,2,"(511.0, 803.0)"
1770222209.952,799,2,"(511.0, 803.0)"
1770222209.962,799,2,"(639.0, 779.0)"
1770222209.973,799,2,"(511.0, 779.0)"
1770222209.983,799,2,"(511.0, 755.0)"
1770222209.995,799,2,"(511.0, 755.0)"
1770222210.005,799,2,"(511.0, 730.0)"
1770222210.016,799,2,"(639.0, 730.0)"
1770222210.027,799,2,"(511.0, 730.0)"
1770222210.037,799,2,"(383.0, 755.0)"
1770222210.048,799,2,"(639.0, 755.0)"
1770222210.061,799,2,"(511.0, 755.0)"
1770222210.071,799,2,"(511.0, 755.0)"
1770222210.082,799,2,"(511.0, 755.0)"
1770222210.092,799,2,"(511.0, 755.0)"
1770222210.103,799,2,"(383.0, 730.0)"
1770222210.113,799,2,"(511.0, 706.0)"
1770222210.124,799,2,"(511.0, 657.0)"
1770222210.134,799,2,"(511.0, 633.0)"
1770222210.145,799,2,"(767.0, 608.0)"
1770222210.155,799,2,"(895.0, 584.0)"
1770222210.165,799,2,"(511.0, 608.0)"
1770222210.177,799,2,"(639.0, 633.0)"
1770222210.187,799,2,"(511.0, 633.0)"
1770222210.197,799,2,"(511.0, 657.0)"
1770222210.207,799,2,"(255.0, 657.0)"
1770222210.218,799,2,"(383.0, 706.0)"
1770222210.228,799,2,"(383.0, 730.0)"
1770222210.239,799,2,"(383.0, 755.0)"
1770222210.249,799,2,"(895.0, 779.0)"
1770222210.26,799,2,"(511.0, 779.0)"
1770222210.27,799,2,"(511.0, 803.0)"
1770222210.281,799,2,"(639.0, 779.0)"
1770222210.293,799,2,"(1023.0, 779.0)"
1770222210.304,799,2,"(895.0, 803.0)"
1770222210.314,799,2,"(383.0, 828.0)"
1770222210.325,799,2,"(511.0, 876.0)"
1770222210.335,799,2,"(127.0, 901.0)"
1770222210.345,799,2,"(383.0, 925.0)"
1770222210.355,799,2,"(639.0, 949.0)"
1770222210.366,799,2,"(511.0, 974.0)"
1770222210.378,799,2,"(511.0, 974.0)"
1770222210.388,799,2,"(511.0, 974.0)"
1770222210.399,799,2,"(255.0, 949.0)"
1770222210.41,799,2,"(639.0, 949.0)"
1770222210.421,799,2,"(511.0, 925.0)"
1770222210.432,799,2,"(511.0, 925.0)"
1770222210.442,799,2,"(511.0, 949.0)"
1770222210.453,799,2,"(383.0, 974.0)"
1770222210.464,799,2,"(511.0, 998.0)"
1770222210.474,799,2,"(255.0, 1023.0)"
1770222210.485,799,2,"(255.0, 998.0)"
1770222210.496,799,2,"(255.0, 974.0)"
1770222210.508,799,2,"(639.0, 974.0)"
1770222210.519,799,2,"(511.0, 998.0)"
1770222210.529,799,2,"(639.0, 998.0)"
1770222210.539,799,2,"(639.0, 998.0)"
1770222210.55,799,2,"(639.0, 974.0)"
1770222210.56,799,2,"(383.0, 949.0)"
1770222210.57,799,2,"(511.0, 901.0)"
1770222210.581,799,2,"(511.0, 876.0)"
1770222210.591,799,2,"(639.0, 852.0)"
1770222210.602,799,2,"(383.0, 828.0)"
1770222210.612,799,2,"(511.0, 828.0)"
1770222210.625,799,2,"(383.0, 803.0)"
1770222210.636,799,2,"(383.0, 803.0)"
1770222210.646,799,2,"(511.0, 803.0)"
1770222210.657,799,2,"(511.0, 803.0)"
1770222210.668,799,2,"(639.0, 779.0)"
1770222210.679,799,2,"(511.0, 755.0)"
1770222210.691,799,2,"(383.0, 730.0)"
1770222210.702,799,2,"(639.0, 706.0)"
1770222210.712,799,2,"(511.0, 682.0)"
1770222210.723,799,2,"(255.0, 657.0)"
1770222210.733,799,2,"(383.0, 633.0)"
1770222210.744,799,2,"(255.0, 633.0)"
1770222210.755,799,2,"(511.0, 657.0)"
1770222210.766,799,2,"(511.0, 657.0)"
1770222210.776,799,2,"(511.0, 657.0)"
1770222210.787,799,2,"(511.0, 657.0)"
1770222210.797,799,2,"(383.0, 682.0)"
1770222210.808,799,2,"(511.0, 706.0)"
1770222210.819,799,2,"(383.0, 706.0)"
1770222210.829,799,2,"(511.0, 706.0)"
1770222210.841,799,2,"(767.0, 706.0)"
1770222210.851,799,2,"(383.0, 682.0)"
1770222210.862,799,2,"(511.0, 706.0)"
1770222210.874,799,2,"(511.0, 730.0)"
1770222210.884,799,2,"(511.0, 755.0)"
1770222210.894,799,2,"(383.0, 779.0)"
1770222210.905,799,2,"(0.0, 828.0)"
1770222210.915,799,2,"(127.0, 852.0)"
1770222210.926,799,2,"(511.0, 876.0)"
1770222210.939,799,2,"(383.0, 925.0)"
1770222210.95,799,2,"(511.0, 974.0)"
1770222210.961,799,2,"(639.0, 1023.0)"
1770222210.972,799,2,"(1023.0, 1023.0)"
1770222210.982,799,2,"(909.0, 1023.0)"
1770222210.993,799,2,"(682.0, 1023.0)"
1770222211.005,799,2,"(227.0, 1023.0)"
1770222211.016,799,2,"(568.0, 1023.0)"
1770222211.026,799,2,"(454.0, 1023.0)"
1770222211.037,799,2,"(568.0, 1023.0)"
1770222211.047,799,2,"(454.0, 1023.0)"
1770222211.058,799,2,"(454.0, 1023.0)"
1770222211.068,799,2,"(568.0, 981.0)"
1770222211.078,799,2,"(682.0, 960.0)"
1770222211.091,799,2,"(454.0, 960.0)"
1770222211.101,799,2,"(227.0, 960.0)"
1770222211.111,799,2,"(454.0, 981.0)"
1770222211.124,799,2,"(454.0, 1002.0)"
1770222211.134,799,2,"(341.0, 1023.0)"
1770222211.145,799,2,"(0.0, 1023.0)"
1770222211.155,799,2,"(716.0, 1023.0)"
1770222211.166,799,2,"(511.0, 1023.0)"
1770222211.176,799,2,"(511.0, 1023.0)"
1770222211.187,799,2,"(818.0, 1023.0)"
1770222211.197,799,2,"(613.0, 1023.0)"
1770222211.208,799,2,"(511.0, 1023.0)"
1770222211.22,799,2,"(613.0, 1005.0)"
1770222211.231,799,2,"(409.0, 1005.0)"
1770222211.242,799,2,"(306.0, 987.0)"
1770222211.254,799,2,"(716.0, 1005.0)"
1770222211.264,799,2,"(716.0, 987.0)"
1770222211.275,799,2,"(613.0, 987.0)"
1770222211.287,799,2,"(409.0, 969.0)"
1770222211.298,799,2,"(716.0, 969.0)"
1770222211.309,799,2,"(306.0, 969.0)"
1770222211.319,799,2,"(409.0, 987.0)"
1770222211.33,799,2,"(511.0, 1005.0)"
1770222211.34,799,2,"(716.0, 1023.0)"
1770222211.351,799,2,"(818.0, 1023.0)"
1770222211.361,799,2,"(818.0, 1023.0)"
1770222211.373,799,2,"(409.0, 1023.0)"
1770222211.385,799,2,"(716.0, 1005.0)"
1770222211.395,799,2,"(613.0, 988.0)"
1770222211.406,799,2,"(204.0, 970.0)"
1770222211.417,799,2,"(511.0, 953.0)"
1770222211.427,799,2,"(511.0, 918.0)"
1770222211.439,799,2,"(306.0, 884.0)"
1770222211.449,799,2,"(102.0, 849.0)"
1770222211.459,799,2,"(409.0, 832.0)"
1770222211.471,799,2,"(511.0, 814.0)"
1770222211.481,799,2,"(511.0, 814.0)"
1770222211.492,799,2,"(306.0, 780.0)"
1770222211.502,799,2,"(511.0, 762.0)"
1770222211.513,799,2,"(716.0, 728.0)"
1770222211.524,799,2,"(511.0, 710.0)"
1770222211.534,799,2,"(613.0, 710.0)"
1770222211.545,799,2,"(716.0, 710.0)"
1770222211.557,799,2,"(613.0, 728.0)"
1770222211.567,799,2,"(511.0, 745.0)"
1770222211.577,799,2,"(511.0, 728.0)"
1770222211.589,799,2,"(613.0, 728.0)"
1770222211.599,799,2,"(613.0, 710.0)"
1770222211.611,799,2,"(511.0, 693.0)"
1770222211.623,799,2,"(511.0, 676.0)"
1770222211.634,799,2,"(511.0, 658.0)"
1770222211.644,799,2,"(716.0, 658.0)"
1770222211.655,799,2,"(818.0, 641.0)"
1770222211.665,799,2,"(306.0, 641.0)"
1770222211.676,799,2,"(613.0, 624.0)"
1770222211.686,799,2,"(204.0, 624.0)"
1770222211.696,799,2,"(409.0, 624.0)"
1770222211.708,799,2,"(511.0, 641.0)"
1770222211.719,799,2,"(511.0, 641.0)"
1770222211.73,799,2,"(306.0, 641.0)"
1770222211.742,799,2,"(306.0, 641.0)"
1770222211.752,799,2,"(306.0, 658.0)"
1770222211.762,799,2,"(511.0, 676.0)"
1770222211.773,799,2,"(409.0, 693.0)"
1770222211.783,799,2,"(409.0, 693.0)"
1770222211.794,799,2,"(511.0, 710.0)"
1770222211.804,799,2,"(306.0, 710.0)"
1770222211.814,799,2,"(306.0, 693.0)"
1770222211.826,799,2,"(511.0, 676.0)"
1770222211.837,799,2,"(511.0, 658.0)"
1770222211.857,799,2,"(511.0, 658.0)"
1770222211.868,799,2,"(511.0, 658.0)"
1770222211.879,799,2,"(511.0, 658.0)"
1770222211.889,799,2,"(511.0, 658.0)"
1770222211.9,799,2,"(409.0, 658.0)"
1770222211.911,799,2,"(511.0, 641.0)"
1770222211.922,799,2,"(409.0, 624.0)"
1770222211.932,799,2,"(306.0, 624.0)"
1770222211.942,799,2,"(306.0, 606.0)"
1770222211.952,799,2,"(613.0, 606.0)"
1770222211.963,799,2,"(409.0, 589.0)"
1770222211.973,799,2,"(613.0, 589.0)"
1770222211.984,799,2,"(613.0, 589.0)"
1770222211.994,799,2,"(409.0, 589.0)"
1770222212.005,799,2,"(613.0, 589.0)"
1770222212.015,799,2,"(306.0, 589.0)"
1770222212.026,799,2,"(613.0, 589.0)"
1770222212.036,799,2,"(613.0, 589.0)"
1770222212.047,799,2,"(818.0, 589.0)"
1770222212.057,799,2,"(716.0, 589.0)"
1770222212.067,799,2,"(409.0, 606.0)"
1770222212.079,799,2,"(409.0, 606.0)"
1770222212.09,799,2,"(306.0, 624.0)"
1770222212.101,799,2,"(511.0, 624.0)"
1770222212.113,799,2,"(511.0, 606.0)"
1770222212.123,799,2,"(511.0, 606.0)"
1770222212.134,799,2,"(511.0, 589.0)"
1770222212.144,799,2,"(511.0, 589.0)"
1770222212.154,799,2,"(511.0, 589.0)"
1770222212.164,799,2,"(409.0, 572.0)"
1770222212.175,799,2,"(613.0, 572.0)"
1770222212.185,799,2,"(613.0, 572.0)"
1770222212.196,799,2,"(511.0, 572.0)"
1770222212.206,799,2,"(613.0, 589.0)"
1770222212.217,799,2,"(613.0, 589.0)"
1770222212.227,799,2,"(511.0, 572.0)"
1770222212.237,799,2,"(511.0, 572.0)"
1770222212.251,799,2,"(511.0, 554.0)"
1770222212.261,799,2,"(511.0, 537.0)"
1770222212.271,799,2,"(613.0, 537.0)"
1770222212.282,799,2,"(511.0, 485.0)"
1770222212.292,799,2,"(613.0, 468.0)"
1770222212.303,799,2,"(613.0, 433.0)"
1770222212.313,799,2,"(511.0, 433.0)"
1770222217.606,799,3,"(511.0, 34.0)"
1770222217.616,799,3,"(511.0, 34.0)"
1770222217.626,799,3,"(511.0, 34.0)"
1770222217.637,799,3,"(511.0, 34.0)"
1770222217.647,799,3,"(511.0, 17.0)"
1770222217.658,799,3,"(511.0, 17.0)"
1770222217.668,799,3,"(511.0, 0.0)"
1770222217.679,799,3,"(511.0, 0.0)"
1770222217.69,799,3,"(511.0, 0.0)"
1770222217.702,799,3,"(511.0, 0.0)"
1770222217.713,799,3,"(511.0, 0.0)"
1770222217.723,799,3,"(511.0, 0.0)"
1770222217.733,799,3,"(511.0, 0.0)"
1770222217.744,799,3,"(511.0, 0.0)"
1770222217.754,799,3,"(511.0, 0.0)"
1770222217.764,799,3,"(511.0, 0.0)"
1770222217.775,799,3,"(511.0, 0.0)"
1770222217.785,799,3,"(511.0, 0.0)"
1770222217.796,799,3,"(511.0, 0.0)"
1770222217.807,799,3,"(511.0, 0.0)"
1770222217.817,799,3,"(511.0, 0.0)"
1770222217.828,799,3,"(511.0, 0.0)"
1770222217.838,799,3,"(511.0, 0.0)"
1770222217.849,799,3,"(511.0, 0.0)"
1770222217.86,799,3,"(511.0, 0.0)"
1770222217.872,799,3,"(511.0, 0.0)"
1770222217.882,799,3,"(511.0, 0.0)"
1770222217.893,799,3,"(511.0, 0.0)"
1770222217.905,799,3,"(511.0, 0.0)"
1770222217.915,799,3,"(511.0, 0.0)"
1770222217.926,799,3,"(511.0, 0.0)"
1770222217.937,799,3,"(511.0, 0.0)"
1770222217.948,799,3,"(511.0, 0.0)"
1770222217.958,799,3,"(511.0, 0.0)"
1770222217.968,799,3,"(511.0, 17.0)"
1770222217.979,799,3,"(511.0, 17.0)"
1770222217.99,799,3,"(511.0, 34.0)"
1770222218.001,799,3,"(511.0, 34.0)"
1770222218.011,799,3,"(511.0, 34.0)"
1770222218.022,799,3,"(511.0, 34.0)"
1770222218.033,799,3,"(511.0, 34.0)"
1770222218.043,799,3,"(511.0, 34.0)"
1770222218.054,799,3,"(511.0, 52.0)"
1770222218.064,799,3,"(511.0, 52.0)"
1770222218.075,799,3,"(511.0, 69.0)"
1770222218.085,799,3,"(511.0, 69.0)"
1770222218.096,799,3,"(511.0, 69.0)"
1770222218.106,799,3,"(511.0, 69.0)"
1770222218.117,799,3,"(511.0, 69.0)"
1770222218.127,799,3,"(511.0, 69.0)"
1770222218.138,799,3,"(511.0, 69.0)"
1770222218.149,799,3,"(511.0, 69.0)"
1770222218.16,799,3,"(511.0, 86.0)"
1770222218.171,799,3,"(511.0, 86.0)"
1770222218.182,799,3,"(511.0, 104.0)"
1770222218.193,799,3,"(511.0, 104.0)"
1770222218.205,799,3,"(511.0, 104.0)"
1770222218.216,799,3,"(511.0, 104.0)"
1770222218.226,799,3,"(511.0, 104.0)"
1770222218.238,799,3,"(511.0, 104.0)"
1770222218.249,799,3,"(511.0, 104.0)"
1770222218.259,799,3,"(511.0, 86.0)"
1770222218.272,799,3,"(511.0, 86.0)"
1770222218.282,799,3,"(511.0, 69.0)"
1770222218.293,799,3,"(511.0, 69.0)"
1770222218.304,799,3,"(511.0, 69.0)"
1770222218.315,799,3,"(511.0, 69.0)"
1770222218.325,799,3,"(511.0, 69.0)"
1770222218.336,799,3,"(511.0, 69.0)"
1770222218.346,799,3,"(511.0, 69.0)"
1770222218.357,799,3,"(511.0, 69.0)"
1770222218.369,799,3,"(511.0, 69.0)"
1770222218.38,799,3,"(511.0, 69.0)"
1770222218.391,799,3,"(511.0, 69.0)"
1770222218.403,799,3,"(511.0, 69.0)"
1770222218.413,799,3,"(511.0, 69.0)"
1770222218.423,799,3,"(511.0, 69.0)"
1770222218.434,799,3,"(511.0, 69.0)"
1770222218.445,799,3,"(511.0, 69.0)"
1770222218.456,799,3,"(511.0, 69.0)"
1770222218.466,799,3,"(511.0, 69.0)"
1770222218.476,799,3,"(511.0, 69.0)"
1770222218.487,799,3,"(511.0, 69.0)"
1770222218.498,799,3,"(511.0, 69.0)"
1770222218.508,799,3,"(511.0, 69.0)"
1770222218.518,799,3,"(511.0, 69.0)"
1770222218.529,799,3,"(511.0, 69.0)"
1770222218.539,799,3,"(511.0, 69.0)"
1770222218.549,799,3,"(511.0, 69.0)"
1770222218.56,799,3,"(511.0, 69.0)"
1770222218.57,799,3,"(511.0, 52.0)"
1770222218.581,799,3,"(511.0, 52.0)"
1770222218.591,799,3,"(511.0, 34.0)"
1770222218.603,799,3,"(511.0, 34.0)"
1770222218.613,799,3,"(511.0, 34.0)"
1770222218.623,799,3,"(511.0, 34.0)"
1770222218.634,799,3,"(511.0, 34.0)"
1770222218.644,799,3,"(511.0, 34.0)"
1770222218.655,799,3,"(511.0, 52.0)"
1770222218.665,799,3,"(511.0, 52.0)"
1770222218.676,799,3,"(511.0, 69.0)"
1770222218.687,799,3,"(511.0, 69.0)"
1770222218.698,799,3,"(511.0, 69.0)"
1770222218.708,799,3,"(511.0, 69.0)"
1770222218.72,799,3,"(511.0, 52.0)"
1770222218.731,799,3,"(511.0, 52.0)"
1770222218.742,799,3,"(511.0, 34.0)"
1770222218.753,799,3,"(511.0, 34.0)"
1770222218.764,799,3,"(511.0, 34.0)"
1770222218.775,799,3,"(511.0, 34.0)"
1770222218.788,799,3,"(511.0, 34.0)"
1770222218.798,799,3,"(511.0, 34.0)"
1770222218.809,799,3,"(511.0, 34.0)"
1770222218.82,799,3,"(511.0, 52.0)"
1770222218.831,799,3,"(511.0, 52.0)"
1770222218.841,799,3,"(511.0, 52.0)"
1770222218.853,799,3,"(511.0, 69.0)"
1770222218.864,799,3,"(511.0, 69.0)"
1770222218.874,799,3,"(511.0, 69.0)"
1770222218.884,799,3,"(511.0, 69.0)"
1770222218.895,799,3,"(511.0, 69.0)"
1770222218.906,799,3,"(511.0, 52.0)"
1770222218.916,799,3,"(511.0, 52.0)"
1770222218.927,799,3,"(511.0, 52.0)"
1770222218.937,799,3,"(511.0, 52.0)"
1770222218.947,799,3,"(511.0, 52.0)"
1770222218.957,799,3,"(511.0, 52.0)"
1770222218.97,799,3,"(511.0, 69.0)"
1770222218.981,799,3,"(511.0, 69.0)"
1770222218.992,799,3,"(511.0, 69.0)"
1770222219.003,799,3,"(511.0, 69.0)"
1770222219.013,799,3,"(511.0, 69.0)"
1770222219.024,799,3,"(511.0, 69.0)"
1770222219.035,799,3,"(511.0, 69.0)"
1770222219.045,799,3,"(511.0, 69.0)"
1770222219.055,799,3,"(511.0, 69.0)"
1770222219.065,799,3,"(511.0, 69.0)"
1770222219.076,799,3,"(511.0, 69.0)"
1770222219.086,799,3,"(511.0, 52.0)"
1770222219.097,799,3,"(511.0, 52.0)"
1770222219.107,799,3,"(511.0, 34.0)"
1770222219.12,799,3,"(511.0, 34.0)"
1770222219.132,799,3,"(511.0, 34.0)"
1770222219.142,799,3,"(511.0, 34.0)"
1770222219.154,799,3,"(511.0, 34.0)"
1770222219.165,799,3,"(511.0, 34.0)"
1770222219.176,799,3,"(511.0, 34.0)"
1770222219.186,799,3,"(511.0, 34.0)"
1770222219.197,799,3,"(511.0, 34.0)"
1770222219.207,799,3,"(511.0, 34.0)"
1770222219.219,799,3,"(511.0, 34.0)"
1770222219.23,799,3,"(511.0, 34.0)"
1770222219.24,799,3,"(511.0, 34.0)"
1770222219.252,799,3,"(511.0, 34.0)"
1770222219.263,799,3,"(511.0, 34.0)"
1770222219.274,799,3,"(511.0, 34.0)"
1770222219.287,799,3,"(511.0, 34.0)"
1770222219.299,799,3,"(511.0, 34.0)"
1770222219.309,799,3,"(511.0, 34.0)"
1770222219.32,799,3,"(511.0, 34.0)"
1770222219.33,799,3,"(511.0, 34.0)"
1770222219.341,799,3,"(511.0, 34.0)"
1770222219.351,799,3,"(511.0, 34.0)"
1770222219.362,799,3,"(511.0, 34.0)"
1770222219.372,799,3,"(511.0, 34.0)"
1770222219.383,799,3,"(511.0, 34.0)"
1770222219.393,799,3,"(511.0, 34.0)"
1770222219.404,799,3,"(511.0, 34.0)"
1770222219.414,799,3,"(511.0, 52.0)"
1770222219.425,799,3,"(511.0, 52.0)"
1770222219.436,799,3,"(511.0, 52.0)"
1770222219.447,799,3,"(511.0, 52.0)"
1770222219.458,799,3,"(511.0, 52.0)"
1770222219.471,799,3,"(511.0, 69.0)"
1770222219.481,799,3,"(511.0, 69.0)"
1770222219.492,799,3,"(511.0, 69.0)"
1770222219.503,799,3,"(511.0, 69.0)"
1770222219.513,799,3,"(511.0, 69.0)"
1770222219.524,799,3,"(511.0, 69.0)"
1770222219.534,799,3,"(511.0, 69.0)"
1770222219.545,799,3,"(511.0, 69.0)"
1770222219.556,799,3,"(511.0, 69.0)"
1770222219.566,799,3,"(511.0, 69.0)"
1770222219.577,799,3,"(511.0, 69.0)"
1770222219.588,799,3,"(511.0, 69.0)"
1770222219.599,799,3,"(511.0, 69.0)"
1770222219.61,799,3,"(511.0, 69.0)"
1770222219.621,799,3,"(511.0, 69.0)"
1770222219.632,799,3,"(511.0, 69.0)"
1770222219.642,799,3,"(511.0, 69.0)"
1770222219.652,799,3,"(511.0, 69.0)"
1770222219.663,799,3,"(511.0, 69.0)"
1770222219.673,799,3,"(511.0, 69.0)"
1770222219.683,799,3,"(511.0, 52.0)"
1770222219.694,799,3,"(511.0, 52.0)"
1770222219.704,799,3,"(511.0, 34.0)"
1770222219.714,799,3,"(511.0, 34.0)"
1770222219.725,799,3,"(511.0, 34.0)"
1770222219.735,799,3,"(511.0, 34.0)"
1770222219.746,799,3,"(511.0, 34.0)"
1770222219.756,799,3,"(511.0, 34.0)"
1770222219.767,799,3,"(511.0, 34.0)"
1770222219.777,799,3,"(511.0, 34.0)"
1770222219.789,799,3,"(511.0, 34.0)"
1770222219.799,799,3,"(511.0, 34.0)"
1770222219.81,799,3,"(511.0, 34.0)"
1770222219.823,799,3,"(511.0, 34.0)"
1770222219.833,799,3,"(511.0, 34.0)"
1770222219.844,799,3,"(511.0, 34.0)"
1770222219.854,799,3,"(511.0, 34.0)"
1770222219.865,799,3,"(511.0, 34.0)"
1770222219.875,799,3,"(511.0, 34.0)"
1770222219.886,799,3,"(511.0, 34.0)"
1770222219.896,799,3,"(511.0, 34.0)"
1770222219.906,799,3,"(511.0, 34.0)"
1770222219.917,799,3,"(511.0, 34.0)"
1770222219.928,799,3,"(511.0, 34.0)"
1770222219.939,799,3,"(511.0, 34.0)"
1770222219.949,799,3,"(511.0, 34.0)"
1770222219.959,799,3,"(511.0, 34.0)"
1770222219.97,799,3,"(511.0, 34.0)"
1770222219.981,799,3,"(511.0, 34.0)"
1770222219.991,799,3,"(511.0, 34.0)"
1770222220.002,799,3,"(511.0, 34.0)"
1770222220.012,799,3,"(511.0, 34.0)"
1770222220.023,799,3,"(511.0, 34.0)"
1770222220.034,799,3,"(511.0, 34.0)"
1770222220.044,799,3,"(511.0, 34.0)"
1770222220.055,799,3,"(511.0, 34.0)"
1770222220.065,799,3,"(511.0, 34.0)"
1770222220.075,799,3,"(511.0, 34.0)"
1770222220.088,799,3,"(511.0, 34.0)"
1770222220.099,799,3,"(511.0, 34.0)"
1770222220.11,799,3,"(511.0, 34.0)"
1770222220.121,799,3,"(511.0, 34.0)"
1770222220.131,799,3,"(511.0, 34.0)"
1770222220.142,799,3,"(511.0, 34.0)"
1770222220.152,799,3,"(511.0, 34.0)"
1770222220.163,799,3,"(511.0, 34.0)"
1770222220.174,799,3,"(511.0, 34.0)"
1770222220.184,799,3,"(511.0, 34.0)"
1770222220.195,799,3,"(511.0, 34.0)"
1770222220.206,799,3,"(511.0, 34.0)"
1770222220.216,799,3,"(511.0, 34.0)"
1770222220.226,799,3,"(511.0, 34.0)"
1770222220.238,799,3,"(511.0, 34.0)"
1770222220.249,799,3,"(511.0, 34.0)"
1770222220.26,799,3,"(511.0, 34.0)"
1770222220.272,799,3,"(511.0, 34.0)"
1770222220.282,799,3,"(511.0, 34.0)"
1770222220.293,799,3,"(511.0, 34.0)"
1770222220.303,799,3,"(511.0, 34.0)"
1770222220.313,799,3,"(511.0, 34.0)"
1770222220.324,799,3,"(511.0, 34.0)"
1770222220.334,799,3,"(511.0, 34.0)"
1770222220.345,799,3,"(511.0, 34.0)"
1770222220.355,799,3,"(511.0, 34.0)"
1770222220.365,799,3,"(511.0, 34.0)"
1770222220.375,799,3,"(511.0, 52.0)"
1770222220.386,799,3,"(511.0, 52.0)"
1770222220.397,799,3,"(511.0, 69.0)"
1770222220.407,799,3,"(511.0, 69.0)"
1770222220.417,799,3,"(511.0, 69.0)"
1770222220.428,799,3,"(511.0, 69.0)"
1770222220.44,799,3,"(511.0, 69.0)"
1770222220.451,799,3,"(511.0, 69.0)"
1770222220.461,799,3,"(511.0, 69.0)"
1770222220.472,799,3,"(511.0, 69.0)"
1770222220.482,799,3,"(511.0, 69.0)"
1770222220.492,799,3,"(511.0, 69.0)"
1770222220.503,799,3,"(511.0, 69.0)"
1770222220.514,799,3,"(511.0, 69.0)"
1770222220.524,799,3,"(511.0, 69.0)"
1770222220.536,799,3,"(511.0, 69.0)"
1770222220.546,799,3,"(511.0, 69.0)"
1770222220.556,799,3,"(511.0, 69.0)"
1770222220.567,799,3,"(511.0, 69.0)"
1770222220.578,799,3,"(511.0, 69.0)"
1770222220.59,799,3,"(511.0, 69.0)"
1770222220.601,799,3,"(511.0, 69.0)"
1770222224.647,799,4,"(511.0, 0.0)"
1770222224.658,799,4,"(511.0, 0.0)"
1770222224.668,799,4,"(511.0, 0.0)"
1770222224.678,799,4,"(511.0, 0.0)"
1770222224.688,799,4,"(511.0, 0.0)"
1770222224.699,799,4,"(511.0, 0.0)"
1770222224.711,799,4,"(511.0, 0.0)"
1770222224.722,799,4,"(511.0, 0.0)"
1770222224.732,799,4,"(511.0, 0.0)"
1770222224.744,799,4,"(511.0, 0.0)"
1770222224.755,799,4,"(511.0, 0.0)"
1770222224.765,799,4,"(511.0, 17.0)"
1770222224.777,799,4,"(511.0, 34.0)"
1770222224.789,799,4,"(511.0, 34.0)"
1770222224.8,799,4,"(511.0, 34.0)"
1770222224.811,799,4,"(511.0, 52.0)"
1770222224.822,799,4,"(511.0, 52.0)"
1770222224.833,799,4,"(511.0, 69.0)"
1770222224.843,799,4,"(511.0, 69.0)"
1770222224.854,799,4,"(511.0, 69.0)"
1770222224.864,799,4,"(511.0, 86.0)"
1770222224.875,799,4,"(511.0, 86.0)"
1770222224.885,799,4,"(511.0, 104.0)"
1770222224.896,799,4,"(511.0, 104.0)"
1770222224.906,799,4,"(511.0, 121.0)"
1770222224.916,799,4,"(511.0, 138.0)"
1770222224.927,799,4,"(511.0, 138.0)"
1770222224.938,799,4,"(409.0, 138.0)"
1770222224.948,799,4,"(511.0, 138.0)"
1770222224.958,799,4,"(511.0, 173.0)"
1770222224.969,799,4,"(511.0, 173.0)"
1770222224.979,799,4,"(613.0, 190.0)"
1770222224.989,799,4,"(409.0, 208.0)"
1770222225.0,799,4,"(511.0, 225.0)"
1770222225.01,799,4,"(511.0, 225.0)"
1770222225.021,799,4,"(409.0, 242.0)"
1770222225.031,799,4,"(511.0, 242.0)"
1770222225.042,799,4,"(613.0, 242.0)"
1770222225.054,799,4,"(511.0, 242.0)"
1770222225.064,799,4,"(511.0, 242.0)"
1770222225.075,799,4,"(511.0, 260.0)"
1770222225.085,799,4,"(511.0, 277.0)"
1770222225.096,799,4,"(511.0, 277.0)"
1770222225.106,799,4,"(511.0, 260.0)"
1770222225.117,799,4,"(511.0, 260.0)"
1770222225.128,799,4,"(511.0, 242.0)"
1770222225.138,799,4,"(511.0, 242.0)"
1770222225.149,799,4,"(511.0, 242.0)"
1770222225.159,799,4,"(511.0, 242.0)"
1770222225.17,799,4,"(511.0, 242.0)"
1770222225.182,799,4,"(511.0, 242.0)"
1770222225.192,799,4,"(511.0, 260.0)"
1770222225.203,799,4,"(511.0, 260.0)"
1770222225.213,799,4,"(511.0, 294.0)"
1770222225.224,799,4,"(409.0, 294.0)"
1770222225.235,799,4,"(511.0, 312.0)"
1770222225.245,799,4,"(613.0, 312.0)"
1770222225.256,799,4,"(511.0, 312.0)"
1770222225.267,799,4,"(511.0, 312.0)"
1770222225.277,799,4,"(409.0, 312.0)"
1770222225.289,799,4,"(511.0, 312.0)"
1770222225.3,799,4,"(511.0, 329.0)"
1770222225.311,799,4,"(511.0, 329.0)"
1770222225.323,799,4,"(409.0, 329.0)"
1770222225.334,799,4,"(511.0, 312.0)"
1770222225.344,799,4,"(511.0, 312.0)"
1770222225.355,799,4,"(613.0, 312.0)"
1770222225.365,799,4,"(613.0, 312.0)"
1770222225.376,799,4,"(511.0, 346.0)"
1770222225.386,799,4,"(409.0, 364.0)"
1770222225.397,799,4,"(511.0, 398.0)"
1770222225.407,799,4,"(306.0, 416.0)"
1770222225.417,799,4,"(511.0, 416.0)"
1770222225.428,799,4,"(613.0, 416.0)"
1770222225.44,799,4,"(511.0, 416.0)"
1770222225.45,799,4,"(511.0, 398.0)"
1770222225.461,799,4,"(409.0, 381.0)"
1770222225.474,799,4,"(511.0, 364.0)"
1770222225.484,799,4,"(511.0, 346.0)"
1770222225.495,799,4,"(511.0, 346.0)"
1770222225.505,799,4,"(409.0, 346.0)"
1770222225.517,799,4,"(511.0, 346.0)"
1770222225.527,799,4,"(511.0, 346.0)"
1770222225.537,799,4,"(409.0, 346.0)"
1770222225.547,799,4,"(511.0, 346.0)"
1770222225.558,799,4,"(511.0, 346.0)"
1770222225.569,799,4,"(511.0, 346.0)"
1770222225.579,799,4,"(511.0, 346.0)"
1770222225.59,799,4,"(409.0, 346.0)"
1770222225.6,799,4,"(511.0, 346.0)"
1770222225.611,799,4,"(511.0, 346.0)"
1770222225.622,799,4,"(511.0, 364.0)"
1770222225.633,799,4,"(511.0, 364.0)"
1770222225.643,799,4,"(409.0, 346.0)"
1770222225.654,799,4,"(409.0, 346.0)"
1770222225.664,799,4,"(511.0, 346.0)"
1770222225.674,799,4,"(511.0, 364.0)"
1770222225.685,799,4,"(613.0, 364.0)"
1770222225.695,799,4,"(511.0, 381.0)"
1770222225.706,799,4,"(511.0, 381.0)"
1770222225.717,799,4,"(716.0, 381.0)"
1770222225.727,799,4,"(409.0, 381.0)"
1770222225.739,799,4,"(409.0, 398.0)"
1770222225.751,799,4,"(306.0, 416.0)"
1770222225.761,799,4,"(204.0, 433.0)"
1770222225.771,799,4,"(511.0, 468.0)"
1770222225.782,799,4,"(511.0, 485.0)"
1770222225.793,799,4,"(511.0, 502.0)"
1770222225.803,799,4,"(511.0, 520.0)"
1770222225.814,799,4,"(613.0, 520.0)"
1770222225.825,799,4,"(306.0, 537.0)"
1770222225.836,799,4,"(511.0, 554.0)"
1770222225.846,799,4,"(511.0, 572.0)"
1770222225.857,799,4,"(409.0, 572.0)"
1770222225.867,799,4,"(409.0, 554.0)"
1770222225.877,799,4,"(511.0, 554.0)"
1770222225.887,799,4,"(613.0, 554.0)"
1770222225.897,799,4,"(613.0, 572.0)"
1770222225.908,799,4,"(511.0, 572.0)"
1770222225.919,799,4,"(511.0, 589.0)"
1770222225.93,799,4,"(511.0, 589.0)"
1770222225.941,799,4,"(511.0, 589.0)"
1770222225.951,799,4,"(511.0, 589.0)"
1770222225.961,799,4,"(511.0, 589.0)"
1770222225.972,799,4,"(511.0, 589.0)"
1770222225.983,799,4,"(511.0, 572.0)"
1770222225.994,799,4,"(511.0, 554.0)"
1770222226.005,799,4,"(511.0, 520.0)"
1770222226.015,799,4,"(511.0, 485.0)"
1770222226.025,799,4,"(511.0, 450.0)"
1770222226.036,799,4,"(511.0, 433.0)"
1770222226.047,799,4,"(511.0, 416.0)"
1770222226.058,799,4,"(511.0, 398.0)"
1770222226.069,799,4,"(511.0, 381.0)"
1770222226.079,799,4,"(511.0, 364.0)"
1770222226.09,799,4,"(511.0, 346.0)"
1770222226.101,799,4,"(511.0, 346.0)"
1770222226.112,799,4,"(409.0, 329.0)"
1770222226.122,799,4,"(511.0, 329.0)"
1770222226.132,799,4,"(511.0, 312.0)"
1770222226.143,799,4,"(511.0, 294.0)"
1770222226.153,799,4,"(511.0, 260.0)"
1770222226.163,799,4,"(511.0, 242.0)"
1770222226.176,799,4,"(511.0, 208.0)"
1770222226.186,799,4,"(511.0, 190.0)"
1770222226.197,799,4,"(511.0, 190.0)"
1770222226.21,799,4,"(511.0, 173.0)"
1770222226.221,799,4,"(511.0, 173.0)"
1770222226.231,799,4,"(511.0, 173.0)"
1770222226.241,799,4,"(511.0, 173.0)"
1770222226.252,799,4,"(511.0, 173.0)"
1770222226.262,799,4,"(613.0, 173.0)"
1770222226.273,799,4,"(511.0, 190.0)"
1770222226.284,799,4,"(511.0, 190.0)"
1770222226.294,799,4,"(511.0, 208.0)"
1770222226.306,799,4,"(511.0, 208.0)"
1770222226.316,799,4,"(511.0, 225.0)"
1770222226.326,799,4,"(511.0, 225.0)"
1770222226.339,799,4,"(511.0, 225.0)"
1770222226.349,799,4,"(511.0, 225.0)"
1770222226.359,799,4,"(511.0, 225.0)"
1770222226.373,799,4,"(511.0, 225.0)"
1770222226.383,799,4,"(511.0, 242.0)"
1770222226.394,799,4,"(511.0, 242.0)"
1770222226.404,799,4,"(511.0, 242.0)"
1770222226.415,799,4,"(511.0, 242.0)"
1770222226.426,799,4,"(409.0, 242.0)"
1770222226.436,799,4,"(511.0, 242.0)"
1770222226.447,799,4,"(511.0, 260.0)"
1770222226.458,799,4,"(511.0, 260.0)"
1770222226.468,799,4,"(511.0, 242.0)"
1770222226.48,799,4,"(511.0, 242.0)"
1770222226.49,799,4,"(511.0, 242.0)"
1770222226.5,799,4,"(511.0, 242.0)"
1770222226.511,799,4,"(511.0, 242.0)"
1770222226.521,799,4,"(511.0, 225.0)"
1770222226.531,799,4,"(511.0, 225.0)"
1770222226.542,799,4,"(511.0, 208.0)"
1770222226.553,799,4,"(511.0, 190.0)"
1770222226.563,799,4,"(511.0, 190.0)"
1770222226.574,799,4,"(511.0, 173.0)"
1770222226.584,799,4,"(511.0, 173.0)"
1770222226.595,799,4,"(511.0, 173.0)"
1770222226.607,799,4,"(511.0, 173.0)"
1770222226.617,799,4,"(409.0, 173.0)"
1770222226.628,799,4,"(511.0, 173.0)"
1770222226.638,799,4,"(511.0, 173.0)"
1770222226.649,799,4,"(511.0, 173.0)"
1770222226.659,799,4,"(511.0, 173.0)"
1770222226.671,799,4,"(511.0, 173.0)"
1770222226.682,799,4,"(511.0, 156.0)"
1770222226.692,799,4,"(511.0, 156.0)"
1770222226.704,799,4,"(511.0, 156.0)"
1770222226.714,799,4,"(511.0, 156.0)"
1770222226.725,799,4,"(409.0, 156.0)"
1770222226.738,799,4,"(511.0, 156.0)"
1770222226.748,799,4,"(511.0, 156.0)"
1770222226.759,799,4,"(511.0, 156.0)"
1770222226.772,799,4,"(511.0, 138.0)"
1770222226.782,799,4,"(511.0, 156.0)"
1770222226.792,799,4,"(511.0, 156.0)"
1770222226.803,799,4,"(511.0, 173.0)"
1770222226.814,799,4,"(511.0, 190.0)"
1770222226.824,799,4,"(409.0, 190.0)"
1770222226.834,799,4,"(409.0, 208.0)"
1770222226.844,799,4,"(511.0, 208.0)"
1770222226.855,799,4,"(511.0, 208.0)"
1770222226.865,799,4,"(511.0, 208.0)"
1770222226.875,799,4,"(511.0, 208.0)"
1770222226.886,799,4,"(511.0, 208.0)"
1770222226.897,799,4,"(511.0, 208.0)"
1770222226.907,799,4,"(511.0, 208.0)"
1770222226.919,799,4,"(511.0, 208.0)"
1770222226.93,799,4,"(511.0, 225.0)"
1770222226.941,799,4,"(511.0, 225.0)"
1770222226.953,799,4,"(511.0, 225.0)"
1770222226.963,799,4,"(511.0, 208.0)"
1770222226.974,799,4,"(511.0, 208.0)"
1770222226.985,799,4,"(511.0, 208.0)"
1770222226.996,799,4,"(511.0, 225.0)"
1770222227.007,799,4,"(613.0, 225.0)"
1770222227.019,799,4,"(511.0, 242.0)"
1770222227.029,799,4,"(511.0, 242.0)"
1770222227.041,799,4,"(511.0, 242.0)"
1770222227.051,799,4,"(511.0, 242.0)"
1770222227.061,799,4,"(511.0, 242.0)"
1770222227.072,799,4,"(511.0, 242.0)"
1770222227.083,799,4,"(511.0, 242.0)"
1770222227.094,799,4,"(511.0, 242.0)"
1770222227.105,799,4,"(511.0, 242.0)"
1770222227.117,799,4,"(511.0, 242.0)"
1770222227.128,799,4,"(511.0, 242.0)"
1770222227.138,799,4,"(511.0, 260.0)"
1770222227.149,799,4,"(511.0, 260.0)"
1770222227.16,799,4,"(511.0, 277.0)"
1770222227.17,799,4,"(511.0, 277.0)"
1770222227.181,799,4,"(511.0, 277.0)"
1770222227.192,799,4,"(511.0, 277.0)"
1770222227.202,799,4,"(511.0, 277.0)"
1770222227.212,799,4,"(511.0, 277.0)"
1770222227.223,799,4,"(511.0, 277.0)"
1770222227.233,799,4,"(511.0, 277.0)"
1770222227.244,799,4,"(511.0, 260.0)"
1770222227.254,799,4,"(511.0, 260.0)"
1770222227.265,799,4,"(511.0, 242.0)"
1770222227.275,799,4,"(511.0, 242.0)"
1770222227.286,799,4,"(511.0, 242.0)"
1770222227.296,799,4,"(511.0, 242.0)"
1770222227.306,799,4,"(613.0, 242.0)"
1770222227.32,799,4,"(511.0, 242.0)"
1770222227.33,799,4,"(511.0, 242.0)"
1770222227.341,799,4,"(409.0, 260.0)"
1770222227.352,799,4,"(511.0, 260.0)"
1770222227.362,799,4,"(511.0, 277.0)"
1770222227.373,799,4,"(409.0, 277.0)"
1770222227.383,799,4,"(409.0, 277.0)"
1770222227.394,799,4,"(511.0, 260.0)"
1770222227.405,799,4,"(511.0, 260.0)"
1770222227.415,799,4,"(511.0, 242.0)"
1770222227.425,799,4,"(613.0, 242.0)"
1770222227.436,799,4,"(511.0, 242.0)"
1770222227.446,799,4,"(511.0, 242.0)"
1770222227.456,799,4,"(511.0, 242.0)"
1770222227.467,799,4,"(511.0, 242.0)"
1770222227.479,799,4,"(511.0, 242.0)"
1770222227.49,799,4,"(511.0, 242.0)"
1770222227.501,799,4,"(511.0, 242.0)"
1770222227.512,799,4,"(511.0, 242.0)"
1770222227.523,799,4,"(511.0, 242.0)"
1770222227.533,799,4,"(511.0, 260.0)"
1770222227.544,799,4,"(511.0, 260.0)"
1770222227.554,799,4,"(511.0, 242.0)"
1770222227.564,799,4,"(409.0, 242.0)"
1770222227.575,799,4,"(613.0, 242.0)"
1770222227.585,799,4,"(511.0, 242.0)"
1770222227.596,799,4,"(511.0, 242.0)"
1770222227.607,799,4,"(511.0, 242.0)"
1770222227.618,799,4,"(613.0, 242.0)"
1770222227.629,799,4,"(511.0, 242.0)"
1770222227.64,799,4,"(511.0, 242.0)"
1770222227.65,799,4,"(511.0, 242.0)"
1770222239.072,799,1,"(511.0, 0.0)"
1770222239.082,799,1,"(511.0, 0.0)"
1770222239.093,799,1,"(511.0, 0.0)"
1770222239.103,799,1,"(511.0, 0.0)"
1770222239.114,799,1,"(511.0, 0.0)"
1770222239.124,799,1,"(511.0, 0.0)"
1770222239.135,799,1,"(511.0, 0.0)"
1770222239.145,799,1,"(511.0, 0.0)"
1770222239.156,799,1,"(511.0, 0.0)"
1770222239.167,799,1,"(511.0, 0.0)"
1770222239.177,799,1,"(511.0, 0.0)"
1770222239.187,799,1,"(511.0, 0.0)"
1770222239.198,799,1,"(511.0, 0.0)"
1770222239.208,799,1,"(511.0, 0.0)"
1770222239.219,799,1,"(511.0, 0.0)"
1770222239.23,799,1,"(511.0, 0.0)"
1770222239.241,799,1,"(511.0, 0.0)"
1770222239.253,799,1,"(511.0, 0.0)"
1770222239.264,799,1,"(511.0, 0.0)"
1770222239.275,799,1,"(511.0, 0.0)"
1770222239.287,799,1,"(511.0, 0.0)"
1770222239.297,799,1,"(511.0, 0.0)"
1770222239.308,799,1,"(511.0, 0.0)"
1770222239.321,799,1,"(511.0, 0.0)"
1770222239.331,799,1,"(511.0, 0.0)"
1770222239.342,799,1,"(511.0, 0.0)"
1770222239.354,799,1,"(511.0, 0.0)"
1770222239.365,799,1,"(511.0, 0.0)"
1770222239.375,799,1,"(511.0, 0.0)"
1770222239.386,799,1,"(511.0, 0.0)"
1770222239.397,799,1,"(511.0, 0.0)"
1770222239.408,799,1,"(511.0, 0.0)"
1770222239.42,799,1,"(511.0, 0.0)"
1770222239.431,799,1,"(511.0, 0.0)"
1770222239.442,799,1,"(511.0, 0.0)"
1770222239.453,799,1,"(511.0, 0.0)"
1770222239.464,799,1,"(511.0, 0.0)"
1770222239.474,799,1,"(511.0, 0.0)"
1770222239.485,799,1,"(511.0, 0.0)"
1770222239.495,799,1,"(511.0, 0.0)"
1770222239.506,799,1,"(511.0, 0.0)"
1770222239.516,799,1,"(511.0, 0.0)"
1770222239.527,799,1,"(511.0, 0.0)"
1770222239.537,799,1,"(511.0, 0.0)"
1770222239.548,799,1,"(511.0, 0.0)"
1770222239.558,799,1,"(511.0, 0.0)"
1770222239.57,799,1,"(511.0, 0.0)"
1770222239.581,799,1,"(511.0, 0.0)"
1770222239.592,799,1,"(511.0, 0.0)"
1770222239.602,799,1,"(511.0, 0.0)"
1770222239.613,799,1,"(511.0, 0.0)"
1770222239.623,799,1,"(511.0, 0.0)"
1770222239.633,799,1,"(511.0, 0.0)"
1770222239.644,799,1,"(511.0, 0.0)"
1770222239.654,799,1,"(511.0, 0.0)"
1770222239.665,799,1,"(511.0, 0.0)"
1770222239.675,799,1,"(511.0, 0.0)"
1770222239.686,799,1,"(511.0, 0.0)"
1770222239.697,799,1,"(511.0, 0.0)"
1770222239.707,799,1,"(511.0, 0.0)"
1770222239.721,799,1,"(511.0, 0.0)"
1770222239.731,799,1,"(511.0, 0.0)"
1770222239.741,799,1,"(511.0, 0.0)"
1770222239.754,799,1,"(511.0, 0.0)"
1770222239.764,799,1,"(511.0, 0.0)"
1770222239.775,799,1,"(511.0, 0.0)"
1770222239.786,799,1,"(511.0, 0.0)"
1770222239.796,799,1,"(511.0, 0.0)"
1770222239.807,799,1,"(511.0, 0.0)"
1770222239.818,799,1,"(511.0, 0.0)"
1770222239.829,799,1,"(511.0, 0.0)"
1770222239.839,799,1,"(511.0, 0.0)"
1770222239.852,799,1,"(511.0, 0.0)"
1770222239.863,799,1,"(511.0, 17.0)"
1770222239.873,799,1,"(511.0, 17.0)"
1770222239.884,799,1,"(511.0, 34.0)"
1770222239.894,799,1,"(511.0, 34.0)"
1770222239.905,799,1,"(511.0, 34.0)"
1770222239.915,799,1,"(511.0, 34.0)"
1770222239.926,799,1,"(511.0, 17.0)"
1770222239.936,799,1,"(511.0, 17.0)"
1770222239.947,799,1,"(511.0, 17.0)"
1770222239.957,799,1,"(511.0, 17.0)"
1770222239.967,799,1,"(511.0, 17.0)"
1770222239.979,799,1,"(511.0, 34.0)"
1770222239.989,799,1,"(511.0, 34.0)"
1770222240.001,799,1,"(511.0, 34.0)"
1770222240.012,799,1,"(511.0, 34.0)"
1770222240.022,799,1,"(511.0, 34.0)"
1770222240.033,799,1,"(511.0, 17.0)"
1770222240.044,799,1,"(511.0, 17.0)"
1770222240.054,799,1,"(511.0, 0.0)"
1770222240.065,799,1,"(511.0, 0.0)"
1770222240.076,799,1,"(511.0, 0.0)"
1770222240.087,799,1,"(511.0, 0.0)"
1770222240.097,799,1,"(511.0, 0.0)"
1770222240.108,799,1,"(511.0, 0.0)"
1770222240.118,799,1,"(511.0, 0.0)"
1770222240.129,799,1,"(511.0, 0.0)"
1770222240.139,799,1,"(511.0, 0.0)"
1770222240.15,799,1,"(511.0, 0.0)"
1770222240.161,799,1,"(511.0, 0.0)"
1770222240.172,799,1,"(511.0, 17.0)"
1770222240.183,799,1,"(511.0, 17.0)"
1770222240.194,799,1,"(511.0, 34.0)"
1770222240.204,799,1,"(511.0, 34.0)"
1770222240.215,799,1,"(511.0, 34.0)"
1770222240.226,799,1,"(511.0, 34.0)"
1770222240.237,799,1,"(511.0, 34.0)"
1770222240.247,799,1,"(511.0, 34.0)"
1770222240.258,799,1,"(511.0, 17.0)"
1770222240.269,799,1,"(511.0, 17.0)"
1770222240.279,799,1,"(511.0, 0.0)"
1770222240.29,799,1,"(511.0, 0.0)"
1770222240.302,799,1,"(511.0, 0.0)"
1770222240.312,799,1,"(511.0, 0.0)"
1770222240.322,799,1,"(511.0, 0.0)"
1770222240.335,799,1,"(511.0, 0.0)"
1770222240.345,799,1,"(511.0, 0.0)"
1770222240.356,799,1,"(511.0, 0.0)"
1770222240.367,799,1,"(511.0, 0.0)"
1770222240.377,799,1,"(511.0, 0.0)"
1770222240.388,799,1,"(511.0, 0.0)"
1770222240.398,799,1,"(511.0, 0.0)"
1770222240.409,799,1,"(511.0, 0.0)"
1770222240.42,799,1,"(511.0, 0.0)"
1770222240.43,799,1,"(511.0, 0.0)"
1770222240.44,799,1,"(511.0, 0.0)"
1770222240.451,799,1,"(511.0, 0.0)"
1770222240.462,799,1,"(511.0, 0.0)"
1770222240.472,799,1,"(511.0, 0.0)"
1770222240.483,799,1,"(511.0, 0.0)"
1770222240.494,799,1,"(511.0, 0.0)"
1770222240.504,799,1,"(511.0, 0.0)"
1770222240.515,799,1,"(511.0, 0.0)"
1770222240.525,799,1,"(511.0, 0.0)"
1770222240.535,799,1,"(511.0, 0.0)"
1770222240.547,799,1,"(511.0, 0.0)"
1770222240.557,799,1,"(511.0, 0.0)"
1770222240.567,799,1,"(511.0, 0.0)"
1770222240.577,799,1,"(511.0, 0.0)"
1770222240.589,799,1,"(511.0, 0.0)"
1770222240.599,799,1,"(511.0, 0.0)"
1770222240.609,799,1,"(511.0, 0.0)"
1770222240.619,799,1,"(511.0, 0.0)"
1770222240.63,799,1,"(511.0, 0.0)"
1770222240.641,799,1,"(511.0, 0.0)"
1770222240.652,799,1,"(511.0, 0.0)"
1770222240.662,799,1,"(511.0, 0.0)"
1770222240.673,799,1,"(511.0, 0.0)"
1770222240.684,799,1,"(511.0, 0.0)"
1770222240.694,799,1,"(511.0, 17.0)"
1770222240.704,799,1,"(511.0, 17.0)"
1770222240.715,799,1,"(511.0, 17.0)"
1770222240.726,799,1,"(511.0, 0.0)"
1770222240.737,799,1,"(511.0, 0.0)"
1770222240.747,799,1,"(511.0, 0.0)"
1770222240.757,799,1,"(511.0, 0.0)"
1770222240.767,799,1,"(511.0, 0.0)"
1770222240.777,799,1,"(511.0, 0.0)"
1770222240.787,799,1,"(511.0, 0.0)"
1770222240.798,799,1,"(511.0, 0.0)"
1770222240.808,799,1,"(511.0, 0.0)"
1770222240.819,799,1,"(511.0, 0.0)"
1770222240.832,799,1,"(511.0, 0.0)"
1770222240.842,799,1,"(511.0, 0.0)"
1770222240.852,799,1,"(511.0, 0.0)"
1770222240.864,799,1,"(511.0, 0.0)"
1770222240.875,799,1,"(511.0, 0.0)"
1770222240.886,799,1,"(511.0, 0.0)"
1770222240.897,799,1,"(511.0, 0.0)"
1770222240.907,799,1,"(511.0, 0.0)"
1770222240.918,799,1,"(511.0, 0.0)"
1770222240.929,799,1,"(511.0, 0.0)"
1770222240.939,799,1,"(511.0, 0.0)"
1770222240.95,799,1,"(511.0, 0.0)"
1770222240.962,799,1,"(511.0, 17.0)"
1770222240.972,799,1,"(511.0, 17.0)"
1770222240.983,799,1,"(511.0, 34.0)"
1770222240.993,799,1,"(511.0, 34.0)"
1770222241.004,799,1,"(511.0, 34.0)"
1770222241.014,799,1,"(511.0, 34.0)"
1770222241.025,799,1,"(511.0, 34.0)"
1770222241.036,799,1,"(511.0, 34.0)"
1770222241.046,799,1,"(511.0, 34.0)"
1770222241.056,799,1,"(511.0, 34.0)"
1770222241.067,799,1,"(511.0, 34.0)"
1770222241.078,799,1,"(511.0, 34.0)"
1770222241.089,799,1,"(511.0, 34.0)"
1770222241.099,799,1,"(511.0, 34.0)"
1770222241.11,799,1,"(511.0, 34.0)"
1770222241.121,799,1,"(511.0, 34.0)"
1770222241.131,799,1,"(511.0, 34.0)"
1770222241.142,799,1,"(511.0, 17.0)"
1770222241.152,799,1,"(511.0, 17.0)"
1770222241.163,799,1,"(511.0, 0.0)"
1770222241.174,799,1,"(511.0, 0.0)"
1770222241.184,799,1,"(511.0, 0.0)"
1770222241.195,799,1,"(511.0, 0.0)"
1770222241.205,799,1,"(511.0, 0.0)"
1770222241.215,799,1,"(511.0, 0.0)"
1770222241.228,799,1,"(511.0, 0.0)"
1770222241.239,799,1,"(511.0, 0.0)"
1770222241.249,799,1,"(511.0, 0.0)"
1770222241.259,799,1,"(511.0, 0.0)"
1770222241.269,799,1,"(511.0, 0.0)"
1770222241.28,799,1,"(511.0, 0.0)"
1770222241.29,799,1,"(511.0, 0.0)"
1770222241.3,799,1,"(511.0, 0.0)"
1770222241.311,799,1,"(511.0, 0.0)"
1770222241.321,799,1,"(511.0, 0.0)"
1770222241.332,799,1,"(511.0, 0.0)"
1770222241.342,799,1,"(511.0, 0.0)"
1770222241.352,799,1,"(511.0, 0.0)"
1770222241.363,799,1,"(511.0, 0.0)"
1770222241.373,799,1,"(511.0, 0.0)"
1770222241.384,799,1,"(511.0, 0.0)"
1770222241.396,799,1,"(511.0, 0.0)"
1770222241.406,799,1,"(511.0, 0.0)"
1770222241.416,799,1,"(511.0, 0.0)"
1770222241.427,799,1,"(511.0, 0.0)"
1770222241.437,799,1,"(511.0, 0.0)"
1770222241.448,799,1,"(511.0, 0.0)"
1770222241.458,799,1,"(511.0, 0.0)"
1770222241.468,799,1,"(511.0, 0.0)"
1770222241.479,799,1,"(511.0, 0.0)"
1770222241.49,799,1,"(511.0, 0.0)"
1770222241.501,799,1,"(511.0, 0.0)"
1770222241.511,799,1,"(511.0, 0.0)"
1770222241.522,799,1,"(511.0, 0.0)"
1770222241.532,799,1,"(511.0, 0.0)"
1770222241.543,799,1,"(511.0, 0.0)"
1770222241.554,799,1,"(511.0, 0.0)"
1770222241.565,799,1,"(511.0, 0.0)"
1770222241.575,799,1,"(511.0, 0.0)"
1770222241.585,799,1,"(511.0, 0.0)"
1770222241.596,799,1,"(511.0, 0.0)"
1770222241.606,799,1,"(511.0, 0.0)"
1770222241.616,799,1,"(511.0, 0.0)"
1770222241.627,799,1,"(511.0, 0.0)"
1770222241.638,799,1,"(511.0, 0.0)"
1770222241.648,799,1,"(511.0, 0.0)"
1770222241.661,799,1,"(511.0, 0.0)"
1770222241.671,799,1,"(511.0, 0.0)"
1770222241.681,799,1,"(511.0, 0.0)"
1770222241.692,799,1,"(511.0, 0.0)"
1770222241.703,799,1,"(511.0, 0.0)"
1770222241.713,799,1,"(511.0, 0.0)"
1770222241.724,799,1,"(511.0, 0.0)"
1770222241.734,799,1,"(511.0, 0.0)"
1770222241.744,799,1,"(511.0, 0.0)"
1770222241.757,799,1,"(511.0, 0.0)"
1770222241.769,799,1,"(511.0, 0.0)"
1770222241.78,799,1,"(511.0, 0.0)"
1770222241.79,799,1,"(511.0, 0.0)"
1770222241.801,799,1,"(511.0, 0.0)"
1770222241.811,799,1,"(511.0, 0.0)"
1770222241.822,799,1,"(511.0, 0.0)"
1770222241.833,799,1,"(511.0, 0.0)"
1770222241.843,799,1,"(511.0, 0.0)"
1770222241.857,799,1,"(511.0, 0.0)"
1770222241.867,799,1,"(511.0, 0.0)"
1770222241.878,799,1,"(511.0, 0.0)"
1770222241.889,799,1,"(511.0, 0.0)"
1770222241.9,799,1,"(511.0, 0.0)"
1770222241.91,799,1,"(511.0, 0.0)"
1770222241.921,799,1,"(511.0, 0.0)"
1770222241.931,799,1,"(511.0, 0.0)"
1770222241.941,799,1,"(511.0, 0.0)"
1770222241.952,799,1,"(511.0, 0.0)"
1770222241.963,799,1,"(511.0, 0.0)"
1770222241.974,799,1,"(511.0, 0.0)"
1770222241.985,799,1,"(511.0, 0.0)"
1770222241.995,799,1,"(511.0, 0.0)"
1770222242.006,799,1,"(511.0, 0.0)"
1770222242.016,799,1,"(511.0, 0.0)"
1770222242.027,799,1,"(511.0, 0.0)"
1770222242.039,799,1,"(511.0, 0.0)"
1770222242.049,799,1,"(511.0, 0.0)"
1770222242.059,799,1,"(511.0, 0.0)"
1770222242.07,799,1,"(511.0, 0.0)"
1770222245.313,799,2,"(465.0, 745.0)"
1770222245.323,799,2,"(465.0, 745.0)"
1770222245.334,799,2,"(465.0, 728.0)"
1770222245.344,799,2,"(465.0, 728.0)"
1770222245.355,799,2,"(372.0, 710.0)"
1770222245.365,799,2,"(465.0, 710.0)"
1770222245.376,799,2,"(279.0, 710.0)"
1770222245.387,799,2,"(279.0, 710.0)"
1770222245.398,799,2,"(372.0, 728.0)"
1770222245.409,799,2,"(372.0, 728.0)"
1770222245.42,799,2,"(372.0, 728.0)"
1770222245.431,799,2,"(372.0, 710.0)"
1770222245.443,799,2,"(651.0, 693.0)"
1770222245.453,799,2,"(465.0, 693.0)"
1770222245.464,799,2,"(465.0, 710.0)"
1770222245.475,799,2,"(465.0, 710.0)"
1770222245.485,799,2,"(465.0, 710.0)"
1770222245.496,799,2,"(465.0, 710.0)"
1770222245.507,799,2,"(465.0, 693.0)"
1770222245.518,799,2,"(372.0, 658.0)"
1770222245.529,799,2,"(372.0, 624.0)"
1770222245.542,799,2,"(372.0, 624.0)"
1770222245.552,799,2,"(465.0, 624.0)"
1770222245.563,799,2,"(558.0, 624.0)"
1770222245.574,799,2,"(372.0, 641.0)"
1770222245.585,799,2,"(465.0, 658.0)"
1770222245.596,799,2,"(372.0, 676.0)"
1770222245.607,799,2,"(465.0, 710.0)"
1770222245.619,799,2,"(279.0, 728.0)"
1770222245.629,799,2,"(186.0, 728.0)"
1770222245.64,799,2,"(186.0, 728.0)"
1770222245.651,799,2,"(372.0, 728.0)"
1770222245.661,799,2,"(558.0, 728.0)"
1770222245.672,799,2,"(372.0, 710.0)"
1770222245.683,799,2,"(465.0, 693.0)"
1770222245.694,799,2,"(465.0, 693.0)"
1770222245.705,799,2,"(465.0, 658.0)"
1770222245.715,799,2,"(558.0, 641.0)"
1770222245.726,799,2,"(372.0, 641.0)"
1770222245.736,799,2,"(465.0, 641.0)"
1770222245.747,799,2,"(465.0, 658.0)"
1770222245.758,799,2,"(279.0, 658.0)"
1770222245.769,799,2,"(465.0, 658.0)"
1770222245.78,799,2,"(465.0, 658.0)"
1770222245.792,799,2,"(372.0, 641.0)"
1770222245.802,799,2,"(465.0, 624.0)"
1770222245.812,799,2,"(465.0, 606.0)"
1770222245.823,799,2,"(465.0, 589.0)"
1770222245.834,799,2,"(465.0, 554.0)"
1770222245.844,799,2,"(465.0, 520.0)"
1770222245.854,799,2,"(558.0, 502.0)"
1770222245.864,799,2,"(372.0, 485.0)"
1770222245.875,799,2,"(465.0, 468.0)"
1770222245.885,799,2,"(465.0, 468.0)"
1770222245.895,799,2,"(465.0, 450.0)"
1770222245.906,799,2,"(558.0, 450.0)"
1770222245.917,799,2,"(372.0, 450.0)"
1770222245.927,799,2,"(465.0, 450.0)"
1770222245.937,799,2,"(465.0, 468.0)"
1770222245.948,799,2,"(465.0, 485.0)"
1770222245.959,799,2,"(465.0, 502.0)"
1770222245.97,799,2,"(744.0, 520.0)"
1770222245.981,799,2,"(651.0, 537.0)"
1770222245.992,799,2,"(372.0, 537.0)"
1770222246.002,799,2,"(465.0, 554.0)"
1770222246.012,799,2,"(744.0, 554.0)"
1770222246.025,799,2,"(372.0, 572.0)"
1770222246.035,799,2,"(558.0, 589.0)"
1770222246.046,799,2,"(465.0, 606.0)"
1770222246.056,799,2,"(651.0, 641.0)"
1770222246.066,799,2,"(372.0, 658.0)"
1770222246.076,799,2,"(279.0, 676.0)"
1770222246.086,799,2,"(465.0, 693.0)"
1770222246.097,799,2,"(651.0, 728.0)"
1770222246.111,799,2,"(372.0, 745.0)"
1770222246.122,799,2,"(651.0, 780.0)"
1770222246.133,799,2,"(465.0, 797.0)"
1770222246.144,799,2,"(279.0, 797.0)"
1770222246.155,799,2,"(744.0, 797.0)"
1770222246.165,799,2,"(651.0, 797.0)"
1770222246.175,799,2,"(465.0, 797.0)"
1770222246.186,799,2,"(465.0, 797.0)"
1770222246.197,799,2,"(465.0, 780.0)"
1770222246.209,799,2,"(372.0, 780.0)"
1770222246.22,799,2,"(372.0, 780.0)"
1770222246.231,799,2,"(651.0, 780.0)"
1770222246.242,799,2,"(465.0, 762.0)"
1770222246.253,799,2,"(372.0, 745.0)"
1770222246.264,799,2,"(465.0, 745.0)"
1770222246.274,799,2,"(558.0, 728.0)"
1770222246.285,799,2,"(465.0, 728.0)"
1770222246.295,799,2,"(465.0, 728.0)"
1770222246.305,799,2,"(558.0, 728.0)"
1770222246.315,799,2,"(558.0, 728.0)"
1770222246.327,799,2,"(465.0, 728.0)"
1770222246.337,799,2,"(465.0, 710.0)"
1770222246.348,799,2,"(465.0, 693.0)"
1770222246.36,799,2,"(465.0, 658.0)"
1770222246.371,799,2,"(558.0, 606.0)"
1770222246.382,799,2,"(465.0, 589.0)"
1770222246.393,799,2,"(465.0, 554.0)"
1770222246.403,799,2,"(465.0, 537.0)"
1770222246.413,799,2,"(465.0, 520.0)"
1770222246.424,799,2,"(465.0, 520.0)"
1770222246.434,799,2,"(465.0, 502.0)"
1770222246.445,799,2,"(465.0, 502.0)"
1770222246.455,799,2,"(558.0, 520.0)"
1770222246.466,799,2,"(279.0, 520.0)"
1770222246.479,799,2,"(465.0, 537.0)"
1770222246.489,799,2,"(651.0, 554.0)"
1770222246.5,799,2,"(465.0, 572.0)"
1770222246.51,799,2,"(558.0, 572.0)"
1770222246.521,799,2,"(465.0, 589.0)"
1770222246.531,799,2,"(465.0, 572.0)"
1770222246.543,799,2,"(465.0, 554.0)"
1770222246.554,799,2,"(465.0, 537.0)"
1770222246.564,799,2,"(465.0, 537.0)"
1770222246.577,799,2,"(465.0, 537.0)"
1770222246.587,799,2,"(372.0, 537.0)"
1770222246.598,799,2,"(279.0, 554.0)"
1770222246.611,799,2,"(372.0, 589.0)"
1770222246.622,799,2,"(372.0, 641.0)"
1770222246.632,799,2,"(279.0, 658.0)"
1770222246.644,799,2,"(279.0, 676.0)"
1770222246.655,799,2,"(372.0, 693.0)"
1770222246.665,799,2,"(279.0, 693.0)"
1770222246.676,799,2,"(279.0, 710.0)"
1770222246.686,799,2,"(558.0, 728.0)"
1770222246.697,799,2,"(465.0, 745.0)"
1770222246.709,799,2,"(465.0, 762.0)"
1770222246.72,799,2,"(372.0, 762.0)"
1770222246.73,799,2,"(465.0, 762.0)"
1770222246.741,799,2,"(372.0, 745.0)"
1770222246.753,799,2,"(558.0, 710.0)"
1770222246.763,799,2,"(372.0, 693.0)"
1770222246.775,799,2,"(372.0, 676.0)"
1770222246.785,799,2,"(372.0, 693.0)"
1770222246.796,799,2,"(372.0, 693.0)"
1770222246.806,799,2,"(465.0, 710.0)"
1770222246.816,799,2,"(558.0, 710.0)"
1770222246.827,799,2,"(465.0, 693.0)"
1770222246.838,799,2,"(465.0, 676.0)"
1770222246.849,799,2,"(279.0, 676.0)"
1770222246.86,799,2,"(465.0, 676.0)"
1770222246.871,799,2,"(372.0, 658.0)"
1770222246.882,799,2,"(465.0, 641.0)"
1770222246.894,799,2,"(372.0, 606.0)"
1770222246.904,799,2,"(465.0, 589.0)"
1770222246.916,799,2,"(465.0, 572.0)"
1770222246.927,799,2,"(558.0, 572.0)"
1770222246.939,799,2,"(465.0, 554.0)"
1770222246.949,799,2,"(372.0, 537.0)"
1770222246.962,799,2,"(465.0, 520.0)"
1770222246.972,799,2,"(279.0, 520.0)"
1770222246.983,799,2,"(372.0, 520.0)"
1770222246.994,799,2,"(279.0, 537.0)"
1770222247.005,799,2,"(186.0, 572.0)"
1770222247.016,799,2,"(279.0, 589.0)"
1770222247.026,799,2,"(465.0, 589.0)"
1770222247.037,799,2,"(279.0, 589.0)"
1770222247.048,799,2,"(465.0, 589.0)"
1770222247.059,799,2,"(465.0, 589.0)"
1770222247.069,799,2,"(465.0, 589.0)"
1770222247.08,799,2,"(372.0, 624.0)"
1770222247.091,799,2,"(279.0, 624.0)"
1770222247.102,799,2,"(279.0, 624.0)"
1770222247.113,799,2,"(465.0, 624.0)"
1770222247.124,799,2,"(651.0, 606.0)"
1770222247.135,799,2,"(465.0, 606.0)"
1770222247.145,799,2,"(465.0, 606.0)"
1770222247.155,799,2,"(465.0, 606.0)"
1770222247.167,799,2,"(651.0, 624.0)"
1770222247.178,799,2,"(465.0, 624.0)"
1770222247.188,799,2,"(558.0, 624.0)"
1770222247.199,799,2,"(465.0, 641.0)"
1770222247.211,799,2,"(465.0, 658.0)"
1770222247.222,799,2,"(372.0, 676.0)"
1770222247.232,799,2,"(465.0, 676.0)"
1770222247.244,799,2,"(558.0, 676.0)"
1770222247.255,799,2,"(651.0, 641.0)"
1770222247.265,799,2,"(465.0, 641.0)"
1770222247.276,799,2,"(372.0, 641.0)"
1770222247.286,799,2,"(465.0, 641.0)"
1770222247.297,799,2,"(651.0, 676.0)"
1770222247.307,799,2,"(465.0, 693.0)"
1770222247.318,799,2,"(558.0, 710.0)"
1770222247.328,799,2,"(744.0, 710.0)"
1770222247.339,799,2,"(651.0, 710.0)"
1770222247.349,799,2,"(279.0, 693.0)"
1770222247.361,799,2,"(372.0, 693.0)"
1770222247.372,799,2,"(465.0, 676.0)"
1770222247.382,799,2,"(279.0, 676.0)"
1770222247.392,799,2,"(465.0, 658.0)"
1770222247.403,799,2,"(558.0, 658.0)"
1770222247.413,799,2,"(558.0, 658.0)"
1770222247.424,799,2,"(465.0, 676.0)"
1770222247.435,799,2,"(372.0, 676.0)"
1770222247.446,799,2,"(558.0, 693.0)"
1770222247.457,799,2,"(465.0, 710.0)"
1770222247.467,799,2,"(465.0, 710.0)"
1770222247.479,799,2,"(93.0, 710.0)"
1770222247.489,799,2,"(279.0, 693.0)"
1770222247.5,799,2,"(465.0, 676.0)"
1770222247.511,799,2,"(651.0, 658.0)"
1770222247.522,799,2,"(558.0, 658.0)"
1770222247.532,799,2,"(465.0, 641.0)"
1770222247.546,799,2,"(465.0, 641.0)"
1770222247.557,799,2,"(465.0, 624.0)"
1770222247.567,799,2,"(558.0, 606.0)"
1770222247.578,799,2,"(372.0, 572.0)"
1770222247.589,799,2,"(372.0, 554.0)"
1770222247.599,799,2,"(465.0, 554.0)"
1770222247.61,799,2,"(465.0, 554.0)"
1770222247.621,799,2,"(465.0, 554.0)"
1770222247.631,799,2,"(465.0, 554.0)"
1770222247.641,799,2,"(465.0, 554.0)"
1770222247.652,799,2,"(465.0, 554.0)"
1770222247.663,799,2,"(465.0, 554.0)"
1770222247.673,799,2,"(465.0, 554.0)"
1770222247.684,799,2,"(651.0, 554.0)"
1770222247.695,799,2,"(372.0, 537.0)"
1770222247.707,799,2,"(651.0, 520.0)"
1770222247.717,799,2,"(465.0, 502.0)"
1770222247.73,799,2,"(465.0, 485.0)"
1770222247.74,799,2,"(558.0, 485.0)"
1770222247.751,799,2,"(651.0, 485.0)"
1770222247.764,799,2,"(465.0, 485.0)"
1770222247.774,799,2,"(465.0, 468.0)"
1770222247.785,799,2,"(465.0, 468.0)"
1770222247.795,799,2,"(465.0, 468.0)"
1770222247.806,799,2,"(465.0, 468.0)"
1770222247.816,799,2,"(558.0, 485.0)"
1770222247.827,799,2,"(465.0, 502.0)"
1770222247.837,799,2,"(465.0, 502.0)"
1770222247.847,799,2,"(465.0, 520.0)"
1770222247.858,799,2,"(558.0, 537.0)"
1770222247.869,799,2,"(465.0, 554.0)"
1770222247.88,799,2,"(465.0, 554.0)"
1770222247.891,799,2,"(465.0, 589.0)"
1770222247.901,799,2,"(372.0, 606.0)"
1770222247.911,799,2,"(465.0, 624.0)"
1770222247.922,799,2,"(465.0, 658.0)"
1770222247.933,799,2,"(465.0, 676.0)"
1770222247.945,799,2,"(558.0, 676.0)"
1770222247.956,799,2,"(558.0, 693.0)"
1770222247.966,799,2,"(558.0, 676.0)"
1770222247.977,799,2,"(558.0, 658.0)"
1770222247.987,799,2,"(279.0, 658.0)"
1770222247.998,799,2,"(465.0, 676.0)"
1770222248.009,799,2,"(558.0, 676.0)"
1770222248.019,799,2,"(465.0, 710.0)"
1770222248.03,799,2,"(465.0, 728.0)"
1770222248.041,799,2,"(372.0, 745.0)"
1770222248.051,799,2,"(558.0, 745.0)"
1770222248.061,799,2,"(465.0, 728.0)"
1770222248.072,799,2,"(465.0, 710.0)"
1770222248.082,799,2,"(465.0, 693.0)"
1770222248.093,799,2,"(279.0, 676.0)"
1770222248.103,799,2,"(558.0, 658.0)"
1770222248.114,799,2,"(558.0, 658.0)"
1770222248.125,799,2,"(465.0, 676.0)"
1770222248.135,799,2,"(558.0, 676.0)"
1770222248.146,799,2,"(558.0, 676.0)"
1770222248.157,799,2,"(651.0, 658.0)"
1770222248.167,799,2,"(279.0, 658.0)"
1770222248.18,799,2,"(186.0, 641.0)"
1770222248.191,799,2,"(279.0, 658.0)"
1770222248.201,799,2,"(93.0, 693.0)"
1770222248.212,799,2,"(0.0, 762.0)"
1770222248.223,799,2,"(93.0, 814.0)"
1770222248.234,799,2,"(372.0, 849.0)"
1770222248.247,799,2,"(372.0, 866.0)"
1770222248.257,799,2,"(186.0, 866.0)"
1770222248.268,799,2,"(465.0, 866.0)"
1770222248.281,799,2,"(558.0, 849.0)"
1770222248.291,799,2,"(465.0, 849.0)"
1770222248.302,799,2,"(186.0, 849.0)"
1770222251.917,799,3,"(465.0, 34.0)"
1770222251.929,799,3,"(465.0, 34.0)"
1770222251.939,799,3,"(465.0, 34.0)"
1770222251.95,799,3,"(465.0, 34.0)"
1770222251.961,799,3,"(465.0, 34.0)"
1770222251.971,799,3,"(465.0, 34.0)"
1770222251.982,799,3,"(465.0, 34.0)"
1770222251.992,799,3,"(465.0, 34.0)"
1770222252.002,799,3,"(465.0, 34.0)"
1770222252.013,799,3,"(465.0, 34.0)"
1770222252.024,799,3,"(465.0, 34.0)"
1770222252.034,799,3,"(465.0, 34.0)"
1770222252.045,799,3,"(465.0, 34.0)"
1770222252.056,799,3,"(465.0, 34.0)"
1770222252.067,799,3,"(465.0, 34.0)"
1770222252.078,799,3,"(465.0, 34.0)"
1770222252.09,799,3,"(465.0, 34.0)"
1770222252.1,799,3,"(465.0, 34.0)"
1770222252.111,799,3,"(465.0, 34.0)"
1770222252.122,799,3,"(465.0, 34.0)"
1770222252.134,799,3,"(465.0, 34.0)"
1770222252.145,799,3,"(465.0, 52.0)"
1770222252.155,799,3,"(465.0, 69.0)"
1770222252.166,799,3,"(465.0, 69.0)"
1770222252.176,799,3,"(465.0, 69.0)"
1770222252.186,799,3,"(465.0, 69.0)"
1770222252.2,799,3,"(465.0, 69.0)"
1770222252.21,799,3,"(465.0, 52.0)"
1770222252.221,799,3,"(465.0, 52.0)"
1770222252.231,799,3,"(465.0, 52.0)"
1770222252.242,799,3,"(465.0, 52.0)"
1770222252.252,799,3,"(465.0, 52.0)"
1770222252.263,799,3,"(465.0, 34.0)"
1770222252.274,799,3,"(465.0, 34.0)"
1770222252.284,799,3,"(465.0, 34.0)"
1770222252.295,799,3,"(465.0, 34.0)"
1770222252.306,799,3,"(465.0, 34.0)"
1770222252.317,799,3,"(465.0, 34.0)"
1770222252.328,799,3,"(465.0, 34.0)"
1770222252.338,799,3,"(465.0, 34.0)"
1770222252.348,799,3,"(465.0, 34.0)"
1770222252.359,799,3,"(465.0, 34.0)"
1770222252.369,799,3,"(465.0, 34.0)"
1770222252.38,799,3,"(465.0, 34.0)"
1770222252.391,799,3,"(465.0, 34.0)"
1770222252.401,799,3,"(465.0, 34.0)"
1770222252.412,799,3,"(465.0, 34.0)"
1770222252.423,799,3,"(465.0, 34.0)"
1770222252.434,799,3,"(465.0, 34.0)"
1770222252.444,799,3,"(465.0, 34.0)"
1770222252.455,799,3,"(465.0, 34.0)"
1770222252.465,799,3,"(465.0, 34.0)"
1770222252.476,799,3,"(465.0, 34.0)"
1770222252.486,799,3,"(465.0, 34.0)"
1770222252.496,799,3,"(465.0, 34.0)"
1770222252.507,799,3,"(465.0, 34.0)"
1770222252.517,799,3,"(465.0, 34.0)"
1770222252.529,799,3,"(465.0, 34.0)"
1770222252.539,799,3,"(465.0, 34.0)"
1770222252.551,799,3,"(465.0, 34.0)"
1770222252.561,799,3,"(465.0, 34.0)"
1770222252.571,799,3,"(465.0, 34.0)"
1770222252.581,799,3,"(465.0, 34.0)"
1770222252.591,799,3,"(465.0, 34.0)"
1770222252.602,799,3,"(465.0, 34.0)"
1770222252.612,799,3,"(465.0, 34.0)"
1770222252.623,799,3,"(465.0, 34.0)"
1770222252.633,799,3,"(465.0, 34.0)"
1770222252.643,799,3,"(465.0, 34.0)"
1770222252.654,799,3,"(465.0, 34.0)"
1770222252.665,799,3,"(465.0, 34.0)"
1770222252.676,799,3,"(465.0, 34.0)"
1770222252.687,799,3,"(465.0, 34.0)"
1770222252.7,799,3,"(465.0, 34.0)"
1770222252.711,799,3,"(465.0, 34.0)"
1770222252.721,799,3,"(465.0, 34.0)"
1770222252.731,799,3,"(465.0, 34.0)"
1770222252.742,799,3,"(465.0, 34.0)"
1770222252.753,799,3,"(465.0, 34.0)"
1770222252.763,799,3,"(465.0, 34.0)"
1770222252.773,799,3,"(465.0, 34.0)"
1770222252.784,799,3,"(465.0, 34.0)"
1770222252.795,799,3,"(465.0, 34.0)"
1770222252.805,799,3,"(465.0, 34.0)"
1770222252.815,799,3,"(372.0, 34.0)"
1770222252.826,799,3,"(372.0, 52.0)"
1770222252.837,799,3,"(465.0, 69.0)"
1770222252.847,799,3,"(465.0, 86.0)"
1770222252.857,799,3,"(558.0, 86.0)"
1770222252.869,799,3,"(465.0, 104.0)"
1770222252.88,799,3,"(465.0, 104.0)"
1770222252.89,799,3,"(465.0, 104.0)"
1770222252.901,799,3,"(465.0, 104.0)"
1770222252.911,799,3,"(465.0, 104.0)"
1770222252.922,799,3,"(465.0, 104.0)"
1770222252.933,799,3,"(465.0, 121.0)"
1770222252.943,799,3,"(465.0, 121.0)"
1770222252.954,799,3,"(465.0, 138.0)"
1770222252.965,799,3,"(465.0, 138.0)"
1770222252.976,799,3,"(465.0, 138.0)"
1770222252.987,799,3,"(465.0, 138.0)"
1770222252.997,799,3,"(465.0, 138.0)"
1770222253.008,799,3,"(465.0, 138.0)"
1770222253.018,799,3,"(465.0, 138.0)"
1770222253.031,799,3,"(465.0, 138.0)"
1770222253.041,799,3,"(465.0, 138.0)"
1770222253.052,799,3,"(465.0, 138.0)"
1770222253.063,799,3,"(465.0, 138.0)"
1770222253.074,799,3,"(465.0, 121.0)"
1770222253.085,799,3,"(465.0, 104.0)"
1770222253.097,799,3,"(465.0, 86.0)"
1770222253.107,799,3,"(465.0, 69.0)"
1770222253.118,799,3,"(465.0, 69.0)"
1770222253.129,799,3,"(465.0, 69.0)"
1770222253.14,799,3,"(465.0, 69.0)"
1770222253.151,799,3,"(465.0, 69.0)"
1770222253.162,799,3,"(465.0, 69.0)"
1770222253.173,799,3,"(465.0, 69.0)"
1770222253.184,799,3,"(465.0, 69.0)"
1770222253.197,799,3,"(465.0, 69.0)"
1770222253.207,799,3,"(465.0, 69.0)"
1770222253.218,799,3,"(465.0, 69.0)"
1770222253.228,799,3,"(465.0, 69.0)"
1770222253.24,799,3,"(465.0, 69.0)"
1770222253.25,799,3,"(465.0, 69.0)"
1770222253.261,799,3,"(465.0, 69.0)"
1770222253.272,799,3,"(465.0, 69.0)"
1770222253.282,799,3,"(465.0, 69.0)"
1770222253.295,799,3,"(465.0, 69.0)"
1770222253.305,799,3,"(465.0, 86.0)"
1770222253.316,799,3,"(465.0, 86.0)"
1770222253.327,799,3,"(465.0, 104.0)"
1770222253.338,799,3,"(465.0, 104.0)"
1770222253.349,799,3,"(465.0, 104.0)"
1770222253.362,799,3,"(465.0, 104.0)"
1770222253.372,799,3,"(465.0, 104.0)"
1770222253.382,799,3,"(465.0, 104.0)"
1770222253.392,799,3,"(465.0, 104.0)"
1770222253.403,799,3,"(465.0, 104.0)"
1770222253.413,799,3,"(465.0, 86.0)"
1770222253.423,799,3,"(465.0, 86.0)"
1770222253.433,799,3,"(465.0, 69.0)"
1770222253.444,799,3,"(465.0, 69.0)"
1770222253.454,799,3,"(465.0, 86.0)"
1770222253.465,799,3,"(465.0, 86.0)"
1770222253.476,799,3,"(465.0, 104.0)"
1770222253.487,799,3,"(465.0, 104.0)"
1770222253.497,799,3,"(465.0, 104.0)"
1770222253.508,799,3,"(465.0, 86.0)"
1770222253.518,799,3,"(465.0, 86.0)"
1770222253.529,799,3,"(465.0, 69.0)"
1770222253.541,799,3,"(465.0, 69.0)"
1770222253.551,799,3,"(465.0, 69.0)"
1770222253.561,799,3,"(465.0, 69.0)"
1770222253.572,799,3,"(465.0, 69.0)"
1770222253.582,799,3,"(465.0, 69.0)"
1770222253.593,799,3,"(465.0, 86.0)"
1770222253.604,799,3,"(465.0, 86.0)"
1770222253.614,799,3,"(465.0, 69.0)"
1770222253.624,799,3,"(465.0, 69.0)"
1770222253.635,799,3,"(465.0, 69.0)"
1770222253.646,799,3,"(465.0, 69.0)"
1770222253.656,799,3,"(465.0, 69.0)"
1770222253.667,799,3,"(465.0, 69.0)"
1770222253.677,799,3,"(465.0, 69.0)"
1770222253.688,799,3,"(465.0, 69.0)"
1770222253.698,799,3,"(465.0, 69.0)"
1770222253.708,799,3,"(465.0, 52.0)"
1770222253.718,799,3,"(465.0, 52.0)"
1770222253.729,799,3,"(465.0, 34.0)"
1770222253.74,799,3,"(465.0, 34.0)"
1770222253.751,799,3,"(465.0, 34.0)"
1770222253.762,799,3,"(465.0, 34.0)"
1770222253.773,799,3,"(465.0, 34.0)"
1770222253.784,799,3,"(465.0, 34.0)"
1770222253.794,799,3,"(465.0, 34.0)"
1770222253.806,799,3,"(465.0, 34.0)"
1770222253.817,799,3,"(465.0, 34.0)"
1770222253.828,799,3,"(465.0, 34.0)"
1770222253.838,799,3,"(465.0, 34.0)"
1770222253.849,799,3,"(465.0, 34.0)"
1770222253.859,799,3,"(465.0, 34.0)"
1770222253.87,799,3,"(465.0, 34.0)"
1770222253.881,799,3,"(465.0, 34.0)"
1770222253.891,799,3,"(465.0, 34.0)"
1770222253.902,799,3,"(465.0, 34.0)"
1770222253.912,799,3,"(465.0, 34.0)"
1770222253.924,799,3,"(465.0, 34.0)"
1770222253.934,799,3,"(465.0, 34.0)"
1770222253.945,799,3,"(465.0, 34.0)"
1770222253.958,799,3,"(465.0, 34.0)"
1770222253.968,799,3,"(465.0, 34.0)"
1770222253.979,799,3,"(465.0, 34.0)"
1770222253.99,799,3,"(465.0, 34.0)"
1770222254.001,799,3,"(465.0, 34.0)"
1770222254.012,799,3,"(465.0, 34.0)"
1770222254.023,799,3,"(465.0, 34.0)"
1770222254.033,799,3,"(465.0, 34.0)"
1770222254.044,799,3,"(465.0, 34.0)"
1770222254.056,799,3,"(465.0, 34.0)"
1770222254.068,799,3,"(465.0, 34.0)"
1770222254.078,799,3,"(465.0, 34.0)"
1770222254.089,799,3,"(465.0, 34.0)"
1770222254.099,799,3,"(465.0, 34.0)"
1770222254.111,799,3,"(465.0, 34.0)"
1770222254.122,799,3,"(465.0, 34.0)"
1770222254.133,799,3,"(465.0, 34.0)"
1770222254.143,799,3,"(465.0, 34.0)"
1770222254.156,799,3,"(465.0, 34.0)"
1770222254.166,799,3,"(465.0, 34.0)"
1770222254.177,799,3,"(465.0, 34.0)"
1770222254.187,799,3,"(465.0, 34.0)"
1770222254.199,799,3,"(465.0, 34.0)"
1770222254.209,799,3,"(465.0, 34.0)"
1770222254.22,799,3,"(465.0, 34.0)"
1770222254.231,799,3,"(465.0, 34.0)"
1770222254.242,799,3,"(465.0, 34.0)"
1770222254.252,799,3,"(465.0, 34.0)"
1770222254.262,799,3,"(465.0, 34.0)"
1770222254.273,799,3,"(465.0, 34.0)"
1770222254.283,799,3,"(465.0, 34.0)"
1770222254.294,799,3,"(465.0, 34.0)"
1770222254.305,799,3,"(465.0, 34.0)"
1770222254.315,799,3,"(465.0, 34.0)"
1770222254.326,799,3,"(465.0, 34.0)"
1770222254.337,799,3,"(465.0, 34.0)"
1770222254.347,799,3,"(465.0, 34.0)"
1770222254.358,799,3,"(465.0, 34.0)"
1770222254.37,799,3,"(465.0, 34.0)"
1770222254.381,799,3,"(465.0, 34.0)"
1770222254.391,799,3,"(465.0, 34.0)"
1770222254.403,799,3,"(465.0, 34.0)"
1770222254.413,799,3,"(465.0, 34.0)"
1770222254.424,799,3,"(465.0, 34.0)"
1770222254.434,799,3,"(465.0, 34.0)"
1770222254.444,799,3,"(465.0, 34.0)"
1770222254.454,799,3,"(465.0, 34.0)"
1770222254.465,799,3,"(465.0, 34.0)"
1770222254.476,799,3,"(465.0, 34.0)"
1770222254.487,799,3,"(465.0, 34.0)"
1770222254.497,799,3,"(465.0, 34.0)"
1770222254.509,799,3,"(465.0, 34.0)"
1770222254.521,799,3,"(465.0, 34.0)"
1770222254.532,799,3,"(465.0, 34.0)"
1770222254.542,799,3,"(465.0, 34.0)"
1770222254.554,799,3,"(465.0, 34.0)"
1770222254.564,799,3,"(465.0, 34.0)"
1770222254.574,799,3,"(465.0, 34.0)"
1770222254.586,799,3,"(465.0, 34.0)"
1770222254.597,799,3,"(465.0, 34.0)"
1770222254.608,799,3,"(465.0, 34.0)"
1770222254.619,799,3,"(465.0, 34.0)"
1770222254.629,799,3,"(465.0, 34.0)"
1770222254.64,799,3,"(465.0, 34.0)"
1770222254.651,799,3,"(465.0, 34.0)"
1770222254.662,799,3,"(465.0, 34.0)"
1770222254.672,799,3,"(465.0, 34.0)"
1770222254.683,799,3,"(465.0, 34.0)"
1770222254.693,799,3,"(465.0, 34.0)"
1770222254.704,799,3,"(465.0, 34.0)"
1770222254.715,799,3,"(465.0, 34.0)"
1770222254.726,799,3,"(465.0, 34.0)"
1770222254.736,799,3,"(465.0, 34.0)"
1770222254.746,799,3,"(465.0, 34.0)"
1770222254.757,799,3,"(465.0, 34.0)"
1770222254.768,799,3,"(465.0, 34.0)"
1770222254.779,799,3,"(465.0, 34.0)"
1770222254.79,799,3,"(465.0, 34.0)"
1770222254.8,799,3,"(465.0, 34.0)"
1770222254.811,799,3,"(465.0, 34.0)"
1770222254.821,799,3,"(465.0, 34.0)"
1770222254.832,799,3,"(465.0, 34.0)"
1770222254.843,799,3,"(465.0, 34.0)"
1770222254.853,799,3,"(465.0, 34.0)"
1770222254.866,799,3,"(465.0, 34.0)"
1770222254.877,799,3,"(465.0, 34.0)"
1770222254.887,799,3,"(465.0, 34.0)"
1770222254.901,799,3,"(465.0, 34.0)"
1770222254.912,799,3,"(465.0, 34.0)"
1770222254.922,799,3,"(465.0, 34.0)"
1770222258.24,799,4,"(465.0, 364.0)"
1770222258.251,799,4,"(372.0, 364.0)"
1770222258.262,799,4,"(279.0, 346.0)"
1770222258.273,799,4,"(465.0, 346.0)"
1770222258.283,799,4,"(465.0, 346.0)"
1770222258.294,799,4,"(465.0, 346.0)"
1770222258.304,799,4,"(558.0, 346.0)"
1770222258.315,799,4,"(651.0, 346.0)"
1770222258.325,799,4,"(465.0, 346.0)"
1770222258.335,799,4,"(372.0, 346.0)"
1770222258.345,799,4,"(372.0, 346.0)"
1770222258.356,799,4,"(372.0, 346.0)"
1770222258.367,799,4,"(465.0, 346.0)"
1770222258.378,799,4,"(465.0, 346.0)"
1770222258.389,799,4,"(465.0, 346.0)"
1770222258.4,799,4,"(372.0, 346.0)"
1770222258.41,799,4,"(372.0, 346.0)"
1770222258.421,799,4,"(465.0, 364.0)"
1770222258.434,799,4,"(465.0, 364.0)"
1770222258.444,799,4,"(372.0, 381.0)"
1770222258.455,799,4,"(279.0, 381.0)"
1770222258.467,799,4,"(465.0, 381.0)"
1770222258.478,799,4,"(465.0, 381.0)"
1770222258.488,799,4,"(465.0, 381.0)"
1770222258.501,799,4,"(465.0, 381.0)"
1770222258.512,799,4,"(372.0, 381.0)"
1770222258.522,799,4,"(465.0, 381.0)"
1770222258.534,799,4,"(465.0, 381.0)"
1770222258.545,799,4,"(465.0, 381.0)"
1770222258.556,799,4,"(465.0, 381.0)"
1770222258.567,799,4,"(465.0, 364.0)"
1770222258.577,799,4,"(465.0, 364.0)"
1770222258.589,799,4,"(465.0, 346.0)"
1770222258.599,799,4,"(465.0, 346.0)"
1770222258.609,799,4,"(465.0, 346.0)"
1770222258.62,799,4,"(465.0, 346.0)"
1770222258.631,799,4,"(465.0, 346.0)"
1770222258.642,799,4,"(465.0, 346.0)"
1770222258.653,799,4,"(465.0, 364.0)"
1770222258.664,799,4,"(372.0, 364.0)"
1770222258.674,799,4,"(465.0, 364.0)"
1770222258.685,799,4,"(372.0, 364.0)"
1770222258.698,799,4,"(465.0, 364.0)"
1770222258.709,799,4,"(465.0, 364.0)"
1770222258.719,799,4,"(558.0, 381.0)"
1770222258.729,799,4,"(465.0, 381.0)"
1770222258.74,799,4,"(465.0, 381.0)"
1770222258.751,799,4,"(465.0, 381.0)"
1770222258.761,799,4,"(465.0, 381.0)"
1770222258.772,799,4,"(465.0, 381.0)"
1770222258.783,799,4,"(465.0, 381.0)"
1770222258.793,799,4,"(465.0, 381.0)"
1770222258.804,799,4,"(465.0, 381.0)"
1770222258.815,799,4,"(465.0, 381.0)"
1770222258.826,799,4,"(372.0, 398.0)"
1770222258.836,799,4,"(465.0, 398.0)"
1770222258.846,799,4,"(465.0, 416.0)"
1770222258.857,799,4,"(465.0, 416.0)"
1770222258.868,799,4,"(465.0, 416.0)"
1770222258.878,799,4,"(465.0, 398.0)"
1770222258.889,799,4,"(465.0, 398.0)"
1770222258.899,799,4,"(372.0, 381.0)"
1770222258.909,799,4,"(465.0, 381.0)"
1770222258.919,799,4,"(465.0, 381.0)"
1770222258.932,799,4,"(465.0, 381.0)"
1770222258.942,799,4,"(465.0, 381.0)"
1770222258.953,799,4,"(465.0, 381.0)"
1770222258.965,799,4,"(372.0, 381.0)"
1770222258.975,799,4,"(465.0, 381.0)"
1770222258.986,799,4,"(465.0, 381.0)"
1770222258.999,799,4,"(465.0, 381.0)"
1770222259.01,799,4,"(465.0, 364.0)"
1770222259.02,799,4,"(465.0, 364.0)"
1770222259.031,799,4,"(465.0, 346.0)"
1770222259.041,799,4,"(465.0, 346.0)"
1770222259.051,799,4,"(465.0, 346.0)"
1770222259.061,799,4,"(465.0, 329.0)"
1770222259.072,799,4,"(465.0, 312.0)"
1770222259.082,799,4,"(465.0, 312.0)"
1770222259.093,799,4,"(465.0, 312.0)"
1770222259.104,799,4,"(465.0, 312.0)"
1770222259.117,799,4,"(465.0, 294.0)"
1770222259.127,799,4,"(465.0, 277.0)"
1770222259.138,799,4,"(558.0, 277.0)"
1770222259.149,799,4,"(465.0, 277.0)"
1770222259.159,799,4,"(465.0, 277.0)"
1770222259.169,799,4,"(465.0, 277.0)"
1770222259.18,799,4,"(465.0, 277.0)"
1770222259.19,799,4,"(465.0, 260.0)"
1770222259.201,799,4,"(465.0, 260.0)"
1770222259.211,799,4,"(465.0, 242.0)"
1770222259.222,799,4,"(465.0, 225.0)"
1770222259.234,799,4,"(465.0, 208.0)"
1770222259.245,799,4,"(465.0, 208.0)"
1770222259.256,799,4,"(465.0, 208.0)"
1770222259.267,799,4,"(465.0, 208.0)"
1770222259.277,799,4,"(465.0, 208.0)"
1770222259.288,799,4,"(465.0, 208.0)"
1770222259.3,799,4,"(465.0, 208.0)"
1770222259.31,799,4,"(465.0, 208.0)"
1770222259.321,799,4,"(465.0, 208.0)"
1770222259.332,799,4,"(465.0, 225.0)"
1770222259.342,799,4,"(465.0, 242.0)"
1770222259.353,799,4,"(558.0, 260.0)"
1770222259.363,799,4,"(465.0, 260.0)"
1770222259.374,799,4,"(465.0, 277.0)"
1770222259.384,799,4,"(465.0, 260.0)"
1770222259.396,799,4,"(465.0, 260.0)"
1770222259.406,799,4,"(465.0, 260.0)"
1770222259.417,799,4,"(465.0, 260.0)"
1770222259.43,799,4,"(465.0, 277.0)"
1770222259.441,799,4,"(465.0, 277.0)"
1770222259.452,799,4,"(465.0, 277.0)"
1770222259.465,799,4,"(465.0, 277.0)"
1770222259.475,799,4,"(465.0, 277.0)"
1770222259.485,799,4,"(465.0, 277.0)"
1770222259.498,799,4,"(465.0, 277.0)"
1770222259.508,799,4,"(465.0, 277.0)"
1770222259.519,799,4,"(465.0, 277.0)"
1770222259.531,799,4,"(465.0, 277.0)"
1770222259.542,799,4,"(465.0, 277.0)"
1770222259.552,799,4,"(465.0, 277.0)"
1770222259.563,799,4,"(465.0, 277.0)"
1770222259.575,799,4,"(465.0, 277.0)"
1770222259.586,799,4,"(465.0, 277.0)"
1770222259.597,799,4,"(465.0, 260.0)"
1770222259.607,799,4,"(465.0, 242.0)"
1770222259.618,799,4,"(465.0, 242.0)"
1770222259.629,799,4,"(465.0, 242.0)"
1770222259.639,799,4,"(465.0, 242.0)"
1770222259.65,799,4,"(465.0, 242.0)"
1770222259.661,799,4,"(465.0, 242.0)"
1770222259.673,799,4,"(465.0, 242.0)"
1770222259.683,799,4,"(465.0, 242.0)"
1770222259.693,799,4,"(465.0, 242.0)"
1770222259.703,799,4,"(465.0, 242.0)"
1770222259.714,799,4,"(465.0, 242.0)"
1770222259.724,799,4,"(465.0, 242.0)"
1770222259.734,799,4,"(465.0, 225.0)"
1770222259.745,799,4,"(465.0, 225.0)"
1770222259.756,799,4,"(465.0, 208.0)"
1770222259.767,799,4,"(465.0, 208.0)"
1770222259.778,799,4,"(465.0, 208.0)"
1770222259.788,799,4,"(465.0, 208.0)"
1770222259.798,799,4,"(558.0, 225.0)"
1770222259.809,799,4,"(465.0, 225.0)"
1770222259.82,799,4,"(465.0, 242.0)"
1770222259.831,799,4,"(465.0, 242.0)"
1770222259.841,799,4,"(465.0, 242.0)"
1770222259.852,799,4,"(465.0, 242.0)"
1770222259.862,799,4,"(465.0, 242.0)"
1770222259.873,799,4,"(465.0, 242.0)"
1770222259.884,799,4,"(465.0, 242.0)"
1770222259.894,799,4,"(465.0, 260.0)"
1770222259.904,799,4,"(372.0, 260.0)"
1770222259.915,799,4,"(465.0, 277.0)"
1770222259.925,799,4,"(465.0, 277.0)"
1770222259.936,799,4,"(558.0, 294.0)"
1770222259.947,799,4,"(465.0, 294.0)"
1770222259.957,799,4,"(465.0, 294.0)"
1770222259.968,799,4,"(465.0, 294.0)"
1770222259.979,799,4,"(465.0, 294.0)"
1770222259.99,799,4,"(465.0, 294.0)"
1770222260.001,799,4,"(465.0, 294.0)"
1770222260.013,799,4,"(465.0, 294.0)"
1770222260.024,799,4,"(465.0, 294.0)"
1770222260.034,799,4,"(465.0, 294.0)"
1770222260.044,799,4,"(465.0, 294.0)"
1770222260.054,799,4,"(558.0, 277.0)"
1770222260.065,799,4,"(651.0, 277.0)"
1770222260.077,799,4,"(558.0, 277.0)"
1770222260.087,799,4,"(465.0, 294.0)"
1770222260.098,799,4,"(465.0, 312.0)"
1770222260.109,799,4,"(558.0, 329.0)"
1770222260.119,799,4,"(372.0, 329.0)"
1770222260.13,799,4,"(465.0, 346.0)"
1770222260.141,799,4,"(465.0, 329.0)"
1770222260.151,799,4,"(372.0, 312.0)"
1770222260.161,799,4,"(465.0, 312.0)"
1770222260.172,799,4,"(465.0, 312.0)"
1770222260.183,799,4,"(465.0, 312.0)"
1770222260.194,799,4,"(465.0, 312.0)"
1770222260.205,799,4,"(465.0, 312.0)"
1770222260.216,799,4,"(465.0, 312.0)"
1770222260.227,799,4,"(465.0, 312.0)"
1770222260.237,799,4,"(465.0, 312.0)"
1770222260.248,799,4,"(465.0, 312.0)"
1770222260.259,799,4,"(465.0, 312.0)"
1770222260.27,799,4,"(465.0, 312.0)"
1770222260.28,799,4,"(465.0, 312.0)"
1770222260.29,799,4,"(465.0, 294.0)"
1770222260.3,799,4,"(465.0, 294.0)"
1770222260.312,799,4,"(465.0, 277.0)"
1770222260.322,799,4,"(465.0, 260.0)"
1770222260.333,799,4,"(465.0, 260.0)"
1770222260.346,799,4,"(465.0, 242.0)"
1770222260.357,799,4,"(465.0, 225.0)"
1770222260.368,799,4,"(465.0, 208.0)"
1770222260.38,799,4,"(465.0, 190.0)"
1770222260.391,799,4,"(372.0, 190.0)"
1770222260.401,799,4,"(372.0, 190.0)"
1770222260.412,799,4,"(465.0, 190.0)"
1770222260.423,799,4,"(465.0, 190.0)"
1770222260.433,799,4,"(465.0, 208.0)"
1770222260.444,799,4,"(465.0, 208.0)"
1770222260.454,799,4,"(465.0, 208.0)"
1770222260.465,799,4,"(465.0, 208.0)"
1770222260.475,799,4,"(465.0, 208.0)"
1770222260.485,799,4,"(465.0, 208.0)"
1770222260.498,799,4,"(465.0, 208.0)"
1770222260.508,799,4,"(465.0, 208.0)"
1770222260.518,799,4,"(465.0, 208.0)"
1770222260.53,799,4,"(465.0, 208.0)"
1770222260.541,799,4,"(465.0, 208.0)"
1770222260.551,799,4,"(465.0, 225.0)"
1770222260.562,799,4,"(465.0, 225.0)"
1770222260.572,799,4,"(465.0, 242.0)"
1770222260.583,799,4,"(465.0, 242.0)"
1770222260.597,799,4,"(465.0, 242.0)"
1770222260.607,799,4,"(465.0, 242.0)"
1770222260.618,799,4,"(465.0, 242.0)"
1770222260.63,799,4,"(465.0, 242.0)"
1770222260.64,799,4,"(651.0, 260.0)"
1770222260.651,799,4,"(651.0, 294.0)"
1770222260.663,799,4,"(651.0, 312.0)"
1770222260.673,799,4,"(651.0, 329.0)"
1770222260.684,799,4,"(465.0, 329.0)"
1770222260.696,799,4,"(465.0, 346.0)"
1770222260.707,799,4,"(465.0, 346.0)"
1770222260.718,799,4,"(372.0, 346.0)"
1770222260.73,799,4,"(372.0, 346.0)"
1770222260.74,799,4,"(465.0, 381.0)"
1770222260.751,799,4,"(465.0, 381.0)"
1770222260.761,799,4,"(372.0, 398.0)"
1770222260.772,799,4,"(372.0, 416.0)"
1770222260.782,799,4,"(465.0, 416.0)"
1770222260.793,799,4,"(372.0, 416.0)"
1770222260.804,799,4,"(465.0, 416.0)"
1770222260.814,799,4,"(465.0, 416.0)"
1770222260.825,799,4,"(651.0, 416.0)"
1770222260.836,799,4,"(558.0, 416.0)"
1770222260.847,799,4,"(465.0, 433.0)"
1770222260.857,799,4,"(465.0, 433.0)"
1770222260.868,799,4,"(465.0, 450.0)"
1770222260.88,799,4,"(372.0, 450.0)"
1770222260.89,799,4,"(372.0, 450.0)"
1770222260.901,799,4,"(465.0, 433.0)"
1770222260.912,799,4,"(465.0, 416.0)"
1770222260.923,799,4,"(465.0, 398.0)"
1770222260.934,799,4,"(465.0, 381.0)"
1770222260.944,799,4,"(465.0, 381.0)"
1770222260.955,799,4,"(558.0, 364.0)"
1770222260.966,799,4,"(465.0, 364.0)"
1770222260.976,799,4,"(465.0, 346.0)"
1770222260.986,799,4,"(465.0, 329.0)"
1770222260.996,799,4,"(465.0, 312.0)"
1770222261.006,799,4,"(465.0, 312.0)"
1770222261.016,799,4,"(465.0, 312.0)"
1770222261.028,799,4,"(465.0, 312.0)"
1770222261.039,799,4,"(465.0, 294.0)"
1770222261.049,799,4,"(465.0, 294.0)"
1770222261.059,799,4,"(465.0, 277.0)"
1770222261.07,799,4,"(465.0, 277.0)"
1770222261.081,799,4,"(465.0, 277.0)"
1770222261.091,799,4,"(465.0, 260.0)"
1770222261.101,799,4,"(465.0, 260.0)"
1770222261.113,799,4,"(465.0, 242.0)"
1770222261.124,799,4,"(465.0, 242.0)"
1770222261.134,799,4,"(465.0, 242.0)"
1770222261.145,799,4,"(465.0, 225.0)"
1770222261.155,799,4,"(465.0, 225.0)"
1770222261.166,799,4,"(465.0, 208.0)"
1770222261.176,799,4,"(465.0, 208.0)"
1770222261.187,799,4,"(465.0, 190.0)"
1770222261.197,799,4,"(465.0, 190.0)"
1770222261.208,799,4,"(465.0, 173.0)"
1770222261.219,799,4,"(465.0, 173.0)"
1770222261.231,799,4,"(465.0, 190.0)"
1770222261.241,799,4,"(465.0, 190.0)"
